Copyright 1986-2022 Xilinx, Inc. All Rights Reserved. Copyright 2022-2024 Advanced Micro Devices, Inc. All Rights Reserved.
----------------------------------------------------------------------------------------------------------------------------------------------------------------------------------------------------------------------------------------------------------------------------------------------------------------------------------------------------------------------------
| Tool Version      : Vivado v.2024.2 (lin64) Build 5239630 Fri Nov 08 22:34:34 MST 2024
| Date              : Tue Sep  8 12:15:48 2026
| Host              : user-System-Product-Name running 64-bit Ubuntu 24.04 LTS
| Command           : report_timing -user_ignored -from [get_pins -hier -filter {NAME == top_i/u_tdc_registers/control_reg[1]/Q}] -to [get_pins -hier -filter {NAME == top_i/u_tdc_capture/sample_bit[2047].u_sample_ff/D}] -delay_type min -max_paths 1 -file /home/kyu/workspace/xczu47dr-rfdc-xs17-250mhz/artifacts/tdc_20260907/custom_xczu47dr_slave_tdc_last_fast.rpt
| Design            : TopCustomXczu47dr
| Device            : xczu47dr-ffvg1517
| Speed File        : -2  PRODUCTION 1.32 01-31-2021
| Design State      : Physopt postRoute
| Temperature Grade : I
----------------------------------------------------------------------------------------------------------------------------------------------------------------------------------------------------------------------------------------------------------------------------------------------------------------------------------------------------------------------------

Timing Report

Slack:                    inf
  Source:                 top_i/u_tdc_registers/control_reg[1]/C
                            (rising edge-triggered cell FDCE clocked by clk_200mhz_unbuf  {rise@0.000ns fall@2.500ns period=5.000ns})
  Destination:            top_i/u_tdc_capture/sample_bit[2047].u_sample_ff/D
                            (rising edge-triggered cell FDRE clocked by clk_200mhz_unbuf  {rise@0.000ns fall@2.500ns period=5.000ns})
  Path Group:             (none)
  Path Type:              Hold (Min at Fast Process Corner)
  Data Path Delay:        7.089ns  (logic 4.516ns (63.705%)  route 2.573ns (36.295%))
  Logic Levels:           257  (CARRY8=256 LUT6=1)
  Clock Path Skew:        0.247ns (DCD - SCD - CPR)
    Destination Clock Delay (DCD):    2.519ns
    Source Clock Delay      (SCD):    2.272ns
    Clock Pessimism Removal (CPR):    -0.000ns
  Clock Uncertainty:      0.078ns  ((TSJ^2 + DJ^2)^1/2) / 2 + PE
    Total System Jitter     (TSJ):    0.071ns
    Discrete Jitter          (DJ):    0.139ns
    Phase Error              (PE):    0.000ns
  Clock Net Delay (Source):      1.639ns (routing 0.804ns, distribution 0.835ns)
  Clock Net Delay (Destination): 1.833ns (routing 0.896ns, distribution 0.937ns)
  Timing Exception:       False Path

    Pin Reuse     Location             Delay type                Incr(ns)  Path(ns)    Netlist Resource(s)
  ---------------------------------------------------------------------------------    -------------------
                                       (clock clk_200mhz_unbuf rise edge)
                                                                    0.000     0.000 r  
                  RFDAC_X0Y2           RFDAC                        0.000     0.000 r  top_i/rfdc_custom_i/rfdc_custom_xczu47dr_ip_i/inst/rfdc_custom_xczu47dr_ip_rf_wrapper_i/tx2_u_dac/INTERNAL_FBRC_MUX
                  RFDAC_X0Y2           RFDAC (Prop_RFDAC_INTERNAL_FBRC_MUX_CLK_DAC)
                                                                    0.184     0.184 r  top_i/rfdc_custom_i/rfdc_custom_xczu47dr_ip_i/inst/rfdc_custom_xczu47dr_ip_rf_wrapper_i/tx2_u_dac/CLK_DAC
                                       net (fo=2, routed)           0.110     0.294    top_i/rfdc_custom_i/rfdc_custom_xczu47dr_ip_i/inst/i_rfdc_custom_xczu47dr_ip_bufg_gt_ctrl/dac2_bufg_gt_0
                  BUFG_GT_X1Y149                                                    r  top_i/rfdc_custom_i/rfdc_custom_xczu47dr_ip_i/inst/i_rfdc_custom_xczu47dr_ip_bufg_gt_ctrl/dac2_bufg_gt/I
                  BUFG_GT_X1Y149       BUFG_GT (Prop_BUFG_GT_I_O)
                                                                    0.073     0.367 r  top_i/rfdc_custom_i/rfdc_custom_xczu47dr_ip_i/inst/i_rfdc_custom_xczu47dr_ip_bufg_gt_ctrl/dac2_bufg_gt/O
                                       net (fo=69895, routed)       1.854     2.221    top_i/tdc_clk_gen_200mhz_i/clk_dac2
                  MMCM_X0Y7                                                         r  top_i/tdc_clk_gen_200mhz_i/mmcm_inst/CLKIN1
                  MMCM_X0Y7            MMCME4_ADV (Prop_MMCM_CLKIN1_CLKOUT0)
                                                                   -1.751     0.470 r  top_i/tdc_clk_gen_200mhz_i/mmcm_inst/CLKOUT0
                                       net (fo=1, routed)           0.146     0.616    top_i/tdc_clk_gen_200mhz_i/clk_200mhz_unbuf
                  BUFGCE_X0Y181                                                     r  top_i/tdc_clk_gen_200mhz_i/bufg_out/I
                  BUFGCE_X0Y181        BUFGCE (Prop_BUFCE_BUFGCE_I_O)
                                                                    0.017     0.633 r  top_i/tdc_clk_gen_200mhz_i/bufg_out/O
                  X3Y3 (CLOCK_ROOT)    net (fo=9202, routed)        1.639     2.272    top_i/u_tdc_registers/sample_clk
                  SLICE_X52Y315        FDCE                                         r  top_i/u_tdc_registers/control_reg[1]/C
  ---------------------------------------------------------------------------------    -------------------
    Routing       SLICE_X52Y315        FDCE (Prop_GFF2_SLICEL_C_Q)
                                                                    0.040     2.312 r  top_i/u_tdc_registers/control_reg[1]/Q
                                       net (fo=8, routed)           0.368     2.680    top_i/tdc_calibration_source
    Routing       SLICE_X61Y297                                                     r  top_i/u_tdc_capture_i_1/I4
    Routing       SLICE_X61Y297        LUT6 (Prop_E6LUT_SLICEM_I4_O)
                                                                    0.059     2.739 r  top_i/u_tdc_capture_i_1/O
                                       net (fo=1, routed)           1.375     4.114    top_i/u_tdc_capture/carry[0]
    Routing       SLICE_X50Y0                                                       r  top_i/u_tdc_capture/carry_block[0].u_carry8/CI
    Routing       SLICE_X50Y0          CARRY8 (Prop_CARRY8_SLICEL_CI_CO[7])
                                                                    0.082     4.196 r  top_i/u_tdc_capture/carry_block[0].u_carry8/CO[7]
                                       net (fo=2, routed)           0.003     4.199    top_i/u_tdc_capture/carry[8]
    Routing       SLICE_X50Y1                                                       r  top_i/u_tdc_capture/carry_block[1].u_carry8/CI
    Routing       SLICE_X50Y1          CARRY8 (Prop_CARRY8_SLICEL_CI_CO[7])
                                                                    0.017     4.216 r  top_i/u_tdc_capture/carry_block[1].u_carry8/CO[7]
                                       net (fo=2, routed)           0.003     4.219    top_i/u_tdc_capture/carry[16]
    Routing       SLICE_X50Y2                                                       r  top_i/u_tdc_capture/carry_block[2].u_carry8/CI
    Routing       SLICE_X50Y2          CARRY8 (Prop_CARRY8_SLICEL_CI_CO[7])
                                                                    0.017     4.236 r  top_i/u_tdc_capture/carry_block[2].u_carry8/CO[7]
                                       net (fo=2, routed)           0.003     4.239    top_i/u_tdc_capture/carry[24]
    Routing       SLICE_X50Y3                                                       r  top_i/u_tdc_capture/carry_block[3].u_carry8/CI
    Routing       SLICE_X50Y3          CARRY8 (Prop_CARRY8_SLICEL_CI_CO[7])
                                                                    0.017     4.256 r  top_i/u_tdc_capture/carry_block[3].u_carry8/CO[7]
                                       net (fo=2, routed)           0.003     4.259    top_i/u_tdc_capture/carry[32]
    Routing       SLICE_X50Y4                                                       r  top_i/u_tdc_capture/carry_block[4].u_carry8/CI
    Routing       SLICE_X50Y4          CARRY8 (Prop_CARRY8_SLICEL_CI_CO[7])
                                                                    0.017     4.276 r  top_i/u_tdc_capture/carry_block[4].u_carry8/CO[7]
                                       net (fo=2, routed)           0.003     4.279    top_i/u_tdc_capture/carry[40]
    Routing       SLICE_X50Y5                                                       r  top_i/u_tdc_capture/carry_block[5].u_carry8/CI
    Routing       SLICE_X50Y5          CARRY8 (Prop_CARRY8_SLICEL_CI_CO[7])
                                                                    0.017     4.296 r  top_i/u_tdc_capture/carry_block[5].u_carry8/CO[7]
                                       net (fo=2, routed)           0.003     4.299    top_i/u_tdc_capture/carry[48]
    Routing       SLICE_X50Y6                                                       r  top_i/u_tdc_capture/carry_block[6].u_carry8/CI
    Routing       SLICE_X50Y6          CARRY8 (Prop_CARRY8_SLICEL_CI_CO[7])
                                                                    0.017     4.316 r  top_i/u_tdc_capture/carry_block[6].u_carry8/CO[7]
                                       net (fo=2, routed)           0.003     4.319    top_i/u_tdc_capture/carry[56]
    Routing       SLICE_X50Y7                                                       r  top_i/u_tdc_capture/carry_block[7].u_carry8/CI
    Routing       SLICE_X50Y7          CARRY8 (Prop_CARRY8_SLICEL_CI_CO[7])
                                                                    0.017     4.336 r  top_i/u_tdc_capture/carry_block[7].u_carry8/CO[7]
                                       net (fo=2, routed)           0.003     4.339    top_i/u_tdc_capture/carry[64]
    Routing       SLICE_X50Y8                                                       r  top_i/u_tdc_capture/carry_block[8].u_carry8/CI
    Routing       SLICE_X50Y8          CARRY8 (Prop_CARRY8_SLICEL_CI_CO[7])
                                                                    0.017     4.356 r  top_i/u_tdc_capture/carry_block[8].u_carry8/CO[7]
                                       net (fo=2, routed)           0.003     4.359    top_i/u_tdc_capture/carry[72]
    Routing       SLICE_X50Y9                                                       r  top_i/u_tdc_capture/carry_block[9].u_carry8/CI
    Routing       SLICE_X50Y9          CARRY8 (Prop_CARRY8_SLICEL_CI_CO[7])
                                                                    0.017     4.376 r  top_i/u_tdc_capture/carry_block[9].u_carry8/CO[7]
                                       net (fo=2, routed)           0.003     4.379    top_i/u_tdc_capture/carry[80]
    Routing       SLICE_X50Y10                                                      r  top_i/u_tdc_capture/carry_block[10].u_carry8/CI
    Routing       SLICE_X50Y10         CARRY8 (Prop_CARRY8_SLICEL_CI_CO[7])
                                                                    0.017     4.396 r  top_i/u_tdc_capture/carry_block[10].u_carry8/CO[7]
                                       net (fo=2, routed)           0.003     4.399    top_i/u_tdc_capture/carry[88]
    Routing       SLICE_X50Y11                                                      r  top_i/u_tdc_capture/carry_block[11].u_carry8/CI
    Routing       SLICE_X50Y11         CARRY8 (Prop_CARRY8_SLICEL_CI_CO[7])
                                                                    0.017     4.416 r  top_i/u_tdc_capture/carry_block[11].u_carry8/CO[7]
                                       net (fo=2, routed)           0.003     4.419    top_i/u_tdc_capture/carry[96]
    Routing       SLICE_X50Y12                                                      r  top_i/u_tdc_capture/carry_block[12].u_carry8/CI
    Routing       SLICE_X50Y12         CARRY8 (Prop_CARRY8_SLICEL_CI_CO[7])
                                                                    0.017     4.436 r  top_i/u_tdc_capture/carry_block[12].u_carry8/CO[7]
                                       net (fo=2, routed)           0.003     4.439    top_i/u_tdc_capture/carry[104]
    Routing       SLICE_X50Y13                                                      r  top_i/u_tdc_capture/carry_block[13].u_carry8/CI
    Routing       SLICE_X50Y13         CARRY8 (Prop_CARRY8_SLICEL_CI_CO[7])
                                                                    0.017     4.456 r  top_i/u_tdc_capture/carry_block[13].u_carry8/CO[7]
                                       net (fo=2, routed)           0.003     4.459    top_i/u_tdc_capture/carry[112]
    Routing       SLICE_X50Y14                                                      r  top_i/u_tdc_capture/carry_block[14].u_carry8/CI
    Routing       SLICE_X50Y14         CARRY8 (Prop_CARRY8_SLICEL_CI_CO[7])
                                                                    0.017     4.476 r  top_i/u_tdc_capture/carry_block[14].u_carry8/CO[7]
                                       net (fo=2, routed)           0.003     4.479    top_i/u_tdc_capture/carry[120]
    Routing       SLICE_X50Y15                                                      r  top_i/u_tdc_capture/carry_block[15].u_carry8/CI
    Routing       SLICE_X50Y15         CARRY8 (Prop_CARRY8_SLICEL_CI_CO[7])
                                                                    0.017     4.496 r  top_i/u_tdc_capture/carry_block[15].u_carry8/CO[7]
                                       net (fo=2, routed)           0.003     4.499    top_i/u_tdc_capture/carry[128]
    Routing       SLICE_X50Y16                                                      r  top_i/u_tdc_capture/carry_block[16].u_carry8/CI
    Routing       SLICE_X50Y16         CARRY8 (Prop_CARRY8_SLICEL_CI_CO[7])
                                                                    0.017     4.516 r  top_i/u_tdc_capture/carry_block[16].u_carry8/CO[7]
                                       net (fo=2, routed)           0.003     4.519    top_i/u_tdc_capture/carry[136]
    Routing       SLICE_X50Y17                                                      r  top_i/u_tdc_capture/carry_block[17].u_carry8/CI
    Routing       SLICE_X50Y17         CARRY8 (Prop_CARRY8_SLICEL_CI_CO[7])
                                                                    0.017     4.536 r  top_i/u_tdc_capture/carry_block[17].u_carry8/CO[7]
                                       net (fo=2, routed)           0.003     4.539    top_i/u_tdc_capture/carry[144]
    Routing       SLICE_X50Y18                                                      r  top_i/u_tdc_capture/carry_block[18].u_carry8/CI
    Routing       SLICE_X50Y18         CARRY8 (Prop_CARRY8_SLICEL_CI_CO[7])
                                                                    0.017     4.556 r  top_i/u_tdc_capture/carry_block[18].u_carry8/CO[7]
                                       net (fo=2, routed)           0.003     4.559    top_i/u_tdc_capture/carry[152]
    Routing       SLICE_X50Y19                                                      r  top_i/u_tdc_capture/carry_block[19].u_carry8/CI
    Routing       SLICE_X50Y19         CARRY8 (Prop_CARRY8_SLICEL_CI_CO[7])
                                                                    0.017     4.576 r  top_i/u_tdc_capture/carry_block[19].u_carry8/CO[7]
                                       net (fo=2, routed)           0.003     4.579    top_i/u_tdc_capture/carry[160]
    Routing       SLICE_X50Y20                                                      r  top_i/u_tdc_capture/carry_block[20].u_carry8/CI
    Routing       SLICE_X50Y20         CARRY8 (Prop_CARRY8_SLICEL_CI_CO[7])
                                                                    0.017     4.596 r  top_i/u_tdc_capture/carry_block[20].u_carry8/CO[7]
                                       net (fo=2, routed)           0.003     4.599    top_i/u_tdc_capture/carry[168]
    Routing       SLICE_X50Y21                                                      r  top_i/u_tdc_capture/carry_block[21].u_carry8/CI
    Routing       SLICE_X50Y21         CARRY8 (Prop_CARRY8_SLICEL_CI_CO[7])
                                                                    0.017     4.616 r  top_i/u_tdc_capture/carry_block[21].u_carry8/CO[7]
                                       net (fo=2, routed)           0.003     4.619    top_i/u_tdc_capture/carry[176]
    Routing       SLICE_X50Y22                                                      r  top_i/u_tdc_capture/carry_block[22].u_carry8/CI
    Routing       SLICE_X50Y22         CARRY8 (Prop_CARRY8_SLICEL_CI_CO[7])
                                                                    0.017     4.636 r  top_i/u_tdc_capture/carry_block[22].u_carry8/CO[7]
                                       net (fo=2, routed)           0.003     4.639    top_i/u_tdc_capture/carry[184]
    Routing       SLICE_X50Y23                                                      r  top_i/u_tdc_capture/carry_block[23].u_carry8/CI
    Routing       SLICE_X50Y23         CARRY8 (Prop_CARRY8_SLICEL_CI_CO[7])
                                                                    0.017     4.656 r  top_i/u_tdc_capture/carry_block[23].u_carry8/CO[7]
                                       net (fo=2, routed)           0.003     4.659    top_i/u_tdc_capture/carry[192]
    Routing       SLICE_X50Y24                                                      r  top_i/u_tdc_capture/carry_block[24].u_carry8/CI
    Routing       SLICE_X50Y24         CARRY8 (Prop_CARRY8_SLICEL_CI_CO[7])
                                                                    0.017     4.676 r  top_i/u_tdc_capture/carry_block[24].u_carry8/CO[7]
                                       net (fo=2, routed)           0.003     4.679    top_i/u_tdc_capture/carry[200]
    Routing       SLICE_X50Y25                                                      r  top_i/u_tdc_capture/carry_block[25].u_carry8/CI
    Routing       SLICE_X50Y25         CARRY8 (Prop_CARRY8_SLICEL_CI_CO[7])
                                                                    0.017     4.696 r  top_i/u_tdc_capture/carry_block[25].u_carry8/CO[7]
                                       net (fo=2, routed)           0.003     4.699    top_i/u_tdc_capture/carry[208]
    Routing       SLICE_X50Y26                                                      r  top_i/u_tdc_capture/carry_block[26].u_carry8/CI
    Routing       SLICE_X50Y26         CARRY8 (Prop_CARRY8_SLICEL_CI_CO[7])
                                                                    0.017     4.716 r  top_i/u_tdc_capture/carry_block[26].u_carry8/CO[7]
                                       net (fo=2, routed)           0.003     4.719    top_i/u_tdc_capture/carry[216]
    Routing       SLICE_X50Y27                                                      r  top_i/u_tdc_capture/carry_block[27].u_carry8/CI
    Routing       SLICE_X50Y27         CARRY8 (Prop_CARRY8_SLICEL_CI_CO[7])
                                                                    0.017     4.736 r  top_i/u_tdc_capture/carry_block[27].u_carry8/CO[7]
                                       net (fo=2, routed)           0.003     4.739    top_i/u_tdc_capture/carry[224]
    Routing       SLICE_X50Y28                                                      r  top_i/u_tdc_capture/carry_block[28].u_carry8/CI
    Routing       SLICE_X50Y28         CARRY8 (Prop_CARRY8_SLICEL_CI_CO[7])
                                                                    0.017     4.756 r  top_i/u_tdc_capture/carry_block[28].u_carry8/CO[7]
                                       net (fo=2, routed)           0.003     4.759    top_i/u_tdc_capture/carry[232]
    Routing       SLICE_X50Y29                                                      r  top_i/u_tdc_capture/carry_block[29].u_carry8/CI
    Routing       SLICE_X50Y29         CARRY8 (Prop_CARRY8_SLICEL_CI_CO[7])
                                                                    0.017     4.776 r  top_i/u_tdc_capture/carry_block[29].u_carry8/CO[7]
                                       net (fo=2, routed)           0.017     4.793    top_i/u_tdc_capture/carry[240]
    Routing       SLICE_X50Y30                                                      r  top_i/u_tdc_capture/carry_block[30].u_carry8/CI
    Routing       SLICE_X50Y30         CARRY8 (Prop_CARRY8_SLICEL_CI_CO[7])
                                                                    0.017     4.810 r  top_i/u_tdc_capture/carry_block[30].u_carry8/CO[7]
                                       net (fo=2, routed)           0.003     4.813    top_i/u_tdc_capture/carry[248]
    Routing       SLICE_X50Y31                                                      r  top_i/u_tdc_capture/carry_block[31].u_carry8/CI
    Routing       SLICE_X50Y31         CARRY8 (Prop_CARRY8_SLICEL_CI_CO[7])
                                                                    0.017     4.830 r  top_i/u_tdc_capture/carry_block[31].u_carry8/CO[7]
                                       net (fo=2, routed)           0.003     4.833    top_i/u_tdc_capture/carry[256]
    Routing       SLICE_X50Y32                                                      r  top_i/u_tdc_capture/carry_block[32].u_carry8/CI
    Routing       SLICE_X50Y32         CARRY8 (Prop_CARRY8_SLICEL_CI_CO[7])
                                                                    0.017     4.850 r  top_i/u_tdc_capture/carry_block[32].u_carry8/CO[7]
                                       net (fo=2, routed)           0.003     4.853    top_i/u_tdc_capture/carry[264]
    Routing       SLICE_X50Y33                                                      r  top_i/u_tdc_capture/carry_block[33].u_carry8/CI
    Routing       SLICE_X50Y33         CARRY8 (Prop_CARRY8_SLICEL_CI_CO[7])
                                                                    0.017     4.870 r  top_i/u_tdc_capture/carry_block[33].u_carry8/CO[7]
                                       net (fo=2, routed)           0.003     4.873    top_i/u_tdc_capture/carry[272]
    Routing       SLICE_X50Y34                                                      r  top_i/u_tdc_capture/carry_block[34].u_carry8/CI
    Routing       SLICE_X50Y34         CARRY8 (Prop_CARRY8_SLICEL_CI_CO[7])
                                                                    0.017     4.890 r  top_i/u_tdc_capture/carry_block[34].u_carry8/CO[7]
                                       net (fo=2, routed)           0.003     4.893    top_i/u_tdc_capture/carry[280]
    Routing       SLICE_X50Y35                                                      r  top_i/u_tdc_capture/carry_block[35].u_carry8/CI
    Routing       SLICE_X50Y35         CARRY8 (Prop_CARRY8_SLICEL_CI_CO[7])
                                                                    0.017     4.910 r  top_i/u_tdc_capture/carry_block[35].u_carry8/CO[7]
                                       net (fo=2, routed)           0.003     4.913    top_i/u_tdc_capture/carry[288]
    Routing       SLICE_X50Y36                                                      r  top_i/u_tdc_capture/carry_block[36].u_carry8/CI
    Routing       SLICE_X50Y36         CARRY8 (Prop_CARRY8_SLICEL_CI_CO[7])
                                                                    0.017     4.930 r  top_i/u_tdc_capture/carry_block[36].u_carry8/CO[7]
                                       net (fo=2, routed)           0.003     4.933    top_i/u_tdc_capture/carry[296]
    Routing       SLICE_X50Y37                                                      r  top_i/u_tdc_capture/carry_block[37].u_carry8/CI
    Routing       SLICE_X50Y37         CARRY8 (Prop_CARRY8_SLICEL_CI_CO[7])
                                                                    0.017     4.950 r  top_i/u_tdc_capture/carry_block[37].u_carry8/CO[7]
                                       net (fo=2, routed)           0.003     4.953    top_i/u_tdc_capture/carry[304]
    Routing       SLICE_X50Y38                                                      r  top_i/u_tdc_capture/carry_block[38].u_carry8/CI
    Routing       SLICE_X50Y38         CARRY8 (Prop_CARRY8_SLICEL_CI_CO[7])
                                                                    0.017     4.970 r  top_i/u_tdc_capture/carry_block[38].u_carry8/CO[7]
                                       net (fo=2, routed)           0.003     4.973    top_i/u_tdc_capture/carry[312]
    Routing       SLICE_X50Y39                                                      r  top_i/u_tdc_capture/carry_block[39].u_carry8/CI
    Routing       SLICE_X50Y39         CARRY8 (Prop_CARRY8_SLICEL_CI_CO[7])
                                                                    0.017     4.990 r  top_i/u_tdc_capture/carry_block[39].u_carry8/CO[7]
                                       net (fo=2, routed)           0.003     4.993    top_i/u_tdc_capture/carry[320]
    Routing       SLICE_X50Y40                                                      r  top_i/u_tdc_capture/carry_block[40].u_carry8/CI
    Routing       SLICE_X50Y40         CARRY8 (Prop_CARRY8_SLICEL_CI_CO[7])
                                                                    0.017     5.010 r  top_i/u_tdc_capture/carry_block[40].u_carry8/CO[7]
                                       net (fo=2, routed)           0.003     5.013    top_i/u_tdc_capture/carry[328]
    Routing       SLICE_X50Y41                                                      r  top_i/u_tdc_capture/carry_block[41].u_carry8/CI
    Routing       SLICE_X50Y41         CARRY8 (Prop_CARRY8_SLICEL_CI_CO[7])
                                                                    0.017     5.030 r  top_i/u_tdc_capture/carry_block[41].u_carry8/CO[7]
                                       net (fo=2, routed)           0.003     5.033    top_i/u_tdc_capture/carry[336]
    Routing       SLICE_X50Y42                                                      r  top_i/u_tdc_capture/carry_block[42].u_carry8/CI
    Routing       SLICE_X50Y42         CARRY8 (Prop_CARRY8_SLICEL_CI_CO[7])
                                                                    0.017     5.050 r  top_i/u_tdc_capture/carry_block[42].u_carry8/CO[7]
                                       net (fo=2, routed)           0.003     5.053    top_i/u_tdc_capture/carry[344]
    Routing       SLICE_X50Y43                                                      r  top_i/u_tdc_capture/carry_block[43].u_carry8/CI
    Routing       SLICE_X50Y43         CARRY8 (Prop_CARRY8_SLICEL_CI_CO[7])
                                                                    0.017     5.070 r  top_i/u_tdc_capture/carry_block[43].u_carry8/CO[7]
                                       net (fo=2, routed)           0.003     5.073    top_i/u_tdc_capture/carry[352]
    Routing       SLICE_X50Y44                                                      r  top_i/u_tdc_capture/carry_block[44].u_carry8/CI
    Routing       SLICE_X50Y44         CARRY8 (Prop_CARRY8_SLICEL_CI_CO[7])
                                                                    0.017     5.090 r  top_i/u_tdc_capture/carry_block[44].u_carry8/CO[7]
                                       net (fo=2, routed)           0.003     5.093    top_i/u_tdc_capture/carry[360]
    Routing       SLICE_X50Y45                                                      r  top_i/u_tdc_capture/carry_block[45].u_carry8/CI
    Routing       SLICE_X50Y45         CARRY8 (Prop_CARRY8_SLICEL_CI_CO[7])
                                                                    0.017     5.110 r  top_i/u_tdc_capture/carry_block[45].u_carry8/CO[7]
                                       net (fo=2, routed)           0.003     5.113    top_i/u_tdc_capture/carry[368]
    Routing       SLICE_X50Y46                                                      r  top_i/u_tdc_capture/carry_block[46].u_carry8/CI
    Routing       SLICE_X50Y46         CARRY8 (Prop_CARRY8_SLICEL_CI_CO[7])
                                                                    0.017     5.130 r  top_i/u_tdc_capture/carry_block[46].u_carry8/CO[7]
                                       net (fo=2, routed)           0.003     5.133    top_i/u_tdc_capture/carry[376]
    Routing       SLICE_X50Y47                                                      r  top_i/u_tdc_capture/carry_block[47].u_carry8/CI
    Routing       SLICE_X50Y47         CARRY8 (Prop_CARRY8_SLICEL_CI_CO[7])
                                                                    0.017     5.150 r  top_i/u_tdc_capture/carry_block[47].u_carry8/CO[7]
                                       net (fo=2, routed)           0.003     5.153    top_i/u_tdc_capture/carry[384]
    Routing       SLICE_X50Y48                                                      r  top_i/u_tdc_capture/carry_block[48].u_carry8/CI
    Routing       SLICE_X50Y48         CARRY8 (Prop_CARRY8_SLICEL_CI_CO[7])
                                                                    0.017     5.170 r  top_i/u_tdc_capture/carry_block[48].u_carry8/CO[7]
                                       net (fo=2, routed)           0.003     5.173    top_i/u_tdc_capture/carry[392]
    Routing       SLICE_X50Y49                                                      r  top_i/u_tdc_capture/carry_block[49].u_carry8/CI
    Routing       SLICE_X50Y49         CARRY8 (Prop_CARRY8_SLICEL_CI_CO[7])
                                                                    0.017     5.190 r  top_i/u_tdc_capture/carry_block[49].u_carry8/CO[7]
                                       net (fo=2, routed)           0.003     5.193    top_i/u_tdc_capture/carry[400]
    Routing       SLICE_X50Y50                                                      r  top_i/u_tdc_capture/carry_block[50].u_carry8/CI
    Routing       SLICE_X50Y50         CARRY8 (Prop_CARRY8_SLICEL_CI_CO[7])
                                                                    0.017     5.210 r  top_i/u_tdc_capture/carry_block[50].u_carry8/CO[7]
                                       net (fo=2, routed)           0.003     5.213    top_i/u_tdc_capture/carry[408]
    Routing       SLICE_X50Y51                                                      r  top_i/u_tdc_capture/carry_block[51].u_carry8/CI
    Routing       SLICE_X50Y51         CARRY8 (Prop_CARRY8_SLICEL_CI_CO[7])
                                                                    0.017     5.230 r  top_i/u_tdc_capture/carry_block[51].u_carry8/CO[7]
                                       net (fo=2, routed)           0.003     5.233    top_i/u_tdc_capture/carry[416]
    Routing       SLICE_X50Y52                                                      r  top_i/u_tdc_capture/carry_block[52].u_carry8/CI
    Routing       SLICE_X50Y52         CARRY8 (Prop_CARRY8_SLICEL_CI_CO[7])
                                                                    0.017     5.250 r  top_i/u_tdc_capture/carry_block[52].u_carry8/CO[7]
                                       net (fo=2, routed)           0.003     5.253    top_i/u_tdc_capture/carry[424]
    Routing       SLICE_X50Y53                                                      r  top_i/u_tdc_capture/carry_block[53].u_carry8/CI
    Routing       SLICE_X50Y53         CARRY8 (Prop_CARRY8_SLICEL_CI_CO[7])
                                                                    0.017     5.270 r  top_i/u_tdc_capture/carry_block[53].u_carry8/CO[7]
                                       net (fo=2, routed)           0.003     5.273    top_i/u_tdc_capture/carry[432]
    Routing       SLICE_X50Y54                                                      r  top_i/u_tdc_capture/carry_block[54].u_carry8/CI
    Routing       SLICE_X50Y54         CARRY8 (Prop_CARRY8_SLICEL_CI_CO[7])
                                                                    0.017     5.290 r  top_i/u_tdc_capture/carry_block[54].u_carry8/CO[7]
                                       net (fo=2, routed)           0.003     5.293    top_i/u_tdc_capture/carry[440]
    Routing       SLICE_X50Y55                                                      r  top_i/u_tdc_capture/carry_block[55].u_carry8/CI
    Routing       SLICE_X50Y55         CARRY8 (Prop_CARRY8_SLICEL_CI_CO[7])
                                                                    0.017     5.310 r  top_i/u_tdc_capture/carry_block[55].u_carry8/CO[7]
                                       net (fo=2, routed)           0.003     5.313    top_i/u_tdc_capture/carry[448]
    Routing       SLICE_X50Y56                                                      r  top_i/u_tdc_capture/carry_block[56].u_carry8/CI
    Routing       SLICE_X50Y56         CARRY8 (Prop_CARRY8_SLICEL_CI_CO[7])
                                                                    0.017     5.330 r  top_i/u_tdc_capture/carry_block[56].u_carry8/CO[7]
                                       net (fo=2, routed)           0.003     5.333    top_i/u_tdc_capture/carry[456]
    Routing       SLICE_X50Y57                                                      r  top_i/u_tdc_capture/carry_block[57].u_carry8/CI
    Routing       SLICE_X50Y57         CARRY8 (Prop_CARRY8_SLICEL_CI_CO[7])
                                                                    0.017     5.350 r  top_i/u_tdc_capture/carry_block[57].u_carry8/CO[7]
                                       net (fo=2, routed)           0.003     5.353    top_i/u_tdc_capture/carry[464]
    Routing       SLICE_X50Y58                                                      r  top_i/u_tdc_capture/carry_block[58].u_carry8/CI
    Routing       SLICE_X50Y58         CARRY8 (Prop_CARRY8_SLICEL_CI_CO[7])
                                                                    0.017     5.370 r  top_i/u_tdc_capture/carry_block[58].u_carry8/CO[7]
                                       net (fo=2, routed)           0.003     5.373    top_i/u_tdc_capture/carry[472]
    Routing       SLICE_X50Y59                                                      r  top_i/u_tdc_capture/carry_block[59].u_carry8/CI
    Routing       SLICE_X50Y59         CARRY8 (Prop_CARRY8_SLICEL_CI_CO[7])
                                                                    0.017     5.390 r  top_i/u_tdc_capture/carry_block[59].u_carry8/CO[7]
                                       net (fo=2, routed)           0.003     5.393    top_i/u_tdc_capture/carry[480]
    Routing       SLICE_X50Y60                                                      r  top_i/u_tdc_capture/carry_block[60].u_carry8/CI
    Routing       SLICE_X50Y60         CARRY8 (Prop_CARRY8_SLICEL_CI_CO[7])
                                                                    0.017     5.410 r  top_i/u_tdc_capture/carry_block[60].u_carry8/CO[7]
                                       net (fo=2, routed)           0.003     5.413    top_i/u_tdc_capture/carry[488]
    Routing       SLICE_X50Y61                                                      r  top_i/u_tdc_capture/carry_block[61].u_carry8/CI
    Routing       SLICE_X50Y61         CARRY8 (Prop_CARRY8_SLICEL_CI_CO[7])
                                                                    0.017     5.430 r  top_i/u_tdc_capture/carry_block[61].u_carry8/CO[7]
                                       net (fo=2, routed)           0.003     5.433    top_i/u_tdc_capture/carry[496]
    Routing       SLICE_X50Y62                                                      r  top_i/u_tdc_capture/carry_block[62].u_carry8/CI
    Routing       SLICE_X50Y62         CARRY8 (Prop_CARRY8_SLICEL_CI_CO[7])
                                                                    0.017     5.450 r  top_i/u_tdc_capture/carry_block[62].u_carry8/CO[7]
                                       net (fo=2, routed)           0.003     5.453    top_i/u_tdc_capture/carry[504]
    Routing       SLICE_X50Y63                                                      r  top_i/u_tdc_capture/carry_block[63].u_carry8/CI
    Routing       SLICE_X50Y63         CARRY8 (Prop_CARRY8_SLICEL_CI_CO[7])
                                                                    0.017     5.470 r  top_i/u_tdc_capture/carry_block[63].u_carry8/CO[7]
                                       net (fo=2, routed)           0.003     5.473    top_i/u_tdc_capture/carry[512]
    Routing       SLICE_X50Y64                                                      r  top_i/u_tdc_capture/carry_block[64].u_carry8/CI
    Routing       SLICE_X50Y64         CARRY8 (Prop_CARRY8_SLICEL_CI_CO[7])
                                                                    0.017     5.490 r  top_i/u_tdc_capture/carry_block[64].u_carry8/CO[7]
                                       net (fo=2, routed)           0.003     5.493    top_i/u_tdc_capture/carry[520]
    Routing       SLICE_X50Y65                                                      r  top_i/u_tdc_capture/carry_block[65].u_carry8/CI
    Routing       SLICE_X50Y65         CARRY8 (Prop_CARRY8_SLICEL_CI_CO[7])
                                                                    0.017     5.510 r  top_i/u_tdc_capture/carry_block[65].u_carry8/CO[7]
                                       net (fo=2, routed)           0.003     5.513    top_i/u_tdc_capture/carry[528]
    Routing       SLICE_X50Y66                                                      r  top_i/u_tdc_capture/carry_block[66].u_carry8/CI
    Routing       SLICE_X50Y66         CARRY8 (Prop_CARRY8_SLICEL_CI_CO[7])
                                                                    0.017     5.530 r  top_i/u_tdc_capture/carry_block[66].u_carry8/CO[7]
                                       net (fo=2, routed)           0.003     5.533    top_i/u_tdc_capture/carry[536]
    Routing       SLICE_X50Y67                                                      r  top_i/u_tdc_capture/carry_block[67].u_carry8/CI
    Routing       SLICE_X50Y67         CARRY8 (Prop_CARRY8_SLICEL_CI_CO[7])
                                                                    0.017     5.550 r  top_i/u_tdc_capture/carry_block[67].u_carry8/CO[7]
                                       net (fo=2, routed)           0.003     5.553    top_i/u_tdc_capture/carry[544]
    Routing       SLICE_X50Y68                                                      r  top_i/u_tdc_capture/carry_block[68].u_carry8/CI
    Routing       SLICE_X50Y68         CARRY8 (Prop_CARRY8_SLICEL_CI_CO[7])
                                                                    0.017     5.570 r  top_i/u_tdc_capture/carry_block[68].u_carry8/CO[7]
                                       net (fo=2, routed)           0.003     5.573    top_i/u_tdc_capture/carry[552]
    Routing       SLICE_X50Y69                                                      r  top_i/u_tdc_capture/carry_block[69].u_carry8/CI
    Routing       SLICE_X50Y69         CARRY8 (Prop_CARRY8_SLICEL_CI_CO[7])
                                                                    0.017     5.590 r  top_i/u_tdc_capture/carry_block[69].u_carry8/CO[7]
                                       net (fo=2, routed)           0.003     5.593    top_i/u_tdc_capture/carry[560]
    Routing       SLICE_X50Y70                                                      r  top_i/u_tdc_capture/carry_block[70].u_carry8/CI
    Routing       SLICE_X50Y70         CARRY8 (Prop_CARRY8_SLICEL_CI_CO[7])
                                                                    0.017     5.610 r  top_i/u_tdc_capture/carry_block[70].u_carry8/CO[7]
                                       net (fo=2, routed)           0.003     5.613    top_i/u_tdc_capture/carry[568]
    Routing       SLICE_X50Y71                                                      r  top_i/u_tdc_capture/carry_block[71].u_carry8/CI
    Routing       SLICE_X50Y71         CARRY8 (Prop_CARRY8_SLICEL_CI_CO[7])
                                                                    0.017     5.630 r  top_i/u_tdc_capture/carry_block[71].u_carry8/CO[7]
                                       net (fo=2, routed)           0.003     5.633    top_i/u_tdc_capture/carry[576]
    Routing       SLICE_X50Y72                                                      r  top_i/u_tdc_capture/carry_block[72].u_carry8/CI
    Routing       SLICE_X50Y72         CARRY8 (Prop_CARRY8_SLICEL_CI_CO[7])
                                                                    0.017     5.650 r  top_i/u_tdc_capture/carry_block[72].u_carry8/CO[7]
                                       net (fo=2, routed)           0.003     5.653    top_i/u_tdc_capture/carry[584]
    Routing       SLICE_X50Y73                                                      r  top_i/u_tdc_capture/carry_block[73].u_carry8/CI
    Routing       SLICE_X50Y73         CARRY8 (Prop_CARRY8_SLICEL_CI_CO[7])
                                                                    0.017     5.670 r  top_i/u_tdc_capture/carry_block[73].u_carry8/CO[7]
                                       net (fo=2, routed)           0.003     5.673    top_i/u_tdc_capture/carry[592]
    Routing       SLICE_X50Y74                                                      r  top_i/u_tdc_capture/carry_block[74].u_carry8/CI
    Routing       SLICE_X50Y74         CARRY8 (Prop_CARRY8_SLICEL_CI_CO[7])
                                                                    0.017     5.690 r  top_i/u_tdc_capture/carry_block[74].u_carry8/CO[7]
                                       net (fo=2, routed)           0.003     5.693    top_i/u_tdc_capture/carry[600]
    Routing       SLICE_X50Y75                                                      r  top_i/u_tdc_capture/carry_block[75].u_carry8/CI
    Routing       SLICE_X50Y75         CARRY8 (Prop_CARRY8_SLICEL_CI_CO[7])
                                                                    0.017     5.710 r  top_i/u_tdc_capture/carry_block[75].u_carry8/CO[7]
                                       net (fo=2, routed)           0.003     5.713    top_i/u_tdc_capture/carry[608]
    Routing       SLICE_X50Y76                                                      r  top_i/u_tdc_capture/carry_block[76].u_carry8/CI
    Routing       SLICE_X50Y76         CARRY8 (Prop_CARRY8_SLICEL_CI_CO[7])
                                                                    0.017     5.730 r  top_i/u_tdc_capture/carry_block[76].u_carry8/CO[7]
                                       net (fo=2, routed)           0.003     5.733    top_i/u_tdc_capture/carry[616]
    Routing       SLICE_X50Y77                                                      r  top_i/u_tdc_capture/carry_block[77].u_carry8/CI
    Routing       SLICE_X50Y77         CARRY8 (Prop_CARRY8_SLICEL_CI_CO[7])
                                                                    0.017     5.750 r  top_i/u_tdc_capture/carry_block[77].u_carry8/CO[7]
                                       net (fo=2, routed)           0.003     5.753    top_i/u_tdc_capture/carry[624]
    Routing       SLICE_X50Y78                                                      r  top_i/u_tdc_capture/carry_block[78].u_carry8/CI
    Routing       SLICE_X50Y78         CARRY8 (Prop_CARRY8_SLICEL_CI_CO[7])
                                                                    0.017     5.770 r  top_i/u_tdc_capture/carry_block[78].u_carry8/CO[7]
                                       net (fo=2, routed)           0.003     5.773    top_i/u_tdc_capture/carry[632]
    Routing       SLICE_X50Y79                                                      r  top_i/u_tdc_capture/carry_block[79].u_carry8/CI
    Routing       SLICE_X50Y79         CARRY8 (Prop_CARRY8_SLICEL_CI_CO[7])
                                                                    0.017     5.790 r  top_i/u_tdc_capture/carry_block[79].u_carry8/CO[7]
                                       net (fo=2, routed)           0.003     5.793    top_i/u_tdc_capture/carry[640]
    Routing       SLICE_X50Y80                                                      r  top_i/u_tdc_capture/carry_block[80].u_carry8/CI
    Routing       SLICE_X50Y80         CARRY8 (Prop_CARRY8_SLICEL_CI_CO[7])
                                                                    0.017     5.810 r  top_i/u_tdc_capture/carry_block[80].u_carry8/CO[7]
                                       net (fo=2, routed)           0.003     5.813    top_i/u_tdc_capture/carry[648]
    Routing       SLICE_X50Y81                                                      r  top_i/u_tdc_capture/carry_block[81].u_carry8/CI
    Routing       SLICE_X50Y81         CARRY8 (Prop_CARRY8_SLICEL_CI_CO[7])
                                                                    0.017     5.830 r  top_i/u_tdc_capture/carry_block[81].u_carry8/CO[7]
                                       net (fo=2, routed)           0.003     5.833    top_i/u_tdc_capture/carry[656]
    Routing       SLICE_X50Y82                                                      r  top_i/u_tdc_capture/carry_block[82].u_carry8/CI
    Routing       SLICE_X50Y82         CARRY8 (Prop_CARRY8_SLICEL_CI_CO[7])
                                                                    0.017     5.850 r  top_i/u_tdc_capture/carry_block[82].u_carry8/CO[7]
                                       net (fo=2, routed)           0.003     5.853    top_i/u_tdc_capture/carry[664]
    Routing       SLICE_X50Y83                                                      r  top_i/u_tdc_capture/carry_block[83].u_carry8/CI
    Routing       SLICE_X50Y83         CARRY8 (Prop_CARRY8_SLICEL_CI_CO[7])
                                                                    0.017     5.870 r  top_i/u_tdc_capture/carry_block[83].u_carry8/CO[7]
                                       net (fo=2, routed)           0.003     5.873    top_i/u_tdc_capture/carry[672]
    Routing       SLICE_X50Y84                                                      r  top_i/u_tdc_capture/carry_block[84].u_carry8/CI
    Routing       SLICE_X50Y84         CARRY8 (Prop_CARRY8_SLICEL_CI_CO[7])
                                                                    0.017     5.890 r  top_i/u_tdc_capture/carry_block[84].u_carry8/CO[7]
                                       net (fo=2, routed)           0.003     5.893    top_i/u_tdc_capture/carry[680]
    Routing       SLICE_X50Y85                                                      r  top_i/u_tdc_capture/carry_block[85].u_carry8/CI
    Routing       SLICE_X50Y85         CARRY8 (Prop_CARRY8_SLICEL_CI_CO[7])
                                                                    0.017     5.910 r  top_i/u_tdc_capture/carry_block[85].u_carry8/CO[7]
                                       net (fo=2, routed)           0.003     5.913    top_i/u_tdc_capture/carry[688]
    Routing       SLICE_X50Y86                                                      r  top_i/u_tdc_capture/carry_block[86].u_carry8/CI
    Routing       SLICE_X50Y86         CARRY8 (Prop_CARRY8_SLICEL_CI_CO[7])
                                                                    0.017     5.930 r  top_i/u_tdc_capture/carry_block[86].u_carry8/CO[7]
                                       net (fo=2, routed)           0.003     5.933    top_i/u_tdc_capture/carry[696]
    Routing       SLICE_X50Y87                                                      r  top_i/u_tdc_capture/carry_block[87].u_carry8/CI
    Routing       SLICE_X50Y87         CARRY8 (Prop_CARRY8_SLICEL_CI_CO[7])
                                                                    0.017     5.950 r  top_i/u_tdc_capture/carry_block[87].u_carry8/CO[7]
                                       net (fo=2, routed)           0.003     5.953    top_i/u_tdc_capture/carry[704]
    Routing       SLICE_X50Y88                                                      r  top_i/u_tdc_capture/carry_block[88].u_carry8/CI
    Routing       SLICE_X50Y88         CARRY8 (Prop_CARRY8_SLICEL_CI_CO[7])
                                                                    0.017     5.970 r  top_i/u_tdc_capture/carry_block[88].u_carry8/CO[7]
                                       net (fo=2, routed)           0.003     5.973    top_i/u_tdc_capture/carry[712]
    Routing       SLICE_X50Y89                                                      r  top_i/u_tdc_capture/carry_block[89].u_carry8/CI
    Routing       SLICE_X50Y89         CARRY8 (Prop_CARRY8_SLICEL_CI_CO[7])
                                                                    0.017     5.990 r  top_i/u_tdc_capture/carry_block[89].u_carry8/CO[7]
                                       net (fo=2, routed)           0.017     6.007    top_i/u_tdc_capture/carry[720]
    Routing       SLICE_X50Y90                                                      r  top_i/u_tdc_capture/carry_block[90].u_carry8/CI
    Routing       SLICE_X50Y90         CARRY8 (Prop_CARRY8_SLICEL_CI_CO[7])
                                                                    0.017     6.024 r  top_i/u_tdc_capture/carry_block[90].u_carry8/CO[7]
                                       net (fo=2, routed)           0.003     6.027    top_i/u_tdc_capture/carry[728]
    Routing       SLICE_X50Y91                                                      r  top_i/u_tdc_capture/carry_block[91].u_carry8/CI
    Routing       SLICE_X50Y91         CARRY8 (Prop_CARRY8_SLICEL_CI_CO[7])
                                                                    0.017     6.044 r  top_i/u_tdc_capture/carry_block[91].u_carry8/CO[7]
                                       net (fo=2, routed)           0.003     6.047    top_i/u_tdc_capture/carry[736]
    Routing       SLICE_X50Y92                                                      r  top_i/u_tdc_capture/carry_block[92].u_carry8/CI
    Routing       SLICE_X50Y92         CARRY8 (Prop_CARRY8_SLICEL_CI_CO[7])
                                                                    0.017     6.064 r  top_i/u_tdc_capture/carry_block[92].u_carry8/CO[7]
                                       net (fo=2, routed)           0.003     6.067    top_i/u_tdc_capture/carry[744]
    Routing       SLICE_X50Y93                                                      r  top_i/u_tdc_capture/carry_block[93].u_carry8/CI
    Routing       SLICE_X50Y93         CARRY8 (Prop_CARRY8_SLICEL_CI_CO[7])
                                                                    0.017     6.084 r  top_i/u_tdc_capture/carry_block[93].u_carry8/CO[7]
                                       net (fo=2, routed)           0.003     6.087    top_i/u_tdc_capture/carry[752]
    Routing       SLICE_X50Y94                                                      r  top_i/u_tdc_capture/carry_block[94].u_carry8/CI
    Routing       SLICE_X50Y94         CARRY8 (Prop_CARRY8_SLICEL_CI_CO[7])
                                                                    0.017     6.104 r  top_i/u_tdc_capture/carry_block[94].u_carry8/CO[7]
                                       net (fo=2, routed)           0.003     6.107    top_i/u_tdc_capture/carry[760]
    Routing       SLICE_X50Y95                                                      r  top_i/u_tdc_capture/carry_block[95].u_carry8/CI
    Routing       SLICE_X50Y95         CARRY8 (Prop_CARRY8_SLICEL_CI_CO[7])
                                                                    0.017     6.124 r  top_i/u_tdc_capture/carry_block[95].u_carry8/CO[7]
                                       net (fo=2, routed)           0.003     6.127    top_i/u_tdc_capture/carry[768]
    Routing       SLICE_X50Y96                                                      r  top_i/u_tdc_capture/carry_block[96].u_carry8/CI
    Routing       SLICE_X50Y96         CARRY8 (Prop_CARRY8_SLICEL_CI_CO[7])
                                                                    0.017     6.144 r  top_i/u_tdc_capture/carry_block[96].u_carry8/CO[7]
                                       net (fo=2, routed)           0.003     6.147    top_i/u_tdc_capture/carry[776]
    Routing       SLICE_X50Y97                                                      r  top_i/u_tdc_capture/carry_block[97].u_carry8/CI
    Routing       SLICE_X50Y97         CARRY8 (Prop_CARRY8_SLICEL_CI_CO[7])
                                                                    0.017     6.164 r  top_i/u_tdc_capture/carry_block[97].u_carry8/CO[7]
                                       net (fo=2, routed)           0.003     6.167    top_i/u_tdc_capture/carry[784]
    Routing       SLICE_X50Y98                                                      r  top_i/u_tdc_capture/carry_block[98].u_carry8/CI
    Routing       SLICE_X50Y98         CARRY8 (Prop_CARRY8_SLICEL_CI_CO[7])
                                                                    0.017     6.184 r  top_i/u_tdc_capture/carry_block[98].u_carry8/CO[7]
                                       net (fo=2, routed)           0.003     6.187    top_i/u_tdc_capture/carry[792]
    Routing       SLICE_X50Y99                                                      r  top_i/u_tdc_capture/carry_block[99].u_carry8/CI
    Routing       SLICE_X50Y99         CARRY8 (Prop_CARRY8_SLICEL_CI_CO[7])
                                                                    0.017     6.204 r  top_i/u_tdc_capture/carry_block[99].u_carry8/CO[7]
                                       net (fo=2, routed)           0.003     6.207    top_i/u_tdc_capture/carry[800]
    Routing       SLICE_X50Y100                                                     r  top_i/u_tdc_capture/carry_block[100].u_carry8/CI
    Routing       SLICE_X50Y100        CARRY8 (Prop_CARRY8_SLICEL_CI_CO[7])
                                                                    0.017     6.224 r  top_i/u_tdc_capture/carry_block[100].u_carry8/CO[7]
                                       net (fo=2, routed)           0.003     6.227    top_i/u_tdc_capture/carry[808]
    Routing       SLICE_X50Y101                                                     r  top_i/u_tdc_capture/carry_block[101].u_carry8/CI
    Routing       SLICE_X50Y101        CARRY8 (Prop_CARRY8_SLICEL_CI_CO[7])
                                                                    0.017     6.244 r  top_i/u_tdc_capture/carry_block[101].u_carry8/CO[7]
                                       net (fo=2, routed)           0.003     6.247    top_i/u_tdc_capture/carry[816]
    Routing       SLICE_X50Y102                                                     r  top_i/u_tdc_capture/carry_block[102].u_carry8/CI
    Routing       SLICE_X50Y102        CARRY8 (Prop_CARRY8_SLICEL_CI_CO[7])
                                                                    0.017     6.264 r  top_i/u_tdc_capture/carry_block[102].u_carry8/CO[7]
                                       net (fo=2, routed)           0.003     6.267    top_i/u_tdc_capture/carry[824]
    Routing       SLICE_X50Y103                                                     r  top_i/u_tdc_capture/carry_block[103].u_carry8/CI
    Routing       SLICE_X50Y103        CARRY8 (Prop_CARRY8_SLICEL_CI_CO[7])
                                                                    0.017     6.284 r  top_i/u_tdc_capture/carry_block[103].u_carry8/CO[7]
                                       net (fo=2, routed)           0.003     6.287    top_i/u_tdc_capture/carry[832]
    Routing       SLICE_X50Y104                                                     r  top_i/u_tdc_capture/carry_block[104].u_carry8/CI
    Routing       SLICE_X50Y104        CARRY8 (Prop_CARRY8_SLICEL_CI_CO[7])
                                                                    0.017     6.304 r  top_i/u_tdc_capture/carry_block[104].u_carry8/CO[7]
                                       net (fo=2, routed)           0.003     6.307    top_i/u_tdc_capture/carry[840]
    Routing       SLICE_X50Y105                                                     r  top_i/u_tdc_capture/carry_block[105].u_carry8/CI
    Routing       SLICE_X50Y105        CARRY8 (Prop_CARRY8_SLICEL_CI_CO[7])
                                                                    0.017     6.324 r  top_i/u_tdc_capture/carry_block[105].u_carry8/CO[7]
                                       net (fo=2, routed)           0.003     6.327    top_i/u_tdc_capture/carry[848]
    Routing       SLICE_X50Y106                                                     r  top_i/u_tdc_capture/carry_block[106].u_carry8/CI
    Routing       SLICE_X50Y106        CARRY8 (Prop_CARRY8_SLICEL_CI_CO[7])
                                                                    0.017     6.344 r  top_i/u_tdc_capture/carry_block[106].u_carry8/CO[7]
                                       net (fo=2, routed)           0.003     6.347    top_i/u_tdc_capture/carry[856]
    Routing       SLICE_X50Y107                                                     r  top_i/u_tdc_capture/carry_block[107].u_carry8/CI
    Routing       SLICE_X50Y107        CARRY8 (Prop_CARRY8_SLICEL_CI_CO[7])
                                                                    0.017     6.364 r  top_i/u_tdc_capture/carry_block[107].u_carry8/CO[7]
                                       net (fo=2, routed)           0.003     6.367    top_i/u_tdc_capture/carry[864]
    Routing       SLICE_X50Y108                                                     r  top_i/u_tdc_capture/carry_block[108].u_carry8/CI
    Routing       SLICE_X50Y108        CARRY8 (Prop_CARRY8_SLICEL_CI_CO[7])
                                                                    0.017     6.384 r  top_i/u_tdc_capture/carry_block[108].u_carry8/CO[7]
                                       net (fo=2, routed)           0.003     6.387    top_i/u_tdc_capture/carry[872]
    Routing       SLICE_X50Y109                                                     r  top_i/u_tdc_capture/carry_block[109].u_carry8/CI
    Routing       SLICE_X50Y109        CARRY8 (Prop_CARRY8_SLICEL_CI_CO[7])
                                                                    0.017     6.404 r  top_i/u_tdc_capture/carry_block[109].u_carry8/CO[7]
                                       net (fo=2, routed)           0.003     6.407    top_i/u_tdc_capture/carry[880]
    Routing       SLICE_X50Y110                                                     r  top_i/u_tdc_capture/carry_block[110].u_carry8/CI
    Routing       SLICE_X50Y110        CARRY8 (Prop_CARRY8_SLICEL_CI_CO[7])
                                                                    0.017     6.424 r  top_i/u_tdc_capture/carry_block[110].u_carry8/CO[7]
                                       net (fo=2, routed)           0.003     6.427    top_i/u_tdc_capture/carry[888]
    Routing       SLICE_X50Y111                                                     r  top_i/u_tdc_capture/carry_block[111].u_carry8/CI
    Routing       SLICE_X50Y111        CARRY8 (Prop_CARRY8_SLICEL_CI_CO[7])
                                                                    0.017     6.444 r  top_i/u_tdc_capture/carry_block[111].u_carry8/CO[7]
                                       net (fo=2, routed)           0.003     6.447    top_i/u_tdc_capture/carry[896]
    Routing       SLICE_X50Y112                                                     r  top_i/u_tdc_capture/carry_block[112].u_carry8/CI
    Routing       SLICE_X50Y112        CARRY8 (Prop_CARRY8_SLICEL_CI_CO[7])
                                                                    0.017     6.464 r  top_i/u_tdc_capture/carry_block[112].u_carry8/CO[7]
                                       net (fo=2, routed)           0.003     6.467    top_i/u_tdc_capture/carry[904]
    Routing       SLICE_X50Y113                                                     r  top_i/u_tdc_capture/carry_block[113].u_carry8/CI
    Routing       SLICE_X50Y113        CARRY8 (Prop_CARRY8_SLICEL_CI_CO[7])
                                                                    0.017     6.484 r  top_i/u_tdc_capture/carry_block[113].u_carry8/CO[7]
                                       net (fo=2, routed)           0.003     6.487    top_i/u_tdc_capture/carry[912]
    Routing       SLICE_X50Y114                                                     r  top_i/u_tdc_capture/carry_block[114].u_carry8/CI
    Routing       SLICE_X50Y114        CARRY8 (Prop_CARRY8_SLICEL_CI_CO[7])
                                                                    0.017     6.504 r  top_i/u_tdc_capture/carry_block[114].u_carry8/CO[7]
                                       net (fo=2, routed)           0.003     6.507    top_i/u_tdc_capture/carry[920]
    Routing       SLICE_X50Y115                                                     r  top_i/u_tdc_capture/carry_block[115].u_carry8/CI
    Routing       SLICE_X50Y115        CARRY8 (Prop_CARRY8_SLICEL_CI_CO[7])
                                                                    0.017     6.524 r  top_i/u_tdc_capture/carry_block[115].u_carry8/CO[7]
                                       net (fo=2, routed)           0.003     6.527    top_i/u_tdc_capture/carry[928]
    Routing       SLICE_X50Y116                                                     r  top_i/u_tdc_capture/carry_block[116].u_carry8/CI
    Routing       SLICE_X50Y116        CARRY8 (Prop_CARRY8_SLICEL_CI_CO[7])
                                                                    0.017     6.544 r  top_i/u_tdc_capture/carry_block[116].u_carry8/CO[7]
                                       net (fo=2, routed)           0.003     6.547    top_i/u_tdc_capture/carry[936]
    Routing       SLICE_X50Y117                                                     r  top_i/u_tdc_capture/carry_block[117].u_carry8/CI
    Routing       SLICE_X50Y117        CARRY8 (Prop_CARRY8_SLICEL_CI_CO[7])
                                                                    0.017     6.564 r  top_i/u_tdc_capture/carry_block[117].u_carry8/CO[7]
                                       net (fo=2, routed)           0.003     6.567    top_i/u_tdc_capture/carry[944]
    Routing       SLICE_X50Y118                                                     r  top_i/u_tdc_capture/carry_block[118].u_carry8/CI
    Routing       SLICE_X50Y118        CARRY8 (Prop_CARRY8_SLICEL_CI_CO[7])
                                                                    0.017     6.584 r  top_i/u_tdc_capture/carry_block[118].u_carry8/CO[7]
                                       net (fo=2, routed)           0.003     6.587    top_i/u_tdc_capture/carry[952]
    Routing       SLICE_X50Y119                                                     r  top_i/u_tdc_capture/carry_block[119].u_carry8/CI
    Routing       SLICE_X50Y119        CARRY8 (Prop_CARRY8_SLICEL_CI_CO[7])
                                                                    0.017     6.604 r  top_i/u_tdc_capture/carry_block[119].u_carry8/CO[7]
                                       net (fo=2, routed)           0.003     6.607    top_i/u_tdc_capture/carry[960]
    Routing       SLICE_X50Y120                                                     r  top_i/u_tdc_capture/carry_block[120].u_carry8/CI
    Routing       SLICE_X50Y120        CARRY8 (Prop_CARRY8_SLICEL_CI_CO[7])
                                                                    0.017     6.624 r  top_i/u_tdc_capture/carry_block[120].u_carry8/CO[7]
                                       net (fo=2, routed)           0.003     6.627    top_i/u_tdc_capture/carry[968]
    Routing       SLICE_X50Y121                                                     r  top_i/u_tdc_capture/carry_block[121].u_carry8/CI
    Routing       SLICE_X50Y121        CARRY8 (Prop_CARRY8_SLICEL_CI_CO[7])
                                                                    0.017     6.644 r  top_i/u_tdc_capture/carry_block[121].u_carry8/CO[7]
                                       net (fo=2, routed)           0.003     6.647    top_i/u_tdc_capture/carry[976]
    Routing       SLICE_X50Y122                                                     r  top_i/u_tdc_capture/carry_block[122].u_carry8/CI
    Routing       SLICE_X50Y122        CARRY8 (Prop_CARRY8_SLICEL_CI_CO[7])
                                                                    0.017     6.664 r  top_i/u_tdc_capture/carry_block[122].u_carry8/CO[7]
                                       net (fo=2, routed)           0.003     6.667    top_i/u_tdc_capture/carry[984]
    Routing       SLICE_X50Y123                                                     r  top_i/u_tdc_capture/carry_block[123].u_carry8/CI
    Routing       SLICE_X50Y123        CARRY8 (Prop_CARRY8_SLICEL_CI_CO[7])
                                                                    0.017     6.684 r  top_i/u_tdc_capture/carry_block[123].u_carry8/CO[7]
                                       net (fo=2, routed)           0.003     6.687    top_i/u_tdc_capture/carry[992]
    Routing       SLICE_X50Y124                                                     r  top_i/u_tdc_capture/carry_block[124].u_carry8/CI
    Routing       SLICE_X50Y124        CARRY8 (Prop_CARRY8_SLICEL_CI_CO[7])
                                                                    0.017     6.704 r  top_i/u_tdc_capture/carry_block[124].u_carry8/CO[7]
                                       net (fo=2, routed)           0.003     6.707    top_i/u_tdc_capture/carry[1000]
    Routing       SLICE_X50Y125                                                     r  top_i/u_tdc_capture/carry_block[125].u_carry8/CI
    Routing       SLICE_X50Y125        CARRY8 (Prop_CARRY8_SLICEL_CI_CO[7])
                                                                    0.017     6.724 r  top_i/u_tdc_capture/carry_block[125].u_carry8/CO[7]
                                       net (fo=2, routed)           0.003     6.727    top_i/u_tdc_capture/carry[1008]
    Routing       SLICE_X50Y126                                                     r  top_i/u_tdc_capture/carry_block[126].u_carry8/CI
    Routing       SLICE_X50Y126        CARRY8 (Prop_CARRY8_SLICEL_CI_CO[7])
                                                                    0.017     6.744 r  top_i/u_tdc_capture/carry_block[126].u_carry8/CO[7]
                                       net (fo=2, routed)           0.003     6.747    top_i/u_tdc_capture/carry[1016]
    Routing       SLICE_X50Y127                                                     r  top_i/u_tdc_capture/carry_block[127].u_carry8/CI
    Routing       SLICE_X50Y127        CARRY8 (Prop_CARRY8_SLICEL_CI_CO[7])
                                                                    0.017     6.764 r  top_i/u_tdc_capture/carry_block[127].u_carry8/CO[7]
                                       net (fo=2, routed)           0.003     6.767    top_i/u_tdc_capture/carry[1024]
    Routing       SLICE_X50Y128                                                     r  top_i/u_tdc_capture/carry_block[128].u_carry8/CI
    Routing       SLICE_X50Y128        CARRY8 (Prop_CARRY8_SLICEL_CI_CO[7])
                                                                    0.017     6.784 r  top_i/u_tdc_capture/carry_block[128].u_carry8/CO[7]
                                       net (fo=2, routed)           0.003     6.787    top_i/u_tdc_capture/carry[1032]
    Routing       SLICE_X50Y129                                                     r  top_i/u_tdc_capture/carry_block[129].u_carry8/CI
    Routing       SLICE_X50Y129        CARRY8 (Prop_CARRY8_SLICEL_CI_CO[7])
                                                                    0.017     6.804 r  top_i/u_tdc_capture/carry_block[129].u_carry8/CO[7]
                                       net (fo=2, routed)           0.003     6.807    top_i/u_tdc_capture/carry[1040]
    Routing       SLICE_X50Y130                                                     r  top_i/u_tdc_capture/carry_block[130].u_carry8/CI
    Routing       SLICE_X50Y130        CARRY8 (Prop_CARRY8_SLICEL_CI_CO[7])
                                                                    0.017     6.824 r  top_i/u_tdc_capture/carry_block[130].u_carry8/CO[7]
                                       net (fo=2, routed)           0.003     6.827    top_i/u_tdc_capture/carry[1048]
    Routing       SLICE_X50Y131                                                     r  top_i/u_tdc_capture/carry_block[131].u_carry8/CI
    Routing       SLICE_X50Y131        CARRY8 (Prop_CARRY8_SLICEL_CI_CO[7])
                                                                    0.017     6.844 r  top_i/u_tdc_capture/carry_block[131].u_carry8/CO[7]
                                       net (fo=2, routed)           0.003     6.847    top_i/u_tdc_capture/carry[1056]
    Routing       SLICE_X50Y132                                                     r  top_i/u_tdc_capture/carry_block[132].u_carry8/CI
    Routing       SLICE_X50Y132        CARRY8 (Prop_CARRY8_SLICEL_CI_CO[7])
                                                                    0.017     6.864 r  top_i/u_tdc_capture/carry_block[132].u_carry8/CO[7]
                                       net (fo=2, routed)           0.003     6.867    top_i/u_tdc_capture/carry[1064]
    Routing       SLICE_X50Y133                                                     r  top_i/u_tdc_capture/carry_block[133].u_carry8/CI
    Routing       SLICE_X50Y133        CARRY8 (Prop_CARRY8_SLICEL_CI_CO[7])
                                                                    0.017     6.884 r  top_i/u_tdc_capture/carry_block[133].u_carry8/CO[7]
                                       net (fo=2, routed)           0.003     6.887    top_i/u_tdc_capture/carry[1072]
    Routing       SLICE_X50Y134                                                     r  top_i/u_tdc_capture/carry_block[134].u_carry8/CI
    Routing       SLICE_X50Y134        CARRY8 (Prop_CARRY8_SLICEL_CI_CO[7])
                                                                    0.017     6.904 r  top_i/u_tdc_capture/carry_block[134].u_carry8/CO[7]
                                       net (fo=2, routed)           0.003     6.907    top_i/u_tdc_capture/carry[1080]
    Routing       SLICE_X50Y135                                                     r  top_i/u_tdc_capture/carry_block[135].u_carry8/CI
    Routing       SLICE_X50Y135        CARRY8 (Prop_CARRY8_SLICEL_CI_CO[7])
                                                                    0.017     6.924 r  top_i/u_tdc_capture/carry_block[135].u_carry8/CO[7]
                                       net (fo=2, routed)           0.003     6.927    top_i/u_tdc_capture/carry[1088]
    Routing       SLICE_X50Y136                                                     r  top_i/u_tdc_capture/carry_block[136].u_carry8/CI
    Routing       SLICE_X50Y136        CARRY8 (Prop_CARRY8_SLICEL_CI_CO[7])
                                                                    0.017     6.944 r  top_i/u_tdc_capture/carry_block[136].u_carry8/CO[7]
                                       net (fo=2, routed)           0.003     6.947    top_i/u_tdc_capture/carry[1096]
    Routing       SLICE_X50Y137                                                     r  top_i/u_tdc_capture/carry_block[137].u_carry8/CI
    Routing       SLICE_X50Y137        CARRY8 (Prop_CARRY8_SLICEL_CI_CO[7])
                                                                    0.017     6.964 r  top_i/u_tdc_capture/carry_block[137].u_carry8/CO[7]
                                       net (fo=2, routed)           0.003     6.967    top_i/u_tdc_capture/carry[1104]
    Routing       SLICE_X50Y138                                                     r  top_i/u_tdc_capture/carry_block[138].u_carry8/CI
    Routing       SLICE_X50Y138        CARRY8 (Prop_CARRY8_SLICEL_CI_CO[7])
                                                                    0.017     6.984 r  top_i/u_tdc_capture/carry_block[138].u_carry8/CO[7]
                                       net (fo=2, routed)           0.003     6.987    top_i/u_tdc_capture/carry[1112]
    Routing       SLICE_X50Y139                                                     r  top_i/u_tdc_capture/carry_block[139].u_carry8/CI
    Routing       SLICE_X50Y139        CARRY8 (Prop_CARRY8_SLICEL_CI_CO[7])
                                                                    0.017     7.004 r  top_i/u_tdc_capture/carry_block[139].u_carry8/CO[7]
                                       net (fo=2, routed)           0.003     7.007    top_i/u_tdc_capture/carry[1120]
    Routing       SLICE_X50Y140                                                     r  top_i/u_tdc_capture/carry_block[140].u_carry8/CI
    Routing       SLICE_X50Y140        CARRY8 (Prop_CARRY8_SLICEL_CI_CO[7])
                                                                    0.017     7.024 r  top_i/u_tdc_capture/carry_block[140].u_carry8/CO[7]
                                       net (fo=2, routed)           0.003     7.027    top_i/u_tdc_capture/carry[1128]
    Routing       SLICE_X50Y141                                                     r  top_i/u_tdc_capture/carry_block[141].u_carry8/CI
    Routing       SLICE_X50Y141        CARRY8 (Prop_CARRY8_SLICEL_CI_CO[7])
                                                                    0.017     7.044 r  top_i/u_tdc_capture/carry_block[141].u_carry8/CO[7]
                                       net (fo=2, routed)           0.003     7.047    top_i/u_tdc_capture/carry[1136]
    Routing       SLICE_X50Y142                                                     r  top_i/u_tdc_capture/carry_block[142].u_carry8/CI
    Routing       SLICE_X50Y142        CARRY8 (Prop_CARRY8_SLICEL_CI_CO[7])
                                                                    0.017     7.064 r  top_i/u_tdc_capture/carry_block[142].u_carry8/CO[7]
                                       net (fo=2, routed)           0.003     7.067    top_i/u_tdc_capture/carry[1144]
    Routing       SLICE_X50Y143                                                     r  top_i/u_tdc_capture/carry_block[143].u_carry8/CI
    Routing       SLICE_X50Y143        CARRY8 (Prop_CARRY8_SLICEL_CI_CO[7])
                                                                    0.017     7.084 r  top_i/u_tdc_capture/carry_block[143].u_carry8/CO[7]
                                       net (fo=2, routed)           0.003     7.087    top_i/u_tdc_capture/carry[1152]
    Routing       SLICE_X50Y144                                                     r  top_i/u_tdc_capture/carry_block[144].u_carry8/CI
    Routing       SLICE_X50Y144        CARRY8 (Prop_CARRY8_SLICEL_CI_CO[7])
                                                                    0.017     7.104 r  top_i/u_tdc_capture/carry_block[144].u_carry8/CO[7]
                                       net (fo=2, routed)           0.003     7.107    top_i/u_tdc_capture/carry[1160]
    Routing       SLICE_X50Y145                                                     r  top_i/u_tdc_capture/carry_block[145].u_carry8/CI
    Routing       SLICE_X50Y145        CARRY8 (Prop_CARRY8_SLICEL_CI_CO[7])
                                                                    0.017     7.124 r  top_i/u_tdc_capture/carry_block[145].u_carry8/CO[7]
                                       net (fo=2, routed)           0.003     7.127    top_i/u_tdc_capture/carry[1168]
    Routing       SLICE_X50Y146                                                     r  top_i/u_tdc_capture/carry_block[146].u_carry8/CI
    Routing       SLICE_X50Y146        CARRY8 (Prop_CARRY8_SLICEL_CI_CO[7])
                                                                    0.017     7.144 r  top_i/u_tdc_capture/carry_block[146].u_carry8/CO[7]
                                       net (fo=2, routed)           0.003     7.147    top_i/u_tdc_capture/carry[1176]
    Routing       SLICE_X50Y147                                                     r  top_i/u_tdc_capture/carry_block[147].u_carry8/CI
    Routing       SLICE_X50Y147        CARRY8 (Prop_CARRY8_SLICEL_CI_CO[7])
                                                                    0.017     7.164 r  top_i/u_tdc_capture/carry_block[147].u_carry8/CO[7]
                                       net (fo=2, routed)           0.003     7.167    top_i/u_tdc_capture/carry[1184]
    Routing       SLICE_X50Y148                                                     r  top_i/u_tdc_capture/carry_block[148].u_carry8/CI
    Routing       SLICE_X50Y148        CARRY8 (Prop_CARRY8_SLICEL_CI_CO[7])
                                                                    0.017     7.184 r  top_i/u_tdc_capture/carry_block[148].u_carry8/CO[7]
                                       net (fo=2, routed)           0.003     7.187    top_i/u_tdc_capture/carry[1192]
    Routing       SLICE_X50Y149                                                     r  top_i/u_tdc_capture/carry_block[149].u_carry8/CI
    Routing       SLICE_X50Y149        CARRY8 (Prop_CARRY8_SLICEL_CI_CO[7])
                                                                    0.017     7.204 r  top_i/u_tdc_capture/carry_block[149].u_carry8/CO[7]
                                       net (fo=2, routed)           0.017     7.221    top_i/u_tdc_capture/carry[1200]
    Routing       SLICE_X50Y150                                                     r  top_i/u_tdc_capture/carry_block[150].u_carry8/CI
    Routing       SLICE_X50Y150        CARRY8 (Prop_CARRY8_SLICEL_CI_CO[7])
                                                                    0.017     7.238 r  top_i/u_tdc_capture/carry_block[150].u_carry8/CO[7]
                                       net (fo=2, routed)           0.003     7.241    top_i/u_tdc_capture/carry[1208]
    Routing       SLICE_X50Y151                                                     r  top_i/u_tdc_capture/carry_block[151].u_carry8/CI
    Routing       SLICE_X50Y151        CARRY8 (Prop_CARRY8_SLICEL_CI_CO[7])
                                                                    0.017     7.258 r  top_i/u_tdc_capture/carry_block[151].u_carry8/CO[7]
                                       net (fo=2, routed)           0.003     7.261    top_i/u_tdc_capture/carry[1216]
    Routing       SLICE_X50Y152                                                     r  top_i/u_tdc_capture/carry_block[152].u_carry8/CI
    Routing       SLICE_X50Y152        CARRY8 (Prop_CARRY8_SLICEL_CI_CO[7])
                                                                    0.017     7.278 r  top_i/u_tdc_capture/carry_block[152].u_carry8/CO[7]
                                       net (fo=2, routed)           0.003     7.281    top_i/u_tdc_capture/carry[1224]
    Routing       SLICE_X50Y153                                                     r  top_i/u_tdc_capture/carry_block[153].u_carry8/CI
    Routing       SLICE_X50Y153        CARRY8 (Prop_CARRY8_SLICEL_CI_CO[7])
                                                                    0.017     7.298 r  top_i/u_tdc_capture/carry_block[153].u_carry8/CO[7]
                                       net (fo=2, routed)           0.003     7.301    top_i/u_tdc_capture/carry[1232]
    Routing       SLICE_X50Y154                                                     r  top_i/u_tdc_capture/carry_block[154].u_carry8/CI
    Routing       SLICE_X50Y154        CARRY8 (Prop_CARRY8_SLICEL_CI_CO[7])
                                                                    0.017     7.318 r  top_i/u_tdc_capture/carry_block[154].u_carry8/CO[7]
                                       net (fo=2, routed)           0.003     7.321    top_i/u_tdc_capture/carry[1240]
    Routing       SLICE_X50Y155                                                     r  top_i/u_tdc_capture/carry_block[155].u_carry8/CI
    Routing       SLICE_X50Y155        CARRY8 (Prop_CARRY8_SLICEL_CI_CO[7])
                                                                    0.017     7.338 r  top_i/u_tdc_capture/carry_block[155].u_carry8/CO[7]
                                       net (fo=2, routed)           0.003     7.341    top_i/u_tdc_capture/carry[1248]
    Routing       SLICE_X50Y156                                                     r  top_i/u_tdc_capture/carry_block[156].u_carry8/CI
    Routing       SLICE_X50Y156        CARRY8 (Prop_CARRY8_SLICEL_CI_CO[7])
                                                                    0.017     7.358 r  top_i/u_tdc_capture/carry_block[156].u_carry8/CO[7]
                                       net (fo=2, routed)           0.003     7.361    top_i/u_tdc_capture/carry[1256]
    Routing       SLICE_X50Y157                                                     r  top_i/u_tdc_capture/carry_block[157].u_carry8/CI
    Routing       SLICE_X50Y157        CARRY8 (Prop_CARRY8_SLICEL_CI_CO[7])
                                                                    0.017     7.378 r  top_i/u_tdc_capture/carry_block[157].u_carry8/CO[7]
                                       net (fo=2, routed)           0.003     7.381    top_i/u_tdc_capture/carry[1264]
    Routing       SLICE_X50Y158                                                     r  top_i/u_tdc_capture/carry_block[158].u_carry8/CI
    Routing       SLICE_X50Y158        CARRY8 (Prop_CARRY8_SLICEL_CI_CO[7])
                                                                    0.017     7.398 r  top_i/u_tdc_capture/carry_block[158].u_carry8/CO[7]
                                       net (fo=2, routed)           0.003     7.401    top_i/u_tdc_capture/carry[1272]
    Routing       SLICE_X50Y159                                                     r  top_i/u_tdc_capture/carry_block[159].u_carry8/CI
    Routing       SLICE_X50Y159        CARRY8 (Prop_CARRY8_SLICEL_CI_CO[7])
                                                                    0.017     7.418 r  top_i/u_tdc_capture/carry_block[159].u_carry8/CO[7]
                                       net (fo=2, routed)           0.003     7.421    top_i/u_tdc_capture/carry[1280]
    Routing       SLICE_X50Y160                                                     r  top_i/u_tdc_capture/carry_block[160].u_carry8/CI
    Routing       SLICE_X50Y160        CARRY8 (Prop_CARRY8_SLICEL_CI_CO[7])
                                                                    0.017     7.438 r  top_i/u_tdc_capture/carry_block[160].u_carry8/CO[7]
                                       net (fo=2, routed)           0.003     7.441    top_i/u_tdc_capture/carry[1288]
    Routing       SLICE_X50Y161                                                     r  top_i/u_tdc_capture/carry_block[161].u_carry8/CI
    Routing       SLICE_X50Y161        CARRY8 (Prop_CARRY8_SLICEL_CI_CO[7])
                                                                    0.017     7.458 r  top_i/u_tdc_capture/carry_block[161].u_carry8/CO[7]
                                       net (fo=2, routed)           0.003     7.461    top_i/u_tdc_capture/carry[1296]
    Routing       SLICE_X50Y162                                                     r  top_i/u_tdc_capture/carry_block[162].u_carry8/CI
    Routing       SLICE_X50Y162        CARRY8 (Prop_CARRY8_SLICEL_CI_CO[7])
                                                                    0.017     7.478 r  top_i/u_tdc_capture/carry_block[162].u_carry8/CO[7]
                                       net (fo=2, routed)           0.003     7.481    top_i/u_tdc_capture/carry[1304]
    Routing       SLICE_X50Y163                                                     r  top_i/u_tdc_capture/carry_block[163].u_carry8/CI
    Routing       SLICE_X50Y163        CARRY8 (Prop_CARRY8_SLICEL_CI_CO[7])
                                                                    0.017     7.498 r  top_i/u_tdc_capture/carry_block[163].u_carry8/CO[7]
                                       net (fo=2, routed)           0.003     7.501    top_i/u_tdc_capture/carry[1312]
    Routing       SLICE_X50Y164                                                     r  top_i/u_tdc_capture/carry_block[164].u_carry8/CI
    Routing       SLICE_X50Y164        CARRY8 (Prop_CARRY8_SLICEL_CI_CO[7])
                                                                    0.017     7.518 r  top_i/u_tdc_capture/carry_block[164].u_carry8/CO[7]
                                       net (fo=2, routed)           0.003     7.521    top_i/u_tdc_capture/carry[1320]
    Routing       SLICE_X50Y165                                                     r  top_i/u_tdc_capture/carry_block[165].u_carry8/CI
    Routing       SLICE_X50Y165        CARRY8 (Prop_CARRY8_SLICEL_CI_CO[7])
                                                                    0.017     7.538 r  top_i/u_tdc_capture/carry_block[165].u_carry8/CO[7]
                                       net (fo=2, routed)           0.003     7.541    top_i/u_tdc_capture/carry[1328]
    Routing       SLICE_X50Y166                                                     r  top_i/u_tdc_capture/carry_block[166].u_carry8/CI
    Routing       SLICE_X50Y166        CARRY8 (Prop_CARRY8_SLICEL_CI_CO[7])
                                                                    0.017     7.558 r  top_i/u_tdc_capture/carry_block[166].u_carry8/CO[7]
                                       net (fo=2, routed)           0.003     7.561    top_i/u_tdc_capture/carry[1336]
    Routing       SLICE_X50Y167                                                     r  top_i/u_tdc_capture/carry_block[167].u_carry8/CI
    Routing       SLICE_X50Y167        CARRY8 (Prop_CARRY8_SLICEL_CI_CO[7])
                                                                    0.017     7.578 r  top_i/u_tdc_capture/carry_block[167].u_carry8/CO[7]
                                       net (fo=2, routed)           0.003     7.581    top_i/u_tdc_capture/carry[1344]
    Routing       SLICE_X50Y168                                                     r  top_i/u_tdc_capture/carry_block[168].u_carry8/CI
    Routing       SLICE_X50Y168        CARRY8 (Prop_CARRY8_SLICEL_CI_CO[7])
                                                                    0.017     7.598 r  top_i/u_tdc_capture/carry_block[168].u_carry8/CO[7]
                                       net (fo=2, routed)           0.003     7.601    top_i/u_tdc_capture/carry[1352]
    Routing       SLICE_X50Y169                                                     r  top_i/u_tdc_capture/carry_block[169].u_carry8/CI
    Routing       SLICE_X50Y169        CARRY8 (Prop_CARRY8_SLICEL_CI_CO[7])
                                                                    0.017     7.618 r  top_i/u_tdc_capture/carry_block[169].u_carry8/CO[7]
                                       net (fo=2, routed)           0.003     7.621    top_i/u_tdc_capture/carry[1360]
    Routing       SLICE_X50Y170                                                     r  top_i/u_tdc_capture/carry_block[170].u_carry8/CI
    Routing       SLICE_X50Y170        CARRY8 (Prop_CARRY8_SLICEL_CI_CO[7])
                                                                    0.017     7.638 r  top_i/u_tdc_capture/carry_block[170].u_carry8/CO[7]
                                       net (fo=2, routed)           0.003     7.641    top_i/u_tdc_capture/carry[1368]
    Routing       SLICE_X50Y171                                                     r  top_i/u_tdc_capture/carry_block[171].u_carry8/CI
    Routing       SLICE_X50Y171        CARRY8 (Prop_CARRY8_SLICEL_CI_CO[7])
                                                                    0.017     7.658 r  top_i/u_tdc_capture/carry_block[171].u_carry8/CO[7]
                                       net (fo=2, routed)           0.003     7.661    top_i/u_tdc_capture/carry[1376]
    Routing       SLICE_X50Y172                                                     r  top_i/u_tdc_capture/carry_block[172].u_carry8/CI
    Routing       SLICE_X50Y172        CARRY8 (Prop_CARRY8_SLICEL_CI_CO[7])
                                                                    0.017     7.678 r  top_i/u_tdc_capture/carry_block[172].u_carry8/CO[7]
                                       net (fo=2, routed)           0.003     7.681    top_i/u_tdc_capture/carry[1384]
    Routing       SLICE_X50Y173                                                     r  top_i/u_tdc_capture/carry_block[173].u_carry8/CI
    Routing       SLICE_X50Y173        CARRY8 (Prop_CARRY8_SLICEL_CI_CO[7])
                                                                    0.017     7.698 r  top_i/u_tdc_capture/carry_block[173].u_carry8/CO[7]
                                       net (fo=2, routed)           0.003     7.701    top_i/u_tdc_capture/carry[1392]
    Routing       SLICE_X50Y174                                                     r  top_i/u_tdc_capture/carry_block[174].u_carry8/CI
    Routing       SLICE_X50Y174        CARRY8 (Prop_CARRY8_SLICEL_CI_CO[7])
                                                                    0.017     7.718 r  top_i/u_tdc_capture/carry_block[174].u_carry8/CO[7]
                                       net (fo=2, routed)           0.003     7.721    top_i/u_tdc_capture/carry[1400]
    Routing       SLICE_X50Y175                                                     r  top_i/u_tdc_capture/carry_block[175].u_carry8/CI
    Routing       SLICE_X50Y175        CARRY8 (Prop_CARRY8_SLICEL_CI_CO[7])
                                                                    0.017     7.738 r  top_i/u_tdc_capture/carry_block[175].u_carry8/CO[7]
                                       net (fo=2, routed)           0.003     7.741    top_i/u_tdc_capture/carry[1408]
    Routing       SLICE_X50Y176                                                     r  top_i/u_tdc_capture/carry_block[176].u_carry8/CI
    Routing       SLICE_X50Y176        CARRY8 (Prop_CARRY8_SLICEL_CI_CO[7])
                                                                    0.017     7.758 r  top_i/u_tdc_capture/carry_block[176].u_carry8/CO[7]
                                       net (fo=2, routed)           0.003     7.761    top_i/u_tdc_capture/carry[1416]
    Routing       SLICE_X50Y177                                                     r  top_i/u_tdc_capture/carry_block[177].u_carry8/CI
    Routing       SLICE_X50Y177        CARRY8 (Prop_CARRY8_SLICEL_CI_CO[7])
                                                                    0.017     7.778 r  top_i/u_tdc_capture/carry_block[177].u_carry8/CO[7]
                                       net (fo=2, routed)           0.003     7.781    top_i/u_tdc_capture/carry[1424]
    Routing       SLICE_X50Y178                                                     r  top_i/u_tdc_capture/carry_block[178].u_carry8/CI
    Routing       SLICE_X50Y178        CARRY8 (Prop_CARRY8_SLICEL_CI_CO[7])
                                                                    0.017     7.798 r  top_i/u_tdc_capture/carry_block[178].u_carry8/CO[7]
                                       net (fo=2, routed)           0.003     7.801    top_i/u_tdc_capture/carry[1432]
    Routing       SLICE_X50Y179                                                     r  top_i/u_tdc_capture/carry_block[179].u_carry8/CI
    Routing       SLICE_X50Y179        CARRY8 (Prop_CARRY8_SLICEL_CI_CO[7])
                                                                    0.017     7.818 r  top_i/u_tdc_capture/carry_block[179].u_carry8/CO[7]
                                       net (fo=2, routed)           0.003     7.821    top_i/u_tdc_capture/carry[1440]
    Routing       SLICE_X50Y180                                                     r  top_i/u_tdc_capture/carry_block[180].u_carry8/CI
    Routing       SLICE_X50Y180        CARRY8 (Prop_CARRY8_SLICEL_CI_CO[7])
                                                                    0.017     7.838 r  top_i/u_tdc_capture/carry_block[180].u_carry8/CO[7]
                                       net (fo=2, routed)           0.003     7.841    top_i/u_tdc_capture/carry[1448]
    Routing       SLICE_X50Y181                                                     r  top_i/u_tdc_capture/carry_block[181].u_carry8/CI
    Routing       SLICE_X50Y181        CARRY8 (Prop_CARRY8_SLICEL_CI_CO[7])
                                                                    0.017     7.858 r  top_i/u_tdc_capture/carry_block[181].u_carry8/CO[7]
                                       net (fo=2, routed)           0.003     7.861    top_i/u_tdc_capture/carry[1456]
    Routing       SLICE_X50Y182                                                     r  top_i/u_tdc_capture/carry_block[182].u_carry8/CI
    Routing       SLICE_X50Y182        CARRY8 (Prop_CARRY8_SLICEL_CI_CO[7])
                                                                    0.017     7.878 r  top_i/u_tdc_capture/carry_block[182].u_carry8/CO[7]
                                       net (fo=2, routed)           0.003     7.881    top_i/u_tdc_capture/carry[1464]
    Routing       SLICE_X50Y183                                                     r  top_i/u_tdc_capture/carry_block[183].u_carry8/CI
    Routing       SLICE_X50Y183        CARRY8 (Prop_CARRY8_SLICEL_CI_CO[7])
                                                                    0.017     7.898 r  top_i/u_tdc_capture/carry_block[183].u_carry8/CO[7]
                                       net (fo=2, routed)           0.003     7.901    top_i/u_tdc_capture/carry[1472]
    Routing       SLICE_X50Y184                                                     r  top_i/u_tdc_capture/carry_block[184].u_carry8/CI
    Routing       SLICE_X50Y184        CARRY8 (Prop_CARRY8_SLICEL_CI_CO[7])
                                                                    0.017     7.918 r  top_i/u_tdc_capture/carry_block[184].u_carry8/CO[7]
                                       net (fo=2, routed)           0.003     7.921    top_i/u_tdc_capture/carry[1480]
    Routing       SLICE_X50Y185                                                     r  top_i/u_tdc_capture/carry_block[185].u_carry8/CI
    Routing       SLICE_X50Y185        CARRY8 (Prop_CARRY8_SLICEL_CI_CO[7])
                                                                    0.017     7.938 r  top_i/u_tdc_capture/carry_block[185].u_carry8/CO[7]
                                       net (fo=2, routed)           0.003     7.941    top_i/u_tdc_capture/carry[1488]
    Routing       SLICE_X50Y186                                                     r  top_i/u_tdc_capture/carry_block[186].u_carry8/CI
    Routing       SLICE_X50Y186        CARRY8 (Prop_CARRY8_SLICEL_CI_CO[7])
                                                                    0.017     7.958 r  top_i/u_tdc_capture/carry_block[186].u_carry8/CO[7]
                                       net (fo=2, routed)           0.003     7.961    top_i/u_tdc_capture/carry[1496]
    Routing       SLICE_X50Y187                                                     r  top_i/u_tdc_capture/carry_block[187].u_carry8/CI
    Routing       SLICE_X50Y187        CARRY8 (Prop_CARRY8_SLICEL_CI_CO[7])
                                                                    0.017     7.978 r  top_i/u_tdc_capture/carry_block[187].u_carry8/CO[7]
                                       net (fo=2, routed)           0.003     7.981    top_i/u_tdc_capture/carry[1504]
    Routing       SLICE_X50Y188                                                     r  top_i/u_tdc_capture/carry_block[188].u_carry8/CI
    Routing       SLICE_X50Y188        CARRY8 (Prop_CARRY8_SLICEL_CI_CO[7])
                                                                    0.017     7.998 r  top_i/u_tdc_capture/carry_block[188].u_carry8/CO[7]
                                       net (fo=2, routed)           0.003     8.001    top_i/u_tdc_capture/carry[1512]
    Routing       SLICE_X50Y189                                                     r  top_i/u_tdc_capture/carry_block[189].u_carry8/CI
    Routing       SLICE_X50Y189        CARRY8 (Prop_CARRY8_SLICEL_CI_CO[7])
                                                                    0.017     8.018 r  top_i/u_tdc_capture/carry_block[189].u_carry8/CO[7]
                                       net (fo=2, routed)           0.003     8.021    top_i/u_tdc_capture/carry[1520]
    Routing       SLICE_X50Y190                                                     r  top_i/u_tdc_capture/carry_block[190].u_carry8/CI
    Routing       SLICE_X50Y190        CARRY8 (Prop_CARRY8_SLICEL_CI_CO[7])
                                                                    0.017     8.038 r  top_i/u_tdc_capture/carry_block[190].u_carry8/CO[7]
                                       net (fo=2, routed)           0.003     8.041    top_i/u_tdc_capture/carry[1528]
    Routing       SLICE_X50Y191                                                     r  top_i/u_tdc_capture/carry_block[191].u_carry8/CI
    Routing       SLICE_X50Y191        CARRY8 (Prop_CARRY8_SLICEL_CI_CO[7])
                                                                    0.017     8.058 r  top_i/u_tdc_capture/carry_block[191].u_carry8/CO[7]
                                       net (fo=2, routed)           0.003     8.061    top_i/u_tdc_capture/carry[1536]
    Routing       SLICE_X50Y192                                                     r  top_i/u_tdc_capture/carry_block[192].u_carry8/CI
    Routing       SLICE_X50Y192        CARRY8 (Prop_CARRY8_SLICEL_CI_CO[7])
                                                                    0.017     8.078 r  top_i/u_tdc_capture/carry_block[192].u_carry8/CO[7]
                                       net (fo=2, routed)           0.003     8.081    top_i/u_tdc_capture/carry[1544]
    Routing       SLICE_X50Y193                                                     r  top_i/u_tdc_capture/carry_block[193].u_carry8/CI
    Routing       SLICE_X50Y193        CARRY8 (Prop_CARRY8_SLICEL_CI_CO[7])
                                                                    0.017     8.098 r  top_i/u_tdc_capture/carry_block[193].u_carry8/CO[7]
                                       net (fo=2, routed)           0.003     8.101    top_i/u_tdc_capture/carry[1552]
    Routing       SLICE_X50Y194                                                     r  top_i/u_tdc_capture/carry_block[194].u_carry8/CI
    Routing       SLICE_X50Y194        CARRY8 (Prop_CARRY8_SLICEL_CI_CO[7])
                                                                    0.017     8.118 r  top_i/u_tdc_capture/carry_block[194].u_carry8/CO[7]
                                       net (fo=2, routed)           0.003     8.121    top_i/u_tdc_capture/carry[1560]
    Routing       SLICE_X50Y195                                                     r  top_i/u_tdc_capture/carry_block[195].u_carry8/CI
    Routing       SLICE_X50Y195        CARRY8 (Prop_CARRY8_SLICEL_CI_CO[7])
                                                                    0.017     8.138 r  top_i/u_tdc_capture/carry_block[195].u_carry8/CO[7]
                                       net (fo=2, routed)           0.003     8.141    top_i/u_tdc_capture/carry[1568]
    Routing       SLICE_X50Y196                                                     r  top_i/u_tdc_capture/carry_block[196].u_carry8/CI
    Routing       SLICE_X50Y196        CARRY8 (Prop_CARRY8_SLICEL_CI_CO[7])
                                                                    0.017     8.158 r  top_i/u_tdc_capture/carry_block[196].u_carry8/CO[7]
                                       net (fo=2, routed)           0.003     8.161    top_i/u_tdc_capture/carry[1576]
    Routing       SLICE_X50Y197                                                     r  top_i/u_tdc_capture/carry_block[197].u_carry8/CI
    Routing       SLICE_X50Y197        CARRY8 (Prop_CARRY8_SLICEL_CI_CO[7])
                                                                    0.017     8.178 r  top_i/u_tdc_capture/carry_block[197].u_carry8/CO[7]
                                       net (fo=2, routed)           0.003     8.181    top_i/u_tdc_capture/carry[1584]
    Routing       SLICE_X50Y198                                                     r  top_i/u_tdc_capture/carry_block[198].u_carry8/CI
    Routing       SLICE_X50Y198        CARRY8 (Prop_CARRY8_SLICEL_CI_CO[7])
                                                                    0.017     8.198 r  top_i/u_tdc_capture/carry_block[198].u_carry8/CO[7]
                                       net (fo=2, routed)           0.003     8.201    top_i/u_tdc_capture/carry[1592]
    Routing       SLICE_X50Y199                                                     r  top_i/u_tdc_capture/carry_block[199].u_carry8/CI
    Routing       SLICE_X50Y199        CARRY8 (Prop_CARRY8_SLICEL_CI_CO[7])
                                                                    0.017     8.218 r  top_i/u_tdc_capture/carry_block[199].u_carry8/CO[7]
                                       net (fo=2, routed)           0.003     8.221    top_i/u_tdc_capture/carry[1600]
    Routing       SLICE_X50Y200                                                     r  top_i/u_tdc_capture/carry_block[200].u_carry8/CI
    Routing       SLICE_X50Y200        CARRY8 (Prop_CARRY8_SLICEL_CI_CO[7])
                                                                    0.017     8.238 r  top_i/u_tdc_capture/carry_block[200].u_carry8/CO[7]
                                       net (fo=2, routed)           0.003     8.241    top_i/u_tdc_capture/carry[1608]
    Routing       SLICE_X50Y201                                                     r  top_i/u_tdc_capture/carry_block[201].u_carry8/CI
    Routing       SLICE_X50Y201        CARRY8 (Prop_CARRY8_SLICEL_CI_CO[7])
                                                                    0.017     8.258 r  top_i/u_tdc_capture/carry_block[201].u_carry8/CO[7]
                                       net (fo=2, routed)           0.003     8.261    top_i/u_tdc_capture/carry[1616]
    Routing       SLICE_X50Y202                                                     r  top_i/u_tdc_capture/carry_block[202].u_carry8/CI
    Routing       SLICE_X50Y202        CARRY8 (Prop_CARRY8_SLICEL_CI_CO[7])
                                                                    0.017     8.278 r  top_i/u_tdc_capture/carry_block[202].u_carry8/CO[7]
                                       net (fo=2, routed)           0.003     8.281    top_i/u_tdc_capture/carry[1624]
    Routing       SLICE_X50Y203                                                     r  top_i/u_tdc_capture/carry_block[203].u_carry8/CI
    Routing       SLICE_X50Y203        CARRY8 (Prop_CARRY8_SLICEL_CI_CO[7])
                                                                    0.017     8.298 r  top_i/u_tdc_capture/carry_block[203].u_carry8/CO[7]
                                       net (fo=2, routed)           0.003     8.301    top_i/u_tdc_capture/carry[1632]
    Routing       SLICE_X50Y204                                                     r  top_i/u_tdc_capture/carry_block[204].u_carry8/CI
    Routing       SLICE_X50Y204        CARRY8 (Prop_CARRY8_SLICEL_CI_CO[7])
                                                                    0.017     8.318 r  top_i/u_tdc_capture/carry_block[204].u_carry8/CO[7]
                                       net (fo=2, routed)           0.003     8.321    top_i/u_tdc_capture/carry[1640]
    Routing       SLICE_X50Y205                                                     r  top_i/u_tdc_capture/carry_block[205].u_carry8/CI
    Routing       SLICE_X50Y205        CARRY8 (Prop_CARRY8_SLICEL_CI_CO[7])
                                                                    0.017     8.338 r  top_i/u_tdc_capture/carry_block[205].u_carry8/CO[7]
                                       net (fo=2, routed)           0.003     8.341    top_i/u_tdc_capture/carry[1648]
    Routing       SLICE_X50Y206                                                     r  top_i/u_tdc_capture/carry_block[206].u_carry8/CI
    Routing       SLICE_X50Y206        CARRY8 (Prop_CARRY8_SLICEL_CI_CO[7])
                                                                    0.017     8.358 r  top_i/u_tdc_capture/carry_block[206].u_carry8/CO[7]
                                       net (fo=2, routed)           0.003     8.361    top_i/u_tdc_capture/carry[1656]
    Routing       SLICE_X50Y207                                                     r  top_i/u_tdc_capture/carry_block[207].u_carry8/CI
    Routing       SLICE_X50Y207        CARRY8 (Prop_CARRY8_SLICEL_CI_CO[7])
                                                                    0.017     8.378 r  top_i/u_tdc_capture/carry_block[207].u_carry8/CO[7]
                                       net (fo=2, routed)           0.003     8.381    top_i/u_tdc_capture/carry[1664]
    Routing       SLICE_X50Y208                                                     r  top_i/u_tdc_capture/carry_block[208].u_carry8/CI
    Routing       SLICE_X50Y208        CARRY8 (Prop_CARRY8_SLICEL_CI_CO[7])
                                                                    0.017     8.398 r  top_i/u_tdc_capture/carry_block[208].u_carry8/CO[7]
                                       net (fo=2, routed)           0.003     8.401    top_i/u_tdc_capture/carry[1672]
    Routing       SLICE_X50Y209                                                     r  top_i/u_tdc_capture/carry_block[209].u_carry8/CI
    Routing       SLICE_X50Y209        CARRY8 (Prop_CARRY8_SLICEL_CI_CO[7])
                                                                    0.017     8.418 r  top_i/u_tdc_capture/carry_block[209].u_carry8/CO[7]
                                       net (fo=2, routed)           0.017     8.435    top_i/u_tdc_capture/carry[1680]
    Routing       SLICE_X50Y210                                                     r  top_i/u_tdc_capture/carry_block[210].u_carry8/CI
    Routing       SLICE_X50Y210        CARRY8 (Prop_CARRY8_SLICEL_CI_CO[7])
                                                                    0.017     8.452 r  top_i/u_tdc_capture/carry_block[210].u_carry8/CO[7]
                                       net (fo=2, routed)           0.003     8.455    top_i/u_tdc_capture/carry[1688]
    Routing       SLICE_X50Y211                                                     r  top_i/u_tdc_capture/carry_block[211].u_carry8/CI
    Routing       SLICE_X50Y211        CARRY8 (Prop_CARRY8_SLICEL_CI_CO[7])
                                                                    0.017     8.472 r  top_i/u_tdc_capture/carry_block[211].u_carry8/CO[7]
                                       net (fo=2, routed)           0.003     8.475    top_i/u_tdc_capture/carry[1696]
    Routing       SLICE_X50Y212                                                     r  top_i/u_tdc_capture/carry_block[212].u_carry8/CI
    Routing       SLICE_X50Y212        CARRY8 (Prop_CARRY8_SLICEL_CI_CO[7])
                                                                    0.017     8.492 r  top_i/u_tdc_capture/carry_block[212].u_carry8/CO[7]
                                       net (fo=2, routed)           0.003     8.495    top_i/u_tdc_capture/carry[1704]
    Routing       SLICE_X50Y213                                                     r  top_i/u_tdc_capture/carry_block[213].u_carry8/CI
    Routing       SLICE_X50Y213        CARRY8 (Prop_CARRY8_SLICEL_CI_CO[7])
                                                                    0.017     8.512 r  top_i/u_tdc_capture/carry_block[213].u_carry8/CO[7]
                                       net (fo=2, routed)           0.003     8.515    top_i/u_tdc_capture/carry[1712]
    Routing       SLICE_X50Y214                                                     r  top_i/u_tdc_capture/carry_block[214].u_carry8/CI
    Routing       SLICE_X50Y214        CARRY8 (Prop_CARRY8_SLICEL_CI_CO[7])
                                                                    0.017     8.532 r  top_i/u_tdc_capture/carry_block[214].u_carry8/CO[7]
                                       net (fo=2, routed)           0.003     8.535    top_i/u_tdc_capture/carry[1720]
    Routing       SLICE_X50Y215                                                     r  top_i/u_tdc_capture/carry_block[215].u_carry8/CI
    Routing       SLICE_X50Y215        CARRY8 (Prop_CARRY8_SLICEL_CI_CO[7])
                                                                    0.017     8.552 r  top_i/u_tdc_capture/carry_block[215].u_carry8/CO[7]
                                       net (fo=2, routed)           0.003     8.555    top_i/u_tdc_capture/carry[1728]
    Routing       SLICE_X50Y216                                                     r  top_i/u_tdc_capture/carry_block[216].u_carry8/CI
    Routing       SLICE_X50Y216        CARRY8 (Prop_CARRY8_SLICEL_CI_CO[7])
                                                                    0.017     8.572 r  top_i/u_tdc_capture/carry_block[216].u_carry8/CO[7]
                                       net (fo=2, routed)           0.003     8.575    top_i/u_tdc_capture/carry[1736]
    Routing       SLICE_X50Y217                                                     r  top_i/u_tdc_capture/carry_block[217].u_carry8/CI
    Routing       SLICE_X50Y217        CARRY8 (Prop_CARRY8_SLICEL_CI_CO[7])
                                                                    0.017     8.592 r  top_i/u_tdc_capture/carry_block[217].u_carry8/CO[7]
                                       net (fo=2, routed)           0.003     8.595    top_i/u_tdc_capture/carry[1744]
    Routing       SLICE_X50Y218                                                     r  top_i/u_tdc_capture/carry_block[218].u_carry8/CI
    Routing       SLICE_X50Y218        CARRY8 (Prop_CARRY8_SLICEL_CI_CO[7])
                                                                    0.017     8.612 r  top_i/u_tdc_capture/carry_block[218].u_carry8/CO[7]
                                       net (fo=2, routed)           0.003     8.615    top_i/u_tdc_capture/carry[1752]
    Routing       SLICE_X50Y219                                                     r  top_i/u_tdc_capture/carry_block[219].u_carry8/CI
    Routing       SLICE_X50Y219        CARRY8 (Prop_CARRY8_SLICEL_CI_CO[7])
                                                                    0.017     8.632 r  top_i/u_tdc_capture/carry_block[219].u_carry8/CO[7]
                                       net (fo=2, routed)           0.003     8.635    top_i/u_tdc_capture/carry[1760]
    Routing       SLICE_X50Y220                                                     r  top_i/u_tdc_capture/carry_block[220].u_carry8/CI
    Routing       SLICE_X50Y220        CARRY8 (Prop_CARRY8_SLICEL_CI_CO[7])
                                                                    0.017     8.652 r  top_i/u_tdc_capture/carry_block[220].u_carry8/CO[7]
                                       net (fo=2, routed)           0.003     8.655    top_i/u_tdc_capture/carry[1768]
    Routing       SLICE_X50Y221                                                     r  top_i/u_tdc_capture/carry_block[221].u_carry8/CI
    Routing       SLICE_X50Y221        CARRY8 (Prop_CARRY8_SLICEL_CI_CO[7])
                                                                    0.017     8.672 r  top_i/u_tdc_capture/carry_block[221].u_carry8/CO[7]
                                       net (fo=2, routed)           0.003     8.675    top_i/u_tdc_capture/carry[1776]
    Routing       SLICE_X50Y222                                                     r  top_i/u_tdc_capture/carry_block[222].u_carry8/CI
    Routing       SLICE_X50Y222        CARRY8 (Prop_CARRY8_SLICEL_CI_CO[7])
                                                                    0.017     8.692 r  top_i/u_tdc_capture/carry_block[222].u_carry8/CO[7]
                                       net (fo=2, routed)           0.003     8.695    top_i/u_tdc_capture/carry[1784]
    Routing       SLICE_X50Y223                                                     r  top_i/u_tdc_capture/carry_block[223].u_carry8/CI
    Routing       SLICE_X50Y223        CARRY8 (Prop_CARRY8_SLICEL_CI_CO[7])
                                                                    0.017     8.712 r  top_i/u_tdc_capture/carry_block[223].u_carry8/CO[7]
                                       net (fo=2, routed)           0.003     8.715    top_i/u_tdc_capture/carry[1792]
    Routing       SLICE_X50Y224                                                     r  top_i/u_tdc_capture/carry_block[224].u_carry8/CI
    Routing       SLICE_X50Y224        CARRY8 (Prop_CARRY8_SLICEL_CI_CO[7])
                                                                    0.017     8.732 r  top_i/u_tdc_capture/carry_block[224].u_carry8/CO[7]
                                       net (fo=2, routed)           0.003     8.735    top_i/u_tdc_capture/carry[1800]
    Routing       SLICE_X50Y225                                                     r  top_i/u_tdc_capture/carry_block[225].u_carry8/CI
    Routing       SLICE_X50Y225        CARRY8 (Prop_CARRY8_SLICEL_CI_CO[7])
                                                                    0.017     8.752 r  top_i/u_tdc_capture/carry_block[225].u_carry8/CO[7]
                                       net (fo=2, routed)           0.003     8.755    top_i/u_tdc_capture/carry[1808]
    Routing       SLICE_X50Y226                                                     r  top_i/u_tdc_capture/carry_block[226].u_carry8/CI
    Routing       SLICE_X50Y226        CARRY8 (Prop_CARRY8_SLICEL_CI_CO[7])
                                                                    0.017     8.772 r  top_i/u_tdc_capture/carry_block[226].u_carry8/CO[7]
                                       net (fo=2, routed)           0.003     8.775    top_i/u_tdc_capture/carry[1816]
    Routing       SLICE_X50Y227                                                     r  top_i/u_tdc_capture/carry_block[227].u_carry8/CI
    Routing       SLICE_X50Y227        CARRY8 (Prop_CARRY8_SLICEL_CI_CO[7])
                                                                    0.017     8.792 r  top_i/u_tdc_capture/carry_block[227].u_carry8/CO[7]
                                       net (fo=2, routed)           0.003     8.795    top_i/u_tdc_capture/carry[1824]
    Routing       SLICE_X50Y228                                                     r  top_i/u_tdc_capture/carry_block[228].u_carry8/CI
    Routing       SLICE_X50Y228        CARRY8 (Prop_CARRY8_SLICEL_CI_CO[7])
                                                                    0.017     8.812 r  top_i/u_tdc_capture/carry_block[228].u_carry8/CO[7]
                                       net (fo=2, routed)           0.003     8.815    top_i/u_tdc_capture/carry[1832]
    Routing       SLICE_X50Y229                                                     r  top_i/u_tdc_capture/carry_block[229].u_carry8/CI
    Routing       SLICE_X50Y229        CARRY8 (Prop_CARRY8_SLICEL_CI_CO[7])
                                                                    0.017     8.832 r  top_i/u_tdc_capture/carry_block[229].u_carry8/CO[7]
                                       net (fo=2, routed)           0.003     8.835    top_i/u_tdc_capture/carry[1840]
    Routing       SLICE_X50Y230                                                     r  top_i/u_tdc_capture/carry_block[230].u_carry8/CI
    Routing       SLICE_X50Y230        CARRY8 (Prop_CARRY8_SLICEL_CI_CO[7])
                                                                    0.017     8.852 r  top_i/u_tdc_capture/carry_block[230].u_carry8/CO[7]
                                       net (fo=2, routed)           0.003     8.855    top_i/u_tdc_capture/carry[1848]
    Routing       SLICE_X50Y231                                                     r  top_i/u_tdc_capture/carry_block[231].u_carry8/CI
    Routing       SLICE_X50Y231        CARRY8 (Prop_CARRY8_SLICEL_CI_CO[7])
                                                                    0.017     8.872 r  top_i/u_tdc_capture/carry_block[231].u_carry8/CO[7]
                                       net (fo=2, routed)           0.003     8.875    top_i/u_tdc_capture/carry[1856]
    Routing       SLICE_X50Y232                                                     r  top_i/u_tdc_capture/carry_block[232].u_carry8/CI
    Routing       SLICE_X50Y232        CARRY8 (Prop_CARRY8_SLICEL_CI_CO[7])
                                                                    0.017     8.892 r  top_i/u_tdc_capture/carry_block[232].u_carry8/CO[7]
                                       net (fo=2, routed)           0.003     8.895    top_i/u_tdc_capture/carry[1864]
    Routing       SLICE_X50Y233                                                     r  top_i/u_tdc_capture/carry_block[233].u_carry8/CI
    Routing       SLICE_X50Y233        CARRY8 (Prop_CARRY8_SLICEL_CI_CO[7])
                                                                    0.017     8.912 r  top_i/u_tdc_capture/carry_block[233].u_carry8/CO[7]
                                       net (fo=2, routed)           0.003     8.915    top_i/u_tdc_capture/carry[1872]
    Routing       SLICE_X50Y234                                                     r  top_i/u_tdc_capture/carry_block[234].u_carry8/CI
    Routing       SLICE_X50Y234        CARRY8 (Prop_CARRY8_SLICEL_CI_CO[7])
                                                                    0.017     8.932 r  top_i/u_tdc_capture/carry_block[234].u_carry8/CO[7]
                                       net (fo=2, routed)           0.003     8.935    top_i/u_tdc_capture/carry[1880]
    Routing       SLICE_X50Y235                                                     r  top_i/u_tdc_capture/carry_block[235].u_carry8/CI
    Routing       SLICE_X50Y235        CARRY8 (Prop_CARRY8_SLICEL_CI_CO[7])
                                                                    0.017     8.952 r  top_i/u_tdc_capture/carry_block[235].u_carry8/CO[7]
                                       net (fo=2, routed)           0.003     8.955    top_i/u_tdc_capture/carry[1888]
    Routing       SLICE_X50Y236                                                     r  top_i/u_tdc_capture/carry_block[236].u_carry8/CI
    Routing       SLICE_X50Y236        CARRY8 (Prop_CARRY8_SLICEL_CI_CO[7])
                                                                    0.017     8.972 r  top_i/u_tdc_capture/carry_block[236].u_carry8/CO[7]
                                       net (fo=2, routed)           0.003     8.975    top_i/u_tdc_capture/carry[1896]
    Routing       SLICE_X50Y237                                                     r  top_i/u_tdc_capture/carry_block[237].u_carry8/CI
    Routing       SLICE_X50Y237        CARRY8 (Prop_CARRY8_SLICEL_CI_CO[7])
                                                                    0.017     8.992 r  top_i/u_tdc_capture/carry_block[237].u_carry8/CO[7]
                                       net (fo=2, routed)           0.003     8.995    top_i/u_tdc_capture/carry[1904]
    Routing       SLICE_X50Y238                                                     r  top_i/u_tdc_capture/carry_block[238].u_carry8/CI
    Routing       SLICE_X50Y238        CARRY8 (Prop_CARRY8_SLICEL_CI_CO[7])
                                                                    0.017     9.012 r  top_i/u_tdc_capture/carry_block[238].u_carry8/CO[7]
                                       net (fo=2, routed)           0.003     9.015    top_i/u_tdc_capture/carry[1912]
    Routing       SLICE_X50Y239                                                     r  top_i/u_tdc_capture/carry_block[239].u_carry8/CI
    Routing       SLICE_X50Y239        CARRY8 (Prop_CARRY8_SLICEL_CI_CO[7])
                                                                    0.017     9.032 r  top_i/u_tdc_capture/carry_block[239].u_carry8/CO[7]
                                       net (fo=2, routed)           0.003     9.035    top_i/u_tdc_capture/carry[1920]
    Routing       SLICE_X50Y240                                                     r  top_i/u_tdc_capture/carry_block[240].u_carry8/CI
    Routing       SLICE_X50Y240        CARRY8 (Prop_CARRY8_SLICEL_CI_CO[7])
                                                                    0.017     9.052 r  top_i/u_tdc_capture/carry_block[240].u_carry8/CO[7]
                                       net (fo=2, routed)           0.003     9.055    top_i/u_tdc_capture/carry[1928]
    Routing       SLICE_X50Y241                                                     r  top_i/u_tdc_capture/carry_block[241].u_carry8/CI
    Routing       SLICE_X50Y241        CARRY8 (Prop_CARRY8_SLICEL_CI_CO[7])
                                                                    0.017     9.072 r  top_i/u_tdc_capture/carry_block[241].u_carry8/CO[7]
                                       net (fo=2, routed)           0.003     9.075    top_i/u_tdc_capture/carry[1936]
    Routing       SLICE_X50Y242                                                     r  top_i/u_tdc_capture/carry_block[242].u_carry8/CI
    Routing       SLICE_X50Y242        CARRY8 (Prop_CARRY8_SLICEL_CI_CO[7])
                                                                    0.017     9.092 r  top_i/u_tdc_capture/carry_block[242].u_carry8/CO[7]
                                       net (fo=2, routed)           0.003     9.095    top_i/u_tdc_capture/carry[1944]
    Routing       SLICE_X50Y243                                                     r  top_i/u_tdc_capture/carry_block[243].u_carry8/CI
    Routing       SLICE_X50Y243        CARRY8 (Prop_CARRY8_SLICEL_CI_CO[7])
                                                                    0.017     9.112 r  top_i/u_tdc_capture/carry_block[243].u_carry8/CO[7]
                                       net (fo=2, routed)           0.003     9.115    top_i/u_tdc_capture/carry[1952]
    Routing       SLICE_X50Y244                                                     r  top_i/u_tdc_capture/carry_block[244].u_carry8/CI
    Routing       SLICE_X50Y244        CARRY8 (Prop_CARRY8_SLICEL_CI_CO[7])
                                                                    0.017     9.132 r  top_i/u_tdc_capture/carry_block[244].u_carry8/CO[7]
                                       net (fo=2, routed)           0.003     9.135    top_i/u_tdc_capture/carry[1960]
    Routing       SLICE_X50Y245                                                     r  top_i/u_tdc_capture/carry_block[245].u_carry8/CI
    Routing       SLICE_X50Y245        CARRY8 (Prop_CARRY8_SLICEL_CI_CO[7])
                                                                    0.017     9.152 r  top_i/u_tdc_capture/carry_block[245].u_carry8/CO[7]
                                       net (fo=2, routed)           0.003     9.155    top_i/u_tdc_capture/carry[1968]
    Routing       SLICE_X50Y246                                                     r  top_i/u_tdc_capture/carry_block[246].u_carry8/CI
    Routing       SLICE_X50Y246        CARRY8 (Prop_CARRY8_SLICEL_CI_CO[7])
                                                                    0.017     9.172 r  top_i/u_tdc_capture/carry_block[246].u_carry8/CO[7]
                                       net (fo=2, routed)           0.003     9.175    top_i/u_tdc_capture/carry[1976]
    Routing       SLICE_X50Y247                                                     r  top_i/u_tdc_capture/carry_block[247].u_carry8/CI
    Routing       SLICE_X50Y247        CARRY8 (Prop_CARRY8_SLICEL_CI_CO[7])
                                                                    0.017     9.192 r  top_i/u_tdc_capture/carry_block[247].u_carry8/CO[7]
                                       net (fo=2, routed)           0.003     9.195    top_i/u_tdc_capture/carry[1984]
    Routing       SLICE_X50Y248                                                     r  top_i/u_tdc_capture/carry_block[248].u_carry8/CI
    Routing       SLICE_X50Y248        CARRY8 (Prop_CARRY8_SLICEL_CI_CO[7])
                                                                    0.017     9.212 r  top_i/u_tdc_capture/carry_block[248].u_carry8/CO[7]
                                       net (fo=2, routed)           0.003     9.215    top_i/u_tdc_capture/carry[1992]
    Routing       SLICE_X50Y249                                                     r  top_i/u_tdc_capture/carry_block[249].u_carry8/CI
    Routing       SLICE_X50Y249        CARRY8 (Prop_CARRY8_SLICEL_CI_CO[7])
                                                                    0.017     9.232 r  top_i/u_tdc_capture/carry_block[249].u_carry8/CO[7]
                                       net (fo=2, routed)           0.003     9.235    top_i/u_tdc_capture/carry[2000]
    Routing       SLICE_X50Y250                                                     r  top_i/u_tdc_capture/carry_block[250].u_carry8/CI
    Routing       SLICE_X50Y250        CARRY8 (Prop_CARRY8_SLICEL_CI_CO[7])
                                                                    0.017     9.252 r  top_i/u_tdc_capture/carry_block[250].u_carry8/CO[7]
                                       net (fo=2, routed)           0.003     9.255    top_i/u_tdc_capture/carry[2008]
    Routing       SLICE_X50Y251                                                     r  top_i/u_tdc_capture/carry_block[251].u_carry8/CI
    Routing       SLICE_X50Y251        CARRY8 (Prop_CARRY8_SLICEL_CI_CO[7])
                                                                    0.017     9.272 r  top_i/u_tdc_capture/carry_block[251].u_carry8/CO[7]
                                       net (fo=2, routed)           0.003     9.275    top_i/u_tdc_capture/carry[2016]
    Routing       SLICE_X50Y252                                                     r  top_i/u_tdc_capture/carry_block[252].u_carry8/CI
    Routing       SLICE_X50Y252        CARRY8 (Prop_CARRY8_SLICEL_CI_CO[7])
                                                                    0.017     9.292 r  top_i/u_tdc_capture/carry_block[252].u_carry8/CO[7]
                                       net (fo=2, routed)           0.003     9.295    top_i/u_tdc_capture/carry[2024]
    Routing       SLICE_X50Y253                                                     r  top_i/u_tdc_capture/carry_block[253].u_carry8/CI
    Routing       SLICE_X50Y253        CARRY8 (Prop_CARRY8_SLICEL_CI_CO[7])
                                                                    0.017     9.312 r  top_i/u_tdc_capture/carry_block[253].u_carry8/CO[7]
                                       net (fo=2, routed)           0.003     9.315    top_i/u_tdc_capture/carry[2032]
    Routing       SLICE_X50Y254                                                     r  top_i/u_tdc_capture/carry_block[254].u_carry8/CI
    Routing       SLICE_X50Y254        CARRY8 (Prop_CARRY8_SLICEL_CI_CO[7])
                                                                    0.017     9.332 r  top_i/u_tdc_capture/carry_block[254].u_carry8/CO[7]
                                       net (fo=2, routed)           0.003     9.335    top_i/u_tdc_capture/carry[2040]
    Routing       SLICE_X50Y255                                                     r  top_i/u_tdc_capture/carry_block[255].u_carry8/CI
    Routing       SLICE_X50Y255        CARRY8 (Prop_CARRY8_SLICEL_CI_CO[7])
                                                                    0.017     9.352 r  top_i/u_tdc_capture/carry_block[255].u_carry8/CO[7]
                                       net (fo=1, routed)           0.009     9.361    top_i/u_tdc_capture/carry[2048]
    Routing       SLICE_X50Y255        FDRE                                         r  top_i/u_tdc_capture/sample_bit[2047].u_sample_ff/D
  ---------------------------------------------------------------------------------    -------------------

                                       (clock clk_200mhz_unbuf rise edge)
                                                                    0.000     0.000 r  
                  RFDAC_X0Y2           RFDAC                        0.000     0.000 r  top_i/rfdc_custom_i/rfdc_custom_xczu47dr_ip_i/inst/rfdc_custom_xczu47dr_ip_rf_wrapper_i/tx2_u_dac/INTERNAL_FBRC_MUX
                  RFDAC_X0Y2           RFDAC (Prop_RFDAC_INTERNAL_FBRC_MUX_CLK_DAC)
                                                                    0.224     0.224 r  top_i/rfdc_custom_i/rfdc_custom_xczu47dr_ip_i/inst/rfdc_custom_xczu47dr_ip_rf_wrapper_i/tx2_u_dac/CLK_DAC
                                       net (fo=2, routed)           0.169     0.393    top_i/rfdc_custom_i/rfdc_custom_xczu47dr_ip_i/inst/i_rfdc_custom_xczu47dr_ip_bufg_gt_ctrl/dac2_bufg_gt_0
                  BUFG_GT_X1Y149                                                    r  top_i/rfdc_custom_i/rfdc_custom_xczu47dr_ip_i/inst/i_rfdc_custom_xczu47dr_ip_bufg_gt_ctrl/dac2_bufg_gt/I
                  BUFG_GT_X1Y149       BUFG_GT (Prop_BUFG_GT_I_O)
                                                                    0.082     0.475 r  top_i/rfdc_custom_i/rfdc_custom_xczu47dr_ip_i/inst/i_rfdc_custom_xczu47dr_ip_bufg_gt_ctrl/dac2_bufg_gt/O
                                       net (fo=69895, routed)       2.071     2.546    top_i/tdc_clk_gen_200mhz_i/clk_dac2
                  MMCM_X0Y7                                                         r  top_i/tdc_clk_gen_200mhz_i/mmcm_inst/CLKIN1
                  MMCM_X0Y7            MMCME4_ADV (Prop_MMCM_CLKIN1_CLKOUT0)
                                                                   -2.045     0.501 r  top_i/tdc_clk_gen_200mhz_i/mmcm_inst/CLKOUT0
                                       net (fo=1, routed)           0.166     0.667    top_i/tdc_clk_gen_200mhz_i/clk_200mhz_unbuf
                  BUFGCE_X0Y181                                                     r  top_i/tdc_clk_gen_200mhz_i/bufg_out/I
                  BUFGCE_X0Y181        BUFGCE (Prop_BUFCE_BUFGCE_I_O)
                                                                    0.019     0.686 r  top_i/tdc_clk_gen_200mhz_i/bufg_out/O
                  X3Y3 (CLOCK_ROOT)    net (fo=9202, routed)        1.833     2.519    top_i/u_tdc_capture/sample_clk
                  SLICE_X50Y255        FDRE                                         r  top_i/u_tdc_capture/sample_bit[2047].u_sample_ff/C




