00000000  20 4E 00 00 B2 4D D5 F7 00 00 E0 B1 D5 F7 4E B2
00000010  20 4E 00 00 2A 4D C7 F3 00 00 E0 B1 C7 F3 D6 B2
00000020  20 4E 00 00 6B 4C C2 EF 00 00 E0 B1 C2 EF 95 B3
00000030  20 4E 00 00 77 4B C8 EB 00 00 E0 B1 C8 EB 89 B4
00000040  6B 4C C2 EF 4D 4A DC E7 C2 EF 95 B3 DC E7 B3 B5
00000050  4D 4A DC E7 9C 45 88 DC DC E7 B3 B5 88 DC 64 BA
00000060  5F 47 39 E0 34 3F 14 D2 39 E0 A1 B8 14 D2 CC C0
00000070  A9 43 F0 D8 3E 37 C2 C8 F0 D8 57 BC C2 C8 C2 C8
00000080  5F 47 39 E0 A9 43 F0 D8 39 E0 A1 B8 F0 D8 57 BC
00000090  34 3F 14 D2 3E 37 C2 C8 14 D2 CC C0 C2 C8 C2 C8
000000A0  47 34 F1 C5 10 27 57 BC F1 C5 B9 CB 57 BC F0 D8
000000B0  10 27 57 BC 38 14 89 B4 57 BC F0 D8 89 B4 C8 EB
000000C0  34 3F 14 D2 0F 3A B9 CB 14 D2 CC C0 B9 CB F1 C5
000000D0  EC 2D CC C0 78 23 64 BA CC C0 14 D2 64 BA 88 DC
000000E0  24 18 B3 B5 2B 08 4E B2 B3 B5 DC E7 4E B2 D5 F7
000000F0  00 00 E0 B1 C8 EB 89 B4 E0 B1 00 00 89 B4 38 14
00000100  47 34 F1 C5 EC 2D CC C0 F1 C5 B9 CB CC C0 14 D2
00000110  24 18 B3 B5 39 0C D6 B2 B3 B5 DC E7 D6 B2 C7 F3
00000120  D5 F7 4E B2 DC E7 B3 B5 4E B2 2B 08 B3 B5 24 18
00000130  F0 D8 57 BC C2 C8 C2 C8 57 BC 10 27 C2 C8 3E 37
00000140  10 27 57 BC C7 1F A1 B8 57 BC F0 D8 A1 B8 39 E0
00000150  00 00 E0 B1 C7 F3 D6 B2 E0 B1 00 00 D6 B2 39 0C
00000160  F0 D8 57 BC B9 CB F1 C5 57 BC 10 27 F1 C5 47 34
00000170  57 BC F0 D8 89 B4 C8 EB F0 D8 A9 43 C8 EB 77 4B
00000180  24 18 B3 B5 3E 10 95 B3 B3 B5 DC E7 95 B3 C2 EF
00000190  DC E7 B3 B5 88 DC 64 BA B3 B5 24 18 64 BA 78 23
000001A0  CC C0 14 D2 A1 B8 39 E0 14 D2 34 3F 39 E0 5F 47
000001B0  E0 B1 00 00 89 B4 38 14 00 00 20 4E 38 14 77 4B
000001C0  2B 08 4E B2 00 00 E0 B1 4E B2 D5 F7 E0 B1 00 00
000001D0  14 D2 CC C0 C2 C8 C2 C8 CC C0 EC 2D C2 C8 3E 37
000001E0  95 B3 C2 EF E0 B1 00 00 C2 EF 6B 4C 00 00 20 4E
000001F0  57 BC 10 27 C2 C8 3E 37 10 27 A9 43 3E 37 3E 37
00000200  D5 F7 4E B2 C2 EF 95 B3 4E B2 2B 08 95 B3 3E 10
00000210  CC C0 14 D2 64 BA 88 DC 14 D2 34 3F 88 DC 9C 45
00000220  95 B3 3E 10 A1 B8 C7 1F 3E 10 6B 4C C7 1F 5F 47
00000230  F0 D8 A9 43 C8 EB 77 4B A9 43 10 27 77 4B 38 14
00000240  DC E7 B3 B5 39 E0 A1 B8 B3 B5 24 18 A1 B8 C7 1F
00000250  B3 B5 DC E7 D6 B2 C7 F3 DC E7 4D 4A C7 F3 2A 4D
00000260  CC C0 EC 2D B9 CB 0F 3A EC 2D 34 3F 0F 3A 47 34
00000270  00 00 20 4E 38 14 77 4B 20 4E 00 00 77 4B C8 EB
00000280  F0 D8 57 BC 14 D2 CC C0 57 BC 10 27 CC C0 EC 2D
00000290  E0 B1 00 00 D6 B2 39 0C 00 00 20 4E 39 0C 2A 4D
000002A0  F0 D8 A9 43 DC E7 4D 4A A9 43 10 27 4D 4A 24 18
000002B0  10 27 A9 43 3E 37 3E 37 A9 43 F0 D8 3E 37 C2 C8
000002C0  B9 CB F1 C5 F1 C5 B9 CB F1 C5 47 34 B9 CB 0F 3A
000002D0  B3 B5 24 18 64 BA 78 23 24 18 4D 4A 78 23 9C 45
000002E0  D5 F7 B2 4D 2B 08 B2 4D B2 4D 2B 08 B2 4D D5 F7
000002F0  A9 43 10 27 77 4B 38 14 10 27 57 BC 38 14 89 B4
00000300  CC C0 14 D2 57 BC F0 D8 14 D2 34 3F F0 D8 A9 43
00000310  CC C0 EC 2D C2 C8 3E 37 EC 2D 34 3F 3E 37 3E 37
00000320  24 18 4D 4A 10 27 A9 43 4D 4A DC E7 A9 43 F0 D8
00000330  20 4E 00 00 77 4B C8 EB 00 00 E0 B1 C8 EB 89 B4
00000340  A1 B8 39 E0 B3 B5 DC E7 39 E0 5F 47 DC E7 4D 4A
00000350  14 D2 34 3F 88 DC 9C 45 34 3F EC 2D 9C 45 78 23
00000360  47 34 0F 3A 34 3F EC 2D 0F 3A B9 CB EC 2D CC C0
00000370  A9 43 F0 D8 3E 37 C2 C8 F0 D8 57 BC C2 C8 C2 C8
00000380  95 B3 C2 EF 4E B2 D5 F7 C2 EF 6B 4C D5 F7 B2 4D
00000390  DC E7 4D 4A C7 F3 2A 4D 4D 4A 24 18 2A 4D 39 0C
000003A0  5F 47 C7 1F 6B 4C 3E 10 C7 1F A1 B8 3E 10 95 B3
000003B0  10 27 57 BC 38 14 89 B4 57 BC F0 D8 89 B4 C8 EB
000003C0  E0 B1 00 00 4E B2 2B 08 00 00 20 4E 2B 08 B2 4D
000003D0  00 00 20 4E 39 0C 2A 4D 20 4E 00 00 2A 4D C7 F3
000003E0  20 4E 00 00 6B 4C C2 EF 00 00 E0 B1 C2 EF 95 B3
000003F0  00 00 E0 B1 C8 EB 89 B4 E0 B1 00 00 89 B4 38 14
00000400  95 B3 3E 10 B3 B5 24 18 3E 10 6B 4C 24 18 4D 4A
00000410  24 18 4D 4A 78 23 9C 45 4D 4A DC E7 9C 45 88 DC
00000420  5F 47 39 E0 34 3F 14 D2 39 E0 A1 B8 14 D2 CC C0
00000430  F0 D8 57 BC C2 C8 C2 C8 57 BC 10 27 C2 C8 3E 37
00000440  A1 B8 C7 1F 57 BC 10 27 C7 1F 5F 47 10 27 A9 43
00000450  EC 2D 34 3F 3E 37 3E 37 34 3F 14 D2 3E 37 C2 C8
00000460  47 34 F1 C5 10 27 57 BC F1 C5 B9 CB 57 BC F0 D8
00000470  57 BC F0 D8 89 B4 C8 EB F0 D8 A9 43 C8 EB 77 4B
00000480  CC C0 EC 2D F1 C5 47 34 EC 2D 34 3F 47 34 0F 3A
00000490  34 3F EC 2D 9C 45 78 23 EC 2D CC C0 78 23 64 BA
000004A0  24 18 B3 B5 2B 08 4E B2 B3 B5 DC E7 4E B2 D5 F7
000004B0  E0 B1 00 00 89 B4 38 14 00 00 20 4E 38 14 77 4B
000004C0  B9 CB 0F 3A 14 D2 34 3F 0F 3A 47 34 34 3F EC 2D
000004D0  4D 4A 24 18 2A 4D 39 0C 24 18 B3 B5 39 0C D6 B2
000004E0  D5 F7 4E B2 DC E7 B3 B5 4E B2 2B 08 B3 B5 24 18
000004F0  57 BC 10 27 C2 C8 3E 37 10 27 A9 43 3E 37 3E 37
00000500  F0 D8 A9 43 39 E0 5F 47 A9 43 10 27 5F 47 C7 1F
00000510  20 4E 00 00 2A 4D C7 F3 00 00 E0 B1 C7 F3 D6 B2
00000520  F0 D8 57 BC B9 CB F1 C5 57 BC 10 27 F1 C5 47 34
00000530  F0 D8 A9 43 C8 EB 77 4B A9 43 10 27 77 4B 38 14
00000540  DC E7 4D 4A C2 EF 6B 4C 4D 4A 24 18 6B 4C 3E 10
00000550  4D 4A DC E7 9C 45 88 DC DC E7 B3 B5 88 DC 64 BA
00000560  CC C0 14 D2 A1 B8 39 E0 14 D2 34 3F 39 E0 5F 47
00000570  00 00 20 4E 38 14 77 4B 20 4E 00 00 77 4B C8 EB
00000580  D5 F7 B2 4D 00 00 20 4E B2 4D 2B 08 20 4E 00 00
00000590  34 3F 14 D2 3E 37 C2 C8 14 D2 CC C0 C2 C8 C2 C8
000005A0  95 B3 C2 EF E0 B1 00 00 C2 EF 6B 4C 00 00 20 4E
000005B0  10 27 A9 43 3E 37 3E 37 A9 43 F0 D8 3E 37 C2 C8
000005C0  2B 08 B2 4D 3E 10 6B 4C B2 4D D5 F7 6B 4C C2 EF
000005D0  EC 2D CC C0 78 23 64 BA CC C0 14 D2 64 BA 88 DC
000005E0  95 B3 3E 10 A1 B8 C7 1F 3E 10 6B 4C C7 1F 5F 47
000005F0  A9 43 10 27 77 4B 38 14 10 27 57 BC 38 14 89 B4
00000600  24 18 4D 4A C7 1F 5F 47 4D 4A DC E7 5F 47 39 E0
00000610  24 18 B3 B5 39 0C D6 B2 B3 B5 DC E7 D6 B2 C7 F3
00000620  CC C0 EC 2D B9 CB 0F 3A EC 2D 34 3F 0F 3A 47 34
00000630  20 4E 00 00 77 4B C8 EB 00 00 E0 B1 C8 EB 89 B4
00000640  10 27 A9 43 EC 2D 34 3F A9 43 F0 D8 34 3F 14 D2
00000650  00 00 E0 B1 C7 F3 D6 B2 E0 B1 00 00 D6 B2 39 0C
00000660  F0 D8 A9 43 DC E7 4D 4A A9 43 10 27 4D 4A 24 18
00000670  A9 43 F0 D8 3E 37 C2 C8 F0 D8 57 BC C2 C8 C2 C8
00000680  47 34 0F 3A 0F 3A 47 34 0F 3A B9 CB 47 34 F1 C5
00000690  DC E7 B3 B5 88 DC 64 BA B3 B5 24 18 64 BA 78 23
000006A0  D5 F7 B2 4D 2B 08 B2 4D B2 4D 2B 08 B2 4D D5 F7
000006B0  10 27 57 BC 38 14 89 B4 57 BC F0 D8 89 B4 C8 EB
000006C0  34 3F EC 2D A9 43 10 27 EC 2D CC C0 10 27 57 BC
000006D0  14 D2 CC C0 C2 C8 C2 C8 CC C0 EC 2D C2 C8 3E 37
000006E0  24 18 4D 4A 10 27 A9 43 4D 4A DC E7 A9 43 F0 D8
000006F0  00 00 E0 B1 C8 EB 89 B4 E0 B1 00 00 89 B4 38 14
00000700  5F 47 C7 1F 4D 4A 24 18 C7 1F A1 B8 24 18 B3 B5
00000710  CC C0 14 D2 64 BA 88 DC 14 D2 34 3F 88 DC 9C 45
00000720  47 34 0F 3A 34 3F EC 2D 0F 3A B9 CB EC 2D CC C0
00000730  F0 D8 57 BC C2 C8 C2 C8 57 BC 10 27 C2 C8 3E 37
00000740  6B 4C 3E 10 B2 4D 2B 08 3E 10 95 B3 2B 08 4E B2
00000750  B3 B5 DC E7 D6 B2 C7 F3 DC E7 4D 4A C7 F3 2A 4D
00000760  5F 47 C7 1F 6B 4C 3E 10 C7 1F A1 B8 3E 10 95 B3
00000770  57 BC F0 D8 89 B4 C8 EB F0 D8 A9 43 C8 EB 77 4B
00000780  20 4E 00 00 B2 4D D5 F7 00 00 E0 B1 D5 F7 4E B2
00000790  E0 B1 00 00 D6 B2 39 0C 00 00 20 4E 39 0C 2A 4D
000007A0  20 4E 00 00 6B 4C C2 EF 00 00 E0 B1 C2 EF 95 B3
000007B0  E0 B1 00 00 89 B4 38 14 00 00 20 4E 38 14 77 4B
000007C0  6B 4C C2 EF 4D 4A DC E7 C2 EF 95 B3 DC E7 B3 B5
000007D0  B3 B5 24 18 64 BA 78 23 24 18 4D 4A 78 23 9C 45
000007E0  5F 47 39 E0 34 3F 14 D2 39 E0 A1 B8 14 D2 CC C0
000007F0  57 BC 10 27 C2 C8 3E 37 10 27 A9 43 3E 37 3E 37
00000800  5F 47 39 E0 A9 43 F0 D8 39 E0 A1 B8 F0 D8 57 BC
00000810  CC C0 EC 2D C2 C8 3E 37 EC 2D 34 3F 3E 37 3E 37
00000820  47 34 F1 C5 10 27 57 BC F1 C5 B9 CB 57 BC F0 D8
00000830  F0 D8 A9 43 C8 EB 77 4B A9 43 10 27 77 4B 38 14
00000840  34 3F 14 D2 0F 3A B9 CB 14 D2 CC C0 B9 CB F1 C5
00000850  14 D2 34 3F 88 DC 9C 45 34 3F EC 2D 9C 45 78 23
00000860  24 18 B3 B5 2B 08 4E B2 B3 B5 DC E7 4E B2 D5 F7
00000870  00 00 20 4E 38 14 77 4B 20 4E 00 00 77 4B C8 EB
00000880  47 34 F1 C5 EC 2D CC C0 F1 C5 B9 CB CC C0 14 D2
00000890  DC E7 4D 4A C7 F3 2A 4D 4D 4A 24 18 2A 4D 39 0C
000008A0  D5 F7 4E B2 DC E7 B3 B5 4E B2 2B 08 B3 B5 24 18
000008B0  10 27 A9 43 3E 37 3E 37 A9 43 F0 D8 3E 37 C2 C8
000008C0  10 27 57 BC C7 1F A1 B8 57 BC F0 D8 A1 B8 39 E0
000008D0  00 00 20 4E 39 0C 2A 4D 20 4E 00 00 2A 4D C7 F3
000008E0  F0 D8 57 BC B9 CB F1 C5 57 BC 10 27 F1 C5 47 34
000008F0  A9 43 10 27 77 4B 38 14 10 27 57 BC 38 14 89 B4
00000900  24 18 B3 B5 3E 10 95 B3 B3 B5 DC E7 95 B3 C2 EF
00000910  24 18 4D 4A 78 23 9C 45 4D 4A DC E7 9C 45 88 DC
00000920  CC C0 14 D2 A1 B8 39 E0 14 D2 34 3F 39 E0 5F 47
00000930  20 4E 00 00 77 4B C8 EB 00 00 E0 B1 C8 EB 89 B4
00000940  2B 08 4E B2 00 00 E0 B1 4E B2 D5 F7 E0 B1 00 00
00000950  EC 2D 34 3F 3E 37 3E 37 34 3F 14 D2 3E 37 C2 C8
00000960  95 B3 C2 EF E0 B1 00 00 C2 EF 6B 4C 00 00 20 4E
00000970  A9 43 F0 D8 3E 37 C2 C8 F0 D8 57 BC C2 C8 C2 C8
00000980  D5 F7 4E B2 C2 EF 95 B3 4E B2 2B 08 95 B3 3E 10
00000990  34 3F EC 2D 9C 45 78 23 EC 2D CC C0 78 23 64 BA
000009A0  95 B3 3E 10 A1 B8 C7 1F 3E 10 6B 4C C7 1F 5F 47
000009B0  10 27 57 BC 38 14 89 B4 57 BC F0 D8 89 B4 C8 EB
000009C0  DC E7 B3 B5 39 E0 A1 B8 B3 B5 24 18 A1 B8 C7 1F
000009D0  4D 4A 24 18 2A 4D 39 0C 24 18 B3 B5 39 0C D6 B2
000009E0  CC C0 EC 2D B9 CB 0F 3A EC 2D 34 3F 0F 3A 47 34
000009F0  00 00 E0 B1 C8 EB 89 B4 E0 B1 00 00 89 B4 38 14
00000A00  F0 D8 57 BC 14 D2 CC C0 57 BC 10 27 CC C0 EC 2D
00000A10  20 4E 00 00 2A 4D C7 F3 00 00 E0 B1 C7 F3 D6 B2
00000A20  F0 D8 A9 43 DC E7 4D 4A A9 43 10 27 4D 4A 24 18
00000A30  F0 D8 57 BC C2 C8 C2 C8 57 BC 10 27 C2 C8 3E 37
00000A40  B9 CB F1 C5 F1 C5 B9 CB F1 C5 47 34 B9 CB 0F 3A
00000A50  4D 4A DC E7 9C 45 88 DC DC E7 B3 B5 88 DC 64 BA
00000A60  D5 F7 B2 4D 2B 08 B2 4D B2 4D 2B 08 B2 4D D5 F7
00000A70  57 BC F0 D8 89 B4 C8 EB F0 D8 A9 43 C8 EB 77 4B
00000A80  CC C0 14 D2 57 BC F0 D8 14 D2 34 3F F0 D8 A9 43
00000A90  34 3F 14 D2 3E 37 C2 C8 14 D2 CC C0 C2 C8 C2 C8
00000AA0  24 18 4D 4A 10 27 A9 43 4D 4A DC E7 A9 43 F0 D8
00000AB0  E0 B1 00 00 89 B4 38 14 00 00 20 4E 38 14 77 4B
00000AC0  A1 B8 39 E0 B3 B5 DC E7 39 E0 5F 47 DC E7 4D 4A
00000AD0  EC 2D CC C0 78 23 64 BA CC C0 14 D2 64 BA 88 DC
00000AE0  47 34 0F 3A 34 3F EC 2D 0F 3A B9 CB EC 2D CC C0
00000AF0  57 BC 10 27 C2 C8 3E 37 10 27 A9 43 3E 37 3E 37
00000B00  95 B3 C2 EF 4E B2 D5 F7 C2 EF 6B 4C D5 F7 B2 4D
00000B10  24 18 B3 B5 39 0C D6 B2 B3 B5 DC E7 D6 B2 C7 F3
00000B20  5F 47 C7 1F 6B 4C 3E 10 C7 1F A1 B8 3E 10 95 B3
00000B30  F0 D8 A9 43 C8 EB 77 4B A9 43 10 27 77 4B 38 14
00000B40  E0 B1 00 00 4E B2 2B 08 00 00 20 4E 2B 08 B2 4D
00000B50  00 00 E0 B1 C7 F3 D6 B2 E0 B1 00 00 D6 B2 39 0C
00000B60  20 4E 00 00 6B 4C C2 EF 00 00 E0 B1 C2 EF 95 B3
00000B70  00 00 20 4E 38 14 77 4B 20 4E 00 00 77 4B C8 EB
00000B80  95 B3 3E 10 B3 B5 24 18 3E 10 6B 4C 24 18 4D 4A
00000B90  DC E7 B3 B5 88 DC 64 BA B3 B5 24 18 64 BA 78 23
00000BA0  5F 47 39 E0 34 3F 14 D2 39 E0 A1 B8 14 D2 CC C0
00000BB0  10 27 A9 43 3E 37 3E 37 A9 43 F0 D8 3E 37 C2 C8
00000BC0  A1 B8 C7 1F 57 BC 10 27 C7 1F 5F 47 10 27 A9 43
00000BD0  14 D2 CC C0 C2 C8 C2 C8 CC C0 EC 2D C2 C8 3E 37
00000BE0  47 34 F1 C5 10 27 57 BC F1 C5 B9 CB 57 BC F0 D8
00000BF0  A9 43 10 27 77 4B 38 14 10 27 57 BC 38 14 89 B4
00000C00  CC C0 EC 2D F1 C5 47 34 EC 2D 34 3F 47 34 0F 3A
00000C10  CC C0 14 D2 64 BA 88 DC 14 D2 34 3F 88 DC 9C 45
00000C20  24 18 B3 B5 2B 08 4E B2 B3 B5 DC E7 4E B2 D5 F7
00000C30  20 4E 00 00 77 4B C8 EB 00 00 E0 B1 C8 EB 89 B4
00000C40  B9 CB 0F 3A 14 D2 34 3F 0F 3A 47 34 34 3F EC 2D
00000C50  B3 B5 DC E7 D6 B2 C7 F3 DC E7 4D 4A C7 F3 2A 4D
00000C60  D5 F7 4E B2 DC E7 B3 B5 4E B2 2B 08 B3 B5 24 18
00000C70  A9 43 F0 D8 3E 37 C2 C8 F0 D8 57 BC C2 C8 C2 C8
00000C80  F0 D8 A9 43 39 E0 5F 47 A9 43 10 27 5F 47 C7 1F
00000C90  E0 B1 00 00 D6 B2 39 0C 00 00 20 4E 39 0C 2A 4D
00000CA0  F0 D8 57 BC B9 CB F1 C5 57 BC 10 27 F1 C5 47 34
00000CB0  10 27 57 BC 38 14 89 B4 57 BC F0 D8 89 B4 C8 EB
00000CC0  DC E7 4D 4A C2 EF 6B 4C 4D 4A 24 18 6B 4C 3E 10
00000CD0  B3 B5 24 18 64 BA 78 23 24 18 4D 4A 78 23 9C 45
00000CE0  CC C0 14 D2 A1 B8 39 E0 14 D2 34 3F 39 E0 5F 47
00000CF0  00 00 E0 B1 C8 EB 89 B4 E0 B1 00 00 89 B4 38 14
00000D00  D5 F7 B2 4D 00 00 20 4E B2 4D 2B 08 20 4E 00 00
00000D10  CC C0 EC 2D C2 C8 3E 37 EC 2D 34 3F 3E 37 3E 37
00000D20  95 B3 C2 EF E0 B1 00 00 C2 EF 6B 4C 00 00 20 4E
00000D30  F0 D8 57 BC C2 C8 C2 C8 57 BC 10 27 C2 C8 3E 37
00000D40  2B 08 B2 4D 3E 10 6B 4C B2 4D D5 F7 6B 4C C2 EF
00000D50  14 D2 34 3F 88 DC 9C 45 34 3F EC 2D 9C 45 78 23
00000D60  95 B3 3E 10 A1 B8 C7 1F 3E 10 6B 4C C7 1F 5F 47
00000D70  57 BC F0 D8 89 B4 C8 EB F0 D8 A9 43 C8 EB 77 4B
00000D80  24 18 4D 4A C7 1F 5F 47 4D 4A DC E7 5F 47 39 E0
00000D90  DC E7 4D 4A C7 F3 2A 4D 4D 4A 24 18 2A 4D 39 0C
00000DA0  CC C0 EC 2D B9 CB 0F 3A EC 2D 34 3F 0F 3A 47 34
00000DB0  E0 B1 00 00 89 B4 38 14 00 00 20 4E 38 14 77 4B
00000DC0  10 27 A9 43 EC 2D 34 3F A9 43 F0 D8 34 3F 14 D2
00000DD0  00 00 20 4E 39 0C 2A 4D 20 4E 00 00 2A 4D C7 F3
00000DE0  F0 D8 A9 43 DC E7 4D 4A A9 43 10 27 4D 4A 24 18
00000DF0  57 BC 10 27 C2 C8 3E 37 10 27 A9 43 3E 37 3E 37
00000E00  47 34 0F 3A 0F 3A 47 34 0F 3A B9 CB 47 34 F1 C5
00000E10  24 18 4D 4A 78 23 9C 45 4D 4A DC E7 9C 45 88 DC
00000E20  D5 F7 B2 4D 2B 08 B2 4D B2 4D 2B 08 B2 4D D5 F7
00000E30  F0 D8 A9 43 C8 EB 77 4B A9 43 10 27 77 4B 38 14
00000E40  34 3F EC 2D A9 43 10 27 EC 2D CC C0 10 27 57 BC
00000E50  EC 2D 34 3F 3E 37 3E 37 34 3F 14 D2 3E 37 C2 C8
00000E60  24 18 4D 4A 10 27 A9 43 4D 4A DC E7 A9 43 F0 D8
00000E70  00 00 20 4E 38 14 77 4B 20 4E 00 00 77 4B C8 EB
00000E80  5F 47 C7 1F 4D 4A 24 18 C7 1F A1 B8 24 18 B3 B5
00000E90  34 3F EC 2D 9C 45 78 23 EC 2D CC C0 78 23 64 BA
00000EA0  47 34 0F 3A 34 3F EC 2D 0F 3A B9 CB EC 2D CC C0
00000EB0  10 27 A9 43 3E 37 3E 37 A9 43 F0 D8 3E 37 C2 C8
00000EC0  6B 4C 3E 10 B2 4D 2B 08 3E 10 95 B3 2B 08 4E B2
00000ED0  4D 4A 24 18 2A 4D 39 0C 24 18 B3 B5 39 0C D6 B2
00000EE0  5F 47 C7 1F 6B 4C 3E 10 C7 1F A1 B8 3E 10 95 B3
00000EF0  A9 43 10 27 77 4B 38 14 10 27 57 BC 38 14 89 B4
00000F00  20 4E 00 00 B2 4D D5 F7 00 00 E0 B1 D5 F7 4E B2
00000F10  20 4E 00 00 2A 4D C7 F3 00 00 E0 B1 C7 F3 D6 B2
00000F20  20 4E 00 00 6B 4C C2 EF 00 00 E0 B1 C2 EF 95 B3
00000F30  20 4E 00 00 77 4B C8 EB 00 00 E0 B1 C8 EB 89 B4
00000F40  6B 4C C2 EF 4D 4A DC E7 C2 EF 95 B3 DC E7 B3 B5
00000F50  4D 4A DC E7 9C 45 88 DC DC E7 B3 B5 88 DC 64 BA
00000F60  5F 47 39 E0 34 3F 14 D2 39 E0 A1 B8 14 D2 CC C0
00000F70  A9 43 F0 D8 3E 37 C2 C8 F0 D8 57 BC C2 C8 C2 C8
00000F80  5F 47 39 E0 A9 43 F0 D8 39 E0 A1 B8 F0 D8 57 BC
00000F90  34 3F 14 D2 3E 37 C2 C8 14 D2 CC C0 C2 C8 C2 C8
00000FA0  47 34 F1 C5 10 27 57 BC F1 C5 B9 CB 57 BC F0 D8
00000FB0  10 27 57 BC 38 14 89 B4 57 BC F0 D8 89 B4 C8 EB
00000FC0  34 3F 14 D2 0F 3A B9 CB 14 D2 CC C0 B9 CB F1 C5
00000FD0  EC 2D CC C0 78 23 64 BA CC C0 14 D2 64 BA 88 DC
00000FE0  24 18 B3 B5 2B 08 4E B2 B3 B5 DC E7 4E B2 D5 F7
00000FF0  00 00 E0 B1 C8 EB 89 B4 E0 B1 00 00 89 B4 38 14
00001000  47 34 F1 C5 EC 2D CC C0 F1 C5 B9 CB CC C0 14 D2
00001010  24 18 B3 B5 39 0C D6 B2 B3 B5 DC E7 D6 B2 C7 F3
00001020  D5 F7 4E B2 DC E7 B3 B5 4E B2 2B 08 B3 B5 24 18
00001030  F0 D8 57 BC C2 C8 C2 C8 57 BC 10 27 C2 C8 3E 37
00001040  10 27 57 BC C7 1F A1 B8 57 BC F0 D8 A1 B8 39 E0
00001050  00 00 E0 B1 C7 F3 D6 B2 E0 B1 00 00 D6 B2 39 0C
00001060  F0 D8 57 BC B9 CB F1 C5 57 BC 10 27 F1 C5 47 34
00001070  57 BC F0 D8 89 B4 C8 EB F0 D8 A9 43 C8 EB 77 4B
00001080  24 18 B3 B5 3E 10 95 B3 B3 B5 DC E7 95 B3 C2 EF
00001090  DC E7 B3 B5 88 DC 64 BA B3 B5 24 18 64 BA 78 23
000010A0  CC C0 14 D2 A1 B8 39 E0 14 D2 34 3F 39 E0 5F 47
000010B0  E0 B1 00 00 89 B4 38 14 00 00 20 4E 38 14 77 4B
000010C0  2B 08 4E B2 00 00 E0 B1 4E B2 D5 F7 E0 B1 00 00
000010D0  14 D2 CC C0 C2 C8 C2 C8 CC C0 EC 2D C2 C8 3E 37
000010E0  95 B3 C2 EF E0 B1 00 00 C2 EF 6B 4C 00 00 20 4E
000010F0  57 BC 10 27 C2 C8 3E 37 10 27 A9 43 3E 37 3E 37
00001100  D5 F7 4E B2 C2 EF 95 B3 4E B2 2B 08 95 B3 3E 10
00001110  CC C0 14 D2 64 BA 88 DC 14 D2 34 3F 88 DC 9C 45
00001120  95 B3 3E 10 A1 B8 C7 1F 3E 10 6B 4C C7 1F 5F 47
00001130  F0 D8 A9 43 C8 EB 77 4B A9 43 10 27 77 4B 38 14
00001140  DC E7 B3 B5 39 E0 A1 B8 B3 B5 24 18 A1 B8 C7 1F
00001150  B3 B5 DC E7 D6 B2 C7 F3 DC E7 4D 4A C7 F3 2A 4D
00001160  CC C0 EC 2D B9 CB 0F 3A EC 2D 34 3F 0F 3A 47 34
00001170  00 00 20 4E 38 14 77 4B 20 4E 00 00 77 4B C8 EB
00001180  F0 D8 57 BC 14 D2 CC C0 57 BC 10 27 CC C0 EC 2D
00001190  E0 B1 00 00 D6 B2 39 0C 00 00 20 4E 39 0C 2A 4D
000011A0  F0 D8 A9 43 DC E7 4D 4A A9 43 10 27 4D 4A 24 18
000011B0  10 27 A9 43 3E 37 3E 37 A9 43 F0 D8 3E 37 C2 C8
000011C0  B9 CB F1 C5 F1 C5 B9 CB F1 C5 47 34 B9 CB 0F 3A
000011D0  B3 B5 24 18 64 BA 78 23 24 18 4D 4A 78 23 9C 45
000011E0  D5 F7 B2 4D 2B 08 B2 4D B2 4D 2B 08 B2 4D D5 F7
000011F0  A9 43 10 27 77 4B 38 14 10 27 57 BC 38 14 89 B4
00001200  CC C0 14 D2 57 BC F0 D8 14 D2 34 3F F0 D8 A9 43
00001210  CC C0 EC 2D C2 C8 3E 37 EC 2D 34 3F 3E 37 3E 37
00001220  24 18 4D 4A 10 27 A9 43 4D 4A DC E7 A9 43 F0 D8
00001230  20 4E 00 00 77 4B C8 EB 00 00 E0 B1 C8 EB 89 B4
00001240  A1 B8 39 E0 B3 B5 DC E7 39 E0 5F 47 DC E7 4D 4A
00001250  14 D2 34 3F 88 DC 9C 45 34 3F EC 2D 9C 45 78 23
00001260  47 34 0F 3A 34 3F EC 2D 0F 3A B9 CB EC 2D CC C0
00001270  A9 43 F0 D8 3E 37 C2 C8 F0 D8 57 BC C2 C8 C2 C8
00001280  95 B3 C2 EF 4E B2 D5 F7 C2 EF 6B 4C D5 F7 B2 4D
00001290  DC E7 4D 4A C7 F3 2A 4D 4D 4A 24 18 2A 4D 39 0C
000012A0  5F 47 C7 1F 6B 4C 3E 10 C7 1F A1 B8 3E 10 95 B3
000012B0  10 27 57 BC 38 14 89 B4 57 BC F0 D8 89 B4 C8 EB
000012C0  E0 B1 00 00 4E B2 2B 08 00 00 20 4E 2B 08 B2 4D
000012D0  00 00 20 4E 39 0C 2A 4D 20 4E 00 00 2A 4D C7 F3
000012E0  20 4E 00 00 6B 4C C2 EF 00 00 E0 B1 C2 EF 95 B3
000012F0  00 00 E0 B1 C8 EB 89 B4 E0 B1 00 00 89 B4 38 14
00001300  95 B3 3E 10 B3 B5 24 18 3E 10 6B 4C 24 18 4D 4A
00001310  24 18 4D 4A 78 23 9C 45 4D 4A DC E7 9C 45 88 DC
00001320  5F 47 39 E0 34 3F 14 D2 39 E0 A1 B8 14 D2 CC C0
00001330  F0 D8 57 BC C2 C8 C2 C8 57 BC 10 27 C2 C8 3E 37
00001340  A1 B8 C7 1F 57 BC 10 27 C7 1F 5F 47 10 27 A9 43
00001350  EC 2D 34 3F 3E 37 3E 37 34 3F 14 D2 3E 37 C2 C8
00001360  47 34 F1 C5 10 27 57 BC F1 C5 B9 CB 57 BC F0 D8
00001370  57 BC F0 D8 89 B4 C8 EB F0 D8 A9 43 C8 EB 77 4B
00001380  CC C0 EC 2D F1 C5 47 34 EC 2D 34 3F 47 34 0F 3A
00001390  34 3F EC 2D 9C 45 78 23 EC 2D CC C0 78 23 64 BA
000013A0  24 18 B3 B5 2B 08 4E B2 B3 B5 DC E7 4E B2 D5 F7
000013B0  E0 B1 00 00 89 B4 38 14 00 00 20 4E 38 14 77 4B
000013C0  B9 CB 0F 3A 14 D2 34 3F 0F 3A 47 34 34 3F EC 2D
000013D0  4D 4A 24 18 2A 4D 39 0C 24 18 B3 B5 39 0C D6 B2
000013E0  D5 F7 4E B2 DC E7 B3 B5 4E B2 2B 08 B3 B5 24 18
000013F0  57 BC 10 27 C2 C8 3E 37 10 27 A9 43 3E 37 3E 37
00001400  F0 D8 A9 43 39 E0 5F 47 A9 43 10 27 5F 47 C7 1F
00001410  20 4E 00 00 2A 4D C7 F3 00 00 E0 B1 C7 F3 D6 B2
00001420  F0 D8 57 BC B9 CB F1 C5 57 BC 10 27 F1 C5 47 34
00001430  F0 D8 A9 43 C8 EB 77 4B A9 43 10 27 77 4B 38 14
00001440  DC E7 4D 4A C2 EF 6B 4C 4D 4A 24 18 6B 4C 3E 10
00001450  4D 4A DC E7 9C 45 88 DC DC E7 B3 B5 88 DC 64 BA
00001460  CC C0 14 D2 A1 B8 39 E0 14 D2 34 3F 39 E0 5F 47
00001470  00 00 20 4E 38 14 77 4B 20 4E 00 00 77 4B C8 EB
00001480  D5 F7 B2 4D 00 00 20 4E B2 4D 2B 08 20 4E 00 00
00001490  34 3F 14 D2 3E 37 C2 C8 14 D2 CC C0 C2 C8 C2 C8
000014A0  95 B3 C2 EF E0 B1 00 00 C2 EF 6B 4C 00 00 20 4E
000014B0  10 27 A9 43 3E 37 3E 37 A9 43 F0 D8 3E 37 C2 C8
000014C0  2B 08 B2 4D 3E 10 6B 4C B2 4D D5 F7 6B 4C C2 EF
000014D0  EC 2D CC C0 78 23 64 BA CC C0 14 D2 64 BA 88 DC
000014E0  95 B3 3E 10 A1 B8 C7 1F 3E 10 6B 4C C7 1F 5F 47
000014F0  A9 43 10 27 77 4B 38 14 10 27 57 BC 38 14 89 B4
00001500  24 18 4D 4A C7 1F 5F 47 4D 4A DC E7 5F 47 39 E0
00001510  24 18 B3 B5 39 0C D6 B2 B3 B5 DC E7 D6 B2 C7 F3
00001520  CC C0 EC 2D B9 CB 0F 3A EC 2D 34 3F 0F 3A 47 34
00001530  20 4E 00 00 77 4B C8 EB 00 00 E0 B1 C8 EB 89 B4
00001540  10 27 A9 43 EC 2D 34 3F A9 43 F0 D8 34 3F 14 D2
00001550  00 00 E0 B1 C7 F3 D6 B2 E0 B1 00 00 D6 B2 39 0C
00001560  F0 D8 A9 43 DC E7 4D 4A A9 43 10 27 4D 4A 24 18
00001570  A9 43 F0 D8 3E 37 C2 C8 F0 D8 57 BC C2 C8 C2 C8
00001580  47 34 0F 3A 0F 3A 47 34 0F 3A B9 CB 47 34 F1 C5
00001590  DC E7 B3 B5 88 DC 64 BA B3 B5 24 18 64 BA 78 23
000015A0  D5 F7 B2 4D 2B 08 B2 4D B2 4D 2B 08 B2 4D D5 F7
000015B0  10 27 57 BC 38 14 89 B4 57 BC F0 D8 89 B4 C8 EB
000015C0  34 3F EC 2D A9 43 10 27 EC 2D CC C0 10 27 57 BC
000015D0  14 D2 CC C0 C2 C8 C2 C8 CC C0 EC 2D C2 C8 3E 37
000015E0  24 18 4D 4A 10 27 A9 43 4D 4A DC E7 A9 43 F0 D8
000015F0  00 00 E0 B1 C8 EB 89 B4 E0 B1 00 00 89 B4 38 14
00001600  5F 47 C7 1F 4D 4A 24 18 C7 1F A1 B8 24 18 B3 B5
00001610  CC C0 14 D2 64 BA 88 DC 14 D2 34 3F 88 DC 9C 45
00001620  47 34 0F 3A 34 3F EC 2D 0F 3A B9 CB EC 2D CC C0
00001630  F0 D8 57 BC C2 C8 C2 C8 57 BC 10 27 C2 C8 3E 37
00001640  6B 4C 3E 10 B2 4D 2B 08 3E 10 95 B3 2B 08 4E B2
00001650  B3 B5 DC E7 D6 B2 C7 F3 DC E7 4D 4A C7 F3 2A 4D
00001660  5F 47 C7 1F 6B 4C 3E 10 C7 1F A1 B8 3E 10 95 B3
00001670  57 BC F0 D8 89 B4 C8 EB F0 D8 A9 43 C8 EB 77 4B
00001680  20 4E 00 00 B2 4D D5 F7 00 00 E0 B1 D5 F7 4E B2
00001690  E0 B1 00 00 D6 B2 39 0C 00 00 20 4E 39 0C 2A 4D
000016A0  20 4E 00 00 6B 4C C2 EF 00 00 E0 B1 C2 EF 95 B3
000016B0  E0 B1 00 00 89 B4 38 14 00 00 20 4E 38 14 77 4B
000016C0  6B 4C C2 EF 4D 4A DC E7 C2 EF 95 B3 DC E7 B3 B5
000016D0  B3 B5 24 18 64 BA 78 23 24 18 4D 4A 78 23 9C 45
000016E0  5F 47 39 E0 34 3F 14 D2 39 E0 A1 B8 14 D2 CC C0
000016F0  57 BC 10 27 C2 C8 3E 37 10 27 A9 43 3E 37 3E 37
00001700  5F 47 39 E0 A9 43 F0 D8 39 E0 A1 B8 F0 D8 57 BC
00001710  CC C0 EC 2D C2 C8 3E 37 EC 2D 34 3F 3E 37 3E 37
00001720  47 34 F1 C5 10 27 57 BC F1 C5 B9 CB 57 BC F0 D8
00001730  F0 D8 A9 43 C8 EB 77 4B A9 43 10 27 77 4B 38 14
00001740  34 3F 14 D2 0F 3A B9 CB 14 D2 CC C0 B9 CB F1 C5
00001750  14 D2 34 3F 88 DC 9C 45 34 3F EC 2D 9C 45 78 23
00001760  24 18 B3 B5 2B 08 4E B2 B3 B5 DC E7 4E B2 D5 F7
00001770  00 00 20 4E 38 14 77 4B 20 4E 00 00 77 4B C8 EB
00001780  47 34 F1 C5 EC 2D CC C0 F1 C5 B9 CB CC C0 14 D2
00001790  DC E7 4D 4A C7 F3 2A 4D 4D 4A 24 18 2A 4D 39 0C
000017A0  D5 F7 4E B2 DC E7 B3 B5 4E B2 2B 08 B3 B5 24 18
000017B0  10 27 A9 43 3E 37 3E 37 A9 43 F0 D8 3E 37 C2 C8
000017C0  10 27 57 BC C7 1F A1 B8 57 BC F0 D8 A1 B8 39 E0
000017D0  00 00 20 4E 39 0C 2A 4D 20 4E 00 00 2A 4D C7 F3
000017E0  F0 D8 57 BC B9 CB F1 C5 57 BC 10 27 F1 C5 47 34
000017F0  A9 43 10 27 77 4B 38 14 10 27 57 BC 38 14 89 B4
00001800  24 18 B3 B5 3E 10 95 B3 B3 B5 DC E7 95 B3 C2 EF
00001810  24 18 4D 4A 78 23 9C 45 4D 4A DC E7 9C 45 88 DC
00001820  CC C0 14 D2 A1 B8 39 E0 14 D2 34 3F 39 E0 5F 47
00001830  20 4E 00 00 77 4B C8 EB 00 00 E0 B1 C8 EB 89 B4
00001840  2B 08 4E B2 00 00 E0 B1 4E B2 D5 F7 E0 B1 00 00
00001850  EC 2D 34 3F 3E 37 3E 37 34 3F 14 D2 3E 37 C2 C8
00001860  95 B3 C2 EF E0 B1 00 00 C2 EF 6B 4C 00 00 20 4E
00001870  A9 43 F0 D8 3E 37 C2 C8 F0 D8 57 BC C2 C8 C2 C8
00001880  D5 F7 4E B2 C2 EF 95 B3 4E B2 2B 08 95 B3 3E 10
00001890  34 3F EC 2D 9C 45 78 23 EC 2D CC C0 78 23 64 BA
000018A0  95 B3 3E 10 A1 B8 C7 1F 3E 10 6B 4C C7 1F 5F 47
000018B0  10 27 57 BC 38 14 89 B4 57 BC F0 D8 89 B4 C8 EB
000018C0  DC E7 B3 B5 39 E0 A1 B8 B3 B5 24 18 A1 B8 C7 1F
000018D0  4D 4A 24 18 2A 4D 39 0C 24 18 B3 B5 39 0C D6 B2
000018E0  CC C0 EC 2D B9 CB 0F 3A EC 2D 34 3F 0F 3A 47 34
000018F0  00 00 E0 B1 C8 EB 89 B4 E0 B1 00 00 89 B4 38 14
00001900  F0 D8 57 BC 14 D2 CC C0 57 BC 10 27 CC C0 EC 2D
00001910  20 4E 00 00 2A 4D C7 F3 00 00 E0 B1 C7 F3 D6 B2
00001920  F0 D8 A9 43 DC E7 4D 4A A9 43 10 27 4D 4A 24 18
00001930  F0 D8 57 BC C2 C8 C2 C8 57 BC 10 27 C2 C8 3E 37
00001940  B9 CB F1 C5 F1 C5 B9 CB F1 C5 47 34 B9 CB 0F 3A
00001950  4D 4A DC E7 9C 45 88 DC DC E7 B3 B5 88 DC 64 BA
00001960  D5 F7 B2 4D 2B 08 B2 4D B2 4D 2B 08 B2 4D D5 F7
00001970  57 BC F0 D8 89 B4 C8 EB F0 D8 A9 43 C8 EB 77 4B
00001980  CC C0 14 D2 57 BC F0 D8 14 D2 34 3F F0 D8 A9 43
00001990  34 3F 14 D2 3E 37 C2 C8 14 D2 CC C0 C2 C8 C2 C8
000019A0  24 18 4D 4A 10 27 A9 43 4D 4A DC E7 A9 43 F0 D8
000019B0  E0 B1 00 00 89 B4 38 14 00 00 20 4E 38 14 77 4B
000019C0  A1 B8 39 E0 B3 B5 DC E7 39 E0 5F 47 DC E7 4D 4A
000019D0  EC 2D CC C0 78 23 64 BA CC C0 14 D2 64 BA 88 DC
000019E0  47 34 0F 3A 34 3F EC 2D 0F 3A B9 CB EC 2D CC C0
000019F0  57 BC 10 27 C2 C8 3E 37 10 27 A9 43 3E 37 3E 37
00001A00  95 B3 C2 EF 4E B2 D5 F7 C2 EF 6B 4C D5 F7 B2 4D
00001A10  24 18 B3 B5 39 0C D6 B2 B3 B5 DC E7 D6 B2 C7 F3
00001A20  5F 47 C7 1F 6B 4C 3E 10 C7 1F A1 B8 3E 10 95 B3
00001A30  F0 D8 A9 43 C8 EB 77 4B A9 43 10 27 77 4B 38 14
00001A40  E0 B1 00 00 4E B2 2B 08 00 00 20 4E 2B 08 B2 4D
00001A50  00 00 E0 B1 C7 F3 D6 B2 E0 B1 00 00 D6 B2 39 0C
00001A60  20 4E 00 00 6B 4C C2 EF 00 00 E0 B1 C2 EF 95 B3
00001A70  00 00 20 4E 38 14 77 4B 20 4E 00 00 77 4B C8 EB
00001A80  95 B3 3E 10 B3 B5 24 18 3E 10 6B 4C 24 18 4D 4A
00001A90  DC E7 B3 B5 88 DC 64 BA B3 B5 24 18 64 BA 78 23
00001AA0  5F 47 39 E0 34 3F 14 D2 39 E0 A1 B8 14 D2 CC C0
00001AB0  10 27 A9 43 3E 37 3E 37 A9 43 F0 D8 3E 37 C2 C8
00001AC0  A1 B8 C7 1F 57 BC 10 27 C7 1F 5F 47 10 27 A9 43
00001AD0  14 D2 CC C0 C2 C8 C2 C8 CC C0 EC 2D C2 C8 3E 37
00001AE0  47 34 F1 C5 10 27 57 BC F1 C5 B9 CB 57 BC F0 D8
00001AF0  A9 43 10 27 77 4B 38 14 10 27 57 BC 38 14 89 B4
00001B00  CC C0 EC 2D F1 C5 47 34 EC 2D 34 3F 47 34 0F 3A
00001B10  CC C0 14 D2 64 BA 88 DC 14 D2 34 3F 88 DC 9C 45
00001B20  24 18 B3 B5 2B 08 4E B2 B3 B5 DC E7 4E B2 D5 F7
00001B30  20 4E 00 00 77 4B C8 EB 00 00 E0 B1 C8 EB 89 B4
00001B40  B9 CB 0F 3A 14 D2 34 3F 0F 3A 47 34 34 3F EC 2D
00001B50  B3 B5 DC E7 D6 B2 C7 F3 DC E7 4D 4A C7 F3 2A 4D
00001B60  D5 F7 4E B2 DC E7 B3 B5 4E B2 2B 08 B3 B5 24 18
00001B70  A9 43 F0 D8 3E 37 C2 C8 F0 D8 57 BC C2 C8 C2 C8
00001B80  F0 D8 A9 43 39 E0 5F 47 A9 43 10 27 5F 47 C7 1F
00001B90  E0 B1 00 00 D6 B2 39 0C 00 00 20 4E 39 0C 2A 4D
00001BA0  F0 D8 57 BC B9 CB F1 C5 57 BC 10 27 F1 C5 47 34
00001BB0  10 27 57 BC 38 14 89 B4 57 BC F0 D8 89 B4 C8 EB
00001BC0  DC E7 4D 4A C2 EF 6B 4C 4D 4A 24 18 6B 4C 3E 10
00001BD0  B3 B5 24 18 64 BA 78 23 24 18 4D 4A 78 23 9C 45
00001BE0  CC C0 14 D2 A1 B8 39 E0 14 D2 34 3F 39 E0 5F 47
00001BF0  00 00 E0 B1 C8 EB 89 B4 E0 B1 00 00 89 B4 38 14
00001C00  D5 F7 B2 4D 00 00 20 4E B2 4D 2B 08 20 4E 00 00
00001C10  CC C0 EC 2D C2 C8 3E 37 EC 2D 34 3F 3E 37 3E 37
00001C20  95 B3 C2 EF E0 B1 00 00 C2 EF 6B 4C 00 00 20 4E
00001C30  F0 D8 57 BC C2 C8 C2 C8 57 BC 10 27 C2 C8 3E 37
00001C40  2B 08 B2 4D 3E 10 6B 4C B2 4D D5 F7 6B 4C C2 EF
00001C50  14 D2 34 3F 88 DC 9C 45 34 3F EC 2D 9C 45 78 23
00001C60  95 B3 3E 10 A1 B8 C7 1F 3E 10 6B 4C C7 1F 5F 47
00001C70  57 BC F0 D8 89 B4 C8 EB F0 D8 A9 43 C8 EB 77 4B
00001C80  24 18 4D 4A C7 1F 5F 47 4D 4A DC E7 5F 47 39 E0
00001C90  DC E7 4D 4A C7 F3 2A 4D 4D 4A 24 18 2A 4D 39 0C
00001CA0  CC C0 EC 2D B9 CB 0F 3A EC 2D 34 3F 0F 3A 47 34
00001CB0  E0 B1 00 00 89 B4 38 14 00 00 20 4E 38 14 77 4B
00001CC0  10 27 A9 43 EC 2D 34 3F A9 43 F0 D8 34 3F 14 D2
00001CD0  00 00 20 4E 39 0C 2A 4D 20 4E 00 00 2A 4D C7 F3
00001CE0  F0 D8 A9 43 DC E7 4D 4A A9 43 10 27 4D 4A 24 18
00001CF0  57 BC 10 27 C2 C8 3E 37 10 27 A9 43 3E 37 3E 37
00001D00  47 34 0F 3A 0F 3A 47 34 0F 3A B9 CB 47 34 F1 C5
00001D10  24 18 4D 4A 78 23 9C 45 4D 4A DC E7 9C 45 88 DC
00001D20  D5 F7 B2 4D 2B 08 B2 4D B2 4D 2B 08 B2 4D D5 F7
00001D30  F0 D8 A9 43 C8 EB 77 4B A9 43 10 27 77 4B 38 14
00001D40  34 3F EC 2D A9 43 10 27 EC 2D CC C0 10 27 57 BC
00001D50  EC 2D 34 3F 3E 37 3E 37 34 3F 14 D2 3E 37 C2 C8
00001D60  24 18 4D 4A 10 27 A9 43 4D 4A DC E7 A9 43 F0 D8
00001D70  00 00 20 4E 38 14 77 4B 20 4E 00 00 77 4B C8 EB
00001D80  5F 47 C7 1F 4D 4A 24 18 C7 1F A1 B8 24 18 B3 B5
00001D90  34 3F EC 2D 9C 45 78 23 EC 2D CC C0 78 23 64 BA
00001DA0  47 34 0F 3A 34 3F EC 2D 0F 3A B9 CB EC 2D CC C0
00001DB0  10 27 A9 43 3E 37 3E 37 A9 43 F0 D8 3E 37 C2 C8
00001DC0  6B 4C 3E 10 B2 4D 2B 08 3E 10 95 B3 2B 08 4E B2
00001DD0  4D 4A 24 18 2A 4D 39 0C 24 18 B3 B5 39 0C D6 B2
00001DE0  5F 47 C7 1F 6B 4C 3E 10 C7 1F A1 B8 3E 10 95 B3
00001DF0  A9 43 10 27 77 4B 38 14 10 27 57 BC 38 14 89 B4
00001E00  20 4E 00 00 B2 4D D5 F7 00 00 E0 B1 D5 F7 4E B2
00001E10  20 4E 00 00 2A 4D C7 F3 00 00 E0 B1 C7 F3 D6 B2
00001E20  20 4E 00 00 6B 4C C2 EF 00 00 E0 B1 C2 EF 95 B3
00001E30  20 4E 00 00 77 4B C8 EB 00 00 E0 B1 C8 EB 89 B4
00001E40  6B 4C C2 EF 4D 4A DC E7 C2 EF 95 B3 DC E7 B3 B5
00001E50  4D 4A DC E7 9C 45 88 DC DC E7 B3 B5 88 DC 64 BA
00001E60  5F 47 39 E0 34 3F 14 D2 39 E0 A1 B8 14 D2 CC C0
00001E70  A9 43 F0 D8 3E 37 C2 C8 F0 D8 57 BC C2 C8 C2 C8
00001E80  5F 47 39 E0 A9 43 F0 D8 39 E0 A1 B8 F0 D8 57 BC
00001E90  34 3F 14 D2 3E 37 C2 C8 14 D2 CC C0 C2 C8 C2 C8
00001EA0  47 34 F1 C5 10 27 57 BC F1 C5 B9 CB 57 BC F0 D8
00001EB0  10 27 57 BC 38 14 89 B4 57 BC F0 D8 89 B4 C8 EB
00001EC0  34 3F 14 D2 0F 3A B9 CB 14 D2 CC C0 B9 CB F1 C5
00001ED0  EC 2D CC C0 78 23 64 BA CC C0 14 D2 64 BA 88 DC
00001EE0  24 18 B3 B5 2B 08 4E B2 B3 B5 DC E7 4E B2 D5 F7
00001EF0  00 00 E0 B1 C8 EB 89 B4 E0 B1 00 00 89 B4 38 14
00001F00  47 34 F1 C5 EC 2D CC C0 F1 C5 B9 CB CC C0 14 D2
00001F10  24 18 B3 B5 39 0C D6 B2 B3 B5 DC E7 D6 B2 C7 F3
00001F20  D5 F7 4E B2 DC E7 B3 B5 4E B2 2B 08 B3 B5 24 18
00001F30  F0 D8 57 BC C2 C8 C2 C8 57 BC 10 27 C2 C8 3E 37
00001F40  10 27 57 BC C7 1F A1 B8 57 BC F0 D8 A1 B8 39 E0
00001F50  00 00 E0 B1 C7 F3 D6 B2 E0 B1 00 00 D6 B2 39 0C
00001F60  F0 D8 57 BC B9 CB F1 C5 57 BC 10 27 F1 C5 47 34
00001F70  57 BC F0 D8 89 B4 C8 EB F0 D8 A9 43 C8 EB 77 4B
00001F80  24 18 B3 B5 3E 10 95 B3 B3 B5 DC E7 95 B3 C2 EF
00001F90  DC E7 B3 B5 88 DC 64 BA B3 B5 24 18 64 BA 78 23
00001FA0  CC C0 14 D2 A1 B8 39 E0 14 D2 34 3F 39 E0 5F 47
00001FB0  E0 B1 00 00 89 B4 38 14 00 00 20 4E 38 14 77 4B
00001FC0  2B 08 4E B2 00 00 E0 B1 4E B2 D5 F7 E0 B1 00 00
00001FD0  14 D2 CC C0 C2 C8 C2 C8 CC C0 EC 2D C2 C8 3E 37
00001FE0  95 B3 C2 EF E0 B1 00 00 C2 EF 6B 4C 00 00 20 4E
00001FF0  57 BC 10 27 C2 C8 3E 37 10 27 A9 43 3E 37 3E 37
00002000  D5 F7 4E B2 C2 EF 95 B3 4E B2 2B 08 95 B3 3E 10
00002010  CC C0 14 D2 64 BA 88 DC 14 D2 34 3F 88 DC 9C 45
00002020  95 B3 3E 10 A1 B8 C7 1F 3E 10 6B 4C C7 1F 5F 47
00002030  F0 D8 A9 43 C8 EB 77 4B A9 43 10 27 77 4B 38 14
00002040  DC E7 B3 B5 39 E0 A1 B8 B3 B5 24 18 A1 B8 C7 1F
00002050  B3 B5 DC E7 D6 B2 C7 F3 DC E7 4D 4A C7 F3 2A 4D
00002060  CC C0 EC 2D B9 CB 0F 3A EC 2D 34 3F 0F 3A 47 34
00002070  00 00 20 4E 38 14 77 4B 20 4E 00 00 77 4B C8 EB
00002080  F0 D8 57 BC 14 D2 CC C0 57 BC 10 27 CC C0 EC 2D
00002090  E0 B1 00 00 D6 B2 39 0C 00 00 20 4E 39 0C 2A 4D
000020A0  F0 D8 A9 43 DC E7 4D 4A A9 43 10 27 4D 4A 24 18
000020B0  10 27 A9 43 3E 37 3E 37 A9 43 F0 D8 3E 37 C2 C8
000020C0  B9 CB F1 C5 F1 C5 B9 CB F1 C5 47 34 B9 CB 0F 3A
000020D0  B3 B5 24 18 64 BA 78 23 24 18 4D 4A 78 23 9C 45
000020E0  D5 F7 B2 4D 2B 08 B2 4D B2 4D 2B 08 B2 4D D5 F7
000020F0  A9 43 10 27 77 4B 38 14 10 27 57 BC 38 14 89 B4
00002100  CC C0 14 D2 57 BC F0 D8 14 D2 34 3F F0 D8 A9 43
00002110  CC C0 EC 2D C2 C8 3E 37 EC 2D 34 3F 3E 37 3E 37
00002120  24 18 4D 4A 10 27 A9 43 4D 4A DC E7 A9 43 F0 D8
00002130  20 4E 00 00 77 4B C8 EB 00 00 E0 B1 C8 EB 89 B4
00002140  A1 B8 39 E0 B3 B5 DC E7 39 E0 5F 47 DC E7 4D 4A
00002150  14 D2 34 3F 88 DC 9C 45 34 3F EC 2D 9C 45 78 23
00002160  47 34 0F 3A 34 3F EC 2D 0F 3A B9 CB EC 2D CC C0
00002170  A9 43 F0 D8 3E 37 C2 C8 F0 D8 57 BC C2 C8 C2 C8
00002180  95 B3 C2 EF 4E B2 D5 F7 C2 EF 6B 4C D5 F7 B2 4D
00002190  DC E7 4D 4A C7 F3 2A 4D 4D 4A 24 18 2A 4D 39 0C
000021A0  5F 47 C7 1F 6B 4C 3E 10 C7 1F A1 B8 3E 10 95 B3
000021B0  10 27 57 BC 38 14 89 B4 57 BC F0 D8 89 B4 C8 EB
000021C0  E0 B1 00 00 4E B2 2B 08 00 00 20 4E 2B 08 B2 4D
000021D0  00 00 20 4E 39 0C 2A 4D 20 4E 00 00 2A 4D C7 F3
000021E0  20 4E 00 00 6B 4C C2 EF 00 00 E0 B1 C2 EF 95 B3
000021F0  00 00 E0 B1 C8 EB 89 B4 E0 B1 00 00 89 B4 38 14
00002200  95 B3 3E 10 B3 B5 24 18 3E 10 6B 4C 24 18 4D 4A
00002210  24 18 4D 4A 78 23 9C 45 4D 4A DC E7 9C 45 88 DC
00002220  5F 47 39 E0 34 3F 14 D2 39 E0 A1 B8 14 D2 CC C0
00002230  F0 D8 57 BC C2 C8 C2 C8 57 BC 10 27 C2 C8 3E 37
00002240  A1 B8 C7 1F 57 BC 10 27 C7 1F 5F 47 10 27 A9 43
00002250  EC 2D 34 3F 3E 37 3E 37 34 3F 14 D2 3E 37 C2 C8
00002260  47 34 F1 C5 10 27 57 BC F1 C5 B9 CB 57 BC F0 D8
00002270  57 BC F0 D8 89 B4 C8 EB F0 D8 A9 43 C8 EB 77 4B
00002280  CC C0 EC 2D F1 C5 47 34 EC 2D 34 3F 47 34 0F 3A
00002290  34 3F EC 2D 9C 45 78 23 EC 2D CC C0 78 23 64 BA
000022A0  24 18 B3 B5 2B 08 4E B2 B3 B5 DC E7 4E B2 D5 F7
000022B0  E0 B1 00 00 89 B4 38 14 00 00 20 4E 38 14 77 4B
000022C0  B9 CB 0F 3A 14 D2 34 3F 0F 3A 47 34 34 3F EC 2D
000022D0  4D 4A 24 18 2A 4D 39 0C 24 18 B3 B5 39 0C D6 B2
000022E0  D5 F7 4E B2 DC E7 B3 B5 4E B2 2B 08 B3 B5 24 18
000022F0  57 BC 10 27 C2 C8 3E 37 10 27 A9 43 3E 37 3E 37
00002300  F0 D8 A9 43 39 E0 5F 47 A9 43 10 27 5F 47 C7 1F
00002310  20 4E 00 00 2A 4D C7 F3 00 00 E0 B1 C7 F3 D6 B2
00002320  F0 D8 57 BC B9 CB F1 C5 57 BC 10 27 F1 C5 47 34
00002330  F0 D8 A9 43 C8 EB 77 4B A9 43 10 27 77 4B 38 14
00002340  DC E7 4D 4A C2 EF 6B 4C 4D 4A 24 18 6B 4C 3E 10
00002350  4D 4A DC E7 9C 45 88 DC DC E7 B3 B5 88 DC 64 BA
00002360  CC C0 14 D2 A1 B8 39 E0 14 D2 34 3F 39 E0 5F 47
00002370  00 00 20 4E 38 14 77 4B 20 4E 00 00 77 4B C8 EB
00002380  D5 F7 B2 4D 00 00 20 4E B2 4D 2B 08 20 4E 00 00
00002390  34 3F 14 D2 3E 37 C2 C8 14 D2 CC C0 C2 C8 C2 C8
000023A0  95 B3 C2 EF E0 B1 00 00 C2 EF 6B 4C 00 00 20 4E
000023B0  10 27 A9 43 3E 37 3E 37 A9 43 F0 D8 3E 37 C2 C8
000023C0  2B 08 B2 4D 3E 10 6B 4C B2 4D D5 F7 6B 4C C2 EF
000023D0  EC 2D CC C0 78 23 64 BA CC C0 14 D2 64 BA 88 DC
000023E0  95 B3 3E 10 A1 B8 C7 1F 3E 10 6B 4C C7 1F 5F 47
000023F0  A9 43 10 27 77 4B 38 14 10 27 57 BC 38 14 89 B4
00002400  24 18 4D 4A C7 1F 5F 47 4D 4A DC E7 5F 47 39 E0
00002410  24 18 B3 B5 39 0C D6 B2 B3 B5 DC E7 D6 B2 C7 F3
00002420  CC C0 EC 2D B9 CB 0F 3A EC 2D 34 3F 0F 3A 47 34
00002430  20 4E 00 00 77 4B C8 EB 00 00 E0 B1 C8 EB 89 B4
00002440  10 27 A9 43 EC 2D 34 3F A9 43 F0 D8 34 3F 14 D2
00002450  00 00 E0 B1 C7 F3 D6 B2 E0 B1 00 00 D6 B2 39 0C
00002460  F0 D8 A9 43 DC E7 4D 4A A9 43 10 27 4D 4A 24 18
00002470  A9 43 F0 D8 3E 37 C2 C8 F0 D8 57 BC C2 C8 C2 C8
00002480  47 34 0F 3A 0F 3A 47 34 0F 3A B9 CB 47 34 F1 C5
00002490  DC E7 B3 B5 88 DC 64 BA B3 B5 24 18 64 BA 78 23
000024A0  D5 F7 B2 4D 2B 08 B2 4D B2 4D 2B 08 B2 4D D5 F7
000024B0  10 27 57 BC 38 14 89 B4 57 BC F0 D8 89 B4 C8 EB
000024C0  34 3F EC 2D A9 43 10 27 EC 2D CC C0 10 27 57 BC
000024D0  14 D2 CC C0 C2 C8 C2 C8 CC C0 EC 2D C2 C8 3E 37
000024E0  24 18 4D 4A 10 27 A9 43 4D 4A DC E7 A9 43 F0 D8
000024F0  00 00 E0 B1 C8 EB 89 B4 E0 B1 00 00 89 B4 38 14
00002500  5F 47 C7 1F 4D 4A 24 18 C7 1F A1 B8 24 18 B3 B5
00002510  CC C0 14 D2 64 BA 88 DC 14 D2 34 3F 88 DC 9C 45
00002520  47 34 0F 3A 34 3F EC 2D 0F 3A B9 CB EC 2D CC C0
00002530  F0 D8 57 BC C2 C8 C2 C8 57 BC 10 27 C2 C8 3E 37
00002540  6B 4C 3E 10 B2 4D 2B 08 3E 10 95 B3 2B 08 4E B2
00002550  B3 B5 DC E7 D6 B2 C7 F3 DC E7 4D 4A C7 F3 2A 4D
00002560  5F 47 C7 1F 6B 4C 3E 10 C7 1F A1 B8 3E 10 95 B3
00002570  57 BC F0 D8 89 B4 C8 EB F0 D8 A9 43 C8 EB 77 4B
00002580  20 4E 00 00 B2 4D D5 F7 00 00 E0 B1 D5 F7 4E B2
00002590  E0 B1 00 00 D6 B2 39 0C 00 00 20 4E 39 0C 2A 4D
000025A0  20 4E 00 00 6B 4C C2 EF 00 00 E0 B1 C2 EF 95 B3
000025B0  E0 B1 00 00 89 B4 38 14 00 00 20 4E 38 14 77 4B
000025C0  6B 4C C2 EF 4D 4A DC E7 C2 EF 95 B3 DC E7 B3 B5
000025D0  B3 B5 24 18 64 BA 78 23 24 18 4D 4A 78 23 9C 45
000025E0  5F 47 39 E0 34 3F 14 D2 39 E0 A1 B8 14 D2 CC C0
000025F0  57 BC 10 27 C2 C8 3E 37 10 27 A9 43 3E 37 3E 37
00002600  5F 47 39 E0 A9 43 F0 D8 39 E0 A1 B8 F0 D8 57 BC
00002610  CC C0 EC 2D C2 C8 3E 37 EC 2D 34 3F 3E 37 3E 37
00002620  47 34 F1 C5 10 27 57 BC F1 C5 B9 CB 57 BC F0 D8
00002630  F0 D8 A9 43 C8 EB 77 4B A9 43 10 27 77 4B 38 14
00002640  34 3F 14 D2 0F 3A B9 CB 14 D2 CC C0 B9 CB F1 C5
00002650  14 D2 34 3F 88 DC 9C 45 34 3F EC 2D 9C 45 78 23
00002660  24 18 B3 B5 2B 08 4E B2 B3 B5 DC E7 4E B2 D5 F7
00002670  00 00 20 4E 38 14 77 4B 20 4E 00 00 77 4B C8 EB
00002680  47 34 F1 C5 EC 2D CC C0 F1 C5 B9 CB CC C0 14 D2
00002690  DC E7 4D 4A C7 F3 2A 4D 4D 4A 24 18 2A 4D 39 0C
000026A0  D5 F7 4E B2 DC E7 B3 B5 4E B2 2B 08 B3 B5 24 18
000026B0  10 27 A9 43 3E 37 3E 37 A9 43 F0 D8 3E 37 C2 C8
000026C0  10 27 57 BC C7 1F A1 B8 57 BC F0 D8 A1 B8 39 E0
000026D0  00 00 20 4E 39 0C 2A 4D 20 4E 00 00 2A 4D C7 F3
000026E0  F0 D8 57 BC B9 CB F1 C5 57 BC 10 27 F1 C5 47 34
000026F0  A9 43 10 27 77 4B 38 14 10 27 57 BC 38 14 89 B4
00002700  24 18 B3 B5 3E 10 95 B3 B3 B5 DC E7 95 B3 C2 EF
00002710  24 18 4D 4A 78 23 9C 45 4D 4A DC E7 9C 45 88 DC
00002720  CC C0 14 D2 A1 B8 39 E0 14 D2 34 3F 39 E0 5F 47
00002730  20 4E 00 00 77 4B C8 EB 00 00 E0 B1 C8 EB 89 B4
00002740  2B 08 4E B2 00 00 E0 B1 4E B2 D5 F7 E0 B1 00 00
00002750  EC 2D 34 3F 3E 37 3E 37 34 3F 14 D2 3E 37 C2 C8
00002760  95 B3 C2 EF E0 B1 00 00 C2 EF 6B 4C 00 00 20 4E
00002770  A9 43 F0 D8 3E 37 C2 C8 F0 D8 57 BC C2 C8 C2 C8
00002780  D5 F7 4E B2 C2 EF 95 B3 4E B2 2B 08 95 B3 3E 10
00002790  34 3F EC 2D 9C 45 78 23 EC 2D CC C0 78 23 64 BA
000027A0  95 B3 3E 10 A1 B8 C7 1F 3E 10 6B 4C C7 1F 5F 47
000027B0  10 27 57 BC 38 14 89 B4 57 BC F0 D8 89 B4 C8 EB
000027C0  DC E7 B3 B5 39 E0 A1 B8 B3 B5 24 18 A1 B8 C7 1F
000027D0  4D 4A 24 18 2A 4D 39 0C 24 18 B3 B5 39 0C D6 B2
000027E0  CC C0 EC 2D B9 CB 0F 3A EC 2D 34 3F 0F 3A 47 34
000027F0  00 00 E0 B1 C8 EB 89 B4 E0 B1 00 00 89 B4 38 14
00002800  F0 D8 57 BC 14 D2 CC C0 57 BC 10 27 CC C0 EC 2D
00002810  20 4E 00 00 2A 4D C7 F3 00 00 E0 B1 C7 F3 D6 B2
00002820  F0 D8 A9 43 DC E7 4D 4A A9 43 10 27 4D 4A 24 18
00002830  F0 D8 57 BC C2 C8 C2 C8 57 BC 10 27 C2 C8 3E 37
00002840  B9 CB F1 C5 F1 C5 B9 CB F1 C5 47 34 B9 CB 0F 3A
00002850  4D 4A DC E7 9C 45 88 DC DC E7 B3 B5 88 DC 64 BA
00002860  D5 F7 B2 4D 2B 08 B2 4D B2 4D 2B 08 B2 4D D5 F7
00002870  57 BC F0 D8 89 B4 C8 EB F0 D8 A9 43 C8 EB 77 4B
00002880  CC C0 14 D2 57 BC F0 D8 14 D2 34 3F F0 D8 A9 43
00002890  34 3F 14 D2 3E 37 C2 C8 14 D2 CC C0 C2 C8 C2 C8
000028A0  24 18 4D 4A 10 27 A9 43 4D 4A DC E7 A9 43 F0 D8
000028B0  E0 B1 00 00 89 B4 38 14 00 00 20 4E 38 14 77 4B
000028C0  A1 B8 39 E0 B3 B5 DC E7 39 E0 5F 47 DC E7 4D 4A
000028D0  EC 2D CC C0 78 23 64 BA CC C0 14 D2 64 BA 88 DC
000028E0  47 34 0F 3A 34 3F EC 2D 0F 3A B9 CB EC 2D CC C0
000028F0  57 BC 10 27 C2 C8 3E 37 10 27 A9 43 3E 37 3E 37
00002900  95 B3 C2 EF 4E B2 D5 F7 C2 EF 6B 4C D5 F7 B2 4D
00002910  24 18 B3 B5 39 0C D6 B2 B3 B5 DC E7 D6 B2 C7 F3
00002920  5F 47 C7 1F 6B 4C 3E 10 C7 1F A1 B8 3E 10 95 B3
00002930  F0 D8 A9 43 C8 EB 77 4B A9 43 10 27 77 4B 38 14
00002940  E0 B1 00 00 4E B2 2B 08 00 00 20 4E 2B 08 B2 4D
00002950  00 00 E0 B1 C7 F3 D6 B2 E0 B1 00 00 D6 B2 39 0C
00002960  20 4E 00 00 6B 4C C2 EF 00 00 E0 B1 C2 EF 95 B3
00002970  00 00 20 4E 38 14 77 4B 20 4E 00 00 77 4B C8 EB
00002980  95 B3 3E 10 B3 B5 24 18 3E 10 6B 4C 24 18 4D 4A
00002990  DC E7 B3 B5 88 DC 64 BA B3 B5 24 18 64 BA 78 23
000029A0  5F 47 39 E0 34 3F 14 D2 39 E0 A1 B8 14 D2 CC C0
000029B0  10 27 A9 43 3E 37 3E 37 A9 43 F0 D8 3E 37 C2 C8
000029C0  A1 B8 C7 1F 57 BC 10 27 C7 1F 5F 47 10 27 A9 43
000029D0  14 D2 CC C0 C2 C8 C2 C8 CC C0 EC 2D C2 C8 3E 37
000029E0  47 34 F1 C5 10 27 57 BC F1 C5 B9 CB 57 BC F0 D8
000029F0  A9 43 10 27 77 4B 38 14 10 27 57 BC 38 14 89 B4
00002A00  CC C0 EC 2D F1 C5 47 34 EC 2D 34 3F 47 34 0F 3A
00002A10  CC C0 14 D2 64 BA 88 DC 14 D2 34 3F 88 DC 9C 45
00002A20  24 18 B3 B5 2B 08 4E B2 B3 B5 DC E7 4E B2 D5 F7
00002A30  20 4E 00 00 77 4B C8 EB 00 00 E0 B1 C8 EB 89 B4
00002A40  B9 CB 0F 3A 14 D2 34 3F 0F 3A 47 34 34 3F EC 2D
00002A50  B3 B5 DC E7 D6 B2 C7 F3 DC E7 4D 4A C7 F3 2A 4D
00002A60  D5 F7 4E B2 DC E7 B3 B5 4E B2 2B 08 B3 B5 24 18
00002A70  A9 43 F0 D8 3E 37 C2 C8 F0 D8 57 BC C2 C8 C2 C8
00002A80  F0 D8 A9 43 39 E0 5F 47 A9 43 10 27 5F 47 C7 1F
00002A90  E0 B1 00 00 D6 B2 39 0C 00 00 20 4E 39 0C 2A 4D
00002AA0  F0 D8 57 BC B9 CB F1 C5 57 BC 10 27 F1 C5 47 34
00002AB0  10 27 57 BC 38 14 89 B4 57 BC F0 D8 89 B4 C8 EB
00002AC0  DC E7 4D 4A C2 EF 6B 4C 4D 4A 24 18 6B 4C 3E 10
00002AD0  B3 B5 24 18 64 BA 78 23 24 18 4D 4A 78 23 9C 45
00002AE0  CC C0 14 D2 A1 B8 39 E0 14 D2 34 3F 39 E0 5F 47
00002AF0  00 00 E0 B1 C8 EB 89 B4 E0 B1 00 00 89 B4 38 14
00002B00  D5 F7 B2 4D 00 00 20 4E B2 4D 2B 08 20 4E 00 00
00002B10  CC C0 EC 2D C2 C8 3E 37 EC 2D 34 3F 3E 37 3E 37
00002B20  95 B3 C2 EF E0 B1 00 00 C2 EF 6B 4C 00 00 20 4E
00002B30  F0 D8 57 BC C2 C8 C2 C8 57 BC 10 27 C2 C8 3E 37
00002B40  2B 08 B2 4D 3E 10 6B 4C B2 4D D5 F7 6B 4C C2 EF
00002B50  14 D2 34 3F 88 DC 9C 45 34 3F EC 2D 9C 45 78 23
00002B60  95 B3 3E 10 A1 B8 C7 1F 3E 10 6B 4C C7 1F 5F 47
00002B70  57 BC F0 D8 89 B4 C8 EB F0 D8 A9 43 C8 EB 77 4B
00002B80  24 18 4D 4A C7 1F 5F 47 4D 4A DC E7 5F 47 39 E0
00002B90  DC E7 4D 4A C7 F3 2A 4D 4D 4A 24 18 2A 4D 39 0C
00002BA0  CC C0 EC 2D B9 CB 0F 3A EC 2D 34 3F 0F 3A 47 34
00002BB0  E0 B1 00 00 89 B4 38 14 00 00 20 4E 38 14 77 4B
00002BC0  10 27 A9 43 EC 2D 34 3F A9 43 F0 D8 34 3F 14 D2
00002BD0  00 00 20 4E 39 0C 2A 4D 20 4E 00 00 2A 4D C7 F3
00002BE0  F0 D8 A9 43 DC E7 4D 4A A9 43 10 27 4D 4A 24 18
00002BF0  57 BC 10 27 C2 C8 3E 37 10 27 A9 43 3E 37 3E 37
00002C00  47 34 0F 3A 0F 3A 47 34 0F 3A B9 CB 47 34 F1 C5
00002C10  24 18 4D 4A 78 23 9C 45 4D 4A DC E7 9C 45 88 DC
00002C20  D5 F7 B2 4D 2B 08 B2 4D B2 4D 2B 08 B2 4D D5 F7
00002C30  F0 D8 A9 43 C8 EB 77 4B A9 43 10 27 77 4B 38 14
00002C40  34 3F EC 2D A9 43 10 27 EC 2D CC C0 10 27 57 BC
00002C50  EC 2D 34 3F 3E 37 3E 37 34 3F 14 D2 3E 37 C2 C8
00002C60  24 18 4D 4A 10 27 A9 43 4D 4A DC E7 A9 43 F0 D8
00002C70  00 00 20 4E 38 14 77 4B 20 4E 00 00 77 4B C8 EB
00002C80  5F 47 C7 1F 4D 4A 24 18 C7 1F A1 B8 24 18 B3 B5
00002C90  34 3F EC 2D 9C 45 78 23 EC 2D CC C0 78 23 64 BA
00002CA0  47 34 0F 3A 34 3F EC 2D 0F 3A B9 CB EC 2D CC C0
00002CB0  10 27 A9 43 3E 37 3E 37 A9 43 F0 D8 3E 37 C2 C8
00002CC0  6B 4C 3E 10 B2 4D 2B 08 3E 10 95 B3 2B 08 4E B2
00002CD0  4D 4A 24 18 2A 4D 39 0C 24 18 B3 B5 39 0C D6 B2
00002CE0  5F 47 C7 1F 6B 4C 3E 10 C7 1F A1 B8 3E 10 95 B3
00002CF0  A9 43 10 27 77 4B 38 14 10 27 57 BC 38 14 89 B4
00002D00  20 4E 00 00 B2 4D D5 F7 00 00 E0 B1 D5 F7 4E B2
00002D10  20 4E 00 00 2A 4D C7 F3 00 00 E0 B1 C7 F3 D6 B2
00002D20  20 4E 00 00 6B 4C C2 EF 00 00 E0 B1 C2 EF 95 B3
00002D30  20 4E 00 00 77 4B C8 EB 00 00 E0 B1 C8 EB 89 B4
00002D40  6B 4C C2 EF 4D 4A DC E7 C2 EF 95 B3 DC E7 B3 B5
00002D50  4D 4A DC E7 9C 45 88 DC DC E7 B3 B5 88 DC 64 BA
00002D60  5F 47 39 E0 34 3F 14 D2 39 E0 A1 B8 14 D2 CC C0
00002D70  A9 43 F0 D8 3E 37 C2 C8 F0 D8 57 BC C2 C8 C2 C8
00002D80  5F 47 39 E0 A9 43 F0 D8 39 E0 A1 B8 F0 D8 57 BC
00002D90  34 3F 14 D2 3E 37 C2 C8 14 D2 CC C0 C2 C8 C2 C8
00002DA0  47 34 F1 C5 10 27 57 BC F1 C5 B9 CB 57 BC F0 D8
00002DB0  10 27 57 BC 38 14 89 B4 57 BC F0 D8 89 B4 C8 EB
00002DC0  34 3F 14 D2 0F 3A B9 CB 14 D2 CC C0 B9 CB F1 C5
00002DD0  EC 2D CC C0 78 23 64 BA CC C0 14 D2 64 BA 88 DC
00002DE0  24 18 B3 B5 2B 08 4E B2 B3 B5 DC E7 4E B2 D5 F7
00002DF0  00 00 E0 B1 C8 EB 89 B4 E0 B1 00 00 89 B4 38 14
00002E00  47 34 F1 C5 EC 2D CC C0 F1 C5 B9 CB CC C0 14 D2
00002E10  24 18 B3 B5 39 0C D6 B2 B3 B5 DC E7 D6 B2 C7 F3
00002E20  D5 F7 4E B2 DC E7 B3 B5 4E B2 2B 08 B3 B5 24 18
00002E30  F0 D8 57 BC C2 C8 C2 C8 57 BC 10 27 C2 C8 3E 37
00002E40  10 27 57 BC C7 1F A1 B8 57 BC F0 D8 A1 B8 39 E0
00002E50  00 00 E0 B1 C7 F3 D6 B2 E0 B1 00 00 D6 B2 39 0C
00002E60  F0 D8 57 BC B9 CB F1 C5 57 BC 10 27 F1 C5 47 34
00002E70  57 BC F0 D8 89 B4 C8 EB F0 D8 A9 43 C8 EB 77 4B
00002E80  24 18 B3 B5 3E 10 95 B3 B3 B5 DC E7 95 B3 C2 EF
00002E90  DC E7 B3 B5 88 DC 64 BA B3 B5 24 18 64 BA 78 23
00002EA0  CC C0 14 D2 A1 B8 39 E0 14 D2 34 3F 39 E0 5F 47
00002EB0  E0 B1 00 00 89 B4 38 14 00 00 20 4E 38 14 77 4B
00002EC0  2B 08 4E B2 00 00 E0 B1 4E B2 D5 F7 E0 B1 00 00
00002ED0  14 D2 CC C0 C2 C8 C2 C8 CC C0 EC 2D C2 C8 3E 37
00002EE0  95 B3 C2 EF E0 B1 00 00 C2 EF 6B 4C 00 00 20 4E
00002EF0  57 BC 10 27 C2 C8 3E 37 10 27 A9 43 3E 37 3E 37
00002F00  D5 F7 4E B2 C2 EF 95 B3 4E B2 2B 08 95 B3 3E 10
00002F10  CC C0 14 D2 64 BA 88 DC 14 D2 34 3F 88 DC 9C 45
00002F20  95 B3 3E 10 A1 B8 C7 1F 3E 10 6B 4C C7 1F 5F 47
00002F30  F0 D8 A9 43 C8 EB 77 4B A9 43 10 27 77 4B 38 14
00002F40  DC E7 B3 B5 39 E0 A1 B8 B3 B5 24 18 A1 B8 C7 1F
00002F50  B3 B5 DC E7 D6 B2 C7 F3 DC E7 4D 4A C7 F3 2A 4D
00002F60  CC C0 EC 2D B9 CB 0F 3A EC 2D 34 3F 0F 3A 47 34
00002F70  00 00 20 4E 38 14 77 4B 20 4E 00 00 77 4B C8 EB
00002F80  F0 D8 57 BC 14 D2 CC C0 57 BC 10 27 CC C0 EC 2D
00002F90  E0 B1 00 00 D6 B2 39 0C 00 00 20 4E 39 0C 2A 4D
00002FA0  F0 D8 A9 43 DC E7 4D 4A A9 43 10 27 4D 4A 24 18
00002FB0  10 27 A9 43 3E 37 3E 37 A9 43 F0 D8 3E 37 C2 C8
00002FC0  B9 CB F1 C5 F1 C5 B9 CB F1 C5 47 34 B9 CB 0F 3A
00002FD0  B3 B5 24 18 64 BA 78 23 24 18 4D 4A 78 23 9C 45
00002FE0  D5 F7 B2 4D 2B 08 B2 4D B2 4D 2B 08 B2 4D D5 F7
00002FF0  A9 43 10 27 77 4B 38 14 10 27 57 BC 38 14 89 B4
00003000  CC C0 14 D2 57 BC F0 D8 14 D2 34 3F F0 D8 A9 43
00003010  CC C0 EC 2D C2 C8 3E 37 EC 2D 34 3F 3E 37 3E 37
00003020  24 18 4D 4A 10 27 A9 43 4D 4A DC E7 A9 43 F0 D8
00003030  20 4E 00 00 77 4B C8 EB 00 00 E0 B1 C8 EB 89 B4
00003040  A1 B8 39 E0 B3 B5 DC E7 39 E0 5F 47 DC E7 4D 4A
00003050  14 D2 34 3F 88 DC 9C 45 34 3F EC 2D 9C 45 78 23
00003060  47 34 0F 3A 34 3F EC 2D 0F 3A B9 CB EC 2D CC C0
00003070  A9 43 F0 D8 3E 37 C2 C8 F0 D8 57 BC C2 C8 C2 C8
00003080  95 B3 C2 EF 4E B2 D5 F7 C2 EF 6B 4C D5 F7 B2 4D
00003090  DC E7 4D 4A C7 F3 2A 4D 4D 4A 24 18 2A 4D 39 0C
000030A0  5F 47 C7 1F 6B 4C 3E 10 C7 1F A1 B8 3E 10 95 B3
000030B0  10 27 57 BC 38 14 89 B4 57 BC F0 D8 89 B4 C8 EB
000030C0  E0 B1 00 00 4E B2 2B 08 00 00 20 4E 2B 08 B2 4D
000030D0  00 00 20 4E 39 0C 2A 4D 20 4E 00 00 2A 4D C7 F3
000030E0  20 4E 00 00 6B 4C C2 EF 00 00 E0 B1 C2 EF 95 B3
000030F0  00 00 E0 B1 C8 EB 89 B4 E0 B1 00 00 89 B4 38 14
00003100  95 B3 3E 10 B3 B5 24 18 3E 10 6B 4C 24 18 4D 4A
00003110  24 18 4D 4A 78 23 9C 45 4D 4A DC E7 9C 45 88 DC
00003120  5F 47 39 E0 34 3F 14 D2 39 E0 A1 B8 14 D2 CC C0
00003130  F0 D8 57 BC C2 C8 C2 C8 57 BC 10 27 C2 C8 3E 37
00003140  A1 B8 C7 1F 57 BC 10 27 C7 1F 5F 47 10 27 A9 43
00003150  EC 2D 34 3F 3E 37 3E 37 34 3F 14 D2 3E 37 C2 C8
00003160  47 34 F1 C5 10 27 57 BC F1 C5 B9 CB 57 BC F0 D8
00003170  57 BC F0 D8 89 B4 C8 EB F0 D8 A9 43 C8 EB 77 4B
00003180  CC C0 EC 2D F1 C5 47 34 EC 2D 34 3F 47 34 0F 3A
00003190  34 3F EC 2D 9C 45 78 23 EC 2D CC C0 78 23 64 BA
000031A0  24 18 B3 B5 2B 08 4E B2 B3 B5 DC E7 4E B2 D5 F7
000031B0  E0 B1 00 00 89 B4 38 14 00 00 20 4E 38 14 77 4B
000031C0  B9 CB 0F 3A 14 D2 34 3F 0F 3A 47 34 34 3F EC 2D
000031D0  4D 4A 24 18 2A 4D 39 0C 24 18 B3 B5 39 0C D6 B2
000031E0  D5 F7 4E B2 DC E7 B3 B5 4E B2 2B 08 B3 B5 24 18
000031F0  57 BC 10 27 C2 C8 3E 37 10 27 A9 43 3E 37 3E 37
00003200  F0 D8 A9 43 39 E0 5F 47 A9 43 10 27 5F 47 C7 1F
00003210  20 4E 00 00 2A 4D C7 F3 00 00 E0 B1 C7 F3 D6 B2
00003220  F0 D8 57 BC B9 CB F1 C5 57 BC 10 27 F1 C5 47 34
00003230  F0 D8 A9 43 C8 EB 77 4B A9 43 10 27 77 4B 38 14
00003240  DC E7 4D 4A C2 EF 6B 4C 4D 4A 24 18 6B 4C 3E 10
00003250  4D 4A DC E7 9C 45 88 DC DC E7 B3 B5 88 DC 64 BA
00003260  CC C0 14 D2 A1 B8 39 E0 14 D2 34 3F 39 E0 5F 47
00003270  00 00 20 4E 38 14 77 4B 20 4E 00 00 77 4B C8 EB
00003280  D5 F7 B2 4D 00 00 20 4E B2 4D 2B 08 20 4E 00 00
00003290  34 3F 14 D2 3E 37 C2 C8 14 D2 CC C0 C2 C8 C2 C8
000032A0  95 B3 C2 EF E0 B1 00 00 C2 EF 6B 4C 00 00 20 4E
000032B0  10 27 A9 43 3E 37 3E 37 A9 43 F0 D8 3E 37 C2 C8
000032C0  2B 08 B2 4D 3E 10 6B 4C B2 4D D5 F7 6B 4C C2 EF
000032D0  EC 2D CC C0 78 23 64 BA CC C0 14 D2 64 BA 88 DC
000032E0  95 B3 3E 10 A1 B8 C7 1F 3E 10 6B 4C C7 1F 5F 47
000032F0  A9 43 10 27 77 4B 38 14 10 27 57 BC 38 14 89 B4
00003300  24 18 4D 4A C7 1F 5F 47 4D 4A DC E7 5F 47 39 E0
00003310  24 18 B3 B5 39 0C D6 B2 B3 B5 DC E7 D6 B2 C7 F3
00003320  CC C0 EC 2D B9 CB 0F 3A EC 2D 34 3F 0F 3A 47 34
00003330  20 4E 00 00 77 4B C8 EB 00 00 E0 B1 C8 EB 89 B4
00003340  10 27 A9 43 EC 2D 34 3F A9 43 F0 D8 34 3F 14 D2
00003350  00 00 E0 B1 C7 F3 D6 B2 E0 B1 00 00 D6 B2 39 0C
00003360  F0 D8 A9 43 DC E7 4D 4A A9 43 10 27 4D 4A 24 18
00003370  A9 43 F0 D8 3E 37 C2 C8 F0 D8 57 BC C2 C8 C2 C8
00003380  47 34 0F 3A 0F 3A 47 34 0F 3A B9 CB 47 34 F1 C5
00003390  DC E7 B3 B5 88 DC 64 BA B3 B5 24 18 64 BA 78 23
000033A0  D5 F7 B2 4D 2B 08 B2 4D B2 4D 2B 08 B2 4D D5 F7
000033B0  10 27 57 BC 38 14 89 B4 57 BC F0 D8 89 B4 C8 EB
000033C0  34 3F EC 2D A9 43 10 27 EC 2D CC C0 10 27 57 BC
000033D0  14 D2 CC C0 C2 C8 C2 C8 CC C0 EC 2D C2 C8 3E 37
000033E0  24 18 4D 4A 10 27 A9 43 4D 4A DC E7 A9 43 F0 D8
000033F0  00 00 E0 B1 C8 EB 89 B4 E0 B1 00 00 89 B4 38 14
00003400  5F 47 C7 1F 4D 4A 24 18 C7 1F A1 B8 24 18 B3 B5
00003410  CC C0 14 D2 64 BA 88 DC 14 D2 34 3F 88 DC 9C 45
00003420  47 34 0F 3A 34 3F EC 2D 0F 3A B9 CB EC 2D CC C0
00003430  F0 D8 57 BC C2 C8 C2 C8 57 BC 10 27 C2 C8 3E 37
00003440  6B 4C 3E 10 B2 4D 2B 08 3E 10 95 B3 2B 08 4E B2
00003450  B3 B5 DC E7 D6 B2 C7 F3 DC E7 4D 4A C7 F3 2A 4D
00003460  5F 47 C7 1F 6B 4C 3E 10 C7 1F A1 B8 3E 10 95 B3
00003470  57 BC F0 D8 89 B4 C8 EB F0 D8 A9 43 C8 EB 77 4B
00003480  20 4E 00 00 B2 4D D5 F7 00 00 E0 B1 D5 F7 4E B2
00003490  E0 B1 00 00 D6 B2 39 0C 00 00 20 4E 39 0C 2A 4D
000034A0  20 4E 00 00 6B 4C C2 EF 00 00 E0 B1 C2 EF 95 B3
000034B0  E0 B1 00 00 89 B4 38 14 00 00 20 4E 38 14 77 4B
000034C0  6B 4C C2 EF 4D 4A DC E7 C2 EF 95 B3 DC E7 B3 B5
000034D0  B3 B5 24 18 64 BA 78 23 24 18 4D 4A 78 23 9C 45
000034E0  5F 47 39 E0 34 3F 14 D2 39 E0 A1 B8 14 D2 CC C0
000034F0  57 BC 10 27 C2 C8 3E 37 10 27 A9 43 3E 37 3E 37
00003500  5F 47 39 E0 A9 43 F0 D8 39 E0 A1 B8 F0 D8 57 BC
00003510  CC C0 EC 2D C2 C8 3E 37 EC 2D 34 3F 3E 37 3E 37
00003520  47 34 F1 C5 10 27 57 BC F1 C5 B9 CB 57 BC F0 D8
00003530  F0 D8 A9 43 C8 EB 77 4B A9 43 10 27 77 4B 38 14
00003540  34 3F 14 D2 0F 3A B9 CB 14 D2 CC C0 B9 CB F1 C5
00003550  14 D2 34 3F 88 DC 9C 45 34 3F EC 2D 9C 45 78 23
00003560  24 18 B3 B5 2B 08 4E B2 B3 B5 DC E7 4E B2 D5 F7
00003570  00 00 20 4E 38 14 77 4B 20 4E 00 00 77 4B C8 EB
00003580  47 34 F1 C5 EC 2D CC C0 F1 C5 B9 CB CC C0 14 D2
00003590  DC E7 4D 4A C7 F3 2A 4D 4D 4A 24 18 2A 4D 39 0C
000035A0  D5 F7 4E B2 DC E7 B3 B5 4E B2 2B 08 B3 B5 24 18
000035B0  10 27 A9 43 3E 37 3E 37 A9 43 F0 D8 3E 37 C2 C8
000035C0  10 27 57 BC C7 1F A1 B8 57 BC F0 D8 A1 B8 39 E0
000035D0  00 00 20 4E 39 0C 2A 4D 20 4E 00 00 2A 4D C7 F3
000035E0  F0 D8 57 BC B9 CB F1 C5 57 BC 10 27 F1 C5 47 34
000035F0  A9 43 10 27 77 4B 38 14 10 27 57 BC 38 14 89 B4
00003600  24 18 B3 B5 3E 10 95 B3 B3 B5 DC E7 95 B3 C2 EF
00003610  24 18 4D 4A 78 23 9C 45 4D 4A DC E7 9C 45 88 DC
00003620  CC C0 14 D2 A1 B8 39 E0 14 D2 34 3F 39 E0 5F 47
00003630  20 4E 00 00 77 4B C8 EB 00 00 E0 B1 C8 EB 89 B4
00003640  2B 08 4E B2 00 00 E0 B1 4E B2 D5 F7 E0 B1 00 00
00003650  EC 2D 34 3F 3E 37 3E 37 34 3F 14 D2 3E 37 C2 C8
00003660  95 B3 C2 EF E0 B1 00 00 C2 EF 6B 4C 00 00 20 4E
00003670  A9 43 F0 D8 3E 37 C2 C8 F0 D8 57 BC C2 C8 C2 C8
00003680  D5 F7 4E B2 C2 EF 95 B3 4E B2 2B 08 95 B3 3E 10
00003690  34 3F EC 2D 9C 45 78 23 EC 2D CC C0 78 23 64 BA
000036A0  95 B3 3E 10 A1 B8 C7 1F 3E 10 6B 4C C7 1F 5F 47
000036B0  10 27 57 BC 38 14 89 B4 57 BC F0 D8 89 B4 C8 EB
000036C0  DC E7 B3 B5 39 E0 A1 B8 B3 B5 24 18 A1 B8 C7 1F
000036D0  4D 4A 24 18 2A 4D 39 0C 24 18 B3 B5 39 0C D6 B2
000036E0  CC C0 EC 2D B9 CB 0F 3A EC 2D 34 3F 0F 3A 47 34
000036F0  00 00 E0 B1 C8 EB 89 B4 E0 B1 00 00 89 B4 38 14
00003700  F0 D8 57 BC 14 D2 CC C0 57 BC 10 27 CC C0 EC 2D
00003710  20 4E 00 00 2A 4D C7 F3 00 00 E0 B1 C7 F3 D6 B2
00003720  F0 D8 A9 43 DC E7 4D 4A A9 43 10 27 4D 4A 24 18
00003730  F0 D8 57 BC C2 C8 C2 C8 57 BC 10 27 C2 C8 3E 37
00003740  B9 CB F1 C5 F1 C5 B9 CB F1 C5 47 34 B9 CB 0F 3A
00003750  4D 4A DC E7 9C 45 88 DC DC E7 B3 B5 88 DC 64 BA
00003760  D5 F7 B2 4D 2B 08 B2 4D B2 4D 2B 08 B2 4D D5 F7
00003770  57 BC F0 D8 89 B4 C8 EB F0 D8 A9 43 C8 EB 77 4B
00003780  CC C0 14 D2 57 BC F0 D8 14 D2 34 3F F0 D8 A9 43
00003790  34 3F 14 D2 3E 37 C2 C8 14 D2 CC C0 C2 C8 C2 C8
000037A0  24 18 4D 4A 10 27 A9 43 4D 4A DC E7 A9 43 F0 D8
000037B0  E0 B1 00 00 89 B4 38 14 00 00 20 4E 38 14 77 4B
000037C0  A1 B8 39 E0 B3 B5 DC E7 39 E0 5F 47 DC E7 4D 4A
000037D0  EC 2D CC C0 78 23 64 BA CC C0 14 D2 64 BA 88 DC
000037E0  47 34 0F 3A 34 3F EC 2D 0F 3A B9 CB EC 2D CC C0
000037F0  57 BC 10 27 C2 C8 3E 37 10 27 A9 43 3E 37 3E 37
00003800  95 B3 C2 EF 4E B2 D5 F7 C2 EF 6B 4C D5 F7 B2 4D
00003810  24 18 B3 B5 39 0C D6 B2 B3 B5 DC E7 D6 B2 C7 F3
00003820  5F 47 C7 1F 6B 4C 3E 10 C7 1F A1 B8 3E 10 95 B3
00003830  F0 D8 A9 43 C8 EB 77 4B A9 43 10 27 77 4B 38 14
00003840  E0 B1 00 00 4E B2 2B 08 00 00 20 4E 2B 08 B2 4D
00003850  00 00 E0 B1 C7 F3 D6 B2 E0 B1 00 00 D6 B2 39 0C
00003860  20 4E 00 00 6B 4C C2 EF 00 00 E0 B1 C2 EF 95 B3
00003870  00 00 20 4E 38 14 77 4B 20 4E 00 00 77 4B C8 EB
00003880  95 B3 3E 10 B3 B5 24 18 3E 10 6B 4C 24 18 4D 4A
00003890  DC E7 B3 B5 88 DC 64 BA B3 B5 24 18 64 BA 78 23
000038A0  5F 47 39 E0 34 3F 14 D2 39 E0 A1 B8 14 D2 CC C0
000038B0  10 27 A9 43 3E 37 3E 37 A9 43 F0 D8 3E 37 C2 C8
000038C0  A1 B8 C7 1F 57 BC 10 27 C7 1F 5F 47 10 27 A9 43
000038D0  14 D2 CC C0 C2 C8 C2 C8 CC C0 EC 2D C2 C8 3E 37
000038E0  47 34 F1 C5 10 27 57 BC F1 C5 B9 CB 57 BC F0 D8
000038F0  A9 43 10 27 77 4B 38 14 10 27 57 BC 38 14 89 B4
00003900  CC C0 EC 2D F1 C5 47 34 EC 2D 34 3F 47 34 0F 3A
00003910  CC C0 14 D2 64 BA 88 DC 14 D2 34 3F 88 DC 9C 45
00003920  24 18 B3 B5 2B 08 4E B2 B3 B5 DC E7 4E B2 D5 F7
00003930  20 4E 00 00 77 4B C8 EB 00 00 E0 B1 C8 EB 89 B4
00003940  B9 CB 0F 3A 14 D2 34 3F 0F 3A 47 34 34 3F EC 2D
00003950  B3 B5 DC E7 D6 B2 C7 F3 DC E7 4D 4A C7 F3 2A 4D
00003960  D5 F7 4E B2 DC E7 B3 B5 4E B2 2B 08 B3 B5 24 18
00003970  A9 43 F0 D8 3E 37 C2 C8 F0 D8 57 BC C2 C8 C2 C8
00003980  F0 D8 A9 43 39 E0 5F 47 A9 43 10 27 5F 47 C7 1F
00003990  E0 B1 00 00 D6 B2 39 0C 00 00 20 4E 39 0C 2A 4D
000039A0  F0 D8 57 BC B9 CB F1 C5 57 BC 10 27 F1 C5 47 34
000039B0  10 27 57 BC 38 14 89 B4 57 BC F0 D8 89 B4 C8 EB
000039C0  DC E7 4D 4A C2 EF 6B 4C 4D 4A 24 18 6B 4C 3E 10
000039D0  B3 B5 24 18 64 BA 78 23 24 18 4D 4A 78 23 9C 45
000039E0  CC C0 14 D2 A1 B8 39 E0 14 D2 34 3F 39 E0 5F 47
000039F0  00 00 E0 B1 C8 EB 89 B4 E0 B1 00 00 89 B4 38 14
00003A00  D5 F7 B2 4D 00 00 20 4E B2 4D 2B 08 20 4E 00 00
00003A10  CC C0 EC 2D C2 C8 3E 37 EC 2D 34 3F 3E 37 3E 37
00003A20  95 B3 C2 EF E0 B1 00 00 C2 EF 6B 4C 00 00 20 4E
00003A30  F0 D8 57 BC C2 C8 C2 C8 57 BC 10 27 C2 C8 3E 37
00003A40  2B 08 B2 4D 3E 10 6B 4C B2 4D D5 F7 6B 4C C2 EF
00003A50  14 D2 34 3F 88 DC 9C 45 34 3F EC 2D 9C 45 78 23
00003A60  95 B3 3E 10 A1 B8 C7 1F 3E 10 6B 4C C7 1F 5F 47
00003A70  57 BC F0 D8 89 B4 C8 EB F0 D8 A9 43 C8 EB 77 4B
00003A80  24 18 4D 4A C7 1F 5F 47 4D 4A DC E7 5F 47 39 E0
00003A90  DC E7 4D 4A C7 F3 2A 4D 4D 4A 24 18 2A 4D 39 0C
00003AA0  CC C0 EC 2D B9 CB 0F 3A EC 2D 34 3F 0F 3A 47 34
00003AB0  E0 B1 00 00 89 B4 38 14 00 00 20 4E 38 14 77 4B
00003AC0  10 27 A9 43 EC 2D 34 3F A9 43 F0 D8 34 3F 14 D2
00003AD0  00 00 20 4E 39 0C 2A 4D 20 4E 00 00 2A 4D C7 F3
00003AE0  F0 D8 A9 43 DC E7 4D 4A A9 43 10 27 4D 4A 24 18
00003AF0  57 BC 10 27 C2 C8 3E 37 10 27 A9 43 3E 37 3E 37
00003B00  47 34 0F 3A 0F 3A 47 34 0F 3A B9 CB 47 34 F1 C5
00003B10  24 18 4D 4A 78 23 9C 45 4D 4A DC E7 9C 45 88 DC
00003B20  D5 F7 B2 4D 2B 08 B2 4D B2 4D 2B 08 B2 4D D5 F7
00003B30  F0 D8 A9 43 C8 EB 77 4B A9 43 10 27 77 4B 38 14
00003B40  34 3F EC 2D A9 43 10 27 EC 2D CC C0 10 27 57 BC
00003B50  EC 2D 34 3F 3E 37 3E 37 34 3F 14 D2 3E 37 C2 C8
00003B60  24 18 4D 4A 10 27 A9 43 4D 4A DC E7 A9 43 F0 D8
00003B70  00 00 20 4E 38 14 77 4B 20 4E 00 00 77 4B C8 EB
00003B80  5F 47 C7 1F 4D 4A 24 18 C7 1F A1 B8 24 18 B3 B5
00003B90  34 3F EC 2D 9C 45 78 23 EC 2D CC C0 78 23 64 BA
00003BA0  47 34 0F 3A 34 3F EC 2D 0F 3A B9 CB EC 2D CC C0
00003BB0  10 27 A9 43 3E 37 3E 37 A9 43 F0 D8 3E 37 C2 C8
00003BC0  6B 4C 3E 10 B2 4D 2B 08 3E 10 95 B3 2B 08 4E B2
00003BD0  4D 4A 24 18 2A 4D 39 0C 24 18 B3 B5 39 0C D6 B2
00003BE0  5F 47 C7 1F 6B 4C 3E 10 C7 1F A1 B8 3E 10 95 B3
00003BF0  A9 43 10 27 77 4B 38 14 10 27 57 BC 38 14 89 B4
00003C00  20 4E 00 00 B2 4D D5 F7 00 00 E0 B1 D5 F7 4E B2
00003C10  20 4E 00 00 2A 4D C7 F3 00 00 E0 B1 C7 F3 D6 B2
00003C20  20 4E 00 00 6B 4C C2 EF 00 00 E0 B1 C2 EF 95 B3
00003C30  20 4E 00 00 77 4B C8 EB 00 00 E0 B1 C8 EB 89 B4
00003C40  6B 4C C2 EF 4D 4A DC E7 C2 EF 95 B3 DC E7 B3 B5
00003C50  4D 4A DC E7 9C 45 88 DC DC E7 B3 B5 88 DC 64 BA
00003C60  5F 47 39 E0 34 3F 14 D2 39 E0 A1 B8 14 D2 CC C0
00003C70  A9 43 F0 D8 3E 37 C2 C8 F0 D8 57 BC C2 C8 C2 C8
00003C80  5F 47 39 E0 A9 43 F0 D8 39 E0 A1 B8 F0 D8 57 BC
00003C90  34 3F 14 D2 3E 37 C2 C8 14 D2 CC C0 C2 C8 C2 C8
00003CA0  47 34 F1 C5 10 27 57 BC F1 C5 B9 CB 57 BC F0 D8
00003CB0  10 27 57 BC 38 14 89 B4 57 BC F0 D8 89 B4 C8 EB
00003CC0  34 3F 14 D2 0F 3A B9 CB 14 D2 CC C0 B9 CB F1 C5
00003CD0  EC 2D CC C0 78 23 64 BA CC C0 14 D2 64 BA 88 DC
00003CE0  24 18 B3 B5 2B 08 4E B2 B3 B5 DC E7 4E B2 D5 F7
00003CF0  00 00 E0 B1 C8 EB 89 B4 E0 B1 00 00 89 B4 38 14
00003D00  47 34 F1 C5 EC 2D CC C0 F1 C5 B9 CB CC C0 14 D2
00003D10  24 18 B3 B5 39 0C D6 B2 B3 B5 DC E7 D6 B2 C7 F3
00003D20  D5 F7 4E B2 DC E7 B3 B5 4E B2 2B 08 B3 B5 24 18
00003D30  F0 D8 57 BC C2 C8 C2 C8 57 BC 10 27 C2 C8 3E 37
00003D40  10 27 57 BC C7 1F A1 B8 57 BC F0 D8 A1 B8 39 E0
00003D50  00 00 E0 B1 C7 F3 D6 B2 E0 B1 00 00 D6 B2 39 0C
00003D60  F0 D8 57 BC B9 CB F1 C5 57 BC 10 27 F1 C5 47 34
00003D70  57 BC F0 D8 89 B4 C8 EB F0 D8 A9 43 C8 EB 77 4B
00003D80  24 18 B3 B5 3E 10 95 B3 B3 B5 DC E7 95 B3 C2 EF
00003D90  DC E7 B3 B5 88 DC 64 BA B3 B5 24 18 64 BA 78 23
00003DA0  CC C0 14 D2 A1 B8 39 E0 14 D2 34 3F 39 E0 5F 47
00003DB0  E0 B1 00 00 89 B4 38 14 00 00 20 4E 38 14 77 4B
00003DC0  2B 08 4E B2 00 00 E0 B1 4E B2 D5 F7 E0 B1 00 00
00003DD0  14 D2 CC C0 C2 C8 C2 C8 CC C0 EC 2D C2 C8 3E 37
00003DE0  95 B3 C2 EF E0 B1 00 00 C2 EF 6B 4C 00 00 20 4E
00003DF0  57 BC 10 27 C2 C8 3E 37 10 27 A9 43 3E 37 3E 37
00003E00  D5 F7 4E B2 C2 EF 95 B3 4E B2 2B 08 95 B3 3E 10
00003E10  CC C0 14 D2 64 BA 88 DC 14 D2 34 3F 88 DC 9C 45
00003E20  95 B3 3E 10 A1 B8 C7 1F 3E 10 6B 4C C7 1F 5F 47
00003E30  F0 D8 A9 43 C8 EB 77 4B A9 43 10 27 77 4B 38 14
00003E40  DC E7 B3 B5 39 E0 A1 B8 B3 B5 24 18 A1 B8 C7 1F
00003E50  B3 B5 DC E7 D6 B2 C7 F3 DC E7 4D 4A C7 F3 2A 4D
00003E60  CC C0 EC 2D B9 CB 0F 3A EC 2D 34 3F 0F 3A 47 34
00003E70  00 00 20 4E 38 14 77 4B 20 4E 00 00 77 4B C8 EB
00003E80  F0 D8 57 BC 14 D2 CC C0 57 BC 10 27 CC C0 EC 2D
00003E90  E0 B1 00 00 D6 B2 39 0C 00 00 20 4E 39 0C 2A 4D
00003EA0  F0 D8 A9 43 DC E7 4D 4A A9 43 10 27 4D 4A 24 18
00003EB0  10 27 A9 43 3E 37 3E 37 A9 43 F0 D8 3E 37 C2 C8
00003EC0  B9 CB F1 C5 F1 C5 B9 CB F1 C5 47 34 B9 CB 0F 3A
00003ED0  B3 B5 24 18 64 BA 78 23 24 18 4D 4A 78 23 9C 45
00003EE0  D5 F7 B2 4D 2B 08 B2 4D B2 4D 2B 08 B2 4D D5 F7
00003EF0  A9 43 10 27 77 4B 38 14 10 27 57 BC 38 14 89 B4
00003F00  CC C0 14 D2 57 BC F0 D8 14 D2 34 3F F0 D8 A9 43
00003F10  CC C0 EC 2D C2 C8 3E 37 EC 2D 34 3F 3E 37 3E 37
00003F20  24 18 4D 4A 10 27 A9 43 4D 4A DC E7 A9 43 F0 D8
00003F30  20 4E 00 00 77 4B C8 EB 00 00 E0 B1 C8 EB 89 B4
00003F40  A1 B8 39 E0 B3 B5 DC E7 39 E0 5F 47 DC E7 4D 4A
00003F50  14 D2 34 3F 88 DC 9C 45 34 3F EC 2D 9C 45 78 23
00003F60  47 34 0F 3A 34 3F EC 2D 0F 3A B9 CB EC 2D CC C0
00003F70  A9 43 F0 D8 3E 37 C2 C8 F0 D8 57 BC C2 C8 C2 C8
00003F80  95 B3 C2 EF 4E B2 D5 F7 C2 EF 6B 4C D5 F7 B2 4D
00003F90  DC E7 4D 4A C7 F3 2A 4D 4D 4A 24 18 2A 4D 39 0C
00003FA0  5F 47 C7 1F 6B 4C 3E 10 C7 1F A1 B8 3E 10 95 B3
00003FB0  10 27 57 BC 38 14 89 B4 57 BC F0 D8 89 B4 C8 EB
00003FC0  E0 B1 00 00 4E B2 2B 08 00 00 20 4E 2B 08 B2 4D
00003FD0  00 00 20 4E 39 0C 2A 4D 20 4E 00 00 2A 4D C7 F3
00003FE0  20 4E 00 00 6B 4C C2 EF 00 00 E0 B1 C2 EF 95 B3
00003FF0  00 00 E0 B1 C8 EB 89 B4 E0 B1 00 00 89 B4 38 14
00004000  95 B3 3E 10 B3 B5 24 18 3E 10 6B 4C 24 18 4D 4A
00004010  24 18 4D 4A 78 23 9C 45 4D 4A DC E7 9C 45 88 DC
00004020  5F 47 39 E0 34 3F 14 D2 39 E0 A1 B8 14 D2 CC C0
00004030  F0 D8 57 BC C2 C8 C2 C8 57 BC 10 27 C2 C8 3E 37
00004040  A1 B8 C7 1F 57 BC 10 27 C7 1F 5F 47 10 27 A9 43
00004050  EC 2D 34 3F 3E 37 3E 37 34 3F 14 D2 3E 37 C2 C8
00004060  47 34 F1 C5 10 27 57 BC F1 C5 B9 CB 57 BC F0 D8
00004070  57 BC F0 D8 89 B4 C8 EB F0 D8 A9 43 C8 EB 77 4B
00004080  CC C0 EC 2D F1 C5 47 34 EC 2D 34 3F 47 34 0F 3A
00004090  34 3F EC 2D 9C 45 78 23 EC 2D CC C0 78 23 64 BA
000040A0  24 18 B3 B5 2B 08 4E B2 B3 B5 DC E7 4E B2 D5 F7
000040B0  E0 B1 00 00 89 B4 38 14 00 00 20 4E 38 14 77 4B
000040C0  B9 CB 0F 3A 14 D2 34 3F 0F 3A 47 34 34 3F EC 2D
000040D0  4D 4A 24 18 2A 4D 39 0C 24 18 B3 B5 39 0C D6 B2
000040E0  D5 F7 4E B2 DC E7 B3 B5 4E B2 2B 08 B3 B5 24 18
000040F0  57 BC 10 27 C2 C8 3E 37 10 27 A9 43 3E 37 3E 37
00004100  F0 D8 A9 43 39 E0 5F 47 A9 43 10 27 5F 47 C7 1F
00004110  20 4E 00 00 2A 4D C7 F3 00 00 E0 B1 C7 F3 D6 B2
00004120  F0 D8 57 BC B9 CB F1 C5 57 BC 10 27 F1 C5 47 34
00004130  F0 D8 A9 43 C8 EB 77 4B A9 43 10 27 77 4B 38 14
00004140  DC E7 4D 4A C2 EF 6B 4C 4D 4A 24 18 6B 4C 3E 10
00004150  4D 4A DC E7 9C 45 88 DC DC E7 B3 B5 88 DC 64 BA
00004160  CC C0 14 D2 A1 B8 39 E0 14 D2 34 3F 39 E0 5F 47
00004170  00 00 20 4E 38 14 77 4B 20 4E 00 00 77 4B C8 EB
00004180  D5 F7 B2 4D 00 00 20 4E B2 4D 2B 08 20 4E 00 00
00004190  34 3F 14 D2 3E 37 C2 C8 14 D2 CC C0 C2 C8 C2 C8
000041A0  95 B3 C2 EF E0 B1 00 00 C2 EF 6B 4C 00 00 20 4E
000041B0  10 27 A9 43 3E 37 3E 37 A9 43 F0 D8 3E 37 C2 C8
000041C0  2B 08 B2 4D 3E 10 6B 4C B2 4D D5 F7 6B 4C C2 EF
000041D0  EC 2D CC C0 78 23 64 BA CC C0 14 D2 64 BA 88 DC
000041E0  95 B3 3E 10 A1 B8 C7 1F 3E 10 6B 4C C7 1F 5F 47
000041F0  A9 43 10 27 77 4B 38 14 10 27 57 BC 38 14 89 B4
00004200  24 18 4D 4A C7 1F 5F 47 4D 4A DC E7 5F 47 39 E0
00004210  24 18 B3 B5 39 0C D6 B2 B3 B5 DC E7 D6 B2 C7 F3
00004220  CC C0 EC 2D B9 CB 0F 3A EC 2D 34 3F 0F 3A 47 34
00004230  20 4E 00 00 77 4B C8 EB 00 00 E0 B1 C8 EB 89 B4
00004240  10 27 A9 43 EC 2D 34 3F A9 43 F0 D8 34 3F 14 D2
00004250  00 00 E0 B1 C7 F3 D6 B2 E0 B1 00 00 D6 B2 39 0C
00004260  F0 D8 A9 43 DC E7 4D 4A A9 43 10 27 4D 4A 24 18
00004270  A9 43 F0 D8 3E 37 C2 C8 F0 D8 57 BC C2 C8 C2 C8
00004280  47 34 0F 3A 0F 3A 47 34 0F 3A B9 CB 47 34 F1 C5
00004290  DC E7 B3 B5 88 DC 64 BA B3 B5 24 18 64 BA 78 23
000042A0  D5 F7 B2 4D 2B 08 B2 4D B2 4D 2B 08 B2 4D D5 F7
000042B0  10 27 57 BC 38 14 89 B4 57 BC F0 D8 89 B4 C8 EB
000042C0  34 3F EC 2D A9 43 10 27 EC 2D CC C0 10 27 57 BC
000042D0  14 D2 CC C0 C2 C8 C2 C8 CC C0 EC 2D C2 C8 3E 37
000042E0  24 18 4D 4A 10 27 A9 43 4D 4A DC E7 A9 43 F0 D8
000042F0  00 00 E0 B1 C8 EB 89 B4 E0 B1 00 00 89 B4 38 14
00004300  5F 47 C7 1F 4D 4A 24 18 C7 1F A1 B8 24 18 B3 B5
00004310  CC C0 14 D2 64 BA 88 DC 14 D2 34 3F 88 DC 9C 45
00004320  47 34 0F 3A 34 3F EC 2D 0F 3A B9 CB EC 2D CC C0
00004330  F0 D8 57 BC C2 C8 C2 C8 57 BC 10 27 C2 C8 3E 37
00004340  6B 4C 3E 10 B2 4D 2B 08 3E 10 95 B3 2B 08 4E B2
00004350  B3 B5 DC E7 D6 B2 C7 F3 DC E7 4D 4A C7 F3 2A 4D
00004360  5F 47 C7 1F 6B 4C 3E 10 C7 1F A1 B8 3E 10 95 B3
00004370  57 BC F0 D8 89 B4 C8 EB F0 D8 A9 43 C8 EB 77 4B
00004380  20 4E 00 00 B2 4D D5 F7 00 00 E0 B1 D5 F7 4E B2
00004390  E0 B1 00 00 D6 B2 39 0C 00 00 20 4E 39 0C 2A 4D
000043A0  20 4E 00 00 6B 4C C2 EF 00 00 E0 B1 C2 EF 95 B3
000043B0  E0 B1 00 00 89 B4 38 14 00 00 20 4E 38 14 77 4B
000043C0  6B 4C C2 EF 4D 4A DC E7 C2 EF 95 B3 DC E7 B3 B5
000043D0  B3 B5 24 18 64 BA 78 23 24 18 4D 4A 78 23 9C 45
000043E0  5F 47 39 E0 34 3F 14 D2 39 E0 A1 B8 14 D2 CC C0
000043F0  57 BC 10 27 C2 C8 3E 37 10 27 A9 43 3E 37 3E 37
00004400  5F 47 39 E0 A9 43 F0 D8 39 E0 A1 B8 F0 D8 57 BC
00004410  CC C0 EC 2D C2 C8 3E 37 EC 2D 34 3F 3E 37 3E 37
00004420  47 34 F1 C5 10 27 57 BC F1 C5 B9 CB 57 BC F0 D8
00004430  F0 D8 A9 43 C8 EB 77 4B A9 43 10 27 77 4B 38 14
00004440  34 3F 14 D2 0F 3A B9 CB 14 D2 CC C0 B9 CB F1 C5
00004450  14 D2 34 3F 88 DC 9C 45 34 3F EC 2D 9C 45 78 23
00004460  24 18 B3 B5 2B 08 4E B2 B3 B5 DC E7 4E B2 D5 F7
00004470  00 00 20 4E 38 14 77 4B 20 4E 00 00 77 4B C8 EB
00004480  47 34 F1 C5 EC 2D CC C0 F1 C5 B9 CB CC C0 14 D2
00004490  DC E7 4D 4A C7 F3 2A 4D 4D 4A 24 18 2A 4D 39 0C
000044A0  D5 F7 4E B2 DC E7 B3 B5 4E B2 2B 08 B3 B5 24 18
000044B0  10 27 A9 43 3E 37 3E 37 A9 43 F0 D8 3E 37 C2 C8
000044C0  10 27 57 BC C7 1F A1 B8 57 BC F0 D8 A1 B8 39 E0
000044D0  00 00 20 4E 39 0C 2A 4D 20 4E 00 00 2A 4D C7 F3
000044E0  F0 D8 57 BC B9 CB F1 C5 57 BC 10 27 F1 C5 47 34
000044F0  A9 43 10 27 77 4B 38 14 10 27 57 BC 38 14 89 B4
00004500  24 18 B3 B5 3E 10 95 B3 B3 B5 DC E7 95 B3 C2 EF
00004510  24 18 4D 4A 78 23 9C 45 4D 4A DC E7 9C 45 88 DC
00004520  CC C0 14 D2 A1 B8 39 E0 14 D2 34 3F 39 E0 5F 47
00004530  20 4E 00 00 77 4B C8 EB 00 00 E0 B1 C8 EB 89 B4
00004540  2B 08 4E B2 00 00 E0 B1 4E B2 D5 F7 E0 B1 00 00
00004550  EC 2D 34 3F 3E 37 3E 37 34 3F 14 D2 3E 37 C2 C8
00004560  95 B3 C2 EF E0 B1 00 00 C2 EF 6B 4C 00 00 20 4E
00004570  A9 43 F0 D8 3E 37 C2 C8 F0 D8 57 BC C2 C8 C2 C8
00004580  D5 F7 4E B2 C2 EF 95 B3 4E B2 2B 08 95 B3 3E 10
00004590  34 3F EC 2D 9C 45 78 23 EC 2D CC C0 78 23 64 BA
000045A0  95 B3 3E 10 A1 B8 C7 1F 3E 10 6B 4C C7 1F 5F 47
000045B0  10 27 57 BC 38 14 89 B4 57 BC F0 D8 89 B4 C8 EB
000045C0  DC E7 B3 B5 39 E0 A1 B8 B3 B5 24 18 A1 B8 C7 1F
000045D0  4D 4A 24 18 2A 4D 39 0C 24 18 B3 B5 39 0C D6 B2
000045E0  CC C0 EC 2D B9 CB 0F 3A EC 2D 34 3F 0F 3A 47 34
000045F0  00 00 E0 B1 C8 EB 89 B4 E0 B1 00 00 89 B4 38 14
00004600  F0 D8 57 BC 14 D2 CC C0 57 BC 10 27 CC C0 EC 2D
00004610  20 4E 00 00 2A 4D C7 F3 00 00 E0 B1 C7 F3 D6 B2
00004620  F0 D8 A9 43 DC E7 4D 4A A9 43 10 27 4D 4A 24 18
00004630  F0 D8 57 BC C2 C8 C2 C8 57 BC 10 27 C2 C8 3E 37
00004640  B9 CB F1 C5 F1 C5 B9 CB F1 C5 47 34 B9 CB 0F 3A
00004650  4D 4A DC E7 9C 45 88 DC DC E7 B3 B5 88 DC 64 BA
00004660  D5 F7 B2 4D 2B 08 B2 4D B2 4D 2B 08 B2 4D D5 F7
00004670  57 BC F0 D8 89 B4 C8 EB F0 D8 A9 43 C8 EB 77 4B
00004680  CC C0 14 D2 57 BC F0 D8 14 D2 34 3F F0 D8 A9 43
00004690  34 3F 14 D2 3E 37 C2 C8 14 D2 CC C0 C2 C8 C2 C8
000046A0  24 18 4D 4A 10 27 A9 43 4D 4A DC E7 A9 43 F0 D8
000046B0  E0 B1 00 00 89 B4 38 14 00 00 20 4E 38 14 77 4B
000046C0  A1 B8 39 E0 B3 B5 DC E7 39 E0 5F 47 DC E7 4D 4A
000046D0  EC 2D CC C0 78 23 64 BA CC C0 14 D2 64 BA 88 DC
000046E0  47 34 0F 3A 34 3F EC 2D 0F 3A B9 CB EC 2D CC C0
000046F0  57 BC 10 27 C2 C8 3E 37 10 27 A9 43 3E 37 3E 37
00004700  95 B3 C2 EF 4E B2 D5 F7 C2 EF 6B 4C D5 F7 B2 4D
00004710  24 18 B3 B5 39 0C D6 B2 B3 B5 DC E7 D6 B2 C7 F3
00004720  5F 47 C7 1F 6B 4C 3E 10 C7 1F A1 B8 3E 10 95 B3
00004730  F0 D8 A9 43 C8 EB 77 4B A9 43 10 27 77 4B 38 14
00004740  E0 B1 00 00 4E B2 2B 08 00 00 20 4E 2B 08 B2 4D
00004750  00 00 E0 B1 C7 F3 D6 B2 E0 B1 00 00 D6 B2 39 0C
00004760  20 4E 00 00 6B 4C C2 EF 00 00 E0 B1 C2 EF 95 B3
00004770  00 00 20 4E 38 14 77 4B 20 4E 00 00 77 4B C8 EB
00004780  95 B3 3E 10 B3 B5 24 18 3E 10 6B 4C 24 18 4D 4A
00004790  DC E7 B3 B5 88 DC 64 BA B3 B5 24 18 64 BA 78 23
000047A0  5F 47 39 E0 34 3F 14 D2 39 E0 A1 B8 14 D2 CC C0
000047B0  10 27 A9 43 3E 37 3E 37 A9 43 F0 D8 3E 37 C2 C8
000047C0  A1 B8 C7 1F 57 BC 10 27 C7 1F 5F 47 10 27 A9 43
000047D0  14 D2 CC C0 C2 C8 C2 C8 CC C0 EC 2D C2 C8 3E 37
000047E0  47 34 F1 C5 10 27 57 BC F1 C5 B9 CB 57 BC F0 D8
000047F0  A9 43 10 27 77 4B 38 14 10 27 57 BC 38 14 89 B4
00004800  CC C0 EC 2D F1 C5 47 34 EC 2D 34 3F 47 34 0F 3A
00004810  CC C0 14 D2 64 BA 88 DC 14 D2 34 3F 88 DC 9C 45
00004820  24 18 B3 B5 2B 08 4E B2 B3 B5 DC E7 4E B2 D5 F7
00004830  20 4E 00 00 77 4B C8 EB 00 00 E0 B1 C8 EB 89 B4
00004840  B9 CB 0F 3A 14 D2 34 3F 0F 3A 47 34 34 3F EC 2D
00004850  B3 B5 DC E7 D6 B2 C7 F3 DC E7 4D 4A C7 F3 2A 4D
00004860  D5 F7 4E B2 DC E7 B3 B5 4E B2 2B 08 B3 B5 24 18
00004870  A9 43 F0 D8 3E 37 C2 C8 F0 D8 57 BC C2 C8 C2 C8
00004880  F0 D8 A9 43 39 E0 5F 47 A9 43 10 27 5F 47 C7 1F
00004890  E0 B1 00 00 D6 B2 39 0C 00 00 20 4E 39 0C 2A 4D
000048A0  F0 D8 57 BC B9 CB F1 C5 57 BC 10 27 F1 C5 47 34
000048B0  10 27 57 BC 38 14 89 B4 57 BC F0 D8 89 B4 C8 EB
000048C0  DC E7 4D 4A C2 EF 6B 4C 4D 4A 24 18 6B 4C 3E 10
000048D0  B3 B5 24 18 64 BA 78 23 24 18 4D 4A 78 23 9C 45
000048E0  CC C0 14 D2 A1 B8 39 E0 14 D2 34 3F 39 E0 5F 47
000048F0  00 00 E0 B1 C8 EB 89 B4 E0 B1 00 00 89 B4 38 14
00004900  D5 F7 B2 4D 00 00 20 4E B2 4D 2B 08 20 4E 00 00
00004910  CC C0 EC 2D C2 C8 3E 37 EC 2D 34 3F 3E 37 3E 37
00004920  95 B3 C2 EF E0 B1 00 00 C2 EF 6B 4C 00 00 20 4E
00004930  F0 D8 57 BC C2 C8 C2 C8 57 BC 10 27 C2 C8 3E 37
00004940  2B 08 B2 4D 3E 10 6B 4C B2 4D D5 F7 6B 4C C2 EF
00004950  14 D2 34 3F 88 DC 9C 45 34 3F EC 2D 9C 45 78 23
00004960  95 B3 3E 10 A1 B8 C7 1F 3E 10 6B 4C C7 1F 5F 47
00004970  57 BC F0 D8 89 B4 C8 EB F0 D8 A9 43 C8 EB 77 4B
00004980  24 18 4D 4A C7 1F 5F 47 4D 4A DC E7 5F 47 39 E0
00004990  DC E7 4D 4A C7 F3 2A 4D 4D 4A 24 18 2A 4D 39 0C
000049A0  CC C0 EC 2D B9 CB 0F 3A EC 2D 34 3F 0F 3A 47 34
000049B0  E0 B1 00 00 89 B4 38 14 00 00 20 4E 38 14 77 4B
000049C0  10 27 A9 43 EC 2D 34 3F A9 43 F0 D8 34 3F 14 D2
000049D0  00 00 20 4E 39 0C 2A 4D 20 4E 00 00 2A 4D C7 F3
000049E0  F0 D8 A9 43 DC E7 4D 4A A9 43 10 27 4D 4A 24 18
000049F0  57 BC 10 27 C2 C8 3E 37 10 27 A9 43 3E 37 3E 37
00004A00  47 34 0F 3A 0F 3A 47 34 0F 3A B9 CB 47 34 F1 C5
00004A10  24 18 4D 4A 78 23 9C 45 4D 4A DC E7 9C 45 88 DC
00004A20  D5 F7 B2 4D 2B 08 B2 4D B2 4D 2B 08 B2 4D D5 F7
00004A30  F0 D8 A9 43 C8 EB 77 4B A9 43 10 27 77 4B 38 14
00004A40  34 3F EC 2D A9 43 10 27 EC 2D CC C0 10 27 57 BC
00004A50  EC 2D 34 3F 3E 37 3E 37 34 3F 14 D2 3E 37 C2 C8
00004A60  24 18 4D 4A 10 27 A9 43 4D 4A DC E7 A9 43 F0 D8
00004A70  00 00 20 4E 38 14 77 4B 20 4E 00 00 77 4B C8 EB
00004A80  5F 47 C7 1F 4D 4A 24 18 C7 1F A1 B8 24 18 B3 B5
00004A90  34 3F EC 2D 9C 45 78 23 EC 2D CC C0 78 23 64 BA
00004AA0  47 34 0F 3A 34 3F EC 2D 0F 3A B9 CB EC 2D CC C0
00004AB0  10 27 A9 43 3E 37 3E 37 A9 43 F0 D8 3E 37 C2 C8
00004AC0  6B 4C 3E 10 B2 4D 2B 08 3E 10 95 B3 2B 08 4E B2
00004AD0  4D 4A 24 18 2A 4D 39 0C 24 18 B3 B5 39 0C D6 B2
00004AE0  5F 47 C7 1F 6B 4C 3E 10 C7 1F A1 B8 3E 10 95 B3
00004AF0  A9 43 10 27 77 4B 38 14 10 27 57 BC 38 14 89 B4
00004B00  20 4E 00 00 B2 4D D5 F7 00 00 E0 B1 D5 F7 4E B2
00004B10  20 4E 00 00 2A 4D C7 F3 00 00 E0 B1 C7 F3 D6 B2
00004B20  20 4E 00 00 6B 4C C2 EF 00 00 E0 B1 C2 EF 95 B3
00004B30  20 4E 00 00 77 4B C8 EB 00 00 E0 B1 C8 EB 89 B4
00004B40  6B 4C C2 EF 4D 4A DC E7 C2 EF 95 B3 DC E7 B3 B5
00004B50  4D 4A DC E7 9C 45 88 DC DC E7 B3 B5 88 DC 64 BA
00004B60  5F 47 39 E0 34 3F 14 D2 39 E0 A1 B8 14 D2 CC C0
00004B70  A9 43 F0 D8 3E 37 C2 C8 F0 D8 57 BC C2 C8 C2 C8
00004B80  5F 47 39 E0 A9 43 F0 D8 39 E0 A1 B8 F0 D8 57 BC
00004B90  34 3F 14 D2 3E 37 C2 C8 14 D2 CC C0 C2 C8 C2 C8
00004BA0  47 34 F1 C5 10 27 57 BC F1 C5 B9 CB 57 BC F0 D8
00004BB0  10 27 57 BC 38 14 89 B4 57 BC F0 D8 89 B4 C8 EB
00004BC0  34 3F 14 D2 0F 3A B9 CB 14 D2 CC C0 B9 CB F1 C5
00004BD0  EC 2D CC C0 78 23 64 BA CC C0 14 D2 64 BA 88 DC
00004BE0  24 18 B3 B5 2B 08 4E B2 B3 B5 DC E7 4E B2 D5 F7
00004BF0  00 00 E0 B1 C8 EB 89 B4 E0 B1 00 00 89 B4 38 14
00004C00  47 34 F1 C5 EC 2D CC C0 F1 C5 B9 CB CC C0 14 D2
00004C10  24 18 B3 B5 39 0C D6 B2 B3 B5 DC E7 D6 B2 C7 F3
00004C20  D5 F7 4E B2 DC E7 B3 B5 4E B2 2B 08 B3 B5 24 18
00004C30  F0 D8 57 BC C2 C8 C2 C8 57 BC 10 27 C2 C8 3E 37
00004C40  10 27 57 BC C7 1F A1 B8 57 BC F0 D8 A1 B8 39 E0
00004C50  00 00 E0 B1 C7 F3 D6 B2 E0 B1 00 00 D6 B2 39 0C
00004C60  F0 D8 57 BC B9 CB F1 C5 57 BC 10 27 F1 C5 47 34
00004C70  57 BC F0 D8 89 B4 C8 EB F0 D8 A9 43 C8 EB 77 4B
00004C80  24 18 B3 B5 3E 10 95 B3 B3 B5 DC E7 95 B3 C2 EF
00004C90  DC E7 B3 B5 88 DC 64 BA B3 B5 24 18 64 BA 78 23
00004CA0  CC C0 14 D2 A1 B8 39 E0 14 D2 34 3F 39 E0 5F 47
00004CB0  E0 B1 00 00 89 B4 38 14 00 00 20 4E 38 14 77 4B
00004CC0  2B 08 4E B2 00 00 E0 B1 4E B2 D5 F7 E0 B1 00 00
00004CD0  14 D2 CC C0 C2 C8 C2 C8 CC C0 EC 2D C2 C8 3E 37
00004CE0  95 B3 C2 EF E0 B1 00 00 C2 EF 6B 4C 00 00 20 4E
00004CF0  57 BC 10 27 C2 C8 3E 37 10 27 A9 43 3E 37 3E 37
00004D00  D5 F7 4E B2 C2 EF 95 B3 4E B2 2B 08 95 B3 3E 10
00004D10  CC C0 14 D2 64 BA 88 DC 14 D2 34 3F 88 DC 9C 45
00004D20  95 B3 3E 10 A1 B8 C7 1F 3E 10 6B 4C C7 1F 5F 47
00004D30  F0 D8 A9 43 C8 EB 77 4B A9 43 10 27 77 4B 38 14
00004D40  DC E7 B3 B5 39 E0 A1 B8 B3 B5 24 18 A1 B8 C7 1F
00004D50  B3 B5 DC E7 D6 B2 C7 F3 DC E7 4D 4A C7 F3 2A 4D
00004D60  CC C0 EC 2D B9 CB 0F 3A EC 2D 34 3F 0F 3A 47 34
00004D70  00 00 20 4E 38 14 77 4B 20 4E 00 00 77 4B C8 EB
00004D80  F0 D8 57 BC 14 D2 CC C0 57 BC 10 27 CC C0 EC 2D
00004D90  E0 B1 00 00 D6 B2 39 0C 00 00 20 4E 39 0C 2A 4D
00004DA0  F0 D8 A9 43 DC E7 4D 4A A9 43 10 27 4D 4A 24 18
00004DB0  10 27 A9 43 3E 37 3E 37 A9 43 F0 D8 3E 37 C2 C8
00004DC0  B9 CB F1 C5 F1 C5 B9 CB F1 C5 47 34 B9 CB 0F 3A
00004DD0  B3 B5 24 18 64 BA 78 23 24 18 4D 4A 78 23 9C 45
00004DE0  D5 F7 B2 4D 2B 08 B2 4D B2 4D 2B 08 B2 4D D5 F7
00004DF0  A9 43 10 27 77 4B 38 14 10 27 57 BC 38 14 89 B4
00004E00  CC C0 14 D2 57 BC F0 D8 14 D2 34 3F F0 D8 A9 43
00004E10  CC C0 EC 2D C2 C8 3E 37 EC 2D 34 3F 3E 37 3E 37
00004E20  24 18 4D 4A 10 27 A9 43 4D 4A DC E7 A9 43 F0 D8
00004E30  20 4E 00 00 77 4B C8 EB 00 00 E0 B1 C8 EB 89 B4
00004E40  A1 B8 39 E0 B3 B5 DC E7 39 E0 5F 47 DC E7 4D 4A
00004E50  14 D2 34 3F 88 DC 9C 45 34 3F EC 2D 9C 45 78 23
00004E60  47 34 0F 3A 34 3F EC 2D 0F 3A B9 CB EC 2D CC C0
00004E70  A9 43 F0 D8 3E 37 C2 C8 F0 D8 57 BC C2 C8 C2 C8
00004E80  95 B3 C2 EF 4E B2 D5 F7 C2 EF 6B 4C D5 F7 B2 4D
00004E90  DC E7 4D 4A C7 F3 2A 4D 4D 4A 24 18 2A 4D 39 0C
00004EA0  5F 47 C7 1F 6B 4C 3E 10 C7 1F A1 B8 3E 10 95 B3
00004EB0  10 27 57 BC 38 14 89 B4 57 BC F0 D8 89 B4 C8 EB
00004EC0  E0 B1 00 00 4E B2 2B 08 00 00 20 4E 2B 08 B2 4D
00004ED0  00 00 20 4E 39 0C 2A 4D 20 4E 00 00 2A 4D C7 F3
00004EE0  20 4E 00 00 6B 4C C2 EF 00 00 E0 B1 C2 EF 95 B3
00004EF0  00 00 E0 B1 C8 EB 89 B4 E0 B1 00 00 89 B4 38 14
00004F00  95 B3 3E 10 B3 B5 24 18 3E 10 6B 4C 24 18 4D 4A
00004F10  24 18 4D 4A 78 23 9C 45 4D 4A DC E7 9C 45 88 DC
00004F20  5F 47 39 E0 34 3F 14 D2 39 E0 A1 B8 14 D2 CC C0
00004F30  F0 D8 57 BC C2 C8 C2 C8 57 BC 10 27 C2 C8 3E 37
00004F40  A1 B8 C7 1F 57 BC 10 27 C7 1F 5F 47 10 27 A9 43
00004F50  EC 2D 34 3F 3E 37 3E 37 34 3F 14 D2 3E 37 C2 C8
00004F60  47 34 F1 C5 10 27 57 BC F1 C5 B9 CB 57 BC F0 D8
00004F70  57 BC F0 D8 89 B4 C8 EB F0 D8 A9 43 C8 EB 77 4B
00004F80  CC C0 EC 2D F1 C5 47 34 EC 2D 34 3F 47 34 0F 3A
00004F90  34 3F EC 2D 9C 45 78 23 EC 2D CC C0 78 23 64 BA
00004FA0  24 18 B3 B5 2B 08 4E B2 B3 B5 DC E7 4E B2 D5 F7
00004FB0  E0 B1 00 00 89 B4 38 14 00 00 20 4E 38 14 77 4B
00004FC0  B9 CB 0F 3A 14 D2 34 3F 0F 3A 47 34 34 3F EC 2D
00004FD0  4D 4A 24 18 2A 4D 39 0C 24 18 B3 B5 39 0C D6 B2
00004FE0  D5 F7 4E B2 DC E7 B3 B5 4E B2 2B 08 B3 B5 24 18
00004FF0  57 BC 10 27 C2 C8 3E 37 10 27 A9 43 3E 37 3E 37
00005000  F0 D8 A9 43 39 E0 5F 47 A9 43 10 27 5F 47 C7 1F
00005010  20 4E 00 00 2A 4D C7 F3 00 00 E0 B1 C7 F3 D6 B2
00005020  F0 D8 57 BC B9 CB F1 C5 57 BC 10 27 F1 C5 47 34
00005030  F0 D8 A9 43 C8 EB 77 4B A9 43 10 27 77 4B 38 14
00005040  DC E7 4D 4A C2 EF 6B 4C 4D 4A 24 18 6B 4C 3E 10
00005050  4D 4A DC E7 9C 45 88 DC DC E7 B3 B5 88 DC 64 BA
00005060  CC C0 14 D2 A1 B8 39 E0 14 D2 34 3F 39 E0 5F 47
00005070  00 00 20 4E 38 14 77 4B 20 4E 00 00 77 4B C8 EB
00005080  D5 F7 B2 4D 00 00 20 4E B2 4D 2B 08 20 4E 00 00
00005090  34 3F 14 D2 3E 37 C2 C8 14 D2 CC C0 C2 C8 C2 C8
000050A0  95 B3 C2 EF E0 B1 00 00 C2 EF 6B 4C 00 00 20 4E
000050B0  10 27 A9 43 3E 37 3E 37 A9 43 F0 D8 3E 37 C2 C8
000050C0  2B 08 B2 4D 3E 10 6B 4C B2 4D D5 F7 6B 4C C2 EF
000050D0  EC 2D CC C0 78 23 64 BA CC C0 14 D2 64 BA 88 DC
000050E0  95 B3 3E 10 A1 B8 C7 1F 3E 10 6B 4C C7 1F 5F 47
000050F0  A9 43 10 27 77 4B 38 14 10 27 57 BC 38 14 89 B4
00005100  24 18 4D 4A C7 1F 5F 47 4D 4A DC E7 5F 47 39 E0
00005110  24 18 B3 B5 39 0C D6 B2 B3 B5 DC E7 D6 B2 C7 F3
00005120  CC C0 EC 2D B9 CB 0F 3A EC 2D 34 3F 0F 3A 47 34
00005130  20 4E 00 00 77 4B C8 EB 00 00 E0 B1 C8 EB 89 B4
00005140  10 27 A9 43 EC 2D 34 3F A9 43 F0 D8 34 3F 14 D2
00005150  00 00 E0 B1 C7 F3 D6 B2 E0 B1 00 00 D6 B2 39 0C
00005160  F0 D8 A9 43 DC E7 4D 4A A9 43 10 27 4D 4A 24 18
00005170  A9 43 F0 D8 3E 37 C2 C8 F0 D8 57 BC C2 C8 C2 C8
00005180  47 34 0F 3A 0F 3A 47 34 0F 3A B9 CB 47 34 F1 C5
00005190  DC E7 B3 B5 88 DC 64 BA B3 B5 24 18 64 BA 78 23
000051A0  D5 F7 B2 4D 2B 08 B2 4D B2 4D 2B 08 B2 4D D5 F7
000051B0  10 27 57 BC 38 14 89 B4 57 BC F0 D8 89 B4 C8 EB
000051C0  34 3F EC 2D A9 43 10 27 EC 2D CC C0 10 27 57 BC
000051D0  14 D2 CC C0 C2 C8 C2 C8 CC C0 EC 2D C2 C8 3E 37
000051E0  24 18 4D 4A 10 27 A9 43 4D 4A DC E7 A9 43 F0 D8
000051F0  00 00 E0 B1 C8 EB 89 B4 E0 B1 00 00 89 B4 38 14
00005200  5F 47 C7 1F 4D 4A 24 18 C7 1F A1 B8 24 18 B3 B5
00005210  CC C0 14 D2 64 BA 88 DC 14 D2 34 3F 88 DC 9C 45
00005220  47 34 0F 3A 34 3F EC 2D 0F 3A B9 CB EC 2D CC C0
00005230  F0 D8 57 BC C2 C8 C2 C8 57 BC 10 27 C2 C8 3E 37
00005240  6B 4C 3E 10 B2 4D 2B 08 3E 10 95 B3 2B 08 4E B2
00005250  B3 B5 DC E7 D6 B2 C7 F3 DC E7 4D 4A C7 F3 2A 4D
00005260  5F 47 C7 1F 6B 4C 3E 10 C7 1F A1 B8 3E 10 95 B3
00005270  57 BC F0 D8 89 B4 C8 EB F0 D8 A9 43 C8 EB 77 4B
00005280  20 4E 00 00 B2 4D D5 F7 00 00 E0 B1 D5 F7 4E B2
00005290  E0 B1 00 00 D6 B2 39 0C 00 00 20 4E 39 0C 2A 4D
000052A0  20 4E 00 00 6B 4C C2 EF 00 00 E0 B1 C2 EF 95 B3
000052B0  E0 B1 00 00 89 B4 38 14 00 00 20 4E 38 14 77 4B
000052C0  6B 4C C2 EF 4D 4A DC E7 C2 EF 95 B3 DC E7 B3 B5
000052D0  B3 B5 24 18 64 BA 78 23 24 18 4D 4A 78 23 9C 45
000052E0  5F 47 39 E0 34 3F 14 D2 39 E0 A1 B8 14 D2 CC C0
000052F0  57 BC 10 27 C2 C8 3E 37 10 27 A9 43 3E 37 3E 37
00005300  5F 47 39 E0 A9 43 F0 D8 39 E0 A1 B8 F0 D8 57 BC
00005310  CC C0 EC 2D C2 C8 3E 37 EC 2D 34 3F 3E 37 3E 37
00005320  47 34 F1 C5 10 27 57 BC F1 C5 B9 CB 57 BC F0 D8
00005330  F0 D8 A9 43 C8 EB 77 4B A9 43 10 27 77 4B 38 14
00005340  34 3F 14 D2 0F 3A B9 CB 14 D2 CC C0 B9 CB F1 C5
00005350  14 D2 34 3F 88 DC 9C 45 34 3F EC 2D 9C 45 78 23
00005360  24 18 B3 B5 2B 08 4E B2 B3 B5 DC E7 4E B2 D5 F7
00005370  00 00 20 4E 38 14 77 4B 20 4E 00 00 77 4B C8 EB
00005380  47 34 F1 C5 EC 2D CC C0 F1 C5 B9 CB CC C0 14 D2
00005390  DC E7 4D 4A C7 F3 2A 4D 4D 4A 24 18 2A 4D 39 0C
000053A0  D5 F7 4E B2 DC E7 B3 B5 4E B2 2B 08 B3 B5 24 18
000053B0  10 27 A9 43 3E 37 3E 37 A9 43 F0 D8 3E 37 C2 C8
000053C0  10 27 57 BC C7 1F A1 B8 57 BC F0 D8 A1 B8 39 E0
000053D0  00 00 20 4E 39 0C 2A 4D 20 4E 00 00 2A 4D C7 F3
000053E0  F0 D8 57 BC B9 CB F1 C5 57 BC 10 27 F1 C5 47 34
000053F0  A9 43 10 27 77 4B 38 14 10 27 57 BC 38 14 89 B4
00005400  24 18 B3 B5 3E 10 95 B3 B3 B5 DC E7 95 B3 C2 EF
00005410  24 18 4D 4A 78 23 9C 45 4D 4A DC E7 9C 45 88 DC
00005420  CC C0 14 D2 A1 B8 39 E0 14 D2 34 3F 39 E0 5F 47
00005430  20 4E 00 00 77 4B C8 EB 00 00 E0 B1 C8 EB 89 B4
00005440  2B 08 4E B2 00 00 E0 B1 4E B2 D5 F7 E0 B1 00 00
00005450  EC 2D 34 3F 3E 37 3E 37 34 3F 14 D2 3E 37 C2 C8
00005460  95 B3 C2 EF E0 B1 00 00 C2 EF 6B 4C 00 00 20 4E
00005470  A9 43 F0 D8 3E 37 C2 C8 F0 D8 57 BC C2 C8 C2 C8
00005480  D5 F7 4E B2 C2 EF 95 B3 4E B2 2B 08 95 B3 3E 10
00005490  34 3F EC 2D 9C 45 78 23 EC 2D CC C0 78 23 64 BA
000054A0  95 B3 3E 10 A1 B8 C7 1F 3E 10 6B 4C C7 1F 5F 47
000054B0  10 27 57 BC 38 14 89 B4 57 BC F0 D8 89 B4 C8 EB
000054C0  DC E7 B3 B5 39 E0 A1 B8 B3 B5 24 18 A1 B8 C7 1F
000054D0  4D 4A 24 18 2A 4D 39 0C 24 18 B3 B5 39 0C D6 B2
000054E0  CC C0 EC 2D B9 CB 0F 3A EC 2D 34 3F 0F 3A 47 34
000054F0  00 00 E0 B1 C8 EB 89 B4 E0 B1 00 00 89 B4 38 14
00005500  F0 D8 57 BC 14 D2 CC C0 57 BC 10 27 CC C0 EC 2D
00005510  20 4E 00 00 2A 4D C7 F3 00 00 E0 B1 C7 F3 D6 B2
00005520  F0 D8 A9 43 DC E7 4D 4A A9 43 10 27 4D 4A 24 18
00005530  F0 D8 57 BC C2 C8 C2 C8 57 BC 10 27 C2 C8 3E 37
00005540  B9 CB F1 C5 F1 C5 B9 CB F1 C5 47 34 B9 CB 0F 3A
00005550  4D 4A DC E7 9C 45 88 DC DC E7 B3 B5 88 DC 64 BA
00005560  D5 F7 B2 4D 2B 08 B2 4D B2 4D 2B 08 B2 4D D5 F7
00005570  57 BC F0 D8 89 B4 C8 EB F0 D8 A9 43 C8 EB 77 4B
00005580  CC C0 14 D2 57 BC F0 D8 14 D2 34 3F F0 D8 A9 43
00005590  34 3F 14 D2 3E 37 C2 C8 14 D2 CC C0 C2 C8 C2 C8
000055A0  24 18 4D 4A 10 27 A9 43 4D 4A DC E7 A9 43 F0 D8
000055B0  E0 B1 00 00 89 B4 38 14 00 00 20 4E 38 14 77 4B
000055C0  A1 B8 39 E0 B3 B5 DC E7 39 E0 5F 47 DC E7 4D 4A
000055D0  EC 2D CC C0 78 23 64 BA CC C0 14 D2 64 BA 88 DC
000055E0  47 34 0F 3A 34 3F EC 2D 0F 3A B9 CB EC 2D CC C0
000055F0  57 BC 10 27 C2 C8 3E 37 10 27 A9 43 3E 37 3E 37
00005600  95 B3 C2 EF 4E B2 D5 F7 C2 EF 6B 4C D5 F7 B2 4D
00005610  24 18 B3 B5 39 0C D6 B2 B3 B5 DC E7 D6 B2 C7 F3
00005620  5F 47 C7 1F 6B 4C 3E 10 C7 1F A1 B8 3E 10 95 B3
00005630  F0 D8 A9 43 C8 EB 77 4B A9 43 10 27 77 4B 38 14
00005640  E0 B1 00 00 4E B2 2B 08 00 00 20 4E 2B 08 B2 4D
00005650  00 00 E0 B1 C7 F3 D6 B2 E0 B1 00 00 D6 B2 39 0C
00005660  20 4E 00 00 6B 4C C2 EF 00 00 E0 B1 C2 EF 95 B3
00005670  00 00 20 4E 38 14 77 4B 20 4E 00 00 77 4B C8 EB
00005680  95 B3 3E 10 B3 B5 24 18 3E 10 6B 4C 24 18 4D 4A
00005690  DC E7 B3 B5 88 DC 64 BA B3 B5 24 18 64 BA 78 23
000056A0  5F 47 39 E0 34 3F 14 D2 39 E0 A1 B8 14 D2 CC C0
000056B0  10 27 A9 43 3E 37 3E 37 A9 43 F0 D8 3E 37 C2 C8
000056C0  A1 B8 C7 1F 57 BC 10 27 C7 1F 5F 47 10 27 A9 43
000056D0  14 D2 CC C0 C2 C8 C2 C8 CC C0 EC 2D C2 C8 3E 37
000056E0  47 34 F1 C5 10 27 57 BC F1 C5 B9 CB 57 BC F0 D8
000056F0  A9 43 10 27 77 4B 38 14 10 27 57 BC 38 14 89 B4
00005700  CC C0 EC 2D F1 C5 47 34 EC 2D 34 3F 47 34 0F 3A
00005710  CC C0 14 D2 64 BA 88 DC 14 D2 34 3F 88 DC 9C 45
00005720  24 18 B3 B5 2B 08 4E B2 B3 B5 DC E7 4E B2 D5 F7
00005730  20 4E 00 00 77 4B C8 EB 00 00 E0 B1 C8 EB 89 B4
00005740  B9 CB 0F 3A 14 D2 34 3F 0F 3A 47 34 34 3F EC 2D
00005750  B3 B5 DC E7 D6 B2 C7 F3 DC E7 4D 4A C7 F3 2A 4D
00005760  D5 F7 4E B2 DC E7 B3 B5 4E B2 2B 08 B3 B5 24 18
00005770  A9 43 F0 D8 3E 37 C2 C8 F0 D8 57 BC C2 C8 C2 C8
00005780  F0 D8 A9 43 39 E0 5F 47 A9 43 10 27 5F 47 C7 1F
00005790  E0 B1 00 00 D6 B2 39 0C 00 00 20 4E 39 0C 2A 4D
000057A0  F0 D8 57 BC B9 CB F1 C5 57 BC 10 27 F1 C5 47 34
000057B0  10 27 57 BC 38 14 89 B4 57 BC F0 D8 89 B4 C8 EB
000057C0  DC E7 4D 4A C2 EF 6B 4C 4D 4A 24 18 6B 4C 3E 10
000057D0  B3 B5 24 18 64 BA 78 23 24 18 4D 4A 78 23 9C 45
000057E0  CC C0 14 D2 A1 B8 39 E0 14 D2 34 3F 39 E0 5F 47
000057F0  00 00 E0 B1 C8 EB 89 B4 E0 B1 00 00 89 B4 38 14
00005800  D5 F7 B2 4D 00 00 20 4E B2 4D 2B 08 20 4E 00 00
00005810  CC C0 EC 2D C2 C8 3E 37 EC 2D 34 3F 3E 37 3E 37
00005820  95 B3 C2 EF E0 B1 00 00 C2 EF 6B 4C 00 00 20 4E
00005830  F0 D8 57 BC C2 C8 C2 C8 57 BC 10 27 C2 C8 3E 37
00005840  2B 08 B2 4D 3E 10 6B 4C B2 4D D5 F7 6B 4C C2 EF
00005850  14 D2 34 3F 88 DC 9C 45 34 3F EC 2D 9C 45 78 23
00005860  95 B3 3E 10 A1 B8 C7 1F 3E 10 6B 4C C7 1F 5F 47
00005870  57 BC F0 D8 89 B4 C8 EB F0 D8 A9 43 C8 EB 77 4B
00005880  24 18 4D 4A C7 1F 5F 47 4D 4A DC E7 5F 47 39 E0
00005890  DC E7 4D 4A C7 F3 2A 4D 4D 4A 24 18 2A 4D 39 0C
000058A0  CC C0 EC 2D B9 CB 0F 3A EC 2D 34 3F 0F 3A 47 34
000058B0  E0 B1 00 00 89 B4 38 14 00 00 20 4E 38 14 77 4B
000058C0  10 27 A9 43 EC 2D 34 3F A9 43 F0 D8 34 3F 14 D2
000058D0  00 00 20 4E 39 0C 2A 4D 20 4E 00 00 2A 4D C7 F3
000058E0  F0 D8 A9 43 DC E7 4D 4A A9 43 10 27 4D 4A 24 18
000058F0  57 BC 10 27 C2 C8 3E 37 10 27 A9 43 3E 37 3E 37
00005900  47 34 0F 3A 0F 3A 47 34 0F 3A B9 CB 47 34 F1 C5
00005910  24 18 4D 4A 78 23 9C 45 4D 4A DC E7 9C 45 88 DC
00005920  D5 F7 B2 4D 2B 08 B2 4D B2 4D 2B 08 B2 4D D5 F7
00005930  F0 D8 A9 43 C8 EB 77 4B A9 43 10 27 77 4B 38 14
00005940  34 3F EC 2D A9 43 10 27 EC 2D CC C0 10 27 57 BC
00005950  EC 2D 34 3F 3E 37 3E 37 34 3F 14 D2 3E 37 C2 C8
00005960  24 18 4D 4A 10 27 A9 43 4D 4A DC E7 A9 43 F0 D8
00005970  00 00 20 4E 38 14 77 4B 20 4E 00 00 77 4B C8 EB
00005980  5F 47 C7 1F 4D 4A 24 18 C7 1F A1 B8 24 18 B3 B5
00005990  34 3F EC 2D 9C 45 78 23 EC 2D CC C0 78 23 64 BA
000059A0  47 34 0F 3A 34 3F EC 2D 0F 3A B9 CB EC 2D CC C0
000059B0  10 27 A9 43 3E 37 3E 37 A9 43 F0 D8 3E 37 C2 C8
000059C0  6B 4C 3E 10 B2 4D 2B 08 3E 10 95 B3 2B 08 4E B2
000059D0  4D 4A 24 18 2A 4D 39 0C 24 18 B3 B5 39 0C D6 B2
000059E0  5F 47 C7 1F 6B 4C 3E 10 C7 1F A1 B8 3E 10 95 B3
000059F0  A9 43 10 27 77 4B 38 14 10 27 57 BC 38 14 89 B4
00005A00  20 4E 00 00 B2 4D D5 F7 00 00 E0 B1 D5 F7 4E B2
00005A10  20 4E 00 00 2A 4D C7 F3 00 00 E0 B1 C7 F3 D6 B2
00005A20  20 4E 00 00 6B 4C C2 EF 00 00 E0 B1 C2 EF 95 B3
00005A30  20 4E 00 00 77 4B C8 EB 00 00 E0 B1 C8 EB 89 B4
00005A40  6B 4C C2 EF 4D 4A DC E7 C2 EF 95 B3 DC E7 B3 B5
00005A50  4D 4A DC E7 9C 45 88 DC DC E7 B3 B5 88 DC 64 BA
00005A60  5F 47 39 E0 34 3F 14 D2 39 E0 A1 B8 14 D2 CC C0
00005A70  A9 43 F0 D8 3E 37 C2 C8 F0 D8 57 BC C2 C8 C2 C8
00005A80  5F 47 39 E0 A9 43 F0 D8 39 E0 A1 B8 F0 D8 57 BC
00005A90  34 3F 14 D2 3E 37 C2 C8 14 D2 CC C0 C2 C8 C2 C8
00005AA0  47 34 F1 C5 10 27 57 BC F1 C5 B9 CB 57 BC F0 D8
00005AB0  10 27 57 BC 38 14 89 B4 57 BC F0 D8 89 B4 C8 EB
00005AC0  34 3F 14 D2 0F 3A B9 CB 14 D2 CC C0 B9 CB F1 C5
00005AD0  EC 2D CC C0 78 23 64 BA CC C0 14 D2 64 BA 88 DC
00005AE0  24 18 B3 B5 2B 08 4E B2 B3 B5 DC E7 4E B2 D5 F7
00005AF0  00 00 E0 B1 C8 EB 89 B4 E0 B1 00 00 89 B4 38 14
00005B00  47 34 F1 C5 EC 2D CC C0 F1 C5 B9 CB CC C0 14 D2
00005B10  24 18 B3 B5 39 0C D6 B2 B3 B5 DC E7 D6 B2 C7 F3
00005B20  D5 F7 4E B2 DC E7 B3 B5 4E B2 2B 08 B3 B5 24 18
00005B30  F0 D8 57 BC C2 C8 C2 C8 57 BC 10 27 C2 C8 3E 37
00005B40  10 27 57 BC C7 1F A1 B8 57 BC F0 D8 A1 B8 39 E0
00005B50  00 00 E0 B1 C7 F3 D6 B2 E0 B1 00 00 D6 B2 39 0C
00005B60  F0 D8 57 BC B9 CB F1 C5 57 BC 10 27 F1 C5 47 34
00005B70  57 BC F0 D8 89 B4 C8 EB F0 D8 A9 43 C8 EB 77 4B
00005B80  24 18 B3 B5 3E 10 95 B3 B3 B5 DC E7 95 B3 C2 EF
00005B90  DC E7 B3 B5 88 DC 64 BA B3 B5 24 18 64 BA 78 23
00005BA0  CC C0 14 D2 A1 B8 39 E0 14 D2 34 3F 39 E0 5F 47
00005BB0  E0 B1 00 00 89 B4 38 14 00 00 20 4E 38 14 77 4B
00005BC0  2B 08 4E B2 00 00 E0 B1 4E B2 D5 F7 E0 B1 00 00
00005BD0  14 D2 CC C0 C2 C8 C2 C8 CC C0 EC 2D C2 C8 3E 37
00005BE0  95 B3 C2 EF E0 B1 00 00 C2 EF 6B 4C 00 00 20 4E
00005BF0  57 BC 10 27 C2 C8 3E 37 10 27 A9 43 3E 37 3E 37
00005C00  D5 F7 4E B2 C2 EF 95 B3 4E B2 2B 08 95 B3 3E 10
00005C10  CC C0 14 D2 64 BA 88 DC 14 D2 34 3F 88 DC 9C 45
00005C20  95 B3 3E 10 A1 B8 C7 1F 3E 10 6B 4C C7 1F 5F 47
00005C30  F0 D8 A9 43 C8 EB 77 4B A9 43 10 27 77 4B 38 14
00005C40  DC E7 B3 B5 39 E0 A1 B8 B3 B5 24 18 A1 B8 C7 1F
00005C50  B3 B5 DC E7 D6 B2 C7 F3 DC E7 4D 4A C7 F3 2A 4D
00005C60  CC C0 EC 2D B9 CB 0F 3A EC 2D 34 3F 0F 3A 47 34
00005C70  00 00 20 4E 38 14 77 4B 20 4E 00 00 77 4B C8 EB
00005C80  F0 D8 57 BC 14 D2 CC C0 57 BC 10 27 CC C0 EC 2D
00005C90  E0 B1 00 00 D6 B2 39 0C 00 00 20 4E 39 0C 2A 4D
00005CA0  F0 D8 A9 43 DC E7 4D 4A A9 43 10 27 4D 4A 24 18
00005CB0  10 27 A9 43 3E 37 3E 37 A9 43 F0 D8 3E 37 C2 C8
00005CC0  B9 CB F1 C5 F1 C5 B9 CB F1 C5 47 34 B9 CB 0F 3A
00005CD0  B3 B5 24 18 64 BA 78 23 24 18 4D 4A 78 23 9C 45
00005CE0  D5 F7 B2 4D 2B 08 B2 4D B2 4D 2B 08 B2 4D D5 F7
00005CF0  A9 43 10 27 77 4B 38 14 10 27 57 BC 38 14 89 B4
00005D00  CC C0 14 D2 57 BC F0 D8 14 D2 34 3F F0 D8 A9 43
00005D10  CC C0 EC 2D C2 C8 3E 37 EC 2D 34 3F 3E 37 3E 37
00005D20  24 18 4D 4A 10 27 A9 43 4D 4A DC E7 A9 43 F0 D8
00005D30  20 4E 00 00 77 4B C8 EB 00 00 E0 B1 C8 EB 89 B4
00005D40  A1 B8 39 E0 B3 B5 DC E7 39 E0 5F 47 DC E7 4D 4A
00005D50  14 D2 34 3F 88 DC 9C 45 34 3F EC 2D 9C 45 78 23
00005D60  47 34 0F 3A 34 3F EC 2D 0F 3A B9 CB EC 2D CC C0
00005D70  A9 43 F0 D8 3E 37 C2 C8 F0 D8 57 BC C2 C8 C2 C8
00005D80  95 B3 C2 EF 4E B2 D5 F7 C2 EF 6B 4C D5 F7 B2 4D
00005D90  DC E7 4D 4A C7 F3 2A 4D 4D 4A 24 18 2A 4D 39 0C
00005DA0  5F 47 C7 1F 6B 4C 3E 10 C7 1F A1 B8 3E 10 95 B3
00005DB0  10 27 57 BC 38 14 89 B4 57 BC F0 D8 89 B4 C8 EB
00005DC0  E0 B1 00 00 4E B2 2B 08 00 00 20 4E 2B 08 B2 4D
00005DD0  00 00 20 4E 39 0C 2A 4D 20 4E 00 00 2A 4D C7 F3
00005DE0  20 4E 00 00 6B 4C C2 EF 00 00 E0 B1 C2 EF 95 B3
00005DF0  00 00 E0 B1 C8 EB 89 B4 E0 B1 00 00 89 B4 38 14
00005E00  95 B3 3E 10 B3 B5 24 18 3E 10 6B 4C 24 18 4D 4A
00005E10  24 18 4D 4A 78 23 9C 45 4D 4A DC E7 9C 45 88 DC
00005E20  5F 47 39 E0 34 3F 14 D2 39 E0 A1 B8 14 D2 CC C0
00005E30  F0 D8 57 BC C2 C8 C2 C8 57 BC 10 27 C2 C8 3E 37
00005E40  A1 B8 C7 1F 57 BC 10 27 C7 1F 5F 47 10 27 A9 43
00005E50  EC 2D 34 3F 3E 37 3E 37 34 3F 14 D2 3E 37 C2 C8
00005E60  47 34 F1 C5 10 27 57 BC F1 C5 B9 CB 57 BC F0 D8
00005E70  57 BC F0 D8 89 B4 C8 EB F0 D8 A9 43 C8 EB 77 4B
00005E80  CC C0 EC 2D F1 C5 47 34 EC 2D 34 3F 47 34 0F 3A
00005E90  34 3F EC 2D 9C 45 78 23 EC 2D CC C0 78 23 64 BA
00005EA0  24 18 B3 B5 2B 08 4E B2 B3 B5 DC E7 4E B2 D5 F7
00005EB0  E0 B1 00 00 89 B4 38 14 00 00 20 4E 38 14 77 4B
00005EC0  B9 CB 0F 3A 14 D2 34 3F 0F 3A 47 34 34 3F EC 2D
00005ED0  4D 4A 24 18 2A 4D 39 0C 24 18 B3 B5 39 0C D6 B2
00005EE0  D5 F7 4E B2 DC E7 B3 B5 4E B2 2B 08 B3 B5 24 18
00005EF0  57 BC 10 27 C2 C8 3E 37 10 27 A9 43 3E 37 3E 37
00005F00  F0 D8 A9 43 39 E0 5F 47 A9 43 10 27 5F 47 C7 1F
00005F10  20 4E 00 00 2A 4D C7 F3 00 00 E0 B1 C7 F3 D6 B2
00005F20  F0 D8 57 BC B9 CB F1 C5 57 BC 10 27 F1 C5 47 34
00005F30  F0 D8 A9 43 C8 EB 77 4B A9 43 10 27 77 4B 38 14
00005F40  DC E7 4D 4A C2 EF 6B 4C 4D 4A 24 18 6B 4C 3E 10
00005F50  4D 4A DC E7 9C 45 88 DC DC E7 B3 B5 88 DC 64 BA
00005F60  CC C0 14 D2 A1 B8 39 E0 14 D2 34 3F 39 E0 5F 47
00005F70  00 00 20 4E 38 14 77 4B 20 4E 00 00 77 4B C8 EB
00005F80  D5 F7 B2 4D 00 00 20 4E B2 4D 2B 08 20 4E 00 00
00005F90  34 3F 14 D2 3E 37 C2 C8 14 D2 CC C0 C2 C8 C2 C8
00005FA0  95 B3 C2 EF E0 B1 00 00 C2 EF 6B 4C 00 00 20 4E
00005FB0  10 27 A9 43 3E 37 3E 37 A9 43 F0 D8 3E 37 C2 C8
00005FC0  2B 08 B2 4D 3E 10 6B 4C B2 4D D5 F7 6B 4C C2 EF
00005FD0  EC 2D CC C0 78 23 64 BA CC C0 14 D2 64 BA 88 DC
00005FE0  95 B3 3E 10 A1 B8 C7 1F 3E 10 6B 4C C7 1F 5F 47
00005FF0  A9 43 10 27 77 4B 38 14 10 27 57 BC 38 14 89 B4
00006000  24 18 4D 4A C7 1F 5F 47 4D 4A DC E7 5F 47 39 E0
00006010  24 18 B3 B5 39 0C D6 B2 B3 B5 DC E7 D6 B2 C7 F3
00006020  CC C0 EC 2D B9 CB 0F 3A EC 2D 34 3F 0F 3A 47 34
00006030  20 4E 00 00 77 4B C8 EB 00 00 E0 B1 C8 EB 89 B4
00006040  10 27 A9 43 EC 2D 34 3F A9 43 F0 D8 34 3F 14 D2
00006050  00 00 E0 B1 C7 F3 D6 B2 E0 B1 00 00 D6 B2 39 0C
00006060  F0 D8 A9 43 DC E7 4D 4A A9 43 10 27 4D 4A 24 18
00006070  A9 43 F0 D8 3E 37 C2 C8 F0 D8 57 BC C2 C8 C2 C8
00006080  47 34 0F 3A 0F 3A 47 34 0F 3A B9 CB 47 34 F1 C5
00006090  DC E7 B3 B5 88 DC 64 BA B3 B5 24 18 64 BA 78 23
000060A0  D5 F7 B2 4D 2B 08 B2 4D B2 4D 2B 08 B2 4D D5 F7
000060B0  10 27 57 BC 38 14 89 B4 57 BC F0 D8 89 B4 C8 EB
000060C0  34 3F EC 2D A9 43 10 27 EC 2D CC C0 10 27 57 BC
000060D0  14 D2 CC C0 C2 C8 C2 C8 CC C0 EC 2D C2 C8 3E 37
000060E0  24 18 4D 4A 10 27 A9 43 4D 4A DC E7 A9 43 F0 D8
000060F0  00 00 E0 B1 C8 EB 89 B4 E0 B1 00 00 89 B4 38 14
00006100  5F 47 C7 1F 4D 4A 24 18 C7 1F A1 B8 24 18 B3 B5
00006110  CC C0 14 D2 64 BA 88 DC 14 D2 34 3F 88 DC 9C 45
00006120  47 34 0F 3A 34 3F EC 2D 0F 3A B9 CB EC 2D CC C0
00006130  F0 D8 57 BC C2 C8 C2 C8 57 BC 10 27 C2 C8 3E 37
00006140  6B 4C 3E 10 B2 4D 2B 08 3E 10 95 B3 2B 08 4E B2
00006150  B3 B5 DC E7 D6 B2 C7 F3 DC E7 4D 4A C7 F3 2A 4D
00006160  5F 47 C7 1F 6B 4C 3E 10 C7 1F A1 B8 3E 10 95 B3
00006170  57 BC F0 D8 89 B4 C8 EB F0 D8 A9 43 C8 EB 77 4B
00006180  20 4E 00 00 B2 4D D5 F7 00 00 E0 B1 D5 F7 4E B2
00006190  E0 B1 00 00 D6 B2 39 0C 00 00 20 4E 39 0C 2A 4D
000061A0  20 4E 00 00 6B 4C C2 EF 00 00 E0 B1 C2 EF 95 B3
000061B0  E0 B1 00 00 89 B4 38 14 00 00 20 4E 38 14 77 4B
000061C0  6B 4C C2 EF 4D 4A DC E7 C2 EF 95 B3 DC E7 B3 B5
000061D0  B3 B5 24 18 64 BA 78 23 24 18 4D 4A 78 23 9C 45
000061E0  5F 47 39 E0 34 3F 14 D2 39 E0 A1 B8 14 D2 CC C0
000061F0  57 BC 10 27 C2 C8 3E 37 10 27 A9 43 3E 37 3E 37
00006200  5F 47 39 E0 A9 43 F0 D8 39 E0 A1 B8 F0 D8 57 BC
00006210  CC C0 EC 2D C2 C8 3E 37 EC 2D 34 3F 3E 37 3E 37
00006220  47 34 F1 C5 10 27 57 BC F1 C5 B9 CB 57 BC F0 D8
00006230  F0 D8 A9 43 C8 EB 77 4B A9 43 10 27 77 4B 38 14
00006240  34 3F 14 D2 0F 3A B9 CB 14 D2 CC C0 B9 CB F1 C5
00006250  14 D2 34 3F 88 DC 9C 45 34 3F EC 2D 9C 45 78 23
00006260  24 18 B3 B5 2B 08 4E B2 B3 B5 DC E7 4E B2 D5 F7
00006270  00 00 20 4E 38 14 77 4B 20 4E 00 00 77 4B C8 EB
00006280  47 34 F1 C5 EC 2D CC C0 F1 C5 B9 CB CC C0 14 D2
00006290  DC E7 4D 4A C7 F3 2A 4D 4D 4A 24 18 2A 4D 39 0C
000062A0  D5 F7 4E B2 DC E7 B3 B5 4E B2 2B 08 B3 B5 24 18
000062B0  10 27 A9 43 3E 37 3E 37 A9 43 F0 D8 3E 37 C2 C8
000062C0  10 27 57 BC C7 1F A1 B8 57 BC F0 D8 A1 B8 39 E0
000062D0  00 00 20 4E 39 0C 2A 4D 20 4E 00 00 2A 4D C7 F3
000062E0  F0 D8 57 BC B9 CB F1 C5 57 BC 10 27 F1 C5 47 34
000062F0  A9 43 10 27 77 4B 38 14 10 27 57 BC 38 14 89 B4
00006300  24 18 B3 B5 3E 10 95 B3 B3 B5 DC E7 95 B3 C2 EF
00006310  24 18 4D 4A 78 23 9C 45 4D 4A DC E7 9C 45 88 DC
00006320  CC C0 14 D2 A1 B8 39 E0 14 D2 34 3F 39 E0 5F 47
00006330  20 4E 00 00 77 4B C8 EB 00 00 E0 B1 C8 EB 89 B4
00006340  2B 08 4E B2 00 00 E0 B1 4E B2 D5 F7 E0 B1 00 00
00006350  EC 2D 34 3F 3E 37 3E 37 34 3F 14 D2 3E 37 C2 C8
00006360  95 B3 C2 EF E0 B1 00 00 C2 EF 6B 4C 00 00 20 4E
00006370  A9 43 F0 D8 3E 37 C2 C8 F0 D8 57 BC C2 C8 C2 C8
00006380  D5 F7 4E B2 C2 EF 95 B3 4E B2 2B 08 95 B3 3E 10
00006390  34 3F EC 2D 9C 45 78 23 EC 2D CC C0 78 23 64 BA
000063A0  95 B3 3E 10 A1 B8 C7 1F 3E 10 6B 4C C7 1F 5F 47
000063B0  10 27 57 BC 38 14 89 B4 57 BC F0 D8 89 B4 C8 EB
000063C0  DC E7 B3 B5 39 E0 A1 B8 B3 B5 24 18 A1 B8 C7 1F
000063D0  4D 4A 24 18 2A 4D 39 0C 24 18 B3 B5 39 0C D6 B2
000063E0  CC C0 EC 2D B9 CB 0F 3A EC 2D 34 3F 0F 3A 47 34
000063F0  00 00 E0 B1 C8 EB 89 B4 E0 B1 00 00 89 B4 38 14
00006400  F0 D8 57 BC 14 D2 CC C0 57 BC 10 27 CC C0 EC 2D
00006410  20 4E 00 00 2A 4D C7 F3 00 00 E0 B1 C7 F3 D6 B2
00006420  F0 D8 A9 43 DC E7 4D 4A A9 43 10 27 4D 4A 24 18
00006430  F0 D8 57 BC C2 C8 C2 C8 57 BC 10 27 C2 C8 3E 37
00006440  B9 CB F1 C5 F1 C5 B9 CB F1 C5 47 34 B9 CB 0F 3A
00006450  4D 4A DC E7 9C 45 88 DC DC E7 B3 B5 88 DC 64 BA
00006460  D5 F7 B2 4D 2B 08 B2 4D B2 4D 2B 08 B2 4D D5 F7
00006470  57 BC F0 D8 89 B4 C8 EB F0 D8 A9 43 C8 EB 77 4B
00006480  CC C0 14 D2 57 BC F0 D8 14 D2 34 3F F0 D8 A9 43
00006490  34 3F 14 D2 3E 37 C2 C8 14 D2 CC C0 C2 C8 C2 C8
000064A0  24 18 4D 4A 10 27 A9 43 4D 4A DC E7 A9 43 F0 D8
000064B0  E0 B1 00 00 89 B4 38 14 00 00 20 4E 38 14 77 4B
000064C0  A1 B8 39 E0 B3 B5 DC E7 39 E0 5F 47 DC E7 4D 4A
000064D0  EC 2D CC C0 78 23 64 BA CC C0 14 D2 64 BA 88 DC
000064E0  47 34 0F 3A 34 3F EC 2D 0F 3A B9 CB EC 2D CC C0
000064F0  57 BC 10 27 C2 C8 3E 37 10 27 A9 43 3E 37 3E 37
00006500  95 B3 C2 EF 4E B2 D5 F7 C2 EF 6B 4C D5 F7 B2 4D
00006510  24 18 B3 B5 39 0C D6 B2 B3 B5 DC E7 D6 B2 C7 F3
00006520  5F 47 C7 1F 6B 4C 3E 10 C7 1F A1 B8 3E 10 95 B3
00006530  F0 D8 A9 43 C8 EB 77 4B A9 43 10 27 77 4B 38 14
00006540  E0 B1 00 00 4E B2 2B 08 00 00 20 4E 2B 08 B2 4D
00006550  00 00 E0 B1 C7 F3 D6 B2 E0 B1 00 00 D6 B2 39 0C
00006560  20 4E 00 00 6B 4C C2 EF 00 00 E0 B1 C2 EF 95 B3
00006570  00 00 20 4E 38 14 77 4B 20 4E 00 00 77 4B C8 EB
00006580  95 B3 3E 10 B3 B5 24 18 3E 10 6B 4C 24 18 4D 4A
00006590  DC E7 B3 B5 88 DC 64 BA B3 B5 24 18 64 BA 78 23
000065A0  5F 47 39 E0 34 3F 14 D2 39 E0 A1 B8 14 D2 CC C0
000065B0  10 27 A9 43 3E 37 3E 37 A9 43 F0 D8 3E 37 C2 C8
000065C0  A1 B8 C7 1F 57 BC 10 27 C7 1F 5F 47 10 27 A9 43
000065D0  14 D2 CC C0 C2 C8 C2 C8 CC C0 EC 2D C2 C8 3E 37
000065E0  47 34 F1 C5 10 27 57 BC F1 C5 B9 CB 57 BC F0 D8
000065F0  A9 43 10 27 77 4B 38 14 10 27 57 BC 38 14 89 B4
00006600  CC C0 EC 2D F1 C5 47 34 EC 2D 34 3F 47 34 0F 3A
00006610  CC C0 14 D2 64 BA 88 DC 14 D2 34 3F 88 DC 9C 45
00006620  24 18 B3 B5 2B 08 4E B2 B3 B5 DC E7 4E B2 D5 F7
00006630  20 4E 00 00 77 4B C8 EB 00 00 E0 B1 C8 EB 89 B4
00006640  B9 CB 0F 3A 14 D2 34 3F 0F 3A 47 34 34 3F EC 2D
00006650  B3 B5 DC E7 D6 B2 C7 F3 DC E7 4D 4A C7 F3 2A 4D
00006660  D5 F7 4E B2 DC E7 B3 B5 4E B2 2B 08 B3 B5 24 18
00006670  A9 43 F0 D8 3E 37 C2 C8 F0 D8 57 BC C2 C8 C2 C8
00006680  F0 D8 A9 43 39 E0 5F 47 A9 43 10 27 5F 47 C7 1F
00006690  E0 B1 00 00 D6 B2 39 0C 00 00 20 4E 39 0C 2A 4D
000066A0  F0 D8 57 BC B9 CB F1 C5 57 BC 10 27 F1 C5 47 34
000066B0  10 27 57 BC 38 14 89 B4 57 BC F0 D8 89 B4 C8 EB
000066C0  DC E7 4D 4A C2 EF 6B 4C 4D 4A 24 18 6B 4C 3E 10
000066D0  B3 B5 24 18 64 BA 78 23 24 18 4D 4A 78 23 9C 45
000066E0  CC C0 14 D2 A1 B8 39 E0 14 D2 34 3F 39 E0 5F 47
000066F0  00 00 E0 B1 C8 EB 89 B4 E0 B1 00 00 89 B4 38 14
00006700  D5 F7 B2 4D 00 00 20 4E B2 4D 2B 08 20 4E 00 00
00006710  CC C0 EC 2D C2 C8 3E 37 EC 2D 34 3F 3E 37 3E 37
00006720  95 B3 C2 EF E0 B1 00 00 C2 EF 6B 4C 00 00 20 4E
00006730  F0 D8 57 BC C2 C8 C2 C8 57 BC 10 27 C2 C8 3E 37
00006740  2B 08 B2 4D 3E 10 6B 4C B2 4D D5 F7 6B 4C C2 EF
00006750  14 D2 34 3F 88 DC 9C 45 34 3F EC 2D 9C 45 78 23
00006760  95 B3 3E 10 A1 B8 C7 1F 3E 10 6B 4C C7 1F 5F 47
00006770  57 BC F0 D8 89 B4 C8 EB F0 D8 A9 43 C8 EB 77 4B
00006780  24 18 4D 4A C7 1F 5F 47 4D 4A DC E7 5F 47 39 E0
00006790  DC E7 4D 4A C7 F3 2A 4D 4D 4A 24 18 2A 4D 39 0C
000067A0  CC C0 EC 2D B9 CB 0F 3A EC 2D 34 3F 0F 3A 47 34
000067B0  E0 B1 00 00 89 B4 38 14 00 00 20 4E 38 14 77 4B
000067C0  10 27 A9 43 EC 2D 34 3F A9 43 F0 D8 34 3F 14 D2
000067D0  00 00 20 4E 39 0C 2A 4D 20 4E 00 00 2A 4D C7 F3
000067E0  F0 D8 A9 43 DC E7 4D 4A A9 43 10 27 4D 4A 24 18
000067F0  57 BC 10 27 C2 C8 3E 37 10 27 A9 43 3E 37 3E 37
00006800  47 34 0F 3A 0F 3A 47 34 0F 3A B9 CB 47 34 F1 C5
00006810  24 18 4D 4A 78 23 9C 45 4D 4A DC E7 9C 45 88 DC
00006820  D5 F7 B2 4D 2B 08 B2 4D B2 4D 2B 08 B2 4D D5 F7
00006830  F0 D8 A9 43 C8 EB 77 4B A9 43 10 27 77 4B 38 14
00006840  34 3F EC 2D A9 43 10 27 EC 2D CC C0 10 27 57 BC
00006850  EC 2D 34 3F 3E 37 3E 37 34 3F 14 D2 3E 37 C2 C8
00006860  24 18 4D 4A 10 27 A9 43 4D 4A DC E7 A9 43 F0 D8
00006870  00 00 20 4E 38 14 77 4B 20 4E 00 00 77 4B C8 EB
00006880  5F 47 C7 1F 4D 4A 24 18 C7 1F A1 B8 24 18 B3 B5
00006890  34 3F EC 2D 9C 45 78 23 EC 2D CC C0 78 23 64 BA
000068A0  47 34 0F 3A 34 3F EC 2D 0F 3A B9 CB EC 2D CC C0
000068B0  10 27 A9 43 3E 37 3E 37 A9 43 F0 D8 3E 37 C2 C8
000068C0  6B 4C 3E 10 B2 4D 2B 08 3E 10 95 B3 2B 08 4E B2
000068D0  4D 4A 24 18 2A 4D 39 0C 24 18 B3 B5 39 0C D6 B2
000068E0  5F 47 C7 1F 6B 4C 3E 10 C7 1F A1 B8 3E 10 95 B3
000068F0  A9 43 10 27 77 4B 38 14 10 27 57 BC 38 14 89 B4
00006900  20 4E 00 00 B2 4D D5 F7 00 00 E0 B1 D5 F7 4E B2
00006910  20 4E 00 00 2A 4D C7 F3 00 00 E0 B1 C7 F3 D6 B2
00006920  20 4E 00 00 6B 4C C2 EF 00 00 E0 B1 C2 EF 95 B3
00006930  20 4E 00 00 77 4B C8 EB 00 00 E0 B1 C8 EB 89 B4
00006940  6B 4C C2 EF 4D 4A DC E7 C2 EF 95 B3 DC E7 B3 B5
00006950  4D 4A DC E7 9C 45 88 DC DC E7 B3 B5 88 DC 64 BA
00006960  5F 47 39 E0 34 3F 14 D2 39 E0 A1 B8 14 D2 CC C0
00006970  A9 43 F0 D8 3E 37 C2 C8 F0 D8 57 BC C2 C8 C2 C8
00006980  5F 47 39 E0 A9 43 F0 D8 39 E0 A1 B8 F0 D8 57 BC
00006990  34 3F 14 D2 3E 37 C2 C8 14 D2 CC C0 C2 C8 C2 C8
000069A0  47 34 F1 C5 10 27 57 BC F1 C5 B9 CB 57 BC F0 D8
000069B0  10 27 57 BC 38 14 89 B4 57 BC F0 D8 89 B4 C8 EB
000069C0  34 3F 14 D2 0F 3A B9 CB 14 D2 CC C0 B9 CB F1 C5
000069D0  EC 2D CC C0 78 23 64 BA CC C0 14 D2 64 BA 88 DC
000069E0  24 18 B3 B5 2B 08 4E B2 B3 B5 DC E7 4E B2 D5 F7
000069F0  00 00 E0 B1 C8 EB 89 B4 E0 B1 00 00 89 B4 38 14
00006A00  47 34 F1 C5 EC 2D CC C0 F1 C5 B9 CB CC C0 14 D2
00006A10  24 18 B3 B5 39 0C D6 B2 B3 B5 DC E7 D6 B2 C7 F3
00006A20  D5 F7 4E B2 DC E7 B3 B5 4E B2 2B 08 B3 B5 24 18
00006A30  F0 D8 57 BC C2 C8 C2 C8 57 BC 10 27 C2 C8 3E 37
00006A40  10 27 57 BC C7 1F A1 B8 57 BC F0 D8 A1 B8 39 E0
00006A50  00 00 E0 B1 C7 F3 D6 B2 E0 B1 00 00 D6 B2 39 0C
00006A60  F0 D8 57 BC B9 CB F1 C5 57 BC 10 27 F1 C5 47 34
00006A70  57 BC F0 D8 89 B4 C8 EB F0 D8 A9 43 C8 EB 77 4B
00006A80  24 18 B3 B5 3E 10 95 B3 B3 B5 DC E7 95 B3 C2 EF
00006A90  DC E7 B3 B5 88 DC 64 BA B3 B5 24 18 64 BA 78 23
00006AA0  CC C0 14 D2 A1 B8 39 E0 14 D2 34 3F 39 E0 5F 47
00006AB0  E0 B1 00 00 89 B4 38 14 00 00 20 4E 38 14 77 4B
00006AC0  2B 08 4E B2 00 00 E0 B1 4E B2 D5 F7 E0 B1 00 00
00006AD0  14 D2 CC C0 C2 C8 C2 C8 CC C0 EC 2D C2 C8 3E 37
00006AE0  95 B3 C2 EF E0 B1 00 00 C2 EF 6B 4C 00 00 20 4E
00006AF0  57 BC 10 27 C2 C8 3E 37 10 27 A9 43 3E 37 3E 37
00006B00  D5 F7 4E B2 C2 EF 95 B3 4E B2 2B 08 95 B3 3E 10
00006B10  CC C0 14 D2 64 BA 88 DC 14 D2 34 3F 88 DC 9C 45
00006B20  95 B3 3E 10 A1 B8 C7 1F 3E 10 6B 4C C7 1F 5F 47
00006B30  F0 D8 A9 43 C8 EB 77 4B A9 43 10 27 77 4B 38 14
00006B40  DC E7 B3 B5 39 E0 A1 B8 B3 B5 24 18 A1 B8 C7 1F
00006B50  B3 B5 DC E7 D6 B2 C7 F3 DC E7 4D 4A C7 F3 2A 4D
00006B60  CC C0 EC 2D B9 CB 0F 3A EC 2D 34 3F 0F 3A 47 34
00006B70  00 00 20 4E 38 14 77 4B 20 4E 00 00 77 4B C8 EB
00006B80  F0 D8 57 BC 14 D2 CC C0 57 BC 10 27 CC C0 EC 2D
00006B90  E0 B1 00 00 D6 B2 39 0C 00 00 20 4E 39 0C 2A 4D
00006BA0  F0 D8 A9 43 DC E7 4D 4A A9 43 10 27 4D 4A 24 18
00006BB0  10 27 A9 43 3E 37 3E 37 A9 43 F0 D8 3E 37 C2 C8
00006BC0  B9 CB F1 C5 F1 C5 B9 CB F1 C5 47 34 B9 CB 0F 3A
00006BD0  B3 B5 24 18 64 BA 78 23 24 18 4D 4A 78 23 9C 45
00006BE0  D5 F7 B2 4D 2B 08 B2 4D B2 4D 2B 08 B2 4D D5 F7
00006BF0  A9 43 10 27 77 4B 38 14 10 27 57 BC 38 14 89 B4
00006C00  CC C0 14 D2 57 BC F0 D8 14 D2 34 3F F0 D8 A9 43
00006C10  CC C0 EC 2D C2 C8 3E 37 EC 2D 34 3F 3E 37 3E 37
00006C20  24 18 4D 4A 10 27 A9 43 4D 4A DC E7 A9 43 F0 D8
00006C30  20 4E 00 00 77 4B C8 EB 00 00 E0 B1 C8 EB 89 B4
00006C40  A1 B8 39 E0 B3 B5 DC E7 39 E0 5F 47 DC E7 4D 4A
00006C50  14 D2 34 3F 88 DC 9C 45 34 3F EC 2D 9C 45 78 23
00006C60  47 34 0F 3A 34 3F EC 2D 0F 3A B9 CB EC 2D CC C0
00006C70  A9 43 F0 D8 3E 37 C2 C8 F0 D8 57 BC C2 C8 C2 C8
00006C80  95 B3 C2 EF 4E B2 D5 F7 C2 EF 6B 4C D5 F7 B2 4D
00006C90  DC E7 4D 4A C7 F3 2A 4D 4D 4A 24 18 2A 4D 39 0C
00006CA0  5F 47 C7 1F 6B 4C 3E 10 C7 1F A1 B8 3E 10 95 B3
00006CB0  10 27 57 BC 38 14 89 B4 57 BC F0 D8 89 B4 C8 EB
00006CC0  E0 B1 00 00 4E B2 2B 08 00 00 20 4E 2B 08 B2 4D
00006CD0  00 00 20 4E 39 0C 2A 4D 20 4E 00 00 2A 4D C7 F3
00006CE0  20 4E 00 00 6B 4C C2 EF 00 00 E0 B1 C2 EF 95 B3
00006CF0  00 00 E0 B1 C8 EB 89 B4 E0 B1 00 00 89 B4 38 14
00006D00  95 B3 3E 10 B3 B5 24 18 3E 10 6B 4C 24 18 4D 4A
00006D10  24 18 4D 4A 78 23 9C 45 4D 4A DC E7 9C 45 88 DC
00006D20  5F 47 39 E0 34 3F 14 D2 39 E0 A1 B8 14 D2 CC C0
00006D30  F0 D8 57 BC C2 C8 C2 C8 57 BC 10 27 C2 C8 3E 37
00006D40  A1 B8 C7 1F 57 BC 10 27 C7 1F 5F 47 10 27 A9 43
00006D50  EC 2D 34 3F 3E 37 3E 37 34 3F 14 D2 3E 37 C2 C8
00006D60  47 34 F1 C5 10 27 57 BC F1 C5 B9 CB 57 BC F0 D8
00006D70  57 BC F0 D8 89 B4 C8 EB F0 D8 A9 43 C8 EB 77 4B
00006D80  CC C0 EC 2D F1 C5 47 34 EC 2D 34 3F 47 34 0F 3A
00006D90  34 3F EC 2D 9C 45 78 23 EC 2D CC C0 78 23 64 BA
00006DA0  24 18 B3 B5 2B 08 4E B2 B3 B5 DC E7 4E B2 D5 F7
00006DB0  E0 B1 00 00 89 B4 38 14 00 00 20 4E 38 14 77 4B
00006DC0  B9 CB 0F 3A 14 D2 34 3F 0F 3A 47 34 34 3F EC 2D
00006DD0  4D 4A 24 18 2A 4D 39 0C 24 18 B3 B5 39 0C D6 B2
00006DE0  D5 F7 4E B2 DC E7 B3 B5 4E B2 2B 08 B3 B5 24 18
00006DF0  57 BC 10 27 C2 C8 3E 37 10 27 A9 43 3E 37 3E 37
00006E00  F0 D8 A9 43 39 E0 5F 47 A9 43 10 27 5F 47 C7 1F
00006E10  20 4E 00 00 2A 4D C7 F3 00 00 E0 B1 C7 F3 D6 B2
00006E20  F0 D8 57 BC B9 CB F1 C5 57 BC 10 27 F1 C5 47 34
00006E30  F0 D8 A9 43 C8 EB 77 4B A9 43 10 27 77 4B 38 14
00006E40  DC E7 4D 4A C2 EF 6B 4C 4D 4A 24 18 6B 4C 3E 10
00006E50  4D 4A DC E7 9C 45 88 DC DC E7 B3 B5 88 DC 64 BA
00006E60  CC C0 14 D2 A1 B8 39 E0 14 D2 34 3F 39 E0 5F 47
00006E70  00 00 20 4E 38 14 77 4B 20 4E 00 00 77 4B C8 EB
00006E80  D5 F7 B2 4D 00 00 20 4E B2 4D 2B 08 20 4E 00 00
00006E90  34 3F 14 D2 3E 37 C2 C8 14 D2 CC C0 C2 C8 C2 C8
00006EA0  95 B3 C2 EF E0 B1 00 00 C2 EF 6B 4C 00 00 20 4E
00006EB0  10 27 A9 43 3E 37 3E 37 A9 43 F0 D8 3E 37 C2 C8
00006EC0  2B 08 B2 4D 3E 10 6B 4C B2 4D D5 F7 6B 4C C2 EF
00006ED0  EC 2D CC C0 78 23 64 BA CC C0 14 D2 64 BA 88 DC
00006EE0  95 B3 3E 10 A1 B8 C7 1F 3E 10 6B 4C C7 1F 5F 47
00006EF0  A9 43 10 27 77 4B 38 14 10 27 57 BC 38 14 89 B4
00006F00  24 18 4D 4A C7 1F 5F 47 4D 4A DC E7 5F 47 39 E0
00006F10  24 18 B3 B5 39 0C D6 B2 B3 B5 DC E7 D6 B2 C7 F3
00006F20  CC C0 EC 2D B9 CB 0F 3A EC 2D 34 3F 0F 3A 47 34
00006F30  20 4E 00 00 77 4B C8 EB 00 00 E0 B1 C8 EB 89 B4
00006F40  10 27 A9 43 EC 2D 34 3F A9 43 F0 D8 34 3F 14 D2
00006F50  00 00 E0 B1 C7 F3 D6 B2 E0 B1 00 00 D6 B2 39 0C
00006F60  F0 D8 A9 43 DC E7 4D 4A A9 43 10 27 4D 4A 24 18
00006F70  A9 43 F0 D8 3E 37 C2 C8 F0 D8 57 BC C2 C8 C2 C8
00006F80  47 34 0F 3A 0F 3A 47 34 0F 3A B9 CB 47 34 F1 C5
00006F90  DC E7 B3 B5 88 DC 64 BA B3 B5 24 18 64 BA 78 23
00006FA0  D5 F7 B2 4D 2B 08 B2 4D B2 4D 2B 08 B2 4D D5 F7
00006FB0  10 27 57 BC 38 14 89 B4 57 BC F0 D8 89 B4 C8 EB
00006FC0  34 3F EC 2D A9 43 10 27 EC 2D CC C0 10 27 57 BC
00006FD0  14 D2 CC C0 C2 C8 C2 C8 CC C0 EC 2D C2 C8 3E 37
00006FE0  24 18 4D 4A 10 27 A9 43 4D 4A DC E7 A9 43 F0 D8
00006FF0  00 00 E0 B1 C8 EB 89 B4 E0 B1 00 00 89 B4 38 14
00007000  5F 47 C7 1F 4D 4A 24 18 C7 1F A1 B8 24 18 B3 B5
00007010  CC C0 14 D2 64 BA 88 DC 14 D2 34 3F 88 DC 9C 45
00007020  47 34 0F 3A 34 3F EC 2D 0F 3A B9 CB EC 2D CC C0
00007030  F0 D8 57 BC C2 C8 C2 C8 57 BC 10 27 C2 C8 3E 37
00007040  6B 4C 3E 10 B2 4D 2B 08 3E 10 95 B3 2B 08 4E B2
00007050  B3 B5 DC E7 D6 B2 C7 F3 DC E7 4D 4A C7 F3 2A 4D
00007060  5F 47 C7 1F 6B 4C 3E 10 C7 1F A1 B8 3E 10 95 B3
00007070  57 BC F0 D8 89 B4 C8 EB F0 D8 A9 43 C8 EB 77 4B
00007080  20 4E 00 00 B2 4D D5 F7 00 00 E0 B1 D5 F7 4E B2
00007090  E0 B1 00 00 D6 B2 39 0C 00 00 20 4E 39 0C 2A 4D
000070A0  20 4E 00 00 6B 4C C2 EF 00 00 E0 B1 C2 EF 95 B3
000070B0  E0 B1 00 00 89 B4 38 14 00 00 20 4E 38 14 77 4B
000070C0  6B 4C C2 EF 4D 4A DC E7 C2 EF 95 B3 DC E7 B3 B5
000070D0  B3 B5 24 18 64 BA 78 23 24 18 4D 4A 78 23 9C 45
000070E0  5F 47 39 E0 34 3F 14 D2 39 E0 A1 B8 14 D2 CC C0
000070F0  57 BC 10 27 C2 C8 3E 37 10 27 A9 43 3E 37 3E 37
00007100  5F 47 39 E0 A9 43 F0 D8 39 E0 A1 B8 F0 D8 57 BC
00007110  CC C0 EC 2D C2 C8 3E 37 EC 2D 34 3F 3E 37 3E 37
00007120  47 34 F1 C5 10 27 57 BC F1 C5 B9 CB 57 BC F0 D8
00007130  F0 D8 A9 43 C8 EB 77 4B A9 43 10 27 77 4B 38 14
00007140  34 3F 14 D2 0F 3A B9 CB 14 D2 CC C0 B9 CB F1 C5
00007150  14 D2 34 3F 88 DC 9C 45 34 3F EC 2D 9C 45 78 23
00007160  24 18 B3 B5 2B 08 4E B2 B3 B5 DC E7 4E B2 D5 F7
00007170  00 00 20 4E 38 14 77 4B 20 4E 00 00 77 4B C8 EB
00007180  47 34 F1 C5 EC 2D CC C0 F1 C5 B9 CB CC C0 14 D2
00007190  DC E7 4D 4A C7 F3 2A 4D 4D 4A 24 18 2A 4D 39 0C
000071A0  D5 F7 4E B2 DC E7 B3 B5 4E B2 2B 08 B3 B5 24 18
000071B0  10 27 A9 43 3E 37 3E 37 A9 43 F0 D8 3E 37 C2 C8
000071C0  10 27 57 BC C7 1F A1 B8 57 BC F0 D8 A1 B8 39 E0
000071D0  00 00 20 4E 39 0C 2A 4D 20 4E 00 00 2A 4D C7 F3
000071E0  F0 D8 57 BC B9 CB F1 C5 57 BC 10 27 F1 C5 47 34
000071F0  A9 43 10 27 77 4B 38 14 10 27 57 BC 38 14 89 B4
00007200  24 18 B3 B5 3E 10 95 B3 B3 B5 DC E7 95 B3 C2 EF
00007210  24 18 4D 4A 78 23 9C 45 4D 4A DC E7 9C 45 88 DC
00007220  CC C0 14 D2 A1 B8 39 E0 14 D2 34 3F 39 E0 5F 47
00007230  20 4E 00 00 77 4B C8 EB 00 00 E0 B1 C8 EB 89 B4
00007240  2B 08 4E B2 00 00 E0 B1 4E B2 D5 F7 E0 B1 00 00
00007250  EC 2D 34 3F 3E 37 3E 37 34 3F 14 D2 3E 37 C2 C8
00007260  95 B3 C2 EF E0 B1 00 00 C2 EF 6B 4C 00 00 20 4E
00007270  A9 43 F0 D8 3E 37 C2 C8 F0 D8 57 BC C2 C8 C2 C8
00007280  D5 F7 4E B2 C2 EF 95 B3 4E B2 2B 08 95 B3 3E 10
00007290  34 3F EC 2D 9C 45 78 23 EC 2D CC C0 78 23 64 BA
000072A0  95 B3 3E 10 A1 B8 C7 1F 3E 10 6B 4C C7 1F 5F 47
000072B0  10 27 57 BC 38 14 89 B4 57 BC F0 D8 89 B4 C8 EB
000072C0  DC E7 B3 B5 39 E0 A1 B8 B3 B5 24 18 A1 B8 C7 1F
000072D0  4D 4A 24 18 2A 4D 39 0C 24 18 B3 B5 39 0C D6 B2
000072E0  CC C0 EC 2D B9 CB 0F 3A EC 2D 34 3F 0F 3A 47 34
000072F0  00 00 E0 B1 C8 EB 89 B4 E0 B1 00 00 89 B4 38 14
00007300  F0 D8 57 BC 14 D2 CC C0 57 BC 10 27 CC C0 EC 2D
00007310  20 4E 00 00 2A 4D C7 F3 00 00 E0 B1 C7 F3 D6 B2
00007320  F0 D8 A9 43 DC E7 4D 4A A9 43 10 27 4D 4A 24 18
00007330  F0 D8 57 BC C2 C8 C2 C8 57 BC 10 27 C2 C8 3E 37
00007340  B9 CB F1 C5 F1 C5 B9 CB F1 C5 47 34 B9 CB 0F 3A
00007350  4D 4A DC E7 9C 45 88 DC DC E7 B3 B5 88 DC 64 BA
00007360  D5 F7 B2 4D 2B 08 B2 4D B2 4D 2B 08 B2 4D D5 F7
00007370  57 BC F0 D8 89 B4 C8 EB F0 D8 A9 43 C8 EB 77 4B
00007380  CC C0 14 D2 57 BC F0 D8 14 D2 34 3F F0 D8 A9 43
00007390  34 3F 14 D2 3E 37 C2 C8 14 D2 CC C0 C2 C8 C2 C8
000073A0  24 18 4D 4A 10 27 A9 43 4D 4A DC E7 A9 43 F0 D8
000073B0  E0 B1 00 00 89 B4 38 14 00 00 20 4E 38 14 77 4B
000073C0  A1 B8 39 E0 B3 B5 DC E7 39 E0 5F 47 DC E7 4D 4A
000073D0  EC 2D CC C0 78 23 64 BA CC C0 14 D2 64 BA 88 DC
000073E0  47 34 0F 3A 34 3F EC 2D 0F 3A B9 CB EC 2D CC C0
000073F0  57 BC 10 27 C2 C8 3E 37 10 27 A9 43 3E 37 3E 37
00007400  95 B3 C2 EF 4E B2 D5 F7 C2 EF 6B 4C D5 F7 B2 4D
00007410  24 18 B3 B5 39 0C D6 B2 B3 B5 DC E7 D6 B2 C7 F3
00007420  5F 47 C7 1F 6B 4C 3E 10 C7 1F A1 B8 3E 10 95 B3
00007430  F0 D8 A9 43 C8 EB 77 4B A9 43 10 27 77 4B 38 14
00007440  E0 B1 00 00 4E B2 2B 08 00 00 20 4E 2B 08 B2 4D
00007450  00 00 E0 B1 C7 F3 D6 B2 E0 B1 00 00 D6 B2 39 0C
00007460  20 4E 00 00 6B 4C C2 EF 00 00 E0 B1 C2 EF 95 B3
00007470  00 00 20 4E 38 14 77 4B 20 4E 00 00 77 4B C8 EB
00007480  95 B3 3E 10 B3 B5 24 18 3E 10 6B 4C 24 18 4D 4A
00007490  DC E7 B3 B5 88 DC 64 BA B3 B5 24 18 64 BA 78 23
000074A0  5F 47 39 E0 34 3F 14 D2 39 E0 A1 B8 14 D2 CC C0
000074B0  10 27 A9 43 3E 37 3E 37 A9 43 F0 D8 3E 37 C2 C8
000074C0  A1 B8 C7 1F 57 BC 10 27 C7 1F 5F 47 10 27 A9 43
000074D0  14 D2 CC C0 C2 C8 C2 C8 CC C0 EC 2D C2 C8 3E 37
000074E0  47 34 F1 C5 10 27 57 BC F1 C5 B9 CB 57 BC F0 D8
000074F0  A9 43 10 27 77 4B 38 14 10 27 57 BC 38 14 89 B4
00007500  CC C0 EC 2D F1 C5 47 34 EC 2D 34 3F 47 34 0F 3A
00007510  CC C0 14 D2 64 BA 88 DC 14 D2 34 3F 88 DC 9C 45
00007520  24 18 B3 B5 2B 08 4E B2 B3 B5 DC E7 4E B2 D5 F7
00007530  20 4E 00 00 77 4B C8 EB 00 00 E0 B1 C8 EB 89 B4
00007540  B9 CB 0F 3A 14 D2 34 3F 0F 3A 47 34 34 3F EC 2D
00007550  B3 B5 DC E7 D6 B2 C7 F3 DC E7 4D 4A C7 F3 2A 4D
00007560  D5 F7 4E B2 DC E7 B3 B5 4E B2 2B 08 B3 B5 24 18
00007570  A9 43 F0 D8 3E 37 C2 C8 F0 D8 57 BC C2 C8 C2 C8
00007580  F0 D8 A9 43 39 E0 5F 47 A9 43 10 27 5F 47 C7 1F
00007590  E0 B1 00 00 D6 B2 39 0C 00 00 20 4E 39 0C 2A 4D
000075A0  F0 D8 57 BC B9 CB F1 C5 57 BC 10 27 F1 C5 47 34
000075B0  10 27 57 BC 38 14 89 B4 57 BC F0 D8 89 B4 C8 EB
000075C0  DC E7 4D 4A C2 EF 6B 4C 4D 4A 24 18 6B 4C 3E 10
000075D0  B3 B5 24 18 64 BA 78 23 24 18 4D 4A 78 23 9C 45
000075E0  CC C0 14 D2 A1 B8 39 E0 14 D2 34 3F 39 E0 5F 47
000075F0  00 00 E0 B1 C8 EB 89 B4 E0 B1 00 00 89 B4 38 14
00007600  D5 F7 B2 4D 00 00 20 4E B2 4D 2B 08 20 4E 00 00
00007610  CC C0 EC 2D C2 C8 3E 37 EC 2D 34 3F 3E 37 3E 37
00007620  95 B3 C2 EF E0 B1 00 00 C2 EF 6B 4C 00 00 20 4E
00007630  F0 D8 57 BC C2 C8 C2 C8 57 BC 10 27 C2 C8 3E 37
00007640  2B 08 B2 4D 3E 10 6B 4C B2 4D D5 F7 6B 4C C2 EF
00007650  14 D2 34 3F 88 DC 9C 45 34 3F EC 2D 9C 45 78 23
00007660  95 B3 3E 10 A1 B8 C7 1F 3E 10 6B 4C C7 1F 5F 47
00007670  57 BC F0 D8 89 B4 C8 EB F0 D8 A9 43 C8 EB 77 4B
00007680  24 18 4D 4A C7 1F 5F 47 4D 4A DC E7 5F 47 39 E0
00007690  DC E7 4D 4A C7 F3 2A 4D 4D 4A 24 18 2A 4D 39 0C
000076A0  CC C0 EC 2D B9 CB 0F 3A EC 2D 34 3F 0F 3A 47 34
000076B0  E0 B1 00 00 89 B4 38 14 00 00 20 4E 38 14 77 4B
000076C0  10 27 A9 43 EC 2D 34 3F A9 43 F0 D8 34 3F 14 D2
000076D0  00 00 20 4E 39 0C 2A 4D 20 4E 00 00 2A 4D C7 F3
000076E0  F0 D8 A9 43 DC E7 4D 4A A9 43 10 27 4D 4A 24 18
000076F0  57 BC 10 27 C2 C8 3E 37 10 27 A9 43 3E 37 3E 37
00007700  47 34 0F 3A 0F 3A 47 34 0F 3A B9 CB 47 34 F1 C5
00007710  24 18 4D 4A 78 23 9C 45 4D 4A DC E7 9C 45 88 DC
00007720  D5 F7 B2 4D 2B 08 B2 4D B2 4D 2B 08 B2 4D D5 F7
00007730  F0 D8 A9 43 C8 EB 77 4B A9 43 10 27 77 4B 38 14
00007740  34 3F EC 2D A9 43 10 27 EC 2D CC C0 10 27 57 BC
00007750  EC 2D 34 3F 3E 37 3E 37 34 3F 14 D2 3E 37 C2 C8
00007760  24 18 4D 4A 10 27 A9 43 4D 4A DC E7 A9 43 F0 D8
00007770  00 00 20 4E 38 14 77 4B 20 4E 00 00 77 4B C8 EB
00007780  5F 47 C7 1F 4D 4A 24 18 C7 1F A1 B8 24 18 B3 B5
00007790  34 3F EC 2D 9C 45 78 23 EC 2D CC C0 78 23 64 BA
000077A0  47 34 0F 3A 34 3F EC 2D 0F 3A B9 CB EC 2D CC C0
000077B0  10 27 A9 43 3E 37 3E 37 A9 43 F0 D8 3E 37 C2 C8
000077C0  6B 4C 3E 10 B2 4D 2B 08 3E 10 95 B3 2B 08 4E B2
000077D0  4D 4A 24 18 2A 4D 39 0C 24 18 B3 B5 39 0C D6 B2
000077E0  5F 47 C7 1F 6B 4C 3E 10 C7 1F A1 B8 3E 10 95 B3
000077F0  A9 43 10 27 77 4B 38 14 10 27 57 BC 38 14 89 B4
00007800  20 4E 00 00 B2 4D D5 F7 00 00 E0 B1 D5 F7 4E B2
00007810  20 4E 00 00 2A 4D C7 F3 00 00 E0 B1 C7 F3 D6 B2
00007820  20 4E 00 00 6B 4C C2 EF 00 00 E0 B1 C2 EF 95 B3
00007830  20 4E 00 00 77 4B C8 EB 00 00 E0 B1 C8 EB 89 B4
00007840  6B 4C C2 EF 4D 4A DC E7 C2 EF 95 B3 DC E7 B3 B5
00007850  4D 4A DC E7 9C 45 88 DC DC E7 B3 B5 88 DC 64 BA
00007860  5F 47 39 E0 34 3F 14 D2 39 E0 A1 B8 14 D2 CC C0
00007870  A9 43 F0 D8 3E 37 C2 C8 F0 D8 57 BC C2 C8 C2 C8
00007880  5F 47 39 E0 A9 43 F0 D8 39 E0 A1 B8 F0 D8 57 BC
00007890  34 3F 14 D2 3E 37 C2 C8 14 D2 CC C0 C2 C8 C2 C8
000078A0  47 34 F1 C5 10 27 57 BC F1 C5 B9 CB 57 BC F0 D8
000078B0  10 27 57 BC 38 14 89 B4 57 BC F0 D8 89 B4 C8 EB
000078C0  34 3F 14 D2 0F 3A B9 CB 14 D2 CC C0 B9 CB F1 C5
000078D0  EC 2D CC C0 78 23 64 BA CC C0 14 D2 64 BA 88 DC
000078E0  24 18 B3 B5 2B 08 4E B2 B3 B5 DC E7 4E B2 D5 F7
000078F0  00 00 E0 B1 C8 EB 89 B4 E0 B1 00 00 89 B4 38 14
00007900  47 34 F1 C5 EC 2D CC C0 F1 C5 B9 CB CC C0 14 D2
00007910  24 18 B3 B5 39 0C D6 B2 B3 B5 DC E7 D6 B2 C7 F3
00007920  D5 F7 4E B2 DC E7 B3 B5 4E B2 2B 08 B3 B5 24 18
00007930  F0 D8 57 BC C2 C8 C2 C8 57 BC 10 27 C2 C8 3E 37
00007940  10 27 57 BC C7 1F A1 B8 57 BC F0 D8 A1 B8 39 E0
00007950  00 00 E0 B1 C7 F3 D6 B2 E0 B1 00 00 D6 B2 39 0C
00007960  F0 D8 57 BC B9 CB F1 C5 57 BC 10 27 F1 C5 47 34
00007970  57 BC F0 D8 89 B4 C8 EB F0 D8 A9 43 C8 EB 77 4B
00007980  24 18 B3 B5 3E 10 95 B3 B3 B5 DC E7 95 B3 C2 EF
00007990  DC E7 B3 B5 88 DC 64 BA B3 B5 24 18 64 BA 78 23
000079A0  CC C0 14 D2 A1 B8 39 E0 14 D2 34 3F 39 E0 5F 47
000079B0  E0 B1 00 00 89 B4 38 14 00 00 20 4E 38 14 77 4B
000079C0  2B 08 4E B2 00 00 E0 B1 4E B2 D5 F7 E0 B1 00 00
000079D0  14 D2 CC C0 C2 C8 C2 C8 CC C0 EC 2D C2 C8 3E 37
000079E0  95 B3 C2 EF E0 B1 00 00 C2 EF 6B 4C 00 00 20 4E
000079F0  57 BC 10 27 C2 C8 3E 37 10 27 A9 43 3E 37 3E 37
00007A00  D5 F7 4E B2 C2 EF 95 B3 4E B2 2B 08 95 B3 3E 10
00007A10  CC C0 14 D2 64 BA 88 DC 14 D2 34 3F 88 DC 9C 45
00007A20  95 B3 3E 10 A1 B8 C7 1F 3E 10 6B 4C C7 1F 5F 47
00007A30  F0 D8 A9 43 C8 EB 77 4B A9 43 10 27 77 4B 38 14
00007A40  DC E7 B3 B5 39 E0 A1 B8 B3 B5 24 18 A1 B8 C7 1F
00007A50  B3 B5 DC E7 D6 B2 C7 F3 DC E7 4D 4A C7 F3 2A 4D
00007A60  CC C0 EC 2D B9 CB 0F 3A EC 2D 34 3F 0F 3A 47 34
00007A70  00 00 20 4E 38 14 77 4B 20 4E 00 00 77 4B C8 EB
00007A80  F0 D8 57 BC 14 D2 CC C0 57 BC 10 27 CC C0 EC 2D
00007A90  E0 B1 00 00 D6 B2 39 0C 00 00 20 4E 39 0C 2A 4D
00007AA0  F0 D8 A9 43 DC E7 4D 4A A9 43 10 27 4D 4A 24 18
00007AB0  10 27 A9 43 3E 37 3E 37 A9 43 F0 D8 3E 37 C2 C8
00007AC0  B9 CB F1 C5 F1 C5 B9 CB F1 C5 47 34 B9 CB 0F 3A
00007AD0  B3 B5 24 18 64 BA 78 23 24 18 4D 4A 78 23 9C 45
00007AE0  D5 F7 B2 4D 2B 08 B2 4D B2 4D 2B 08 B2 4D D5 F7
00007AF0  A9 43 10 27 77 4B 38 14 10 27 57 BC 38 14 89 B4
00007B00  CC C0 14 D2 57 BC F0 D8 14 D2 34 3F F0 D8 A9 43
00007B10  CC C0 EC 2D C2 C8 3E 37 EC 2D 34 3F 3E 37 3E 37
00007B20  24 18 4D 4A 10 27 A9 43 4D 4A DC E7 A9 43 F0 D8
00007B30  20 4E 00 00 77 4B C8 EB 00 00 E0 B1 C8 EB 89 B4
00007B40  A1 B8 39 E0 B3 B5 DC E7 39 E0 5F 47 DC E7 4D 4A
00007B50  14 D2 34 3F 88 DC 9C 45 34 3F EC 2D 9C 45 78 23
00007B60  47 34 0F 3A 34 3F EC 2D 0F 3A B9 CB EC 2D CC C0
00007B70  A9 43 F0 D8 3E 37 C2 C8 F0 D8 57 BC C2 C8 C2 C8
00007B80  95 B3 C2 EF 4E B2 D5 F7 C2 EF 6B 4C D5 F7 B2 4D
00007B90  DC E7 4D 4A C7 F3 2A 4D 4D 4A 24 18 2A 4D 39 0C
00007BA0  5F 47 C7 1F 6B 4C 3E 10 C7 1F A1 B8 3E 10 95 B3
00007BB0  10 27 57 BC 38 14 89 B4 57 BC F0 D8 89 B4 C8 EB
00007BC0  E0 B1 00 00 4E B2 2B 08 00 00 20 4E 2B 08 B2 4D
00007BD0  00 00 20 4E 39 0C 2A 4D 20 4E 00 00 2A 4D C7 F3
00007BE0  20 4E 00 00 6B 4C C2 EF 00 00 E0 B1 C2 EF 95 B3
00007BF0  00 00 E0 B1 C8 EB 89 B4 E0 B1 00 00 89 B4 38 14
00007C00  95 B3 3E 10 B3 B5 24 18 3E 10 6B 4C 24 18 4D 4A
00007C10  24 18 4D 4A 78 23 9C 45 4D 4A DC E7 9C 45 88 DC
00007C20  5F 47 39 E0 34 3F 14 D2 39 E0 A1 B8 14 D2 CC C0
00007C30  F0 D8 57 BC C2 C8 C2 C8 57 BC 10 27 C2 C8 3E 37
00007C40  A1 B8 C7 1F 57 BC 10 27 C7 1F 5F 47 10 27 A9 43
00007C50  EC 2D 34 3F 3E 37 3E 37 34 3F 14 D2 3E 37 C2 C8
00007C60  47 34 F1 C5 10 27 57 BC F1 C5 B9 CB 57 BC F0 D8
00007C70  57 BC F0 D8 89 B4 C8 EB F0 D8 A9 43 C8 EB 77 4B
00007C80  CC C0 EC 2D F1 C5 47 34 EC 2D 34 3F 47 34 0F 3A
00007C90  34 3F EC 2D 9C 45 78 23 EC 2D CC C0 78 23 64 BA
00007CA0  24 18 B3 B5 2B 08 4E B2 B3 B5 DC E7 4E B2 D5 F7
00007CB0  E0 B1 00 00 89 B4 38 14 00 00 20 4E 38 14 77 4B
00007CC0  B9 CB 0F 3A 14 D2 34 3F 0F 3A 47 34 34 3F EC 2D
00007CD0  4D 4A 24 18 2A 4D 39 0C 24 18 B3 B5 39 0C D6 B2
00007CE0  D5 F7 4E B2 DC E7 B3 B5 4E B2 2B 08 B3 B5 24 18
00007CF0  57 BC 10 27 C2 C8 3E 37 10 27 A9 43 3E 37 3E 37
00007D00  F0 D8 A9 43 39 E0 5F 47 A9 43 10 27 5F 47 C7 1F
00007D10  20 4E 00 00 2A 4D C7 F3 00 00 E0 B1 C7 F3 D6 B2
00007D20  F0 D8 57 BC B9 CB F1 C5 57 BC 10 27 F1 C5 47 34
00007D30  F0 D8 A9 43 C8 EB 77 4B A9 43 10 27 77 4B 38 14
00007D40  DC E7 4D 4A C2 EF 6B 4C 4D 4A 24 18 6B 4C 3E 10
00007D50  4D 4A DC E7 9C 45 88 DC DC E7 B3 B5 88 DC 64 BA
00007D60  CC C0 14 D2 A1 B8 39 E0 14 D2 34 3F 39 E0 5F 47
00007D70  00 00 20 4E 38 14 77 4B 20 4E 00 00 77 4B C8 EB
00007D80  D5 F7 B2 4D 00 00 20 4E B2 4D 2B 08 20 4E 00 00
00007D90  34 3F 14 D2 3E 37 C2 C8 14 D2 CC C0 C2 C8 C2 C8
00007DA0  95 B3 C2 EF E0 B1 00 00 C2 EF 6B 4C 00 00 20 4E
00007DB0  10 27 A9 43 3E 37 3E 37 A9 43 F0 D8 3E 37 C2 C8
00007DC0  2B 08 B2 4D 3E 10 6B 4C B2 4D D5 F7 6B 4C C2 EF
00007DD0  EC 2D CC C0 78 23 64 BA CC C0 14 D2 64 BA 88 DC
00007DE0  95 B3 3E 10 A1 B8 C7 1F 3E 10 6B 4C C7 1F 5F 47
00007DF0  A9 43 10 27 77 4B 38 14 10 27 57 BC 38 14 89 B4
00007E00  24 18 4D 4A C7 1F 5F 47 4D 4A DC E7 5F 47 39 E0
00007E10  24 18 B3 B5 39 0C D6 B2 B3 B5 DC E7 D6 B2 C7 F3
00007E20  CC C0 EC 2D B9 CB 0F 3A EC 2D 34 3F 0F 3A 47 34
00007E30  20 4E 00 00 77 4B C8 EB 00 00 E0 B1 C8 EB 89 B4
00007E40  10 27 A9 43 EC 2D 34 3F A9 43 F0 D8 34 3F 14 D2
00007E50  00 00 E0 B1 C7 F3 D6 B2 E0 B1 00 00 D6 B2 39 0C
00007E60  F0 D8 A9 43 DC E7 4D 4A A9 43 10 27 4D 4A 24 18
00007E70  A9 43 F0 D8 3E 37 C2 C8 F0 D8 57 BC C2 C8 C2 C8
00007E80  47 34 0F 3A 0F 3A 47 34 0F 3A B9 CB 47 34 F1 C5
00007E90  DC E7 B3 B5 88 DC 64 BA B3 B5 24 18 64 BA 78 23
00007EA0  D5 F7 B2 4D 2B 08 B2 4D B2 4D 2B 08 B2 4D D5 F7
00007EB0  10 27 57 BC 38 14 89 B4 57 BC F0 D8 89 B4 C8 EB
00007EC0  34 3F EC 2D A9 43 10 27 EC 2D CC C0 10 27 57 BC
00007ED0  14 D2 CC C0 C2 C8 C2 C8 CC C0 EC 2D C2 C8 3E 37
00007EE0  24 18 4D 4A 10 27 A9 43 4D 4A DC E7 A9 43 F0 D8
00007EF0  00 00 E0 B1 C8 EB 89 B4 E0 B1 00 00 89 B4 38 14
00007F00  5F 47 C7 1F 4D 4A 24 18 C7 1F A1 B8 24 18 B3 B5
00007F10  CC C0 14 D2 64 BA 88 DC 14 D2 34 3F 88 DC 9C 45
00007F20  47 34 0F 3A 34 3F EC 2D 0F 3A B9 CB EC 2D CC C0
00007F30  F0 D8 57 BC C2 C8 C2 C8 57 BC 10 27 C2 C8 3E 37
00007F40  6B 4C 3E 10 B2 4D 2B 08 3E 10 95 B3 2B 08 4E B2
00007F50  B3 B5 DC E7 D6 B2 C7 F3 DC E7 4D 4A C7 F3 2A 4D
00007F60  5F 47 C7 1F 6B 4C 3E 10 C7 1F A1 B8 3E 10 95 B3
00007F70  57 BC F0 D8 89 B4 C8 EB F0 D8 A9 43 C8 EB 77 4B
00007F80  20 4E 00 00 B2 4D D5 F7 00 00 E0 B1 D5 F7 4E B2
00007F90  E0 B1 00 00 D6 B2 39 0C 00 00 20 4E 39 0C 2A 4D
00007FA0  20 4E 00 00 6B 4C C2 EF 00 00 E0 B1 C2 EF 95 B3
00007FB0  E0 B1 00 00 89 B4 38 14 00 00 20 4E 38 14 77 4B
00007FC0  6B 4C C2 EF 4D 4A DC E7 C2 EF 95 B3 DC E7 B3 B5
00007FD0  B3 B5 24 18 64 BA 78 23 24 18 4D 4A 78 23 9C 45
00007FE0  5F 47 39 E0 34 3F 14 D2 39 E0 A1 B8 14 D2 CC C0
00007FF0  57 BC 10 27 C2 C8 3E 37 10 27 A9 43 3E 37 3E 37
00008000  5F 47 39 E0 A9 43 F0 D8 39 E0 A1 B8 F0 D8 57 BC
00008010  CC C0 EC 2D C2 C8 3E 37 EC 2D 34 3F 3E 37 3E 37
00008020  47 34 F1 C5 10 27 57 BC F1 C5 B9 CB 57 BC F0 D8
00008030  F0 D8 A9 43 C8 EB 77 4B A9 43 10 27 77 4B 38 14
00008040  34 3F 14 D2 0F 3A B9 CB 14 D2 CC C0 B9 CB F1 C5
00008050  14 D2 34 3F 88 DC 9C 45 34 3F EC 2D 9C 45 78 23
00008060  24 18 B3 B5 2B 08 4E B2 B3 B5 DC E7 4E B2 D5 F7
00008070  00 00 20 4E 38 14 77 4B 20 4E 00 00 77 4B C8 EB
00008080  47 34 F1 C5 EC 2D CC C0 F1 C5 B9 CB CC C0 14 D2
00008090  DC E7 4D 4A C7 F3 2A 4D 4D 4A 24 18 2A 4D 39 0C
000080A0  D5 F7 4E B2 DC E7 B3 B5 4E B2 2B 08 B3 B5 24 18
000080B0  10 27 A9 43 3E 37 3E 37 A9 43 F0 D8 3E 37 C2 C8
000080C0  10 27 57 BC C7 1F A1 B8 57 BC F0 D8 A1 B8 39 E0
000080D0  00 00 20 4E 39 0C 2A 4D 20 4E 00 00 2A 4D C7 F3
000080E0  F0 D8 57 BC B9 CB F1 C5 57 BC 10 27 F1 C5 47 34
000080F0  A9 43 10 27 77 4B 38 14 10 27 57 BC 38 14 89 B4
00008100  24 18 B3 B5 3E 10 95 B3 B3 B5 DC E7 95 B3 C2 EF
00008110  24 18 4D 4A 78 23 9C 45 4D 4A DC E7 9C 45 88 DC
00008120  CC C0 14 D2 A1 B8 39 E0 14 D2 34 3F 39 E0 5F 47
00008130  20 4E 00 00 77 4B C8 EB 00 00 E0 B1 C8 EB 89 B4
00008140  2B 08 4E B2 00 00 E0 B1 4E B2 D5 F7 E0 B1 00 00
00008150  EC 2D 34 3F 3E 37 3E 37 34 3F 14 D2 3E 37 C2 C8
00008160  95 B3 C2 EF E0 B1 00 00 C2 EF 6B 4C 00 00 20 4E
00008170  A9 43 F0 D8 3E 37 C2 C8 F0 D8 57 BC C2 C8 C2 C8
00008180  D5 F7 4E B2 C2 EF 95 B3 4E B2 2B 08 95 B3 3E 10
00008190  34 3F EC 2D 9C 45 78 23 EC 2D CC C0 78 23 64 BA
000081A0  95 B3 3E 10 A1 B8 C7 1F 3E 10 6B 4C C7 1F 5F 47
000081B0  10 27 57 BC 38 14 89 B4 57 BC F0 D8 89 B4 C8 EB
000081C0  DC E7 B3 B5 39 E0 A1 B8 B3 B5 24 18 A1 B8 C7 1F
000081D0  4D 4A 24 18 2A 4D 39 0C 24 18 B3 B5 39 0C D6 B2
000081E0  CC C0 EC 2D B9 CB 0F 3A EC 2D 34 3F 0F 3A 47 34
000081F0  00 00 E0 B1 C8 EB 89 B4 E0 B1 00 00 89 B4 38 14
00008200  F0 D8 57 BC 14 D2 CC C0 57 BC 10 27 CC C0 EC 2D
00008210  20 4E 00 00 2A 4D C7 F3 00 00 E0 B1 C7 F3 D6 B2
00008220  F0 D8 A9 43 DC E7 4D 4A A9 43 10 27 4D 4A 24 18
00008230  F0 D8 57 BC C2 C8 C2 C8 57 BC 10 27 C2 C8 3E 37
00008240  B9 CB F1 C5 F1 C5 B9 CB F1 C5 47 34 B9 CB 0F 3A
00008250  4D 4A DC E7 9C 45 88 DC DC E7 B3 B5 88 DC 64 BA
00008260  D5 F7 B2 4D 2B 08 B2 4D B2 4D 2B 08 B2 4D D5 F7
00008270  57 BC F0 D8 89 B4 C8 EB F0 D8 A9 43 C8 EB 77 4B
00008280  CC C0 14 D2 57 BC F0 D8 14 D2 34 3F F0 D8 A9 43
00008290  34 3F 14 D2 3E 37 C2 C8 14 D2 CC C0 C2 C8 C2 C8
000082A0  24 18 4D 4A 10 27 A9 43 4D 4A DC E7 A9 43 F0 D8
000082B0  E0 B1 00 00 89 B4 38 14 00 00 20 4E 38 14 77 4B
000082C0  A1 B8 39 E0 B3 B5 DC E7 39 E0 5F 47 DC E7 4D 4A
000082D0  EC 2D CC C0 78 23 64 BA CC C0 14 D2 64 BA 88 DC
000082E0  47 34 0F 3A 34 3F EC 2D 0F 3A B9 CB EC 2D CC C0
000082F0  57 BC 10 27 C2 C8 3E 37 10 27 A9 43 3E 37 3E 37
00008300  95 B3 C2 EF 4E B2 D5 F7 C2 EF 6B 4C D5 F7 B2 4D
00008310  24 18 B3 B5 39 0C D6 B2 B3 B5 DC E7 D6 B2 C7 F3
00008320  5F 47 C7 1F 6B 4C 3E 10 C7 1F A1 B8 3E 10 95 B3
00008330  F0 D8 A9 43 C8 EB 77 4B A9 43 10 27 77 4B 38 14
00008340  E0 B1 00 00 4E B2 2B 08 00 00 20 4E 2B 08 B2 4D
00008350  00 00 E0 B1 C7 F3 D6 B2 E0 B1 00 00 D6 B2 39 0C
00008360  20 4E 00 00 6B 4C C2 EF 00 00 E0 B1 C2 EF 95 B3
00008370  00 00 20 4E 38 14 77 4B 20 4E 00 00 77 4B C8 EB
00008380  95 B3 3E 10 B3 B5 24 18 3E 10 6B 4C 24 18 4D 4A
00008390  DC E7 B3 B5 88 DC 64 BA B3 B5 24 18 64 BA 78 23
000083A0  5F 47 39 E0 34 3F 14 D2 39 E0 A1 B8 14 D2 CC C0
000083B0  10 27 A9 43 3E 37 3E 37 A9 43 F0 D8 3E 37 C2 C8
000083C0  A1 B8 C7 1F 57 BC 10 27 C7 1F 5F 47 10 27 A9 43
000083D0  14 D2 CC C0 C2 C8 C2 C8 CC C0 EC 2D C2 C8 3E 37
000083E0  47 34 F1 C5 10 27 57 BC F1 C5 B9 CB 57 BC F0 D8
000083F0  A9 43 10 27 77 4B 38 14 10 27 57 BC 38 14 89 B4
00008400  CC C0 EC 2D F1 C5 47 34 EC 2D 34 3F 47 34 0F 3A
00008410  CC C0 14 D2 64 BA 88 DC 14 D2 34 3F 88 DC 9C 45
00008420  24 18 B3 B5 2B 08 4E B2 B3 B5 DC E7 4E B2 D5 F7
00008430  20 4E 00 00 77 4B C8 EB 00 00 E0 B1 C8 EB 89 B4
00008440  B9 CB 0F 3A 14 D2 34 3F 0F 3A 47 34 34 3F EC 2D
00008450  B3 B5 DC E7 D6 B2 C7 F3 DC E7 4D 4A C7 F3 2A 4D
00008460  D5 F7 4E B2 DC E7 B3 B5 4E B2 2B 08 B3 B5 24 18
00008470  A9 43 F0 D8 3E 37 C2 C8 F0 D8 57 BC C2 C8 C2 C8
00008480  F0 D8 A9 43 39 E0 5F 47 A9 43 10 27 5F 47 C7 1F
00008490  E0 B1 00 00 D6 B2 39 0C 00 00 20 4E 39 0C 2A 4D
000084A0  F0 D8 57 BC B9 CB F1 C5 57 BC 10 27 F1 C5 47 34
000084B0  10 27 57 BC 38 14 89 B4 57 BC F0 D8 89 B4 C8 EB
000084C0  DC E7 4D 4A C2 EF 6B 4C 4D 4A 24 18 6B 4C 3E 10
000084D0  B3 B5 24 18 64 BA 78 23 24 18 4D 4A 78 23 9C 45
000084E0  CC C0 14 D2 A1 B8 39 E0 14 D2 34 3F 39 E0 5F 47
000084F0  00 00 E0 B1 C8 EB 89 B4 E0 B1 00 00 89 B4 38 14
00008500  D5 F7 B2 4D 00 00 20 4E B2 4D 2B 08 20 4E 00 00
00008510  CC C0 EC 2D C2 C8 3E 37 EC 2D 34 3F 3E 37 3E 37
00008520  95 B3 C2 EF E0 B1 00 00 C2 EF 6B 4C 00 00 20 4E
00008530  F0 D8 57 BC C2 C8 C2 C8 57 BC 10 27 C2 C8 3E 37
00008540  2B 08 B2 4D 3E 10 6B 4C B2 4D D5 F7 6B 4C C2 EF
00008550  14 D2 34 3F 88 DC 9C 45 34 3F EC 2D 9C 45 78 23
00008560  95 B3 3E 10 A1 B8 C7 1F 3E 10 6B 4C C7 1F 5F 47
00008570  57 BC F0 D8 89 B4 C8 EB F0 D8 A9 43 C8 EB 77 4B
00008580  24 18 4D 4A C7 1F 5F 47 4D 4A DC E7 5F 47 39 E0
00008590  DC E7 4D 4A C7 F3 2A 4D 4D 4A 24 18 2A 4D 39 0C
000085A0  CC C0 EC 2D B9 CB 0F 3A EC 2D 34 3F 0F 3A 47 34
000085B0  E0 B1 00 00 89 B4 38 14 00 00 20 4E 38 14 77 4B
000085C0  10 27 A9 43 EC 2D 34 3F A9 43 F0 D8 34 3F 14 D2
000085D0  00 00 20 4E 39 0C 2A 4D 20 4E 00 00 2A 4D C7 F3
000085E0  F0 D8 A9 43 DC E7 4D 4A A9 43 10 27 4D 4A 24 18
000085F0  57 BC 10 27 C2 C8 3E 37 10 27 A9 43 3E 37 3E 37
00008600  47 34 0F 3A 0F 3A 47 34 0F 3A B9 CB 47 34 F1 C5
00008610  24 18 4D 4A 78 23 9C 45 4D 4A DC E7 9C 45 88 DC
00008620  D5 F7 B2 4D 2B 08 B2 4D B2 4D 2B 08 B2 4D D5 F7
00008630  F0 D8 A9 43 C8 EB 77 4B A9 43 10 27 77 4B 38 14
00008640  34 3F EC 2D A9 43 10 27 EC 2D CC C0 10 27 57 BC
00008650  EC 2D 34 3F 3E 37 3E 37 34 3F 14 D2 3E 37 C2 C8
00008660  24 18 4D 4A 10 27 A9 43 4D 4A DC E7 A9 43 F0 D8
00008670  00 00 20 4E 38 14 77 4B 20 4E 00 00 77 4B C8 EB
00008680  5F 47 C7 1F 4D 4A 24 18 C7 1F A1 B8 24 18 B3 B5
00008690  34 3F EC 2D 9C 45 78 23 EC 2D CC C0 78 23 64 BA
000086A0  47 34 0F 3A 34 3F EC 2D 0F 3A B9 CB EC 2D CC C0
000086B0  10 27 A9 43 3E 37 3E 37 A9 43 F0 D8 3E 37 C2 C8
000086C0  6B 4C 3E 10 B2 4D 2B 08 3E 10 95 B3 2B 08 4E B2
000086D0  4D 4A 24 18 2A 4D 39 0C 24 18 B3 B5 39 0C D6 B2
000086E0  5F 47 C7 1F 6B 4C 3E 10 C7 1F A1 B8 3E 10 95 B3
000086F0  A9 43 10 27 77 4B 38 14 10 27 57 BC 38 14 89 B4
00008700  20 4E 00 00 B2 4D D5 F7 00 00 E0 B1 D5 F7 4E B2
00008710  20 4E 00 00 2A 4D C7 F3 00 00 E0 B1 C7 F3 D6 B2
00008720  20 4E 00 00 6B 4C C2 EF 00 00 E0 B1 C2 EF 95 B3
00008730  20 4E 00 00 77 4B C8 EB 00 00 E0 B1 C8 EB 89 B4
00008740  6B 4C C2 EF 4D 4A DC E7 C2 EF 95 B3 DC E7 B3 B5
00008750  4D 4A DC E7 9C 45 88 DC DC E7 B3 B5 88 DC 64 BA
00008760  5F 47 39 E0 34 3F 14 D2 39 E0 A1 B8 14 D2 CC C0
00008770  A9 43 F0 D8 3E 37 C2 C8 F0 D8 57 BC C2 C8 C2 C8
00008780  5F 47 39 E0 A9 43 F0 D8 39 E0 A1 B8 F0 D8 57 BC
00008790  34 3F 14 D2 3E 37 C2 C8 14 D2 CC C0 C2 C8 C2 C8
000087A0  47 34 F1 C5 10 27 57 BC F1 C5 B9 CB 57 BC F0 D8
000087B0  10 27 57 BC 38 14 89 B4 57 BC F0 D8 89 B4 C8 EB
000087C0  34 3F 14 D2 0F 3A B9 CB 14 D2 CC C0 B9 CB F1 C5
000087D0  EC 2D CC C0 78 23 64 BA CC C0 14 D2 64 BA 88 DC
000087E0  24 18 B3 B5 2B 08 4E B2 B3 B5 DC E7 4E B2 D5 F7
000087F0  00 00 E0 B1 C8 EB 89 B4 E0 B1 00 00 89 B4 38 14
00008800  47 34 F1 C5 EC 2D CC C0 F1 C5 B9 CB CC C0 14 D2
00008810  24 18 B3 B5 39 0C D6 B2 B3 B5 DC E7 D6 B2 C7 F3
00008820  D5 F7 4E B2 DC E7 B3 B5 4E B2 2B 08 B3 B5 24 18
00008830  F0 D8 57 BC C2 C8 C2 C8 57 BC 10 27 C2 C8 3E 37
00008840  10 27 57 BC C7 1F A1 B8 57 BC F0 D8 A1 B8 39 E0
00008850  00 00 E0 B1 C7 F3 D6 B2 E0 B1 00 00 D6 B2 39 0C
00008860  F0 D8 57 BC B9 CB F1 C5 57 BC 10 27 F1 C5 47 34
00008870  57 BC F0 D8 89 B4 C8 EB F0 D8 A9 43 C8 EB 77 4B
00008880  24 18 B3 B5 3E 10 95 B3 B3 B5 DC E7 95 B3 C2 EF
00008890  DC E7 B3 B5 88 DC 64 BA B3 B5 24 18 64 BA 78 23
000088A0  CC C0 14 D2 A1 B8 39 E0 14 D2 34 3F 39 E0 5F 47
000088B0  E0 B1 00 00 89 B4 38 14 00 00 20 4E 38 14 77 4B
000088C0  2B 08 4E B2 00 00 E0 B1 4E B2 D5 F7 E0 B1 00 00
000088D0  14 D2 CC C0 C2 C8 C2 C8 CC C0 EC 2D C2 C8 3E 37
000088E0  95 B3 C2 EF E0 B1 00 00 C2 EF 6B 4C 00 00 20 4E
000088F0  57 BC 10 27 C2 C8 3E 37 10 27 A9 43 3E 37 3E 37
00008900  D5 F7 4E B2 C2 EF 95 B3 4E B2 2B 08 95 B3 3E 10
00008910  CC C0 14 D2 64 BA 88 DC 14 D2 34 3F 88 DC 9C 45
00008920  95 B3 3E 10 A1 B8 C7 1F 3E 10 6B 4C C7 1F 5F 47
00008930  F0 D8 A9 43 C8 EB 77 4B A9 43 10 27 77 4B 38 14
00008940  DC E7 B3 B5 39 E0 A1 B8 B3 B5 24 18 A1 B8 C7 1F
00008950  B3 B5 DC E7 D6 B2 C7 F3 DC E7 4D 4A C7 F3 2A 4D
00008960  CC C0 EC 2D B9 CB 0F 3A EC 2D 34 3F 0F 3A 47 34
00008970  00 00 20 4E 38 14 77 4B 20 4E 00 00 77 4B C8 EB
00008980  F0 D8 57 BC 14 D2 CC C0 57 BC 10 27 CC C0 EC 2D
00008990  E0 B1 00 00 D6 B2 39 0C 00 00 20 4E 39 0C 2A 4D
000089A0  F0 D8 A9 43 DC E7 4D 4A A9 43 10 27 4D 4A 24 18
000089B0  10 27 A9 43 3E 37 3E 37 A9 43 F0 D8 3E 37 C2 C8
000089C0  B9 CB F1 C5 F1 C5 B9 CB F1 C5 47 34 B9 CB 0F 3A
000089D0  B3 B5 24 18 64 BA 78 23 24 18 4D 4A 78 23 9C 45
000089E0  D5 F7 B2 4D 2B 08 B2 4D B2 4D 2B 08 B2 4D D5 F7
000089F0  A9 43 10 27 77 4B 38 14 10 27 57 BC 38 14 89 B4
00008A00  CC C0 14 D2 57 BC F0 D8 14 D2 34 3F F0 D8 A9 43
00008A10  CC C0 EC 2D C2 C8 3E 37 EC 2D 34 3F 3E 37 3E 37
00008A20  24 18 4D 4A 10 27 A9 43 4D 4A DC E7 A9 43 F0 D8
00008A30  20 4E 00 00 77 4B C8 EB 00 00 E0 B1 C8 EB 89 B4
00008A40  A1 B8 39 E0 B3 B5 DC E7 39 E0 5F 47 DC E7 4D 4A
00008A50  14 D2 34 3F 88 DC 9C 45 34 3F EC 2D 9C 45 78 23
00008A60  47 34 0F 3A 34 3F EC 2D 0F 3A B9 CB EC 2D CC C0
00008A70  A9 43 F0 D8 3E 37 C2 C8 F0 D8 57 BC C2 C8 C2 C8
00008A80  95 B3 C2 EF 4E B2 D5 F7 C2 EF 6B 4C D5 F7 B2 4D
00008A90  DC E7 4D 4A C7 F3 2A 4D 4D 4A 24 18 2A 4D 39 0C
00008AA0  5F 47 C7 1F 6B 4C 3E 10 C7 1F A1 B8 3E 10 95 B3
00008AB0  10 27 57 BC 38 14 89 B4 57 BC F0 D8 89 B4 C8 EB
00008AC0  E0 B1 00 00 4E B2 2B 08 00 00 20 4E 2B 08 B2 4D
00008AD0  00 00 20 4E 39 0C 2A 4D 20 4E 00 00 2A 4D C7 F3
00008AE0  20 4E 00 00 6B 4C C2 EF 00 00 E0 B1 C2 EF 95 B3
00008AF0  00 00 E0 B1 C8 EB 89 B4 E0 B1 00 00 89 B4 38 14
00008B00  95 B3 3E 10 B3 B5 24 18 3E 10 6B 4C 24 18 4D 4A
00008B10  24 18 4D 4A 78 23 9C 45 4D 4A DC E7 9C 45 88 DC
00008B20  5F 47 39 E0 34 3F 14 D2 39 E0 A1 B8 14 D2 CC C0
00008B30  F0 D8 57 BC C2 C8 C2 C8 57 BC 10 27 C2 C8 3E 37
00008B40  A1 B8 C7 1F 57 BC 10 27 C7 1F 5F 47 10 27 A9 43
00008B50  EC 2D 34 3F 3E 37 3E 37 34 3F 14 D2 3E 37 C2 C8
00008B60  47 34 F1 C5 10 27 57 BC F1 C5 B9 CB 57 BC F0 D8
00008B70  57 BC F0 D8 89 B4 C8 EB F0 D8 A9 43 C8 EB 77 4B
00008B80  CC C0 EC 2D F1 C5 47 34 EC 2D 34 3F 47 34 0F 3A
00008B90  34 3F EC 2D 9C 45 78 23 EC 2D CC C0 78 23 64 BA
00008BA0  24 18 B3 B5 2B 08 4E B2 B3 B5 DC E7 4E B2 D5 F7
00008BB0  E0 B1 00 00 89 B4 38 14 00 00 20 4E 38 14 77 4B
00008BC0  B9 CB 0F 3A 14 D2 34 3F 0F 3A 47 34 34 3F EC 2D
00008BD0  4D 4A 24 18 2A 4D 39 0C 24 18 B3 B5 39 0C D6 B2
00008BE0  D5 F7 4E B2 DC E7 B3 B5 4E B2 2B 08 B3 B5 24 18
00008BF0  57 BC 10 27 C2 C8 3E 37 10 27 A9 43 3E 37 3E 37
00008C00  F0 D8 A9 43 39 E0 5F 47 A9 43 10 27 5F 47 C7 1F
00008C10  20 4E 00 00 2A 4D C7 F3 00 00 E0 B1 C7 F3 D6 B2
00008C20  F0 D8 57 BC B9 CB F1 C5 57 BC 10 27 F1 C5 47 34
00008C30  F0 D8 A9 43 C8 EB 77 4B A9 43 10 27 77 4B 38 14
00008C40  DC E7 4D 4A C2 EF 6B 4C 4D 4A 24 18 6B 4C 3E 10
00008C50  4D 4A DC E7 9C 45 88 DC DC E7 B3 B5 88 DC 64 BA
00008C60  CC C0 14 D2 A1 B8 39 E0 14 D2 34 3F 39 E0 5F 47
00008C70  00 00 20 4E 38 14 77 4B 20 4E 00 00 77 4B C8 EB
00008C80  D5 F7 B2 4D 00 00 20 4E B2 4D 2B 08 20 4E 00 00
00008C90  34 3F 14 D2 3E 37 C2 C8 14 D2 CC C0 C2 C8 C2 C8
00008CA0  95 B3 C2 EF E0 B1 00 00 C2 EF 6B 4C 00 00 20 4E
00008CB0  10 27 A9 43 3E 37 3E 37 A9 43 F0 D8 3E 37 C2 C8
00008CC0  2B 08 B2 4D 3E 10 6B 4C B2 4D D5 F7 6B 4C C2 EF
00008CD0  EC 2D CC C0 78 23 64 BA CC C0 14 D2 64 BA 88 DC
00008CE0  95 B3 3E 10 A1 B8 C7 1F 3E 10 6B 4C C7 1F 5F 47
00008CF0  A9 43 10 27 77 4B 38 14 10 27 57 BC 38 14 89 B4
00008D00  24 18 4D 4A C7 1F 5F 47 4D 4A DC E7 5F 47 39 E0
00008D10  24 18 B3 B5 39 0C D6 B2 B3 B5 DC E7 D6 B2 C7 F3
00008D20  CC C0 EC 2D B9 CB 0F 3A EC 2D 34 3F 0F 3A 47 34
00008D30  20 4E 00 00 77 4B C8 EB 00 00 E0 B1 C8 EB 89 B4
00008D40  10 27 A9 43 EC 2D 34 3F A9 43 F0 D8 34 3F 14 D2
00008D50  00 00 E0 B1 C7 F3 D6 B2 E0 B1 00 00 D6 B2 39 0C
00008D60  F0 D8 A9 43 DC E7 4D 4A A9 43 10 27 4D 4A 24 18
00008D70  A9 43 F0 D8 3E 37 C2 C8 F0 D8 57 BC C2 C8 C2 C8
00008D80  47 34 0F 3A 0F 3A 47 34 0F 3A B9 CB 47 34 F1 C5
00008D90  DC E7 B3 B5 88 DC 64 BA B3 B5 24 18 64 BA 78 23
00008DA0  D5 F7 B2 4D 2B 08 B2 4D B2 4D 2B 08 B2 4D D5 F7
00008DB0  10 27 57 BC 38 14 89 B4 57 BC F0 D8 89 B4 C8 EB
00008DC0  34 3F EC 2D A9 43 10 27 EC 2D CC C0 10 27 57 BC
00008DD0  14 D2 CC C0 C2 C8 C2 C8 CC C0 EC 2D C2 C8 3E 37
00008DE0  24 18 4D 4A 10 27 A9 43 4D 4A DC E7 A9 43 F0 D8
00008DF0  00 00 E0 B1 C8 EB 89 B4 E0 B1 00 00 89 B4 38 14
00008E00  5F 47 C7 1F 4D 4A 24 18 C7 1F A1 B8 24 18 B3 B5
00008E10  CC C0 14 D2 64 BA 88 DC 14 D2 34 3F 88 DC 9C 45
00008E20  47 34 0F 3A 34 3F EC 2D 0F 3A B9 CB EC 2D CC C0
00008E30  F0 D8 57 BC C2 C8 C2 C8 57 BC 10 27 C2 C8 3E 37
00008E40  6B 4C 3E 10 B2 4D 2B 08 3E 10 95 B3 2B 08 4E B2
00008E50  B3 B5 DC E7 D6 B2 C7 F3 DC E7 4D 4A C7 F3 2A 4D
00008E60  5F 47 C7 1F 6B 4C 3E 10 C7 1F A1 B8 3E 10 95 B3
00008E70  57 BC F0 D8 89 B4 C8 EB F0 D8 A9 43 C8 EB 77 4B
00008E80  20 4E 00 00 B2 4D D5 F7 00 00 E0 B1 D5 F7 4E B2
00008E90  E0 B1 00 00 D6 B2 39 0C 00 00 20 4E 39 0C 2A 4D
00008EA0  20 4E 00 00 6B 4C C2 EF 00 00 E0 B1 C2 EF 95 B3
00008EB0  E0 B1 00 00 89 B4 38 14 00 00 20 4E 38 14 77 4B
00008EC0  6B 4C C2 EF 4D 4A DC E7 C2 EF 95 B3 DC E7 B3 B5
00008ED0  B3 B5 24 18 64 BA 78 23 24 18 4D 4A 78 23 9C 45
00008EE0  5F 47 39 E0 34 3F 14 D2 39 E0 A1 B8 14 D2 CC C0
00008EF0  57 BC 10 27 C2 C8 3E 37 10 27 A9 43 3E 37 3E 37
00008F00  5F 47 39 E0 A9 43 F0 D8 39 E0 A1 B8 F0 D8 57 BC
00008F10  CC C0 EC 2D C2 C8 3E 37 EC 2D 34 3F 3E 37 3E 37
00008F20  47 34 F1 C5 10 27 57 BC F1 C5 B9 CB 57 BC F0 D8
00008F30  F0 D8 A9 43 C8 EB 77 4B A9 43 10 27 77 4B 38 14
00008F40  34 3F 14 D2 0F 3A B9 CB 14 D2 CC C0 B9 CB F1 C5
00008F50  14 D2 34 3F 88 DC 9C 45 34 3F EC 2D 9C 45 78 23
00008F60  24 18 B3 B5 2B 08 4E B2 B3 B5 DC E7 4E B2 D5 F7
00008F70  00 00 20 4E 38 14 77 4B 20 4E 00 00 77 4B C8 EB
00008F80  47 34 F1 C5 EC 2D CC C0 F1 C5 B9 CB CC C0 14 D2
00008F90  DC E7 4D 4A C7 F3 2A 4D 4D 4A 24 18 2A 4D 39 0C
00008FA0  D5 F7 4E B2 DC E7 B3 B5 4E B2 2B 08 B3 B5 24 18
00008FB0  10 27 A9 43 3E 37 3E 37 A9 43 F0 D8 3E 37 C2 C8
00008FC0  10 27 57 BC C7 1F A1 B8 57 BC F0 D8 A1 B8 39 E0
00008FD0  00 00 20 4E 39 0C 2A 4D 20 4E 00 00 2A 4D C7 F3
00008FE0  F0 D8 57 BC B9 CB F1 C5 57 BC 10 27 F1 C5 47 34
00008FF0  A9 43 10 27 77 4B 38 14 10 27 57 BC 38 14 89 B4
00009000  24 18 B3 B5 3E 10 95 B3 B3 B5 DC E7 95 B3 C2 EF
00009010  24 18 4D 4A 78 23 9C 45 4D 4A DC E7 9C 45 88 DC
00009020  CC C0 14 D2 A1 B8 39 E0 14 D2 34 3F 39 E0 5F 47
00009030  20 4E 00 00 77 4B C8 EB 00 00 E0 B1 C8 EB 89 B4
00009040  2B 08 4E B2 00 00 E0 B1 4E B2 D5 F7 E0 B1 00 00
00009050  EC 2D 34 3F 3E 37 3E 37 34 3F 14 D2 3E 37 C2 C8
00009060  95 B3 C2 EF E0 B1 00 00 C2 EF 6B 4C 00 00 20 4E
00009070  A9 43 F0 D8 3E 37 C2 C8 F0 D8 57 BC C2 C8 C2 C8
00009080  D5 F7 4E B2 C2 EF 95 B3 4E B2 2B 08 95 B3 3E 10
00009090  34 3F EC 2D 9C 45 78 23 EC 2D CC C0 78 23 64 BA
000090A0  95 B3 3E 10 A1 B8 C7 1F 3E 10 6B 4C C7 1F 5F 47
000090B0  10 27 57 BC 38 14 89 B4 57 BC F0 D8 89 B4 C8 EB
000090C0  DC E7 B3 B5 39 E0 A1 B8 B3 B5 24 18 A1 B8 C7 1F
000090D0  4D 4A 24 18 2A 4D 39 0C 24 18 B3 B5 39 0C D6 B2
000090E0  CC C0 EC 2D B9 CB 0F 3A EC 2D 34 3F 0F 3A 47 34
000090F0  00 00 E0 B1 C8 EB 89 B4 E0 B1 00 00 89 B4 38 14
00009100  F0 D8 57 BC 14 D2 CC C0 57 BC 10 27 CC C0 EC 2D
00009110  20 4E 00 00 2A 4D C7 F3 00 00 E0 B1 C7 F3 D6 B2
00009120  F0 D8 A9 43 DC E7 4D 4A A9 43 10 27 4D 4A 24 18
00009130  F0 D8 57 BC C2 C8 C2 C8 57 BC 10 27 C2 C8 3E 37
00009140  B9 CB F1 C5 F1 C5 B9 CB F1 C5 47 34 B9 CB 0F 3A
00009150  4D 4A DC E7 9C 45 88 DC DC E7 B3 B5 88 DC 64 BA
00009160  D5 F7 B2 4D 2B 08 B2 4D B2 4D 2B 08 B2 4D D5 F7
00009170  57 BC F0 D8 89 B4 C8 EB F0 D8 A9 43 C8 EB 77 4B
00009180  CC C0 14 D2 57 BC F0 D8 14 D2 34 3F F0 D8 A9 43
00009190  34 3F 14 D2 3E 37 C2 C8 14 D2 CC C0 C2 C8 C2 C8
000091A0  24 18 4D 4A 10 27 A9 43 4D 4A DC E7 A9 43 F0 D8
000091B0  E0 B1 00 00 89 B4 38 14 00 00 20 4E 38 14 77 4B
000091C0  A1 B8 39 E0 B3 B5 DC E7 39 E0 5F 47 DC E7 4D 4A
000091D0  EC 2D CC C0 78 23 64 BA CC C0 14 D2 64 BA 88 DC
000091E0  47 34 0F 3A 34 3F EC 2D 0F 3A B9 CB EC 2D CC C0
000091F0  57 BC 10 27 C2 C8 3E 37 10 27 A9 43 3E 37 3E 37
00009200  95 B3 C2 EF 4E B2 D5 F7 C2 EF 6B 4C D5 F7 B2 4D
00009210  24 18 B3 B5 39 0C D6 B2 B3 B5 DC E7 D6 B2 C7 F3
00009220  5F 47 C7 1F 6B 4C 3E 10 C7 1F A1 B8 3E 10 95 B3
00009230  F0 D8 A9 43 C8 EB 77 4B A9 43 10 27 77 4B 38 14
00009240  E0 B1 00 00 4E B2 2B 08 00 00 20 4E 2B 08 B2 4D
00009250  00 00 E0 B1 C7 F3 D6 B2 E0 B1 00 00 D6 B2 39 0C
00009260  20 4E 00 00 6B 4C C2 EF 00 00 E0 B1 C2 EF 95 B3
00009270  00 00 20 4E 38 14 77 4B 20 4E 00 00 77 4B C8 EB
00009280  95 B3 3E 10 B3 B5 24 18 3E 10 6B 4C 24 18 4D 4A
00009290  DC E7 B3 B5 88 DC 64 BA B3 B5 24 18 64 BA 78 23
000092A0  5F 47 39 E0 34 3F 14 D2 39 E0 A1 B8 14 D2 CC C0
000092B0  10 27 A9 43 3E 37 3E 37 A9 43 F0 D8 3E 37 C2 C8
000092C0  A1 B8 C7 1F 57 BC 10 27 C7 1F 5F 47 10 27 A9 43
000092D0  14 D2 CC C0 C2 C8 C2 C8 CC C0 EC 2D C2 C8 3E 37
000092E0  47 34 F1 C5 10 27 57 BC F1 C5 B9 CB 57 BC F0 D8
000092F0  A9 43 10 27 77 4B 38 14 10 27 57 BC 38 14 89 B4
00009300  CC C0 EC 2D F1 C5 47 34 EC 2D 34 3F 47 34 0F 3A
00009310  CC C0 14 D2 64 BA 88 DC 14 D2 34 3F 88 DC 9C 45
00009320  24 18 B3 B5 2B 08 4E B2 B3 B5 DC E7 4E B2 D5 F7
00009330  20 4E 00 00 77 4B C8 EB 00 00 E0 B1 C8 EB 89 B4
00009340  B9 CB 0F 3A 14 D2 34 3F 0F 3A 47 34 34 3F EC 2D
00009350  B3 B5 DC E7 D6 B2 C7 F3 DC E7 4D 4A C7 F3 2A 4D
00009360  D5 F7 4E B2 DC E7 B3 B5 4E B2 2B 08 B3 B5 24 18
00009370  A9 43 F0 D8 3E 37 C2 C8 F0 D8 57 BC C2 C8 C2 C8
00009380  F0 D8 A9 43 39 E0 5F 47 A9 43 10 27 5F 47 C7 1F
00009390  E0 B1 00 00 D6 B2 39 0C 00 00 20 4E 39 0C 2A 4D
000093A0  F0 D8 57 BC B9 CB F1 C5 57 BC 10 27 F1 C5 47 34
000093B0  10 27 57 BC 38 14 89 B4 57 BC F0 D8 89 B4 C8 EB
000093C0  DC E7 4D 4A C2 EF 6B 4C 4D 4A 24 18 6B 4C 3E 10
000093D0  B3 B5 24 18 64 BA 78 23 24 18 4D 4A 78 23 9C 45
000093E0  CC C0 14 D2 A1 B8 39 E0 14 D2 34 3F 39 E0 5F 47
000093F0  00 00 E0 B1 C8 EB 89 B4 E0 B1 00 00 89 B4 38 14
00009400  D5 F7 B2 4D 00 00 20 4E B2 4D 2B 08 20 4E 00 00
00009410  CC C0 EC 2D C2 C8 3E 37 EC 2D 34 3F 3E 37 3E 37
00009420  95 B3 C2 EF E0 B1 00 00 C2 EF 6B 4C 00 00 20 4E
00009430  F0 D8 57 BC C2 C8 C2 C8 57 BC 10 27 C2 C8 3E 37
00009440  2B 08 B2 4D 3E 10 6B 4C B2 4D D5 F7 6B 4C C2 EF
00009450  14 D2 34 3F 88 DC 9C 45 34 3F EC 2D 9C 45 78 23
00009460  95 B3 3E 10 A1 B8 C7 1F 3E 10 6B 4C C7 1F 5F 47
00009470  57 BC F0 D8 89 B4 C8 EB F0 D8 A9 43 C8 EB 77 4B
00009480  24 18 4D 4A C7 1F 5F 47 4D 4A DC E7 5F 47 39 E0
00009490  DC E7 4D 4A C7 F3 2A 4D 4D 4A 24 18 2A 4D 39 0C
000094A0  CC C0 EC 2D B9 CB 0F 3A EC 2D 34 3F 0F 3A 47 34
000094B0  E0 B1 00 00 89 B4 38 14 00 00 20 4E 38 14 77 4B
000094C0  10 27 A9 43 EC 2D 34 3F A9 43 F0 D8 34 3F 14 D2
000094D0  00 00 20 4E 39 0C 2A 4D 20 4E 00 00 2A 4D C7 F3
000094E0  F0 D8 A9 43 DC E7 4D 4A A9 43 10 27 4D 4A 24 18
000094F0  57 BC 10 27 C2 C8 3E 37 10 27 A9 43 3E 37 3E 37
00009500  47 34 0F 3A 0F 3A 47 34 0F 3A B9 CB 47 34 F1 C5
00009510  24 18 4D 4A 78 23 9C 45 4D 4A DC E7 9C 45 88 DC
00009520  D5 F7 B2 4D 2B 08 B2 4D B2 4D 2B 08 B2 4D D5 F7
00009530  F0 D8 A9 43 C8 EB 77 4B A9 43 10 27 77 4B 38 14
00009540  34 3F EC 2D A9 43 10 27 EC 2D CC C0 10 27 57 BC
00009550  EC 2D 34 3F 3E 37 3E 37 34 3F 14 D2 3E 37 C2 C8
00009560  24 18 4D 4A 10 27 A9 43 4D 4A DC E7 A9 43 F0 D8
00009570  00 00 20 4E 38 14 77 4B 20 4E 00 00 77 4B C8 EB
00009580  5F 47 C7 1F 4D 4A 24 18 C7 1F A1 B8 24 18 B3 B5
00009590  34 3F EC 2D 9C 45 78 23 EC 2D CC C0 78 23 64 BA
000095A0  47 34 0F 3A 34 3F EC 2D 0F 3A B9 CB EC 2D CC C0
000095B0  10 27 A9 43 3E 37 3E 37 A9 43 F0 D8 3E 37 C2 C8
000095C0  6B 4C 3E 10 B2 4D 2B 08 3E 10 95 B3 2B 08 4E B2
000095D0  4D 4A 24 18 2A 4D 39 0C 24 18 B3 B5 39 0C D6 B2
000095E0  5F 47 C7 1F 6B 4C 3E 10 C7 1F A1 B8 3E 10 95 B3
000095F0  A9 43 10 27 77 4B 38 14 10 27 57 BC 38 14 89 B4
00009600  00 00 00 00 00 00 00 00 00 00 00 00 00 00 00 00
00009610  00 00 00 00 00 00 00 00 00 00 00 00 00 00 00 00
00009620  00 00 00 00 00 00 00 00 00 00 00 00 00 00 00 00
00009630  00 00 00 00 00 00 00 00 00 00 00 00 00 00 00 00
00009640  00 00 00 00 00 00 00 00 00 00 00 00 00 00 00 00
00009650  00 00 00 00 00 00 00 00 00 00 00 00 00 00 00 00
00009660  00 00 00 00 00 00 00 00 00 00 00 00 00 00 00 00
00009670  00 00 00 00 00 00 00 00 00 00 00 00 00 00 00 00
00009680  00 00 00 00 00 00 00 00 00 00 00 00 00 00 00 00
00009690  00 00 00 00 00 00 00 00 00 00 00 00 00 00 00 00
000096A0  00 00 00 00 00 00 00 00 00 00 00 00 00 00 00 00
000096B0  00 00 00 00 00 00 00 00 00 00 00 00 00 00 00 00
000096C0  00 00 00 00 00 00 00 00 00 00 00 00 00 00 00 00
000096D0  00 00 00 00 00 00 00 00 00 00 00 00 00 00 00 00
000096E0  00 00 00 00 00 00 00 00 00 00 00 00 00 00 00 00
000096F0  00 00 00 00 00 00 00 00 00 00 00 00 00 00 00 00
00009700  00 00 00 00 00 00 00 00 00 00 00 00 00 00 00 00
00009710  00 00 00 00 00 00 00 00 00 00 00 00 00 00 00 00
00009720  00 00 00 00 00 00 00 00 00 00 00 00 00 00 00 00
00009730  00 00 00 00 00 00 00 00 00 00 00 00 00 00 00 00
00009740  00 00 00 00 00 00 00 00 00 00 00 00 00 00 00 00
00009750  00 00 00 00 00 00 00 00 00 00 00 00 00 00 00 00
00009760  00 00 00 00 00 00 00 00 00 00 00 00 00 00 00 00
00009770  00 00 00 00 00 00 00 00 00 00 00 00 00 00 00 00
00009780  00 00 00 00 00 00 00 00 00 00 00 00 00 00 00 00
00009790  00 00 00 00 00 00 00 00 00 00 00 00 00 00 00 00
000097A0  00 00 00 00 00 00 00 00 00 00 00 00 00 00 00 00
000097B0  00 00 00 00 00 00 00 00 00 00 00 00 00 00 00 00
000097C0  00 00 00 00 00 00 00 00 00 00 00 00 00 00 00 00
000097D0  00 00 00 00 00 00 00 00 00 00 00 00 00 00 00 00
000097E0  00 00 00 00 00 00 00 00 00 00 00 00 00 00 00 00
000097F0  00 00 00 00 00 00 00 00 00 00 00 00 00 00 00 00
00009800  00 00 00 00 00 00 00 00 00 00 00 00 00 00 00 00
00009810  00 00 00 00 00 00 00 00 00 00 00 00 00 00 00 00
00009820  00 00 00 00 00 00 00 00 00 00 00 00 00 00 00 00
00009830  00 00 00 00 00 00 00 00 00 00 00 00 00 00 00 00
00009840  00 00 00 00 00 00 00 00 00 00 00 00 00 00 00 00
00009850  00 00 00 00 00 00 00 00 00 00 00 00 00 00 00 00
00009860  00 00 00 00 00 00 00 00 00 00 00 00 00 00 00 00
00009870  00 00 00 00 00 00 00 00 00 00 00 00 00 00 00 00
00009880  00 00 00 00 00 00 00 00 00 00 00 00 00 00 00 00
00009890  00 00 00 00 00 00 00 00 00 00 00 00 00 00 00 00
000098A0  00 00 00 00 00 00 00 00 00 00 00 00 00 00 00 00
000098B0  00 00 00 00 00 00 00 00 00 00 00 00 00 00 00 00
000098C0  00 00 00 00 00 00 00 00 00 00 00 00 00 00 00 00
000098D0  00 00 00 00 00 00 00 00 00 00 00 00 00 00 00 00
000098E0  00 00 00 00 00 00 00 00 00 00 00 00 00 00 00 00
000098F0  00 00 00 00 00 00 00 00 00 00 00 00 00 00 00 00
00009900  00 00 00 00 00 00 00 00 00 00 00 00 00 00 00 00
00009910  00 00 00 00 00 00 00 00 00 00 00 00 00 00 00 00
00009920  00 00 00 00 00 00 00 00 00 00 00 00 00 00 00 00
00009930  00 00 00 00 00 00 00 00 00 00 00 00 00 00 00 00
00009940  00 00 00 00 00 00 00 00 00 00 00 00 00 00 00 00
00009950  00 00 00 00 00 00 00 00 00 00 00 00 00 00 00 00
00009960  00 00 00 00 00 00 00 00 00 00 00 00 00 00 00 00
00009970  00 00 00 00 00 00 00 00 00 00 00 00 00 00 00 00
00009980  00 00 00 00 00 00 00 00 00 00 00 00 00 00 00 00
00009990  00 00 00 00 00 00 00 00 00 00 00 00 00 00 00 00
000099A0  00 00 00 00 00 00 00 00 00 00 00 00 00 00 00 00
000099B0  00 00 00 00 00 00 00 00 00 00 00 00 00 00 00 00
000099C0  00 00 00 00 00 00 00 00 00 00 00 00 00 00 00 00
000099D0  00 00 00 00 00 00 00 00 00 00 00 00 00 00 00 00
000099E0  00 00 00 00 00 00 00 00 00 00 00 00 00 00 00 00
000099F0  00 00 00 00 00 00 00 00 00 00 00 00 00 00 00 00
00009A00  00 00 00 00 00 00 00 00 00 00 00 00 00 00 00 00
00009A10  00 00 00 00 00 00 00 00 00 00 00 00 00 00 00 00
00009A20  00 00 00 00 00 00 00 00 00 00 00 00 00 00 00 00
00009A30  00 00 00 00 00 00 00 00 00 00 00 00 00 00 00 00
00009A40  00 00 00 00 00 00 00 00 00 00 00 00 00 00 00 00
00009A50  00 00 00 00 00 00 00 00 00 00 00 00 00 00 00 00
00009A60  00 00 00 00 00 00 00 00 00 00 00 00 00 00 00 00
00009A70  00 00 00 00 00 00 00 00 00 00 00 00 00 00 00 00
00009A80  00 00 00 00 00 00 00 00 00 00 00 00 00 00 00 00
00009A90  00 00 00 00 00 00 00 00 00 00 00 00 00 00 00 00
00009AA0  00 00 00 00 00 00 00 00 00 00 00 00 00 00 00 00
00009AB0  00 00 00 00 00 00 00 00 00 00 00 00 00 00 00 00
00009AC0  00 00 00 00 00 00 00 00 00 00 00 00 00 00 00 00
00009AD0  00 00 00 00 00 00 00 00 00 00 00 00 00 00 00 00
00009AE0  00 00 00 00 00 00 00 00 00 00 00 00 00 00 00 00
00009AF0  00 00 00 00 00 00 00 00 00 00 00 00 00 00 00 00
00009B00  00 00 00 00 00 00 00 00 00 00 00 00 00 00 00 00
00009B10  00 00 00 00 00 00 00 00 00 00 00 00 00 00 00 00
00009B20  00 00 00 00 00 00 00 00 00 00 00 00 00 00 00 00
00009B30  00 00 00 00 00 00 00 00 00 00 00 00 00 00 00 00
00009B40  00 00 00 00 00 00 00 00 00 00 00 00 00 00 00 00
00009B50  00 00 00 00 00 00 00 00 00 00 00 00 00 00 00 00
00009B60  00 00 00 00 00 00 00 00 00 00 00 00 00 00 00 00
00009B70  00 00 00 00 00 00 00 00 00 00 00 00 00 00 00 00
00009B80  00 00 00 00 00 00 00 00 00 00 00 00 00 00 00 00
00009B90  00 00 00 00 00 00 00 00 00 00 00 00 00 00 00 00
00009BA0  00 00 00 00 00 00 00 00 00 00 00 00 00 00 00 00
00009BB0  00 00 00 00 00 00 00 00 00 00 00 00 00 00 00 00
00009BC0  00 00 00 00 00 00 00 00 00 00 00 00 00 00 00 00
00009BD0  00 00 00 00 00 00 00 00 00 00 00 00 00 00 00 00
00009BE0  00 00 00 00 00 00 00 00 00 00 00 00 00 00 00 00
00009BF0  00 00 00 00 00 00 00 00 00 00 00 00 00 00 00 00
00009C00  00 00 00 00 00 00 00 00 00 00 00 00 00 00 00 00
00009C10  00 00 00 00 00 00 00 00 00 00 00 00 00 00 00 00
00009C20  00 00 00 00 00 00 00 00 00 00 00 00 00 00 00 00
00009C30  00 00 00 00 00 00 00 00 00 00 00 00 00 00 00 00
00009C40  00 00 00 00 00 00 00 00 00 00 00 00 00 00 00 00
00009C50  00 00 00 00 00 00 00 00 00 00 00 00 00 00 00 00
00009C60  00 00 00 00 00 00 00 00 00 00 00 00 00 00 00 00
00009C70  00 00 00 00 00 00 00 00 00 00 00 00 00 00 00 00
00009C80  00 00 00 00 00 00 00 00 00 00 00 00 00 00 00 00
00009C90  00 00 00 00 00 00 00 00 00 00 00 00 00 00 00 00
00009CA0  00 00 00 00 00 00 00 00 00 00 00 00 00 00 00 00
00009CB0  00 00 00 00 00 00 00 00 00 00 00 00 00 00 00 00
00009CC0  00 00 00 00 00 00 00 00 00 00 00 00 00 00 00 00
00009CD0  00 00 00 00 00 00 00 00 00 00 00 00 00 00 00 00
00009CE0  00 00 00 00 00 00 00 00 00 00 00 00 00 00 00 00
00009CF0  00 00 00 00 00 00 00 00 00 00 00 00 00 00 00 00
00009D00  00 00 00 00 00 00 00 00 00 00 00 00 00 00 00 00
00009D10  00 00 00 00 00 00 00 00 00 00 00 00 00 00 00 00
00009D20  00 00 00 00 00 00 00 00 00 00 00 00 00 00 00 00
00009D30  00 00 00 00 00 00 00 00 00 00 00 00 00 00 00 00
00009D40  00 00 00 00 00 00 00 00 00 00 00 00 00 00 00 00
00009D50  00 00 00 00 00 00 00 00 00 00 00 00 00 00 00 00
00009D60  00 00 00 00 00 00 00 00 00 00 00 00 00 00 00 00
00009D70  00 00 00 00 00 00 00 00 00 00 00 00 00 00 00 00
00009D80  00 00 00 00 00 00 00 00 00 00 00 00 00 00 00 00
00009D90  00 00 00 00 00 00 00 00 00 00 00 00 00 00 00 00
00009DA0  00 00 00 00 00 00 00 00 00 00 00 00 00 00 00 00
00009DB0  00 00 00 00 00 00 00 00 00 00 00 00 00 00 00 00
00009DC0  00 00 00 00 00 00 00 00 00 00 00 00 00 00 00 00
00009DD0  00 00 00 00 00 00 00 00 00 00 00 00 00 00 00 00
00009DE0  00 00 00 00 00 00 00 00 00 00 00 00 00 00 00 00
00009DF0  00 00 00 00 00 00 00 00 00 00 00 00 00 00 00 00
