00000000  20 4E 00 00 4D 4A DC E7 34 3F 14 D2 EC 2D CC C0
00000010  24 18 B3 B5 00 00 E0 B1 DC E7 B3 B5 14 D2 CC C0
00000020  CC C0 14 D2 B3 B5 DC E7 E0 B1 00 00 B3 B5 24 18
00000030  CC C0 EC 2D 14 D2 34 3F DC E7 4D 4A 00 00 20 4E
00000040  24 18 4D 4A EC 2D 34 3F 34 3F EC 2D 4D 4A 24 18
00000050  20 4E 00 00 4D 4A DC E7 34 3F 14 D2 EC 2D CC C0
00000060  24 18 B3 B5 00 00 E0 B1 DC E7 B3 B5 14 D2 CC C0
00000070  CC C0 14 D2 B3 B5 DC E7 E0 B1 00 00 B3 B5 24 18
00000080  CC C0 EC 2D 14 D2 34 3F DC E7 4D 4A 00 00 20 4E
00000090  24 18 4D 4A EC 2D 34 3F 34 3F EC 2D 4D 4A 24 18
000000A0  20 4E 00 00 4D 4A DC E7 34 3F 14 D2 EC 2D CC C0
000000B0  24 18 B3 B5 00 00 E0 B1 DC E7 B3 B5 14 D2 CC C0
000000C0  CC C0 14 D2 B3 B5 DC E7 E0 B1 00 00 B3 B5 24 18
000000D0  CC C0 EC 2D 14 D2 34 3F DC E7 4D 4A 00 00 20 4E
000000E0  24 18 4D 4A EC 2D 34 3F 34 3F EC 2D 4D 4A 24 18
000000F0  20 4E 00 00 4D 4A DC E7 34 3F 14 D2 EC 2D CC C0
00000100  24 18 B3 B5 00 00 E0 B1 DC E7 B3 B5 14 D2 CC C0
00000110  CC C0 14 D2 B3 B5 DC E7 E0 B1 00 00 B3 B5 24 18
00000120  CC C0 EC 2D 14 D2 34 3F DC E7 4D 4A 00 00 20 4E
00000130  24 18 4D 4A EC 2D 34 3F 34 3F EC 2D 4D 4A 24 18
00000140  20 4E 00 00 4D 4A DC E7 34 3F 14 D2 EC 2D CC C0
00000150  24 18 B3 B5 00 00 E0 B1 DC E7 B3 B5 14 D2 CC C0
00000160  CC C0 14 D2 B3 B5 DC E7 E0 B1 00 00 B3 B5 24 18
00000170  CC C0 EC 2D 14 D2 34 3F DC E7 4D 4A 00 00 20 4E
00000180  24 18 4D 4A EC 2D 34 3F 34 3F EC 2D 4D 4A 24 18
00000190  20 4E 00 00 4D 4A DC E7 34 3F 14 D2 EC 2D CC C0
000001A0  24 18 B3 B5 00 00 E0 B1 DC E7 B3 B5 14 D2 CC C0
000001B0  CC C0 14 D2 B3 B5 DC E7 E0 B1 00 00 B3 B5 24 18
000001C0  CC C0 EC 2D 14 D2 34 3F DC E7 4D 4A 00 00 20 4E
000001D0  24 18 4D 4A EC 2D 34 3F 34 3F EC 2D 4D 4A 24 18
000001E0  20 4E 00 00 4D 4A DC E7 34 3F 14 D2 EC 2D CC C0
000001F0  24 18 B3 B5 00 00 E0 B1 DC E7 B3 B5 14 D2 CC C0
00000200  CC C0 14 D2 B3 B5 DC E7 E0 B1 00 00 B3 B5 24 18
00000210  CC C0 EC 2D 14 D2 34 3F DC E7 4D 4A 00 00 20 4E
00000220  24 18 4D 4A EC 2D 34 3F 34 3F EC 2D 4D 4A 24 18
00000230  20 4E 00 00 4D 4A DC E7 34 3F 14 D2 EC 2D CC C0
00000240  24 18 B3 B5 00 00 E0 B1 DC E7 B3 B5 14 D2 CC C0
00000250  CC C0 14 D2 B3 B5 DC E7 E0 B1 00 00 B3 B5 24 18
00000260  CC C0 EC 2D 14 D2 34 3F DC E7 4D 4A 00 00 20 4E
00000270  24 18 4D 4A EC 2D 34 3F 34 3F EC 2D 4D 4A 24 18
00000280  20 4E 00 00 4D 4A DC E7 34 3F 14 D2 EC 2D CC C0
00000290  24 18 B3 B5 00 00 E0 B1 DC E7 B3 B5 14 D2 CC C0
000002A0  CC C0 14 D2 B3 B5 DC E7 E0 B1 00 00 B3 B5 24 18
000002B0  CC C0 EC 2D 14 D2 34 3F DC E7 4D 4A 00 00 20 4E
000002C0  24 18 4D 4A EC 2D 34 3F 34 3F EC 2D 4D 4A 24 18
000002D0  20 4E 00 00 4D 4A DC E7 34 3F 14 D2 EC 2D CC C0
000002E0  24 18 B3 B5 00 00 E0 B1 DC E7 B3 B5 14 D2 CC C0
000002F0  CC C0 14 D2 B3 B5 DC E7 E0 B1 00 00 B3 B5 24 18
00000300  CC C0 EC 2D 14 D2 34 3F DC E7 4D 4A 00 00 20 4E
00000310  24 18 4D 4A EC 2D 34 3F 34 3F EC 2D 4D 4A 24 18
00000320  20 4E 00 00 4D 4A DC E7 34 3F 14 D2 EC 2D CC C0
00000330  24 18 B3 B5 00 00 E0 B1 DC E7 B3 B5 14 D2 CC C0
00000340  CC C0 14 D2 B3 B5 DC E7 E0 B1 00 00 B3 B5 24 18
00000350  CC C0 EC 2D 14 D2 34 3F DC E7 4D 4A 00 00 20 4E
00000360  24 18 4D 4A EC 2D 34 3F 34 3F EC 2D 4D 4A 24 18
00000370  20 4E 00 00 4D 4A DC E7 34 3F 14 D2 EC 2D CC C0
00000380  24 18 B3 B5 00 00 E0 B1 DC E7 B3 B5 14 D2 CC C0
00000390  CC C0 14 D2 B3 B5 DC E7 E0 B1 00 00 B3 B5 24 18
000003A0  CC C0 EC 2D 14 D2 34 3F DC E7 4D 4A 00 00 20 4E
000003B0  24 18 4D 4A EC 2D 34 3F 34 3F EC 2D 4D 4A 24 18
000003C0  20 4E 00 00 4D 4A DC E7 34 3F 14 D2 EC 2D CC C0
000003D0  24 18 B3 B5 00 00 E0 B1 DC E7 B3 B5 14 D2 CC C0
000003E0  CC C0 14 D2 B3 B5 DC E7 E0 B1 00 00 B3 B5 24 18
000003F0  CC C0 EC 2D 14 D2 34 3F DC E7 4D 4A 00 00 20 4E
00000400  24 18 4D 4A EC 2D 34 3F 34 3F EC 2D 4D 4A 24 18
00000410  20 4E 00 00 4D 4A DC E7 34 3F 14 D2 EC 2D CC C0
00000420  24 18 B3 B5 00 00 E0 B1 DC E7 B3 B5 14 D2 CC C0
00000430  CC C0 14 D2 B3 B5 DC E7 E0 B1 00 00 B3 B5 24 18
00000440  CC C0 EC 2D 14 D2 34 3F DC E7 4D 4A 00 00 20 4E
00000450  24 18 4D 4A EC 2D 34 3F 34 3F EC 2D 4D 4A 24 18
00000460  20 4E 00 00 4D 4A DC E7 34 3F 14 D2 EC 2D CC C0
00000470  24 18 B3 B5 00 00 E0 B1 DC E7 B3 B5 14 D2 CC C0
00000480  CC C0 14 D2 B3 B5 DC E7 E0 B1 00 00 B3 B5 24 18
00000490  CC C0 EC 2D 14 D2 34 3F DC E7 4D 4A 00 00 20 4E
000004A0  24 18 4D 4A EC 2D 34 3F 34 3F EC 2D 4D 4A 24 18
000004B0  20 4E 00 00 4D 4A DC E7 34 3F 14 D2 EC 2D CC C0
000004C0  24 18 B3 B5 00 00 E0 B1 DC E7 B3 B5 14 D2 CC C0
000004D0  CC C0 14 D2 B3 B5 DC E7 E0 B1 00 00 B3 B5 24 18
000004E0  CC C0 EC 2D 14 D2 34 3F DC E7 4D 4A 00 00 20 4E
000004F0  24 18 4D 4A EC 2D 34 3F 34 3F EC 2D 4D 4A 24 18
00000500  20 4E 00 00 4D 4A DC E7 34 3F 14 D2 EC 2D CC C0
00000510  24 18 B3 B5 00 00 E0 B1 DC E7 B3 B5 14 D2 CC C0
00000520  CC C0 14 D2 B3 B5 DC E7 E0 B1 00 00 B3 B5 24 18
00000530  CC C0 EC 2D 14 D2 34 3F DC E7 4D 4A 00 00 20 4E
00000540  24 18 4D 4A EC 2D 34 3F 34 3F EC 2D 4D 4A 24 18
00000550  20 4E 00 00 4D 4A DC E7 34 3F 14 D2 EC 2D CC C0
00000560  24 18 B3 B5 00 00 E0 B1 DC E7 B3 B5 14 D2 CC C0
00000570  CC C0 14 D2 B3 B5 DC E7 E0 B1 00 00 B3 B5 24 18
00000580  CC C0 EC 2D 14 D2 34 3F DC E7 4D 4A 00 00 20 4E
00000590  24 18 4D 4A EC 2D 34 3F 34 3F EC 2D 4D 4A 24 18
000005A0  20 4E 00 00 4D 4A DC E7 34 3F 14 D2 EC 2D CC C0
000005B0  24 18 B3 B5 00 00 E0 B1 DC E7 B3 B5 14 D2 CC C0
000005C0  CC C0 14 D2 B3 B5 DC E7 E0 B1 00 00 B3 B5 24 18
000005D0  CC C0 EC 2D 14 D2 34 3F DC E7 4D 4A 00 00 20 4E
000005E0  24 18 4D 4A EC 2D 34 3F 34 3F EC 2D 4D 4A 24 18
000005F0  20 4E 00 00 4D 4A DC E7 34 3F 14 D2 EC 2D CC C0
00000600  24 18 B3 B5 00 00 E0 B1 DC E7 B3 B5 14 D2 CC C0
00000610  CC C0 14 D2 B3 B5 DC E7 E0 B1 00 00 B3 B5 24 18
00000620  CC C0 EC 2D 14 D2 34 3F DC E7 4D 4A 00 00 20 4E
00000630  24 18 4D 4A EC 2D 34 3F 34 3F EC 2D 4D 4A 24 18
00000640  20 4E 00 00 4D 4A DC E7 34 3F 14 D2 EC 2D CC C0
00000650  24 18 B3 B5 00 00 E0 B1 DC E7 B3 B5 14 D2 CC C0
00000660  CC C0 14 D2 B3 B5 DC E7 E0 B1 00 00 B3 B5 24 18
00000670  CC C0 EC 2D 14 D2 34 3F DC E7 4D 4A 00 00 20 4E
00000680  24 18 4D 4A EC 2D 34 3F 34 3F EC 2D 4D 4A 24 18
00000690  20 4E 00 00 4D 4A DC E7 34 3F 14 D2 EC 2D CC C0
000006A0  24 18 B3 B5 00 00 E0 B1 DC E7 B3 B5 14 D2 CC C0
000006B0  CC C0 14 D2 B3 B5 DC E7 E0 B1 00 00 B3 B5 24 18
000006C0  CC C0 EC 2D 14 D2 34 3F DC E7 4D 4A 00 00 20 4E
000006D0  24 18 4D 4A EC 2D 34 3F 34 3F EC 2D 4D 4A 24 18
000006E0  20 4E 00 00 4D 4A DC E7 34 3F 14 D2 EC 2D CC C0
000006F0  24 18 B3 B5 00 00 E0 B1 DC E7 B3 B5 14 D2 CC C0
00000700  CC C0 14 D2 B3 B5 DC E7 E0 B1 00 00 B3 B5 24 18
00000710  CC C0 EC 2D 14 D2 34 3F DC E7 4D 4A 00 00 20 4E
00000720  24 18 4D 4A EC 2D 34 3F 34 3F EC 2D 4D 4A 24 18
00000730  20 4E 00 00 4D 4A DC E7 34 3F 14 D2 EC 2D CC C0
00000740  24 18 B3 B5 00 00 E0 B1 DC E7 B3 B5 14 D2 CC C0
00000750  CC C0 14 D2 B3 B5 DC E7 E0 B1 00 00 B3 B5 24 18
00000760  CC C0 EC 2D 14 D2 34 3F DC E7 4D 4A 00 00 20 4E
00000770  24 18 4D 4A EC 2D 34 3F 34 3F EC 2D 4D 4A 24 18
00000780  20 4E 00 00 4D 4A DC E7 34 3F 14 D2 EC 2D CC C0
00000790  24 18 B3 B5 00 00 E0 B1 DC E7 B3 B5 14 D2 CC C0
000007A0  CC C0 14 D2 B3 B5 DC E7 E0 B1 00 00 B3 B5 24 18
000007B0  CC C0 EC 2D 14 D2 34 3F DC E7 4D 4A 00 00 20 4E
000007C0  24 18 4D 4A EC 2D 34 3F 34 3F EC 2D 4D 4A 24 18
000007D0  20 4E 00 00 4D 4A DC E7 34 3F 14 D2 EC 2D CC C0
000007E0  24 18 B3 B5 00 00 E0 B1 DC E7 B3 B5 14 D2 CC C0
000007F0  CC C0 14 D2 B3 B5 DC E7 E0 B1 00 00 B3 B5 24 18
00000800  CC C0 EC 2D 14 D2 34 3F DC E7 4D 4A 00 00 20 4E
00000810  24 18 4D 4A EC 2D 34 3F 34 3F EC 2D 4D 4A 24 18
00000820  20 4E 00 00 4D 4A DC E7 34 3F 14 D2 EC 2D CC C0
00000830  24 18 B3 B5 00 00 E0 B1 DC E7 B3 B5 14 D2 CC C0
00000840  CC C0 14 D2 B3 B5 DC E7 E0 B1 00 00 B3 B5 24 18
00000850  CC C0 EC 2D 14 D2 34 3F DC E7 4D 4A 00 00 20 4E
00000860  24 18 4D 4A EC 2D 34 3F 34 3F EC 2D 4D 4A 24 18
00000870  20 4E 00 00 4D 4A DC E7 34 3F 14 D2 EC 2D CC C0
00000880  24 18 B3 B5 00 00 E0 B1 DC E7 B3 B5 14 D2 CC C0
00000890  CC C0 14 D2 B3 B5 DC E7 E0 B1 00 00 B3 B5 24 18
000008A0  CC C0 EC 2D 14 D2 34 3F DC E7 4D 4A 00 00 20 4E
000008B0  24 18 4D 4A EC 2D 34 3F 34 3F EC 2D 4D 4A 24 18
000008C0  20 4E 00 00 4D 4A DC E7 34 3F 14 D2 EC 2D CC C0
000008D0  24 18 B3 B5 00 00 E0 B1 DC E7 B3 B5 14 D2 CC C0
000008E0  CC C0 14 D2 B3 B5 DC E7 E0 B1 00 00 B3 B5 24 18
000008F0  CC C0 EC 2D 14 D2 34 3F DC E7 4D 4A 00 00 20 4E
00000900  24 18 4D 4A EC 2D 34 3F 34 3F EC 2D 4D 4A 24 18
00000910  20 4E 00 00 4D 4A DC E7 34 3F 14 D2 EC 2D CC C0
00000920  24 18 B3 B5 00 00 E0 B1 DC E7 B3 B5 14 D2 CC C0
00000930  CC C0 14 D2 B3 B5 DC E7 E0 B1 00 00 B3 B5 24 18
00000940  CC C0 EC 2D 14 D2 34 3F DC E7 4D 4A 00 00 20 4E
00000950  24 18 4D 4A EC 2D 34 3F 34 3F EC 2D 4D 4A 24 18
00000960  20 4E 00 00 4D 4A DC E7 34 3F 14 D2 EC 2D CC C0
00000970  24 18 B3 B5 00 00 E0 B1 DC E7 B3 B5 14 D2 CC C0
00000980  CC C0 14 D2 B3 B5 DC E7 E0 B1 00 00 B3 B5 24 18
00000990  CC C0 EC 2D 14 D2 34 3F DC E7 4D 4A 00 00 20 4E
000009A0  24 18 4D 4A EC 2D 34 3F 34 3F EC 2D 4D 4A 24 18
000009B0  20 4E 00 00 4D 4A DC E7 34 3F 14 D2 EC 2D CC C0
000009C0  24 18 B3 B5 00 00 E0 B1 DC E7 B3 B5 14 D2 CC C0
000009D0  CC C0 14 D2 B3 B5 DC E7 E0 B1 00 00 B3 B5 24 18
000009E0  CC C0 EC 2D 14 D2 34 3F DC E7 4D 4A 00 00 20 4E
000009F0  24 18 4D 4A EC 2D 34 3F 34 3F EC 2D 4D 4A 24 18
00000A00  20 4E 00 00 4D 4A DC E7 34 3F 14 D2 EC 2D CC C0
00000A10  24 18 B3 B5 00 00 E0 B1 DC E7 B3 B5 14 D2 CC C0
00000A20  CC C0 14 D2 B3 B5 DC E7 E0 B1 00 00 B3 B5 24 18
00000A30  CC C0 EC 2D 14 D2 34 3F DC E7 4D 4A 00 00 20 4E
00000A40  24 18 4D 4A EC 2D 34 3F 34 3F EC 2D 4D 4A 24 18
00000A50  20 4E 00 00 4D 4A DC E7 34 3F 14 D2 EC 2D CC C0
00000A60  24 18 B3 B5 00 00 E0 B1 DC E7 B3 B5 14 D2 CC C0
00000A70  CC C0 14 D2 B3 B5 DC E7 E0 B1 00 00 B3 B5 24 18
00000A80  CC C0 EC 2D 14 D2 34 3F DC E7 4D 4A 00 00 20 4E
00000A90  24 18 4D 4A EC 2D 34 3F 34 3F EC 2D 4D 4A 24 18
00000AA0  20 4E 00 00 4D 4A DC E7 34 3F 14 D2 EC 2D CC C0
00000AB0  24 18 B3 B5 00 00 E0 B1 DC E7 B3 B5 14 D2 CC C0
00000AC0  CC C0 14 D2 B3 B5 DC E7 E0 B1 00 00 B3 B5 24 18
00000AD0  CC C0 EC 2D 14 D2 34 3F DC E7 4D 4A 00 00 20 4E
00000AE0  24 18 4D 4A EC 2D 34 3F 34 3F EC 2D 4D 4A 24 18
00000AF0  20 4E 00 00 4D 4A DC E7 34 3F 14 D2 EC 2D CC C0
00000B00  24 18 B3 B5 00 00 E0 B1 DC E7 B3 B5 14 D2 CC C0
00000B10  CC C0 14 D2 B3 B5 DC E7 E0 B1 00 00 B3 B5 24 18
00000B20  CC C0 EC 2D 14 D2 34 3F DC E7 4D 4A 00 00 20 4E
00000B30  24 18 4D 4A EC 2D 34 3F 34 3F EC 2D 4D 4A 24 18
00000B40  20 4E 00 00 4D 4A DC E7 34 3F 14 D2 EC 2D CC C0
00000B50  24 18 B3 B5 00 00 E0 B1 DC E7 B3 B5 14 D2 CC C0
00000B60  CC C0 14 D2 B3 B5 DC E7 E0 B1 00 00 B3 B5 24 18
00000B70  CC C0 EC 2D 14 D2 34 3F DC E7 4D 4A 00 00 20 4E
00000B80  24 18 4D 4A EC 2D 34 3F 34 3F EC 2D 4D 4A 24 18
00000B90  20 4E 00 00 4D 4A DC E7 34 3F 14 D2 EC 2D CC C0
00000BA0  24 18 B3 B5 00 00 E0 B1 DC E7 B3 B5 14 D2 CC C0
00000BB0  CC C0 14 D2 B3 B5 DC E7 E0 B1 00 00 B3 B5 24 18
00000BC0  CC C0 EC 2D 14 D2 34 3F DC E7 4D 4A 00 00 20 4E
00000BD0  24 18 4D 4A EC 2D 34 3F 34 3F EC 2D 4D 4A 24 18
00000BE0  20 4E 00 00 4D 4A DC E7 34 3F 14 D2 EC 2D CC C0
00000BF0  24 18 B3 B5 00 00 E0 B1 DC E7 B3 B5 14 D2 CC C0
00000C00  CC C0 14 D2 B3 B5 DC E7 E0 B1 00 00 B3 B5 24 18
00000C10  CC C0 EC 2D 14 D2 34 3F DC E7 4D 4A 00 00 20 4E
00000C20  24 18 4D 4A EC 2D 34 3F 34 3F EC 2D 4D 4A 24 18
00000C30  20 4E 00 00 4D 4A DC E7 34 3F 14 D2 EC 2D CC C0
00000C40  24 18 B3 B5 00 00 E0 B1 DC E7 B3 B5 14 D2 CC C0
00000C50  CC C0 14 D2 B3 B5 DC E7 E0 B1 00 00 B3 B5 24 18
00000C60  CC C0 EC 2D 14 D2 34 3F DC E7 4D 4A 00 00 20 4E
00000C70  24 18 4D 4A EC 2D 34 3F 34 3F EC 2D 4D 4A 24 18
00000C80  20 4E 00 00 4D 4A DC E7 34 3F 14 D2 EC 2D CC C0
00000C90  24 18 B3 B5 00 00 E0 B1 DC E7 B3 B5 14 D2 CC C0
00000CA0  CC C0 14 D2 B3 B5 DC E7 E0 B1 00 00 B3 B5 24 18
00000CB0  CC C0 EC 2D 14 D2 34 3F DC E7 4D 4A 00 00 20 4E
00000CC0  24 18 4D 4A EC 2D 34 3F 34 3F EC 2D 4D 4A 24 18
00000CD0  20 4E 00 00 4D 4A DC E7 34 3F 14 D2 EC 2D CC C0
00000CE0  24 18 B3 B5 00 00 E0 B1 DC E7 B3 B5 14 D2 CC C0
00000CF0  CC C0 14 D2 B3 B5 DC E7 E0 B1 00 00 B3 B5 24 18
00000D00  CC C0 EC 2D 14 D2 34 3F DC E7 4D 4A 00 00 20 4E
00000D10  24 18 4D 4A EC 2D 34 3F 34 3F EC 2D 4D 4A 24 18
00000D20  20 4E 00 00 4D 4A DC E7 34 3F 14 D2 EC 2D CC C0
00000D30  24 18 B3 B5 00 00 E0 B1 DC E7 B3 B5 14 D2 CC C0
00000D40  CC C0 14 D2 B3 B5 DC E7 E0 B1 00 00 B3 B5 24 18
00000D50  CC C0 EC 2D 14 D2 34 3F DC E7 4D 4A 00 00 20 4E
00000D60  24 18 4D 4A EC 2D 34 3F 34 3F EC 2D 4D 4A 24 18
00000D70  20 4E 00 00 4D 4A DC E7 34 3F 14 D2 EC 2D CC C0
00000D80  24 18 B3 B5 00 00 E0 B1 DC E7 B3 B5 14 D2 CC C0
00000D90  CC C0 14 D2 B3 B5 DC E7 E0 B1 00 00 B3 B5 24 18
00000DA0  CC C0 EC 2D 14 D2 34 3F DC E7 4D 4A 00 00 20 4E
00000DB0  24 18 4D 4A EC 2D 34 3F 34 3F EC 2D 4D 4A 24 18
00000DC0  20 4E 00 00 4D 4A DC E7 34 3F 14 D2 EC 2D CC C0
00000DD0  24 18 B3 B5 00 00 E0 B1 DC E7 B3 B5 14 D2 CC C0
00000DE0  CC C0 14 D2 B3 B5 DC E7 E0 B1 00 00 B3 B5 24 18
00000DF0  CC C0 EC 2D 14 D2 34 3F DC E7 4D 4A 00 00 20 4E
00000E00  24 18 4D 4A EC 2D 34 3F 34 3F EC 2D 4D 4A 24 18
00000E10  20 4E 00 00 4D 4A DC E7 34 3F 14 D2 EC 2D CC C0
00000E20  24 18 B3 B5 00 00 E0 B1 DC E7 B3 B5 14 D2 CC C0
00000E30  CC C0 14 D2 B3 B5 DC E7 E0 B1 00 00 B3 B5 24 18
00000E40  CC C0 EC 2D 14 D2 34 3F DC E7 4D 4A 00 00 20 4E
00000E50  24 18 4D 4A EC 2D 34 3F 34 3F EC 2D 4D 4A 24 18
00000E60  20 4E 00 00 4D 4A DC E7 34 3F 14 D2 EC 2D CC C0
00000E70  24 18 B3 B5 00 00 E0 B1 DC E7 B3 B5 14 D2 CC C0
00000E80  CC C0 14 D2 B3 B5 DC E7 E0 B1 00 00 B3 B5 24 18
00000E90  CC C0 EC 2D 14 D2 34 3F DC E7 4D 4A 00 00 20 4E
00000EA0  24 18 4D 4A EC 2D 34 3F 34 3F EC 2D 4D 4A 24 18
00000EB0  20 4E 00 00 4D 4A DC E7 34 3F 14 D2 EC 2D CC C0
00000EC0  24 18 B3 B5 00 00 E0 B1 DC E7 B3 B5 14 D2 CC C0
00000ED0  CC C0 14 D2 B3 B5 DC E7 E0 B1 00 00 B3 B5 24 18
00000EE0  CC C0 EC 2D 14 D2 34 3F DC E7 4D 4A 00 00 20 4E
00000EF0  24 18 4D 4A EC 2D 34 3F 34 3F EC 2D 4D 4A 24 18
00000F00  20 4E 00 00 4D 4A DC E7 34 3F 14 D2 EC 2D CC C0
00000F10  24 18 B3 B5 00 00 E0 B1 DC E7 B3 B5 14 D2 CC C0
00000F20  CC C0 14 D2 B3 B5 DC E7 E0 B1 00 00 B3 B5 24 18
00000F30  CC C0 EC 2D 14 D2 34 3F DC E7 4D 4A 00 00 20 4E
00000F40  24 18 4D 4A EC 2D 34 3F 34 3F EC 2D 4D 4A 24 18
00000F50  20 4E 00 00 4D 4A DC E7 34 3F 14 D2 EC 2D CC C0
00000F60  24 18 B3 B5 00 00 E0 B1 DC E7 B3 B5 14 D2 CC C0
00000F70  CC C0 14 D2 B3 B5 DC E7 E0 B1 00 00 B3 B5 24 18
00000F80  CC C0 EC 2D 14 D2 34 3F DC E7 4D 4A 00 00 20 4E
00000F90  24 18 4D 4A EC 2D 34 3F 34 3F EC 2D 4D 4A 24 18
00000FA0  20 4E 00 00 4D 4A DC E7 34 3F 14 D2 EC 2D CC C0
00000FB0  24 18 B3 B5 00 00 E0 B1 DC E7 B3 B5 14 D2 CC C0
00000FC0  CC C0 14 D2 B3 B5 DC E7 E0 B1 00 00 B3 B5 24 18
00000FD0  CC C0 EC 2D 14 D2 34 3F DC E7 4D 4A 00 00 20 4E
00000FE0  24 18 4D 4A EC 2D 34 3F 34 3F EC 2D 4D 4A 24 18
00000FF0  20 4E 00 00 4D 4A DC E7 34 3F 14 D2 EC 2D CC C0
00001000  24 18 B3 B5 00 00 E0 B1 DC E7 B3 B5 14 D2 CC C0
00001010  CC C0 14 D2 B3 B5 DC E7 E0 B1 00 00 B3 B5 24 18
00001020  CC C0 EC 2D 14 D2 34 3F DC E7 4D 4A 00 00 20 4E
00001030  24 18 4D 4A EC 2D 34 3F 34 3F EC 2D 4D 4A 24 18
00001040  20 4E 00 00 4D 4A DC E7 34 3F 14 D2 EC 2D CC C0
00001050  24 18 B3 B5 00 00 E0 B1 DC E7 B3 B5 14 D2 CC C0
00001060  CC C0 14 D2 B3 B5 DC E7 E0 B1 00 00 B3 B5 24 18
00001070  CC C0 EC 2D 14 D2 34 3F DC E7 4D 4A 00 00 20 4E
00001080  24 18 4D 4A EC 2D 34 3F 34 3F EC 2D 4D 4A 24 18
00001090  20 4E 00 00 4D 4A DC E7 34 3F 14 D2 EC 2D CC C0
000010A0  24 18 B3 B5 00 00 E0 B1 DC E7 B3 B5 14 D2 CC C0
000010B0  CC C0 14 D2 B3 B5 DC E7 E0 B1 00 00 B3 B5 24 18
000010C0  CC C0 EC 2D 14 D2 34 3F DC E7 4D 4A 00 00 20 4E
000010D0  24 18 4D 4A EC 2D 34 3F 34 3F EC 2D 4D 4A 24 18
000010E0  20 4E 00 00 4D 4A DC E7 34 3F 14 D2 EC 2D CC C0
000010F0  24 18 B3 B5 00 00 E0 B1 DC E7 B3 B5 14 D2 CC C0
00001100  CC C0 14 D2 B3 B5 DC E7 E0 B1 00 00 B3 B5 24 18
00001110  CC C0 EC 2D 14 D2 34 3F DC E7 4D 4A 00 00 20 4E
00001120  24 18 4D 4A EC 2D 34 3F 34 3F EC 2D 4D 4A 24 18
00001130  20 4E 00 00 4D 4A DC E7 34 3F 14 D2 EC 2D CC C0
00001140  24 18 B3 B5 00 00 E0 B1 DC E7 B3 B5 14 D2 CC C0
00001150  CC C0 14 D2 B3 B5 DC E7 E0 B1 00 00 B3 B5 24 18
00001160  CC C0 EC 2D 14 D2 34 3F DC E7 4D 4A 00 00 20 4E
00001170  24 18 4D 4A EC 2D 34 3F 34 3F EC 2D 4D 4A 24 18
00001180  20 4E 00 00 4D 4A DC E7 34 3F 14 D2 EC 2D CC C0
00001190  24 18 B3 B5 00 00 E0 B1 DC E7 B3 B5 14 D2 CC C0
000011A0  CC C0 14 D2 B3 B5 DC E7 E0 B1 00 00 B3 B5 24 18
000011B0  CC C0 EC 2D 14 D2 34 3F DC E7 4D 4A 00 00 20 4E
000011C0  24 18 4D 4A EC 2D 34 3F 34 3F EC 2D 4D 4A 24 18
000011D0  20 4E 00 00 4D 4A DC E7 34 3F 14 D2 EC 2D CC C0
000011E0  24 18 B3 B5 00 00 E0 B1 DC E7 B3 B5 14 D2 CC C0
000011F0  CC C0 14 D2 B3 B5 DC E7 E0 B1 00 00 B3 B5 24 18
00001200  CC C0 EC 2D 14 D2 34 3F DC E7 4D 4A 00 00 20 4E
00001210  24 18 4D 4A EC 2D 34 3F 34 3F EC 2D 4D 4A 24 18
00001220  20 4E 00 00 4D 4A DC E7 34 3F 14 D2 EC 2D CC C0
00001230  24 18 B3 B5 00 00 E0 B1 DC E7 B3 B5 14 D2 CC C0
00001240  CC C0 14 D2 B3 B5 DC E7 E0 B1 00 00 B3 B5 24 18
00001250  CC C0 EC 2D 14 D2 34 3F DC E7 4D 4A 00 00 20 4E
00001260  24 18 4D 4A EC 2D 34 3F 34 3F EC 2D 4D 4A 24 18
00001270  20 4E 00 00 4D 4A DC E7 34 3F 14 D2 EC 2D CC C0
00001280  24 18 B3 B5 00 00 E0 B1 DC E7 B3 B5 14 D2 CC C0
00001290  CC C0 14 D2 B3 B5 DC E7 E0 B1 00 00 B3 B5 24 18
000012A0  CC C0 EC 2D 14 D2 34 3F DC E7 4D 4A 00 00 20 4E
000012B0  24 18 4D 4A EC 2D 34 3F 34 3F EC 2D 4D 4A 24 18
000012C0  20 4E 00 00 4D 4A DC E7 34 3F 14 D2 EC 2D CC C0
000012D0  24 18 B3 B5 00 00 E0 B1 DC E7 B3 B5 14 D2 CC C0
000012E0  CC C0 14 D2 B3 B5 DC E7 E0 B1 00 00 B3 B5 24 18
000012F0  CC C0 EC 2D 14 D2 34 3F DC E7 4D 4A 00 00 20 4E
00001300  24 18 4D 4A EC 2D 34 3F 34 3F EC 2D 4D 4A 24 18
00001310  20 4E 00 00 4D 4A DC E7 34 3F 14 D2 EC 2D CC C0
00001320  24 18 B3 B5 00 00 E0 B1 DC E7 B3 B5 14 D2 CC C0
00001330  CC C0 14 D2 B3 B5 DC E7 E0 B1 00 00 B3 B5 24 18
00001340  CC C0 EC 2D 14 D2 34 3F DC E7 4D 4A 00 00 20 4E
00001350  24 18 4D 4A EC 2D 34 3F 34 3F EC 2D 4D 4A 24 18
00001360  20 4E 00 00 4D 4A DC E7 34 3F 14 D2 EC 2D CC C0
00001370  24 18 B3 B5 00 00 E0 B1 DC E7 B3 B5 14 D2 CC C0
00001380  CC C0 14 D2 B3 B5 DC E7 E0 B1 00 00 B3 B5 24 18
00001390  CC C0 EC 2D 14 D2 34 3F DC E7 4D 4A 00 00 20 4E
000013A0  24 18 4D 4A EC 2D 34 3F 34 3F EC 2D 4D 4A 24 18
000013B0  20 4E 00 00 4D 4A DC E7 34 3F 14 D2 EC 2D CC C0
000013C0  24 18 B3 B5 00 00 E0 B1 DC E7 B3 B5 14 D2 CC C0
000013D0  CC C0 14 D2 B3 B5 DC E7 E0 B1 00 00 B3 B5 24 18
000013E0  CC C0 EC 2D 14 D2 34 3F DC E7 4D 4A 00 00 20 4E
000013F0  24 18 4D 4A EC 2D 34 3F 34 3F EC 2D 4D 4A 24 18
00001400  20 4E 00 00 4D 4A DC E7 34 3F 14 D2 EC 2D CC C0
00001410  24 18 B3 B5 00 00 E0 B1 DC E7 B3 B5 14 D2 CC C0
00001420  CC C0 14 D2 B3 B5 DC E7 E0 B1 00 00 B3 B5 24 18
00001430  CC C0 EC 2D 14 D2 34 3F DC E7 4D 4A 00 00 20 4E
00001440  24 18 4D 4A EC 2D 34 3F 34 3F EC 2D 4D 4A 24 18
00001450  20 4E 00 00 4D 4A DC E7 34 3F 14 D2 EC 2D CC C0
00001460  24 18 B3 B5 00 00 E0 B1 DC E7 B3 B5 14 D2 CC C0
00001470  CC C0 14 D2 B3 B5 DC E7 E0 B1 00 00 B3 B5 24 18
00001480  CC C0 EC 2D 14 D2 34 3F DC E7 4D 4A 00 00 20 4E
00001490  24 18 4D 4A EC 2D 34 3F 34 3F EC 2D 4D 4A 24 18
000014A0  20 4E 00 00 4D 4A DC E7 34 3F 14 D2 EC 2D CC C0
000014B0  24 18 B3 B5 00 00 E0 B1 DC E7 B3 B5 14 D2 CC C0
000014C0  CC C0 14 D2 B3 B5 DC E7 E0 B1 00 00 B3 B5 24 18
000014D0  CC C0 EC 2D 14 D2 34 3F DC E7 4D 4A 00 00 20 4E
000014E0  24 18 4D 4A EC 2D 34 3F 34 3F EC 2D 4D 4A 24 18
000014F0  20 4E 00 00 4D 4A DC E7 34 3F 14 D2 EC 2D CC C0
00001500  24 18 B3 B5 00 00 E0 B1 DC E7 B3 B5 14 D2 CC C0
00001510  CC C0 14 D2 B3 B5 DC E7 E0 B1 00 00 B3 B5 24 18
00001520  CC C0 EC 2D 14 D2 34 3F DC E7 4D 4A 00 00 20 4E
00001530  24 18 4D 4A EC 2D 34 3F 34 3F EC 2D 4D 4A 24 18
00001540  20 4E 00 00 4D 4A DC E7 34 3F 14 D2 EC 2D CC C0
00001550  24 18 B3 B5 00 00 E0 B1 DC E7 B3 B5 14 D2 CC C0
00001560  CC C0 14 D2 B3 B5 DC E7 E0 B1 00 00 B3 B5 24 18
00001570  CC C0 EC 2D 14 D2 34 3F DC E7 4D 4A 00 00 20 4E
00001580  24 18 4D 4A EC 2D 34 3F 34 3F EC 2D 4D 4A 24 18
00001590  20 4E 00 00 4D 4A DC E7 34 3F 14 D2 EC 2D CC C0
000015A0  24 18 B3 B5 00 00 E0 B1 DC E7 B3 B5 14 D2 CC C0
000015B0  CC C0 14 D2 B3 B5 DC E7 E0 B1 00 00 B3 B5 24 18
000015C0  CC C0 EC 2D 14 D2 34 3F DC E7 4D 4A 00 00 20 4E
000015D0  24 18 4D 4A EC 2D 34 3F 34 3F EC 2D 4D 4A 24 18
000015E0  20 4E 00 00 4D 4A DC E7 34 3F 14 D2 EC 2D CC C0
000015F0  24 18 B3 B5 00 00 E0 B1 DC E7 B3 B5 14 D2 CC C0
00001600  CC C0 14 D2 B3 B5 DC E7 E0 B1 00 00 B3 B5 24 18
00001610  CC C0 EC 2D 14 D2 34 3F DC E7 4D 4A 00 00 20 4E
00001620  24 18 4D 4A EC 2D 34 3F 34 3F EC 2D 4D 4A 24 18
00001630  20 4E 00 00 4D 4A DC E7 34 3F 14 D2 EC 2D CC C0
00001640  24 18 B3 B5 00 00 E0 B1 DC E7 B3 B5 14 D2 CC C0
00001650  CC C0 14 D2 B3 B5 DC E7 E0 B1 00 00 B3 B5 24 18
00001660  CC C0 EC 2D 14 D2 34 3F DC E7 4D 4A 00 00 20 4E
00001670  24 18 4D 4A EC 2D 34 3F 34 3F EC 2D 4D 4A 24 18
00001680  20 4E 00 00 4D 4A DC E7 34 3F 14 D2 EC 2D CC C0
00001690  24 18 B3 B5 00 00 E0 B1 DC E7 B3 B5 14 D2 CC C0
000016A0  CC C0 14 D2 B3 B5 DC E7 E0 B1 00 00 B3 B5 24 18
000016B0  CC C0 EC 2D 14 D2 34 3F DC E7 4D 4A 00 00 20 4E
000016C0  24 18 4D 4A EC 2D 34 3F 34 3F EC 2D 4D 4A 24 18
000016D0  20 4E 00 00 4D 4A DC E7 34 3F 14 D2 EC 2D CC C0
000016E0  24 18 B3 B5 00 00 E0 B1 DC E7 B3 B5 14 D2 CC C0
000016F0  CC C0 14 D2 B3 B5 DC E7 E0 B1 00 00 B3 B5 24 18
00001700  CC C0 EC 2D 14 D2 34 3F DC E7 4D 4A 00 00 20 4E
00001710  24 18 4D 4A EC 2D 34 3F 34 3F EC 2D 4D 4A 24 18
00001720  20 4E 00 00 4D 4A DC E7 34 3F 14 D2 EC 2D CC C0
00001730  24 18 B3 B5 00 00 E0 B1 DC E7 B3 B5 14 D2 CC C0
00001740  CC C0 14 D2 B3 B5 DC E7 E0 B1 00 00 B3 B5 24 18
00001750  CC C0 EC 2D 14 D2 34 3F DC E7 4D 4A 00 00 20 4E
00001760  24 18 4D 4A EC 2D 34 3F 34 3F EC 2D 4D 4A 24 18
00001770  20 4E 00 00 4D 4A DC E7 34 3F 14 D2 EC 2D CC C0
00001780  24 18 B3 B5 00 00 E0 B1 DC E7 B3 B5 14 D2 CC C0
00001790  CC C0 14 D2 B3 B5 DC E7 E0 B1 00 00 B3 B5 24 18
000017A0  CC C0 EC 2D 14 D2 34 3F DC E7 4D 4A 00 00 20 4E
000017B0  24 18 4D 4A EC 2D 34 3F 34 3F EC 2D 4D 4A 24 18
000017C0  20 4E 00 00 4D 4A DC E7 34 3F 14 D2 EC 2D CC C0
000017D0  24 18 B3 B5 00 00 E0 B1 DC E7 B3 B5 14 D2 CC C0
000017E0  CC C0 14 D2 B3 B5 DC E7 E0 B1 00 00 B3 B5 24 18
000017F0  CC C0 EC 2D 14 D2 34 3F DC E7 4D 4A 00 00 20 4E
00001800  24 18 4D 4A EC 2D 34 3F 34 3F EC 2D 4D 4A 24 18
00001810  20 4E 00 00 4D 4A DC E7 34 3F 14 D2 EC 2D CC C0
00001820  24 18 B3 B5 00 00 E0 B1 DC E7 B3 B5 14 D2 CC C0
00001830  CC C0 14 D2 B3 B5 DC E7 E0 B1 00 00 B3 B5 24 18
00001840  CC C0 EC 2D 14 D2 34 3F DC E7 4D 4A 00 00 20 4E
00001850  24 18 4D 4A EC 2D 34 3F 34 3F EC 2D 4D 4A 24 18
00001860  20 4E 00 00 4D 4A DC E7 34 3F 14 D2 EC 2D CC C0
00001870  24 18 B3 B5 00 00 E0 B1 DC E7 B3 B5 14 D2 CC C0
00001880  CC C0 14 D2 B3 B5 DC E7 E0 B1 00 00 B3 B5 24 18
00001890  CC C0 EC 2D 14 D2 34 3F DC E7 4D 4A 00 00 20 4E
000018A0  24 18 4D 4A EC 2D 34 3F 34 3F EC 2D 4D 4A 24 18
000018B0  20 4E 00 00 4D 4A DC E7 34 3F 14 D2 EC 2D CC C0
000018C0  24 18 B3 B5 00 00 E0 B1 DC E7 B3 B5 14 D2 CC C0
000018D0  CC C0 14 D2 B3 B5 DC E7 E0 B1 00 00 B3 B5 24 18
000018E0  CC C0 EC 2D 14 D2 34 3F DC E7 4D 4A 00 00 20 4E
000018F0  24 18 4D 4A EC 2D 34 3F 34 3F EC 2D 4D 4A 24 18
00001900  20 4E 00 00 4D 4A DC E7 34 3F 14 D2 EC 2D CC C0
00001910  24 18 B3 B5 00 00 E0 B1 DC E7 B3 B5 14 D2 CC C0
00001920  CC C0 14 D2 B3 B5 DC E7 E0 B1 00 00 B3 B5 24 18
00001930  CC C0 EC 2D 14 D2 34 3F DC E7 4D 4A 00 00 20 4E
00001940  24 18 4D 4A EC 2D 34 3F 34 3F EC 2D 4D 4A 24 18
00001950  20 4E 00 00 4D 4A DC E7 34 3F 14 D2 EC 2D CC C0
00001960  24 18 B3 B5 00 00 E0 B1 DC E7 B3 B5 14 D2 CC C0
00001970  CC C0 14 D2 B3 B5 DC E7 E0 B1 00 00 B3 B5 24 18
00001980  CC C0 EC 2D 14 D2 34 3F DC E7 4D 4A 00 00 20 4E
00001990  24 18 4D 4A EC 2D 34 3F 34 3F EC 2D 4D 4A 24 18
000019A0  20 4E 00 00 4D 4A DC E7 34 3F 14 D2 EC 2D CC C0
000019B0  24 18 B3 B5 00 00 E0 B1 DC E7 B3 B5 14 D2 CC C0
000019C0  CC C0 14 D2 B3 B5 DC E7 E0 B1 00 00 B3 B5 24 18
000019D0  CC C0 EC 2D 14 D2 34 3F DC E7 4D 4A 00 00 20 4E
000019E0  24 18 4D 4A EC 2D 34 3F 34 3F EC 2D 4D 4A 24 18
000019F0  20 4E 00 00 4D 4A DC E7 34 3F 14 D2 EC 2D CC C0
00001A00  24 18 B3 B5 00 00 E0 B1 DC E7 B3 B5 14 D2 CC C0
00001A10  CC C0 14 D2 B3 B5 DC E7 E0 B1 00 00 B3 B5 24 18
00001A20  CC C0 EC 2D 14 D2 34 3F DC E7 4D 4A 00 00 20 4E
00001A30  24 18 4D 4A EC 2D 34 3F 34 3F EC 2D 4D 4A 24 18
00001A40  20 4E 00 00 4D 4A DC E7 34 3F 14 D2 EC 2D CC C0
00001A50  24 18 B3 B5 00 00 E0 B1 DC E7 B3 B5 14 D2 CC C0
00001A60  CC C0 14 D2 B3 B5 DC E7 E0 B1 00 00 B3 B5 24 18
00001A70  CC C0 EC 2D 14 D2 34 3F DC E7 4D 4A 00 00 20 4E
00001A80  24 18 4D 4A EC 2D 34 3F 34 3F EC 2D 4D 4A 24 18
00001A90  20 4E 00 00 4D 4A DC E7 34 3F 14 D2 EC 2D CC C0
00001AA0  24 18 B3 B5 00 00 E0 B1 DC E7 B3 B5 14 D2 CC C0
00001AB0  CC C0 14 D2 B3 B5 DC E7 E0 B1 00 00 B3 B5 24 18
00001AC0  CC C0 EC 2D 14 D2 34 3F DC E7 4D 4A 00 00 20 4E
00001AD0  24 18 4D 4A EC 2D 34 3F 34 3F EC 2D 4D 4A 24 18
00001AE0  20 4E 00 00 4D 4A DC E7 34 3F 14 D2 EC 2D CC C0
00001AF0  24 18 B3 B5 00 00 E0 B1 DC E7 B3 B5 14 D2 CC C0
00001B00  CC C0 14 D2 B3 B5 DC E7 E0 B1 00 00 B3 B5 24 18
00001B10  CC C0 EC 2D 14 D2 34 3F DC E7 4D 4A 00 00 20 4E
00001B20  24 18 4D 4A EC 2D 34 3F 34 3F EC 2D 4D 4A 24 18
00001B30  20 4E 00 00 4D 4A DC E7 34 3F 14 D2 EC 2D CC C0
00001B40  24 18 B3 B5 00 00 E0 B1 DC E7 B3 B5 14 D2 CC C0
00001B50  CC C0 14 D2 B3 B5 DC E7 E0 B1 00 00 B3 B5 24 18
00001B60  CC C0 EC 2D 14 D2 34 3F DC E7 4D 4A 00 00 20 4E
00001B70  24 18 4D 4A EC 2D 34 3F 34 3F EC 2D 4D 4A 24 18
00001B80  20 4E 00 00 4D 4A DC E7 34 3F 14 D2 EC 2D CC C0
00001B90  24 18 B3 B5 00 00 E0 B1 DC E7 B3 B5 14 D2 CC C0
00001BA0  CC C0 14 D2 B3 B5 DC E7 E0 B1 00 00 B3 B5 24 18
00001BB0  CC C0 EC 2D 14 D2 34 3F DC E7 4D 4A 00 00 20 4E
00001BC0  24 18 4D 4A EC 2D 34 3F 34 3F EC 2D 4D 4A 24 18
00001BD0  20 4E 00 00 4D 4A DC E7 34 3F 14 D2 EC 2D CC C0
00001BE0  24 18 B3 B5 00 00 E0 B1 DC E7 B3 B5 14 D2 CC C0
00001BF0  CC C0 14 D2 B3 B5 DC E7 E0 B1 00 00 B3 B5 24 18
00001C00  CC C0 EC 2D 14 D2 34 3F DC E7 4D 4A 00 00 20 4E
00001C10  24 18 4D 4A EC 2D 34 3F 34 3F EC 2D 4D 4A 24 18
00001C20  20 4E 00 00 4D 4A DC E7 34 3F 14 D2 EC 2D CC C0
00001C30  24 18 B3 B5 00 00 E0 B1 DC E7 B3 B5 14 D2 CC C0
00001C40  CC C0 14 D2 B3 B5 DC E7 E0 B1 00 00 B3 B5 24 18
00001C50  CC C0 EC 2D 14 D2 34 3F DC E7 4D 4A 00 00 20 4E
00001C60  24 18 4D 4A EC 2D 34 3F 34 3F EC 2D 4D 4A 24 18
00001C70  20 4E 00 00 4D 4A DC E7 34 3F 14 D2 EC 2D CC C0
00001C80  24 18 B3 B5 00 00 E0 B1 DC E7 B3 B5 14 D2 CC C0
00001C90  CC C0 14 D2 B3 B5 DC E7 E0 B1 00 00 B3 B5 24 18
00001CA0  CC C0 EC 2D 14 D2 34 3F DC E7 4D 4A 00 00 20 4E
00001CB0  24 18 4D 4A EC 2D 34 3F 34 3F EC 2D 4D 4A 24 18
00001CC0  20 4E 00 00 4D 4A DC E7 34 3F 14 D2 EC 2D CC C0
00001CD0  24 18 B3 B5 00 00 E0 B1 DC E7 B3 B5 14 D2 CC C0
00001CE0  CC C0 14 D2 B3 B5 DC E7 E0 B1 00 00 B3 B5 24 18
00001CF0  CC C0 EC 2D 14 D2 34 3F DC E7 4D 4A 00 00 20 4E
00001D00  24 18 4D 4A EC 2D 34 3F 34 3F EC 2D 4D 4A 24 18
00001D10  20 4E 00 00 4D 4A DC E7 34 3F 14 D2 EC 2D CC C0
00001D20  24 18 B3 B5 00 00 E0 B1 DC E7 B3 B5 14 D2 CC C0
00001D30  CC C0 14 D2 B3 B5 DC E7 E0 B1 00 00 B3 B5 24 18
00001D40  CC C0 EC 2D 14 D2 34 3F DC E7 4D 4A 00 00 20 4E
00001D50  24 18 4D 4A EC 2D 34 3F 34 3F EC 2D 4D 4A 24 18
00001D60  20 4E 00 00 4D 4A DC E7 34 3F 14 D2 EC 2D CC C0
00001D70  24 18 B3 B5 00 00 E0 B1 DC E7 B3 B5 14 D2 CC C0
00001D80  CC C0 14 D2 B3 B5 DC E7 E0 B1 00 00 B3 B5 24 18
00001D90  CC C0 EC 2D 14 D2 34 3F DC E7 4D 4A 00 00 20 4E
00001DA0  24 18 4D 4A EC 2D 34 3F 34 3F EC 2D 4D 4A 24 18
00001DB0  20 4E 00 00 4D 4A DC E7 34 3F 14 D2 EC 2D CC C0
00001DC0  24 18 B3 B5 00 00 E0 B1 DC E7 B3 B5 14 D2 CC C0
00001DD0  CC C0 14 D2 B3 B5 DC E7 E0 B1 00 00 B3 B5 24 18
00001DE0  CC C0 EC 2D 14 D2 34 3F DC E7 4D 4A 00 00 20 4E
00001DF0  24 18 4D 4A EC 2D 34 3F 34 3F EC 2D 4D 4A 24 18
00001E00  20 4E 00 00 4D 4A DC E7 34 3F 14 D2 EC 2D CC C0
00001E10  24 18 B3 B5 00 00 E0 B1 DC E7 B3 B5 14 D2 CC C0
00001E20  CC C0 14 D2 B3 B5 DC E7 E0 B1 00 00 B3 B5 24 18
00001E30  CC C0 EC 2D 14 D2 34 3F DC E7 4D 4A 00 00 20 4E
00001E40  24 18 4D 4A EC 2D 34 3F 34 3F EC 2D 4D 4A 24 18
00001E50  20 4E 00 00 4D 4A DC E7 34 3F 14 D2 EC 2D CC C0
00001E60  24 18 B3 B5 00 00 E0 B1 DC E7 B3 B5 14 D2 CC C0
00001E70  CC C0 14 D2 B3 B5 DC E7 E0 B1 00 00 B3 B5 24 18
00001E80  CC C0 EC 2D 14 D2 34 3F DC E7 4D 4A 00 00 20 4E
00001E90  24 18 4D 4A EC 2D 34 3F 34 3F EC 2D 4D 4A 24 18
00001EA0  20 4E 00 00 4D 4A DC E7 34 3F 14 D2 EC 2D CC C0
00001EB0  24 18 B3 B5 00 00 E0 B1 DC E7 B3 B5 14 D2 CC C0
00001EC0  CC C0 14 D2 B3 B5 DC E7 E0 B1 00 00 B3 B5 24 18
00001ED0  CC C0 EC 2D 14 D2 34 3F DC E7 4D 4A 00 00 20 4E
00001EE0  24 18 4D 4A EC 2D 34 3F 34 3F EC 2D 4D 4A 24 18
00001EF0  20 4E 00 00 4D 4A DC E7 34 3F 14 D2 EC 2D CC C0
00001F00  24 18 B3 B5 00 00 E0 B1 DC E7 B3 B5 14 D2 CC C0
00001F10  CC C0 14 D2 B3 B5 DC E7 E0 B1 00 00 B3 B5 24 18
00001F20  CC C0 EC 2D 14 D2 34 3F DC E7 4D 4A 00 00 20 4E
00001F30  24 18 4D 4A EC 2D 34 3F 34 3F EC 2D 4D 4A 24 18
00001F40  20 4E 00 00 4D 4A DC E7 34 3F 14 D2 EC 2D CC C0
00001F50  24 18 B3 B5 00 00 E0 B1 DC E7 B3 B5 14 D2 CC C0
00001F60  CC C0 14 D2 B3 B5 DC E7 E0 B1 00 00 B3 B5 24 18
00001F70  CC C0 EC 2D 14 D2 34 3F DC E7 4D 4A 00 00 20 4E
00001F80  24 18 4D 4A EC 2D 34 3F 34 3F EC 2D 4D 4A 24 18
00001F90  20 4E 00 00 4D 4A DC E7 34 3F 14 D2 EC 2D CC C0
00001FA0  24 18 B3 B5 00 00 E0 B1 DC E7 B3 B5 14 D2 CC C0
00001FB0  CC C0 14 D2 B3 B5 DC E7 E0 B1 00 00 B3 B5 24 18
00001FC0  CC C0 EC 2D 14 D2 34 3F DC E7 4D 4A 00 00 20 4E
00001FD0  24 18 4D 4A EC 2D 34 3F 34 3F EC 2D 4D 4A 24 18
00001FE0  20 4E 00 00 4D 4A DC E7 34 3F 14 D2 EC 2D CC C0
00001FF0  24 18 B3 B5 00 00 E0 B1 DC E7 B3 B5 14 D2 CC C0
00002000  CC C0 14 D2 B3 B5 DC E7 E0 B1 00 00 B3 B5 24 18
00002010  CC C0 EC 2D 14 D2 34 3F DC E7 4D 4A 00 00 20 4E
00002020  24 18 4D 4A EC 2D 34 3F 34 3F EC 2D 4D 4A 24 18
00002030  20 4E 00 00 4D 4A DC E7 34 3F 14 D2 EC 2D CC C0
00002040  24 18 B3 B5 00 00 E0 B1 DC E7 B3 B5 14 D2 CC C0
00002050  CC C0 14 D2 B3 B5 DC E7 E0 B1 00 00 B3 B5 24 18
00002060  CC C0 EC 2D 14 D2 34 3F DC E7 4D 4A 00 00 20 4E
00002070  24 18 4D 4A EC 2D 34 3F 34 3F EC 2D 4D 4A 24 18
00002080  20 4E 00 00 4D 4A DC E7 34 3F 14 D2 EC 2D CC C0
00002090  24 18 B3 B5 00 00 E0 B1 DC E7 B3 B5 14 D2 CC C0
000020A0  CC C0 14 D2 B3 B5 DC E7 E0 B1 00 00 B3 B5 24 18
000020B0  CC C0 EC 2D 14 D2 34 3F DC E7 4D 4A 00 00 20 4E
000020C0  24 18 4D 4A EC 2D 34 3F 34 3F EC 2D 4D 4A 24 18
000020D0  20 4E 00 00 4D 4A DC E7 34 3F 14 D2 EC 2D CC C0
000020E0  24 18 B3 B5 00 00 E0 B1 DC E7 B3 B5 14 D2 CC C0
000020F0  CC C0 14 D2 B3 B5 DC E7 E0 B1 00 00 B3 B5 24 18
00002100  CC C0 EC 2D 14 D2 34 3F DC E7 4D 4A 00 00 20 4E
00002110  24 18 4D 4A EC 2D 34 3F 34 3F EC 2D 4D 4A 24 18
00002120  20 4E 00 00 4D 4A DC E7 34 3F 14 D2 EC 2D CC C0
00002130  24 18 B3 B5 00 00 E0 B1 DC E7 B3 B5 14 D2 CC C0
00002140  CC C0 14 D2 B3 B5 DC E7 E0 B1 00 00 B3 B5 24 18
00002150  CC C0 EC 2D 14 D2 34 3F DC E7 4D 4A 00 00 20 4E
00002160  24 18 4D 4A EC 2D 34 3F 34 3F EC 2D 4D 4A 24 18
00002170  20 4E 00 00 4D 4A DC E7 34 3F 14 D2 EC 2D CC C0
00002180  24 18 B3 B5 00 00 E0 B1 DC E7 B3 B5 14 D2 CC C0
00002190  CC C0 14 D2 B3 B5 DC E7 E0 B1 00 00 B3 B5 24 18
000021A0  CC C0 EC 2D 14 D2 34 3F DC E7 4D 4A 00 00 20 4E
000021B0  24 18 4D 4A EC 2D 34 3F 34 3F EC 2D 4D 4A 24 18
000021C0  20 4E 00 00 4D 4A DC E7 34 3F 14 D2 EC 2D CC C0
000021D0  24 18 B3 B5 00 00 E0 B1 DC E7 B3 B5 14 D2 CC C0
000021E0  CC C0 14 D2 B3 B5 DC E7 E0 B1 00 00 B3 B5 24 18
000021F0  CC C0 EC 2D 14 D2 34 3F DC E7 4D 4A 00 00 20 4E
00002200  24 18 4D 4A EC 2D 34 3F 34 3F EC 2D 4D 4A 24 18
00002210  20 4E 00 00 4D 4A DC E7 34 3F 14 D2 EC 2D CC C0
00002220  24 18 B3 B5 00 00 E0 B1 DC E7 B3 B5 14 D2 CC C0
00002230  CC C0 14 D2 B3 B5 DC E7 E0 B1 00 00 B3 B5 24 18
00002240  CC C0 EC 2D 14 D2 34 3F DC E7 4D 4A 00 00 20 4E
00002250  24 18 4D 4A EC 2D 34 3F 34 3F EC 2D 4D 4A 24 18
00002260  20 4E 00 00 4D 4A DC E7 34 3F 14 D2 EC 2D CC C0
00002270  24 18 B3 B5 00 00 E0 B1 DC E7 B3 B5 14 D2 CC C0
00002280  CC C0 14 D2 B3 B5 DC E7 E0 B1 00 00 B3 B5 24 18
00002290  CC C0 EC 2D 14 D2 34 3F DC E7 4D 4A 00 00 20 4E
000022A0  24 18 4D 4A EC 2D 34 3F 34 3F EC 2D 4D 4A 24 18
000022B0  20 4E 00 00 4D 4A DC E7 34 3F 14 D2 EC 2D CC C0
000022C0  24 18 B3 B5 00 00 E0 B1 DC E7 B3 B5 14 D2 CC C0
000022D0  CC C0 14 D2 B3 B5 DC E7 E0 B1 00 00 B3 B5 24 18
000022E0  CC C0 EC 2D 14 D2 34 3F DC E7 4D 4A 00 00 20 4E
000022F0  24 18 4D 4A EC 2D 34 3F 34 3F EC 2D 4D 4A 24 18
00002300  20 4E 00 00 4D 4A DC E7 34 3F 14 D2 EC 2D CC C0
00002310  24 18 B3 B5 00 00 E0 B1 DC E7 B3 B5 14 D2 CC C0
00002320  CC C0 14 D2 B3 B5 DC E7 E0 B1 00 00 B3 B5 24 18
00002330  CC C0 EC 2D 14 D2 34 3F DC E7 4D 4A 00 00 20 4E
00002340  24 18 4D 4A EC 2D 34 3F 34 3F EC 2D 4D 4A 24 18
00002350  20 4E 00 00 4D 4A DC E7 34 3F 14 D2 EC 2D CC C0
00002360  24 18 B3 B5 00 00 E0 B1 DC E7 B3 B5 14 D2 CC C0
00002370  CC C0 14 D2 B3 B5 DC E7 E0 B1 00 00 B3 B5 24 18
00002380  CC C0 EC 2D 14 D2 34 3F DC E7 4D 4A 00 00 20 4E
00002390  24 18 4D 4A EC 2D 34 3F 34 3F EC 2D 4D 4A 24 18
000023A0  20 4E 00 00 4D 4A DC E7 34 3F 14 D2 EC 2D CC C0
000023B0  24 18 B3 B5 00 00 E0 B1 DC E7 B3 B5 14 D2 CC C0
000023C0  CC C0 14 D2 B3 B5 DC E7 E0 B1 00 00 B3 B5 24 18
000023D0  CC C0 EC 2D 14 D2 34 3F DC E7 4D 4A 00 00 20 4E
000023E0  24 18 4D 4A EC 2D 34 3F 34 3F EC 2D 4D 4A 24 18
000023F0  20 4E 00 00 4D 4A DC E7 34 3F 14 D2 EC 2D CC C0
00002400  24 18 B3 B5 00 00 E0 B1 DC E7 B3 B5 14 D2 CC C0
00002410  CC C0 14 D2 B3 B5 DC E7 E0 B1 00 00 B3 B5 24 18
00002420  CC C0 EC 2D 14 D2 34 3F DC E7 4D 4A 00 00 20 4E
00002430  24 18 4D 4A EC 2D 34 3F 34 3F EC 2D 4D 4A 24 18
00002440  20 4E 00 00 4D 4A DC E7 34 3F 14 D2 EC 2D CC C0
00002450  24 18 B3 B5 00 00 E0 B1 DC E7 B3 B5 14 D2 CC C0
00002460  CC C0 14 D2 B3 B5 DC E7 E0 B1 00 00 B3 B5 24 18
00002470  CC C0 EC 2D 14 D2 34 3F DC E7 4D 4A 00 00 20 4E
00002480  24 18 4D 4A EC 2D 34 3F 34 3F EC 2D 4D 4A 24 18
00002490  20 4E 00 00 4D 4A DC E7 34 3F 14 D2 EC 2D CC C0
000024A0  24 18 B3 B5 00 00 E0 B1 DC E7 B3 B5 14 D2 CC C0
000024B0  CC C0 14 D2 B3 B5 DC E7 E0 B1 00 00 B3 B5 24 18
000024C0  CC C0 EC 2D 14 D2 34 3F DC E7 4D 4A 00 00 20 4E
000024D0  24 18 4D 4A EC 2D 34 3F 34 3F EC 2D 4D 4A 24 18
000024E0  20 4E 00 00 4D 4A DC E7 34 3F 14 D2 EC 2D CC C0
000024F0  24 18 B3 B5 00 00 E0 B1 DC E7 B3 B5 14 D2 CC C0
00002500  CC C0 14 D2 B3 B5 DC E7 E0 B1 00 00 B3 B5 24 18
00002510  CC C0 EC 2D 14 D2 34 3F DC E7 4D 4A 00 00 20 4E
00002520  24 18 4D 4A EC 2D 34 3F 34 3F EC 2D 4D 4A 24 18
00002530  20 4E 00 00 4D 4A DC E7 34 3F 14 D2 EC 2D CC C0
00002540  24 18 B3 B5 00 00 E0 B1 DC E7 B3 B5 14 D2 CC C0
00002550  CC C0 14 D2 B3 B5 DC E7 E0 B1 00 00 B3 B5 24 18
00002560  CC C0 EC 2D 14 D2 34 3F DC E7 4D 4A 00 00 20 4E
00002570  24 18 4D 4A EC 2D 34 3F 34 3F EC 2D 4D 4A 24 18
00002580  20 4E 00 00 4D 4A DC E7 34 3F 14 D2 EC 2D CC C0
00002590  24 18 B3 B5 00 00 E0 B1 DC E7 B3 B5 14 D2 CC C0
000025A0  CC C0 14 D2 B3 B5 DC E7 E0 B1 00 00 B3 B5 24 18
000025B0  CC C0 EC 2D 14 D2 34 3F DC E7 4D 4A 00 00 20 4E
000025C0  24 18 4D 4A EC 2D 34 3F 34 3F EC 2D 4D 4A 24 18
000025D0  20 4E 00 00 4D 4A DC E7 34 3F 14 D2 EC 2D CC C0
000025E0  24 18 B3 B5 00 00 E0 B1 DC E7 B3 B5 14 D2 CC C0
000025F0  CC C0 14 D2 B3 B5 DC E7 E0 B1 00 00 B3 B5 24 18
00002600  CC C0 EC 2D 14 D2 34 3F DC E7 4D 4A 00 00 20 4E
00002610  24 18 4D 4A EC 2D 34 3F 34 3F EC 2D 4D 4A 24 18
00002620  20 4E 00 00 4D 4A DC E7 34 3F 14 D2 EC 2D CC C0
00002630  24 18 B3 B5 00 00 E0 B1 DC E7 B3 B5 14 D2 CC C0
00002640  CC C0 14 D2 B3 B5 DC E7 E0 B1 00 00 B3 B5 24 18
00002650  CC C0 EC 2D 14 D2 34 3F DC E7 4D 4A 00 00 20 4E
00002660  24 18 4D 4A EC 2D 34 3F 34 3F EC 2D 4D 4A 24 18
00002670  20 4E 00 00 4D 4A DC E7 34 3F 14 D2 EC 2D CC C0
00002680  24 18 B3 B5 00 00 E0 B1 DC E7 B3 B5 14 D2 CC C0
00002690  CC C0 14 D2 B3 B5 DC E7 E0 B1 00 00 B3 B5 24 18
000026A0  CC C0 EC 2D 14 D2 34 3F DC E7 4D 4A 00 00 20 4E
000026B0  24 18 4D 4A EC 2D 34 3F 34 3F EC 2D 4D 4A 24 18
000026C0  20 4E 00 00 4D 4A DC E7 34 3F 14 D2 EC 2D CC C0
000026D0  24 18 B3 B5 00 00 E0 B1 DC E7 B3 B5 14 D2 CC C0
000026E0  CC C0 14 D2 B3 B5 DC E7 E0 B1 00 00 B3 B5 24 18
000026F0  CC C0 EC 2D 14 D2 34 3F DC E7 4D 4A 00 00 20 4E
00002700  24 18 4D 4A EC 2D 34 3F 34 3F EC 2D 4D 4A 24 18
00002710  20 4E 00 00 4D 4A DC E7 34 3F 14 D2 EC 2D CC C0
00002720  24 18 B3 B5 00 00 E0 B1 DC E7 B3 B5 14 D2 CC C0
00002730  CC C0 14 D2 B3 B5 DC E7 E0 B1 00 00 B3 B5 24 18
00002740  CC C0 EC 2D 14 D2 34 3F DC E7 4D 4A 00 00 20 4E
00002750  24 18 4D 4A EC 2D 34 3F 34 3F EC 2D 4D 4A 24 18
00002760  20 4E 00 00 4D 4A DC E7 34 3F 14 D2 EC 2D CC C0
00002770  24 18 B3 B5 00 00 E0 B1 DC E7 B3 B5 14 D2 CC C0
00002780  CC C0 14 D2 B3 B5 DC E7 E0 B1 00 00 B3 B5 24 18
00002790  CC C0 EC 2D 14 D2 34 3F DC E7 4D 4A 00 00 20 4E
000027A0  24 18 4D 4A EC 2D 34 3F 34 3F EC 2D 4D 4A 24 18
000027B0  20 4E 00 00 4D 4A DC E7 34 3F 14 D2 EC 2D CC C0
000027C0  24 18 B3 B5 00 00 E0 B1 DC E7 B3 B5 14 D2 CC C0
000027D0  CC C0 14 D2 B3 B5 DC E7 E0 B1 00 00 B3 B5 24 18
000027E0  CC C0 EC 2D 14 D2 34 3F DC E7 4D 4A 00 00 20 4E
000027F0  24 18 4D 4A EC 2D 34 3F 34 3F EC 2D 4D 4A 24 18
00002800  20 4E 00 00 4D 4A DC E7 34 3F 14 D2 EC 2D CC C0
00002810  24 18 B3 B5 00 00 E0 B1 DC E7 B3 B5 14 D2 CC C0
00002820  CC C0 14 D2 B3 B5 DC E7 E0 B1 00 00 B3 B5 24 18
00002830  CC C0 EC 2D 14 D2 34 3F DC E7 4D 4A 00 00 20 4E
00002840  24 18 4D 4A EC 2D 34 3F 34 3F EC 2D 4D 4A 24 18
00002850  20 4E 00 00 4D 4A DC E7 34 3F 14 D2 EC 2D CC C0
00002860  24 18 B3 B5 00 00 E0 B1 DC E7 B3 B5 14 D2 CC C0
00002870  CC C0 14 D2 B3 B5 DC E7 E0 B1 00 00 B3 B5 24 18
00002880  CC C0 EC 2D 14 D2 34 3F DC E7 4D 4A 00 00 20 4E
00002890  24 18 4D 4A EC 2D 34 3F 34 3F EC 2D 4D 4A 24 18
000028A0  20 4E 00 00 4D 4A DC E7 34 3F 14 D2 EC 2D CC C0
000028B0  24 18 B3 B5 00 00 E0 B1 DC E7 B3 B5 14 D2 CC C0
000028C0  CC C0 14 D2 B3 B5 DC E7 E0 B1 00 00 B3 B5 24 18
000028D0  CC C0 EC 2D 14 D2 34 3F DC E7 4D 4A 00 00 20 4E
000028E0  24 18 4D 4A EC 2D 34 3F 34 3F EC 2D 4D 4A 24 18
000028F0  20 4E 00 00 4D 4A DC E7 34 3F 14 D2 EC 2D CC C0
00002900  24 18 B3 B5 00 00 E0 B1 DC E7 B3 B5 14 D2 CC C0
00002910  CC C0 14 D2 B3 B5 DC E7 E0 B1 00 00 B3 B5 24 18
00002920  CC C0 EC 2D 14 D2 34 3F DC E7 4D 4A 00 00 20 4E
00002930  24 18 4D 4A EC 2D 34 3F 34 3F EC 2D 4D 4A 24 18
00002940  20 4E 00 00 4D 4A DC E7 34 3F 14 D2 EC 2D CC C0
00002950  24 18 B3 B5 00 00 E0 B1 DC E7 B3 B5 14 D2 CC C0
00002960  CC C0 14 D2 B3 B5 DC E7 E0 B1 00 00 B3 B5 24 18
00002970  CC C0 EC 2D 14 D2 34 3F DC E7 4D 4A 00 00 20 4E
00002980  24 18 4D 4A EC 2D 34 3F 34 3F EC 2D 4D 4A 24 18
00002990  20 4E 00 00 4D 4A DC E7 34 3F 14 D2 EC 2D CC C0
000029A0  24 18 B3 B5 00 00 E0 B1 DC E7 B3 B5 14 D2 CC C0
000029B0  CC C0 14 D2 B3 B5 DC E7 E0 B1 00 00 B3 B5 24 18
000029C0  CC C0 EC 2D 14 D2 34 3F DC E7 4D 4A 00 00 20 4E
000029D0  24 18 4D 4A EC 2D 34 3F 34 3F EC 2D 4D 4A 24 18
000029E0  20 4E 00 00 4D 4A DC E7 34 3F 14 D2 EC 2D CC C0
000029F0  24 18 B3 B5 00 00 E0 B1 DC E7 B3 B5 14 D2 CC C0
00002A00  CC C0 14 D2 B3 B5 DC E7 E0 B1 00 00 B3 B5 24 18
00002A10  CC C0 EC 2D 14 D2 34 3F DC E7 4D 4A 00 00 20 4E
00002A20  24 18 4D 4A EC 2D 34 3F 34 3F EC 2D 4D 4A 24 18
00002A30  20 4E 00 00 4D 4A DC E7 34 3F 14 D2 EC 2D CC C0
00002A40  24 18 B3 B5 00 00 E0 B1 DC E7 B3 B5 14 D2 CC C0
00002A50  CC C0 14 D2 B3 B5 DC E7 E0 B1 00 00 B3 B5 24 18
00002A60  CC C0 EC 2D 14 D2 34 3F DC E7 4D 4A 00 00 20 4E
00002A70  24 18 4D 4A EC 2D 34 3F 34 3F EC 2D 4D 4A 24 18
00002A80  20 4E 00 00 4D 4A DC E7 34 3F 14 D2 EC 2D CC C0
00002A90  24 18 B3 B5 00 00 E0 B1 DC E7 B3 B5 14 D2 CC C0
00002AA0  CC C0 14 D2 B3 B5 DC E7 E0 B1 00 00 B3 B5 24 18
00002AB0  CC C0 EC 2D 14 D2 34 3F DC E7 4D 4A 00 00 20 4E
00002AC0  24 18 4D 4A EC 2D 34 3F 34 3F EC 2D 4D 4A 24 18
00002AD0  20 4E 00 00 4D 4A DC E7 34 3F 14 D2 EC 2D CC C0
00002AE0  24 18 B3 B5 00 00 E0 B1 DC E7 B3 B5 14 D2 CC C0
00002AF0  CC C0 14 D2 B3 B5 DC E7 E0 B1 00 00 B3 B5 24 18
00002B00  CC C0 EC 2D 14 D2 34 3F DC E7 4D 4A 00 00 20 4E
00002B10  24 18 4D 4A EC 2D 34 3F 34 3F EC 2D 4D 4A 24 18
00002B20  20 4E 00 00 4D 4A DC E7 34 3F 14 D2 EC 2D CC C0
00002B30  24 18 B3 B5 00 00 E0 B1 DC E7 B3 B5 14 D2 CC C0
00002B40  CC C0 14 D2 B3 B5 DC E7 E0 B1 00 00 B3 B5 24 18
00002B50  CC C0 EC 2D 14 D2 34 3F DC E7 4D 4A 00 00 20 4E
00002B60  24 18 4D 4A EC 2D 34 3F 34 3F EC 2D 4D 4A 24 18
00002B70  20 4E 00 00 4D 4A DC E7 34 3F 14 D2 EC 2D CC C0
00002B80  24 18 B3 B5 00 00 E0 B1 DC E7 B3 B5 14 D2 CC C0
00002B90  CC C0 14 D2 B3 B5 DC E7 E0 B1 00 00 B3 B5 24 18
00002BA0  CC C0 EC 2D 14 D2 34 3F DC E7 4D 4A 00 00 20 4E
00002BB0  24 18 4D 4A EC 2D 34 3F 34 3F EC 2D 4D 4A 24 18
00002BC0  20 4E 00 00 4D 4A DC E7 34 3F 14 D2 EC 2D CC C0
00002BD0  24 18 B3 B5 00 00 E0 B1 DC E7 B3 B5 14 D2 CC C0
00002BE0  CC C0 14 D2 B3 B5 DC E7 E0 B1 00 00 B3 B5 24 18
00002BF0  CC C0 EC 2D 14 D2 34 3F DC E7 4D 4A 00 00 20 4E
00002C00  24 18 4D 4A EC 2D 34 3F 34 3F EC 2D 4D 4A 24 18
00002C10  20 4E 00 00 4D 4A DC E7 34 3F 14 D2 EC 2D CC C0
00002C20  24 18 B3 B5 00 00 E0 B1 DC E7 B3 B5 14 D2 CC C0
00002C30  CC C0 14 D2 B3 B5 DC E7 E0 B1 00 00 B3 B5 24 18
00002C40  CC C0 EC 2D 14 D2 34 3F DC E7 4D 4A 00 00 20 4E
00002C50  24 18 4D 4A EC 2D 34 3F 34 3F EC 2D 4D 4A 24 18
00002C60  20 4E 00 00 4D 4A DC E7 34 3F 14 D2 EC 2D CC C0
00002C70  24 18 B3 B5 00 00 E0 B1 DC E7 B3 B5 14 D2 CC C0
00002C80  CC C0 14 D2 B3 B5 DC E7 E0 B1 00 00 B3 B5 24 18
00002C90  CC C0 EC 2D 14 D2 34 3F DC E7 4D 4A 00 00 20 4E
00002CA0  24 18 4D 4A EC 2D 34 3F 34 3F EC 2D 4D 4A 24 18
00002CB0  20 4E 00 00 4D 4A DC E7 34 3F 14 D2 EC 2D CC C0
00002CC0  24 18 B3 B5 00 00 E0 B1 DC E7 B3 B5 14 D2 CC C0
00002CD0  CC C0 14 D2 B3 B5 DC E7 E0 B1 00 00 B3 B5 24 18
00002CE0  CC C0 EC 2D 14 D2 34 3F DC E7 4D 4A 00 00 20 4E
00002CF0  24 18 4D 4A EC 2D 34 3F 34 3F EC 2D 4D 4A 24 18
00002D00  20 4E 00 00 4D 4A DC E7 34 3F 14 D2 EC 2D CC C0
00002D10  24 18 B3 B5 00 00 E0 B1 DC E7 B3 B5 14 D2 CC C0
00002D20  CC C0 14 D2 B3 B5 DC E7 E0 B1 00 00 B3 B5 24 18
00002D30  CC C0 EC 2D 14 D2 34 3F DC E7 4D 4A 00 00 20 4E
00002D40  24 18 4D 4A EC 2D 34 3F 34 3F EC 2D 4D 4A 24 18
00002D50  20 4E 00 00 4D 4A DC E7 34 3F 14 D2 EC 2D CC C0
00002D60  24 18 B3 B5 00 00 E0 B1 DC E7 B3 B5 14 D2 CC C0
00002D70  CC C0 14 D2 B3 B5 DC E7 E0 B1 00 00 B3 B5 24 18
00002D80  CC C0 EC 2D 14 D2 34 3F DC E7 4D 4A 00 00 20 4E
00002D90  24 18 4D 4A EC 2D 34 3F 34 3F EC 2D 4D 4A 24 18
00002DA0  20 4E 00 00 4D 4A DC E7 34 3F 14 D2 EC 2D CC C0
00002DB0  24 18 B3 B5 00 00 E0 B1 DC E7 B3 B5 14 D2 CC C0
00002DC0  CC C0 14 D2 B3 B5 DC E7 E0 B1 00 00 B3 B5 24 18
00002DD0  CC C0 EC 2D 14 D2 34 3F DC E7 4D 4A 00 00 20 4E
00002DE0  24 18 4D 4A EC 2D 34 3F 34 3F EC 2D 4D 4A 24 18
00002DF0  20 4E 00 00 4D 4A DC E7 34 3F 14 D2 EC 2D CC C0
00002E00  24 18 B3 B5 00 00 E0 B1 DC E7 B3 B5 14 D2 CC C0
00002E10  CC C0 14 D2 B3 B5 DC E7 E0 B1 00 00 B3 B5 24 18
00002E20  CC C0 EC 2D 14 D2 34 3F DC E7 4D 4A 00 00 20 4E
00002E30  24 18 4D 4A EC 2D 34 3F 34 3F EC 2D 4D 4A 24 18
00002E40  20 4E 00 00 4D 4A DC E7 34 3F 14 D2 EC 2D CC C0
00002E50  24 18 B3 B5 00 00 E0 B1 DC E7 B3 B5 14 D2 CC C0
00002E60  CC C0 14 D2 B3 B5 DC E7 E0 B1 00 00 B3 B5 24 18
00002E70  CC C0 EC 2D 14 D2 34 3F DC E7 4D 4A 00 00 20 4E
00002E80  24 18 4D 4A EC 2D 34 3F 34 3F EC 2D 4D 4A 24 18
00002E90  20 4E 00 00 4D 4A DC E7 34 3F 14 D2 EC 2D CC C0
00002EA0  24 18 B3 B5 00 00 E0 B1 DC E7 B3 B5 14 D2 CC C0
00002EB0  CC C0 14 D2 B3 B5 DC E7 E0 B1 00 00 B3 B5 24 18
00002EC0  CC C0 EC 2D 14 D2 34 3F DC E7 4D 4A 00 00 20 4E
00002ED0  24 18 4D 4A EC 2D 34 3F 34 3F EC 2D 4D 4A 24 18
00002EE0  20 4E 00 00 4D 4A DC E7 34 3F 14 D2 EC 2D CC C0
00002EF0  24 18 B3 B5 00 00 E0 B1 DC E7 B3 B5 14 D2 CC C0
00002F00  CC C0 14 D2 B3 B5 DC E7 E0 B1 00 00 B3 B5 24 18
00002F10  CC C0 EC 2D 14 D2 34 3F DC E7 4D 4A 00 00 20 4E
00002F20  24 18 4D 4A EC 2D 34 3F 34 3F EC 2D 4D 4A 24 18
00002F30  20 4E 00 00 4D 4A DC E7 34 3F 14 D2 EC 2D CC C0
00002F40  24 18 B3 B5 00 00 E0 B1 DC E7 B3 B5 14 D2 CC C0
00002F50  CC C0 14 D2 B3 B5 DC E7 E0 B1 00 00 B3 B5 24 18
00002F60  CC C0 EC 2D 14 D2 34 3F DC E7 4D 4A 00 00 20 4E
00002F70  24 18 4D 4A EC 2D 34 3F 34 3F EC 2D 4D 4A 24 18
00002F80  20 4E 00 00 4D 4A DC E7 34 3F 14 D2 EC 2D CC C0
00002F90  24 18 B3 B5 00 00 E0 B1 DC E7 B3 B5 14 D2 CC C0
00002FA0  CC C0 14 D2 B3 B5 DC E7 E0 B1 00 00 B3 B5 24 18
00002FB0  CC C0 EC 2D 14 D2 34 3F DC E7 4D 4A 00 00 20 4E
00002FC0  24 18 4D 4A EC 2D 34 3F 34 3F EC 2D 4D 4A 24 18
00002FD0  20 4E 00 00 4D 4A DC E7 34 3F 14 D2 EC 2D CC C0
00002FE0  24 18 B3 B5 00 00 E0 B1 DC E7 B3 B5 14 D2 CC C0
00002FF0  CC C0 14 D2 B3 B5 DC E7 E0 B1 00 00 B3 B5 24 18
00003000  CC C0 EC 2D 14 D2 34 3F DC E7 4D 4A 00 00 20 4E
00003010  24 18 4D 4A EC 2D 34 3F 34 3F EC 2D 4D 4A 24 18
00003020  20 4E 00 00 4D 4A DC E7 34 3F 14 D2 EC 2D CC C0
00003030  24 18 B3 B5 00 00 E0 B1 DC E7 B3 B5 14 D2 CC C0
00003040  CC C0 14 D2 B3 B5 DC E7 E0 B1 00 00 B3 B5 24 18
00003050  CC C0 EC 2D 14 D2 34 3F DC E7 4D 4A 00 00 20 4E
00003060  24 18 4D 4A EC 2D 34 3F 34 3F EC 2D 4D 4A 24 18
00003070  20 4E 00 00 4D 4A DC E7 34 3F 14 D2 EC 2D CC C0
00003080  24 18 B3 B5 00 00 E0 B1 DC E7 B3 B5 14 D2 CC C0
00003090  CC C0 14 D2 B3 B5 DC E7 E0 B1 00 00 B3 B5 24 18
000030A0  CC C0 EC 2D 14 D2 34 3F DC E7 4D 4A 00 00 20 4E
000030B0  24 18 4D 4A EC 2D 34 3F 34 3F EC 2D 4D 4A 24 18
000030C0  20 4E 00 00 4D 4A DC E7 34 3F 14 D2 EC 2D CC C0
000030D0  24 18 B3 B5 00 00 E0 B1 DC E7 B3 B5 14 D2 CC C0
000030E0  CC C0 14 D2 B3 B5 DC E7 E0 B1 00 00 B3 B5 24 18
000030F0  CC C0 EC 2D 14 D2 34 3F DC E7 4D 4A 00 00 20 4E
00003100  24 18 4D 4A EC 2D 34 3F 34 3F EC 2D 4D 4A 24 18
00003110  20 4E 00 00 4D 4A DC E7 34 3F 14 D2 EC 2D CC C0
00003120  24 18 B3 B5 00 00 E0 B1 DC E7 B3 B5 14 D2 CC C0
00003130  CC C0 14 D2 B3 B5 DC E7 E0 B1 00 00 B3 B5 24 18
00003140  CC C0 EC 2D 14 D2 34 3F DC E7 4D 4A 00 00 20 4E
00003150  24 18 4D 4A EC 2D 34 3F 34 3F EC 2D 4D 4A 24 18
00003160  20 4E 00 00 4D 4A DC E7 34 3F 14 D2 EC 2D CC C0
00003170  24 18 B3 B5 00 00 E0 B1 DC E7 B3 B5 14 D2 CC C0
00003180  CC C0 14 D2 B3 B5 DC E7 E0 B1 00 00 B3 B5 24 18
00003190  CC C0 EC 2D 14 D2 34 3F DC E7 4D 4A 00 00 20 4E
000031A0  24 18 4D 4A EC 2D 34 3F 34 3F EC 2D 4D 4A 24 18
000031B0  20 4E 00 00 4D 4A DC E7 34 3F 14 D2 EC 2D CC C0
000031C0  24 18 B3 B5 00 00 E0 B1 DC E7 B3 B5 14 D2 CC C0
000031D0  CC C0 14 D2 B3 B5 DC E7 E0 B1 00 00 B3 B5 24 18
000031E0  CC C0 EC 2D 14 D2 34 3F DC E7 4D 4A 00 00 20 4E
000031F0  24 18 4D 4A EC 2D 34 3F 34 3F EC 2D 4D 4A 24 18
00003200  20 4E 00 00 4D 4A DC E7 34 3F 14 D2 EC 2D CC C0
00003210  24 18 B3 B5 00 00 E0 B1 DC E7 B3 B5 14 D2 CC C0
00003220  CC C0 14 D2 B3 B5 DC E7 E0 B1 00 00 B3 B5 24 18
00003230  CC C0 EC 2D 14 D2 34 3F DC E7 4D 4A 00 00 20 4E
00003240  24 18 4D 4A EC 2D 34 3F 34 3F EC 2D 4D 4A 24 18
00003250  20 4E 00 00 4D 4A DC E7 34 3F 14 D2 EC 2D CC C0
00003260  24 18 B3 B5 00 00 E0 B1 DC E7 B3 B5 14 D2 CC C0
00003270  CC C0 14 D2 B3 B5 DC E7 E0 B1 00 00 B3 B5 24 18
00003280  CC C0 EC 2D 14 D2 34 3F DC E7 4D 4A 00 00 20 4E
00003290  24 18 4D 4A EC 2D 34 3F 34 3F EC 2D 4D 4A 24 18
000032A0  20 4E 00 00 4D 4A DC E7 34 3F 14 D2 EC 2D CC C0
000032B0  24 18 B3 B5 00 00 E0 B1 DC E7 B3 B5 14 D2 CC C0
000032C0  CC C0 14 D2 B3 B5 DC E7 E0 B1 00 00 B3 B5 24 18
000032D0  CC C0 EC 2D 14 D2 34 3F DC E7 4D 4A 00 00 20 4E
000032E0  24 18 4D 4A EC 2D 34 3F 34 3F EC 2D 4D 4A 24 18
000032F0  20 4E 00 00 4D 4A DC E7 34 3F 14 D2 EC 2D CC C0
00003300  24 18 B3 B5 00 00 E0 B1 DC E7 B3 B5 14 D2 CC C0
00003310  CC C0 14 D2 B3 B5 DC E7 E0 B1 00 00 B3 B5 24 18
00003320  CC C0 EC 2D 14 D2 34 3F DC E7 4D 4A 00 00 20 4E
00003330  24 18 4D 4A EC 2D 34 3F 34 3F EC 2D 4D 4A 24 18
00003340  20 4E 00 00 4D 4A DC E7 34 3F 14 D2 EC 2D CC C0
00003350  24 18 B3 B5 00 00 E0 B1 DC E7 B3 B5 14 D2 CC C0
00003360  CC C0 14 D2 B3 B5 DC E7 E0 B1 00 00 B3 B5 24 18
00003370  CC C0 EC 2D 14 D2 34 3F DC E7 4D 4A 00 00 20 4E
00003380  24 18 4D 4A EC 2D 34 3F 34 3F EC 2D 4D 4A 24 18
00003390  20 4E 00 00 4D 4A DC E7 34 3F 14 D2 EC 2D CC C0
000033A0  24 18 B3 B5 00 00 E0 B1 DC E7 B3 B5 14 D2 CC C0
000033B0  CC C0 14 D2 B3 B5 DC E7 E0 B1 00 00 B3 B5 24 18
000033C0  CC C0 EC 2D 14 D2 34 3F DC E7 4D 4A 00 00 20 4E
000033D0  24 18 4D 4A EC 2D 34 3F 34 3F EC 2D 4D 4A 24 18
000033E0  20 4E 00 00 4D 4A DC E7 34 3F 14 D2 EC 2D CC C0
000033F0  24 18 B3 B5 00 00 E0 B1 DC E7 B3 B5 14 D2 CC C0
00003400  CC C0 14 D2 B3 B5 DC E7 E0 B1 00 00 B3 B5 24 18
00003410  CC C0 EC 2D 14 D2 34 3F DC E7 4D 4A 00 00 20 4E
00003420  24 18 4D 4A EC 2D 34 3F 34 3F EC 2D 4D 4A 24 18
00003430  20 4E 00 00 4D 4A DC E7 34 3F 14 D2 EC 2D CC C0
00003440  24 18 B3 B5 00 00 E0 B1 DC E7 B3 B5 14 D2 CC C0
00003450  CC C0 14 D2 B3 B5 DC E7 E0 B1 00 00 B3 B5 24 18
00003460  CC C0 EC 2D 14 D2 34 3F DC E7 4D 4A 00 00 20 4E
00003470  24 18 4D 4A EC 2D 34 3F 34 3F EC 2D 4D 4A 24 18
00003480  20 4E 00 00 4D 4A DC E7 34 3F 14 D2 EC 2D CC C0
00003490  24 18 B3 B5 00 00 E0 B1 DC E7 B3 B5 14 D2 CC C0
000034A0  CC C0 14 D2 B3 B5 DC E7 E0 B1 00 00 B3 B5 24 18
000034B0  CC C0 EC 2D 14 D2 34 3F DC E7 4D 4A 00 00 20 4E
000034C0  24 18 4D 4A EC 2D 34 3F 34 3F EC 2D 4D 4A 24 18
000034D0  20 4E 00 00 4D 4A DC E7 34 3F 14 D2 EC 2D CC C0
000034E0  24 18 B3 B5 00 00 E0 B1 DC E7 B3 B5 14 D2 CC C0
000034F0  CC C0 14 D2 B3 B5 DC E7 E0 B1 00 00 B3 B5 24 18
00003500  CC C0 EC 2D 14 D2 34 3F DC E7 4D 4A 00 00 20 4E
00003510  24 18 4D 4A EC 2D 34 3F 34 3F EC 2D 4D 4A 24 18
00003520  20 4E 00 00 4D 4A DC E7 34 3F 14 D2 EC 2D CC C0
00003530  24 18 B3 B5 00 00 E0 B1 DC E7 B3 B5 14 D2 CC C0
00003540  CC C0 14 D2 B3 B5 DC E7 E0 B1 00 00 B3 B5 24 18
00003550  CC C0 EC 2D 14 D2 34 3F DC E7 4D 4A 00 00 20 4E
00003560  24 18 4D 4A EC 2D 34 3F 34 3F EC 2D 4D 4A 24 18
00003570  20 4E 00 00 4D 4A DC E7 34 3F 14 D2 EC 2D CC C0
00003580  24 18 B3 B5 00 00 E0 B1 DC E7 B3 B5 14 D2 CC C0
00003590  CC C0 14 D2 B3 B5 DC E7 E0 B1 00 00 B3 B5 24 18
000035A0  CC C0 EC 2D 14 D2 34 3F DC E7 4D 4A 00 00 20 4E
000035B0  24 18 4D 4A EC 2D 34 3F 34 3F EC 2D 4D 4A 24 18
000035C0  20 4E 00 00 4D 4A DC E7 34 3F 14 D2 EC 2D CC C0
000035D0  24 18 B3 B5 00 00 E0 B1 DC E7 B3 B5 14 D2 CC C0
000035E0  CC C0 14 D2 B3 B5 DC E7 E0 B1 00 00 B3 B5 24 18
000035F0  CC C0 EC 2D 14 D2 34 3F DC E7 4D 4A 00 00 20 4E
00003600  24 18 4D 4A EC 2D 34 3F 34 3F EC 2D 4D 4A 24 18
00003610  20 4E 00 00 4D 4A DC E7 34 3F 14 D2 EC 2D CC C0
00003620  24 18 B3 B5 00 00 E0 B1 DC E7 B3 B5 14 D2 CC C0
00003630  CC C0 14 D2 B3 B5 DC E7 E0 B1 00 00 B3 B5 24 18
00003640  CC C0 EC 2D 14 D2 34 3F DC E7 4D 4A 00 00 20 4E
00003650  24 18 4D 4A EC 2D 34 3F 34 3F EC 2D 4D 4A 24 18
00003660  20 4E 00 00 4D 4A DC E7 34 3F 14 D2 EC 2D CC C0
00003670  24 18 B3 B5 00 00 E0 B1 DC E7 B3 B5 14 D2 CC C0
00003680  CC C0 14 D2 B3 B5 DC E7 E0 B1 00 00 B3 B5 24 18
00003690  CC C0 EC 2D 14 D2 34 3F DC E7 4D 4A 00 00 20 4E
000036A0  24 18 4D 4A EC 2D 34 3F 34 3F EC 2D 4D 4A 24 18
000036B0  20 4E 00 00 4D 4A DC E7 34 3F 14 D2 EC 2D CC C0
000036C0  24 18 B3 B5 00 00 E0 B1 DC E7 B3 B5 14 D2 CC C0
000036D0  CC C0 14 D2 B3 B5 DC E7 E0 B1 00 00 B3 B5 24 18
000036E0  CC C0 EC 2D 14 D2 34 3F DC E7 4D 4A 00 00 20 4E
000036F0  24 18 4D 4A EC 2D 34 3F 34 3F EC 2D 4D 4A 24 18
00003700  20 4E 00 00 4D 4A DC E7 34 3F 14 D2 EC 2D CC C0
00003710  24 18 B3 B5 00 00 E0 B1 DC E7 B3 B5 14 D2 CC C0
00003720  CC C0 14 D2 B3 B5 DC E7 E0 B1 00 00 B3 B5 24 18
00003730  CC C0 EC 2D 14 D2 34 3F DC E7 4D 4A 00 00 20 4E
00003740  24 18 4D 4A EC 2D 34 3F 34 3F EC 2D 4D 4A 24 18
00003750  20 4E 00 00 4D 4A DC E7 34 3F 14 D2 EC 2D CC C0
00003760  24 18 B3 B5 00 00 E0 B1 DC E7 B3 B5 14 D2 CC C0
00003770  CC C0 14 D2 B3 B5 DC E7 E0 B1 00 00 B3 B5 24 18
00003780  CC C0 EC 2D 14 D2 34 3F DC E7 4D 4A 00 00 20 4E
00003790  24 18 4D 4A EC 2D 34 3F 34 3F EC 2D 4D 4A 24 18
000037A0  20 4E 00 00 4D 4A DC E7 34 3F 14 D2 EC 2D CC C0
000037B0  24 18 B3 B5 00 00 E0 B1 DC E7 B3 B5 14 D2 CC C0
000037C0  CC C0 14 D2 B3 B5 DC E7 E0 B1 00 00 B3 B5 24 18
000037D0  CC C0 EC 2D 14 D2 34 3F DC E7 4D 4A 00 00 20 4E
000037E0  24 18 4D 4A EC 2D 34 3F 34 3F EC 2D 4D 4A 24 18
000037F0  20 4E 00 00 4D 4A DC E7 34 3F 14 D2 EC 2D CC C0
00003800  24 18 B3 B5 00 00 E0 B1 DC E7 B3 B5 14 D2 CC C0
00003810  CC C0 14 D2 B3 B5 DC E7 E0 B1 00 00 B3 B5 24 18
00003820  CC C0 EC 2D 14 D2 34 3F DC E7 4D 4A 00 00 20 4E
00003830  24 18 4D 4A EC 2D 34 3F 34 3F EC 2D 4D 4A 24 18
00003840  20 4E 00 00 4D 4A DC E7 34 3F 14 D2 EC 2D CC C0
00003850  24 18 B3 B5 00 00 E0 B1 DC E7 B3 B5 14 D2 CC C0
00003860  CC C0 14 D2 B3 B5 DC E7 E0 B1 00 00 B3 B5 24 18
00003870  CC C0 EC 2D 14 D2 34 3F DC E7 4D 4A 00 00 20 4E
00003880  24 18 4D 4A EC 2D 34 3F 34 3F EC 2D 4D 4A 24 18
00003890  20 4E 00 00 4D 4A DC E7 34 3F 14 D2 EC 2D CC C0
000038A0  24 18 B3 B5 00 00 E0 B1 DC E7 B3 B5 14 D2 CC C0
000038B0  CC C0 14 D2 B3 B5 DC E7 E0 B1 00 00 B3 B5 24 18
000038C0  CC C0 EC 2D 14 D2 34 3F DC E7 4D 4A 00 00 20 4E
000038D0  24 18 4D 4A EC 2D 34 3F 34 3F EC 2D 4D 4A 24 18
000038E0  20 4E 00 00 4D 4A DC E7 34 3F 14 D2 EC 2D CC C0
000038F0  24 18 B3 B5 00 00 E0 B1 DC E7 B3 B5 14 D2 CC C0
00003900  CC C0 14 D2 B3 B5 DC E7 E0 B1 00 00 B3 B5 24 18
00003910  CC C0 EC 2D 14 D2 34 3F DC E7 4D 4A 00 00 20 4E
00003920  24 18 4D 4A EC 2D 34 3F 34 3F EC 2D 4D 4A 24 18
00003930  20 4E 00 00 4D 4A DC E7 34 3F 14 D2 EC 2D CC C0
00003940  24 18 B3 B5 00 00 E0 B1 DC E7 B3 B5 14 D2 CC C0
00003950  CC C0 14 D2 B3 B5 DC E7 E0 B1 00 00 B3 B5 24 18
00003960  CC C0 EC 2D 14 D2 34 3F DC E7 4D 4A 00 00 20 4E
00003970  24 18 4D 4A EC 2D 34 3F 34 3F EC 2D 4D 4A 24 18
00003980  20 4E 00 00 4D 4A DC E7 34 3F 14 D2 EC 2D CC C0
00003990  24 18 B3 B5 00 00 E0 B1 DC E7 B3 B5 14 D2 CC C0
000039A0  CC C0 14 D2 B3 B5 DC E7 E0 B1 00 00 B3 B5 24 18
000039B0  CC C0 EC 2D 14 D2 34 3F DC E7 4D 4A 00 00 20 4E
000039C0  24 18 4D 4A EC 2D 34 3F 34 3F EC 2D 4D 4A 24 18
000039D0  20 4E 00 00 4D 4A DC E7 34 3F 14 D2 EC 2D CC C0
000039E0  24 18 B3 B5 00 00 E0 B1 DC E7 B3 B5 14 D2 CC C0
000039F0  CC C0 14 D2 B3 B5 DC E7 E0 B1 00 00 B3 B5 24 18
00003A00  CC C0 EC 2D 14 D2 34 3F DC E7 4D 4A 00 00 20 4E
00003A10  24 18 4D 4A EC 2D 34 3F 34 3F EC 2D 4D 4A 24 18
00003A20  20 4E 00 00 4D 4A DC E7 34 3F 14 D2 EC 2D CC C0
00003A30  24 18 B3 B5 00 00 E0 B1 DC E7 B3 B5 14 D2 CC C0
00003A40  CC C0 14 D2 B3 B5 DC E7 E0 B1 00 00 B3 B5 24 18
00003A50  CC C0 EC 2D 14 D2 34 3F DC E7 4D 4A 00 00 20 4E
00003A60  24 18 4D 4A EC 2D 34 3F 34 3F EC 2D 4D 4A 24 18
00003A70  20 4E 00 00 4D 4A DC E7 34 3F 14 D2 EC 2D CC C0
00003A80  24 18 B3 B5 00 00 E0 B1 DC E7 B3 B5 14 D2 CC C0
00003A90  CC C0 14 D2 B3 B5 DC E7 E0 B1 00 00 B3 B5 24 18
00003AA0  CC C0 EC 2D 14 D2 34 3F DC E7 4D 4A 00 00 20 4E
00003AB0  24 18 4D 4A EC 2D 34 3F 34 3F EC 2D 4D 4A 24 18
00003AC0  20 4E 00 00 4D 4A DC E7 34 3F 14 D2 EC 2D CC C0
00003AD0  24 18 B3 B5 00 00 E0 B1 DC E7 B3 B5 14 D2 CC C0
00003AE0  CC C0 14 D2 B3 B5 DC E7 E0 B1 00 00 B3 B5 24 18
00003AF0  CC C0 EC 2D 14 D2 34 3F DC E7 4D 4A 00 00 20 4E
00003B00  24 18 4D 4A EC 2D 34 3F 34 3F EC 2D 4D 4A 24 18
00003B10  20 4E 00 00 4D 4A DC E7 34 3F 14 D2 EC 2D CC C0
00003B20  24 18 B3 B5 00 00 E0 B1 DC E7 B3 B5 14 D2 CC C0
00003B30  CC C0 14 D2 B3 B5 DC E7 E0 B1 00 00 B3 B5 24 18
00003B40  CC C0 EC 2D 14 D2 34 3F DC E7 4D 4A 00 00 20 4E
00003B50  24 18 4D 4A EC 2D 34 3F 34 3F EC 2D 4D 4A 24 18
00003B60  20 4E 00 00 4D 4A DC E7 34 3F 14 D2 EC 2D CC C0
00003B70  24 18 B3 B5 00 00 E0 B1 DC E7 B3 B5 14 D2 CC C0
00003B80  CC C0 14 D2 B3 B5 DC E7 E0 B1 00 00 B3 B5 24 18
00003B90  CC C0 EC 2D 14 D2 34 3F DC E7 4D 4A 00 00 20 4E
00003BA0  24 18 4D 4A EC 2D 34 3F 34 3F EC 2D 4D 4A 24 18
00003BB0  20 4E 00 00 4D 4A DC E7 34 3F 14 D2 EC 2D CC C0
00003BC0  24 18 B3 B5 00 00 E0 B1 DC E7 B3 B5 14 D2 CC C0
00003BD0  CC C0 14 D2 B3 B5 DC E7 E0 B1 00 00 B3 B5 24 18
00003BE0  CC C0 EC 2D 14 D2 34 3F DC E7 4D 4A 00 00 20 4E
00003BF0  24 18 4D 4A EC 2D 34 3F 34 3F EC 2D 4D 4A 24 18
00003C00  20 4E 00 00 4D 4A DC E7 34 3F 14 D2 EC 2D CC C0
00003C10  24 18 B3 B5 00 00 E0 B1 DC E7 B3 B5 14 D2 CC C0
00003C20  CC C0 14 D2 B3 B5 DC E7 E0 B1 00 00 B3 B5 24 18
00003C30  CC C0 EC 2D 14 D2 34 3F DC E7 4D 4A 00 00 20 4E
00003C40  24 18 4D 4A EC 2D 34 3F 34 3F EC 2D 4D 4A 24 18
00003C50  20 4E 00 00 4D 4A DC E7 34 3F 14 D2 EC 2D CC C0
00003C60  24 18 B3 B5 00 00 E0 B1 DC E7 B3 B5 14 D2 CC C0
00003C70  CC C0 14 D2 B3 B5 DC E7 E0 B1 00 00 B3 B5 24 18
00003C80  CC C0 EC 2D 14 D2 34 3F DC E7 4D 4A 00 00 20 4E
00003C90  24 18 4D 4A EC 2D 34 3F 34 3F EC 2D 4D 4A 24 18
00003CA0  20 4E 00 00 4D 4A DC E7 34 3F 14 D2 EC 2D CC C0
00003CB0  24 18 B3 B5 00 00 E0 B1 DC E7 B3 B5 14 D2 CC C0
00003CC0  CC C0 14 D2 B3 B5 DC E7 E0 B1 00 00 B3 B5 24 18
00003CD0  CC C0 EC 2D 14 D2 34 3F DC E7 4D 4A 00 00 20 4E
00003CE0  24 18 4D 4A EC 2D 34 3F 34 3F EC 2D 4D 4A 24 18
00003CF0  20 4E 00 00 4D 4A DC E7 34 3F 14 D2 EC 2D CC C0
00003D00  24 18 B3 B5 00 00 E0 B1 DC E7 B3 B5 14 D2 CC C0
00003D10  CC C0 14 D2 B3 B5 DC E7 E0 B1 00 00 B3 B5 24 18
00003D20  CC C0 EC 2D 14 D2 34 3F DC E7 4D 4A 00 00 20 4E
00003D30  24 18 4D 4A EC 2D 34 3F 34 3F EC 2D 4D 4A 24 18
00003D40  20 4E 00 00 4D 4A DC E7 34 3F 14 D2 EC 2D CC C0
00003D50  24 18 B3 B5 00 00 E0 B1 DC E7 B3 B5 14 D2 CC C0
00003D60  CC C0 14 D2 B3 B5 DC E7 E0 B1 00 00 B3 B5 24 18
00003D70  CC C0 EC 2D 14 D2 34 3F DC E7 4D 4A 00 00 20 4E
00003D80  24 18 4D 4A EC 2D 34 3F 34 3F EC 2D 4D 4A 24 18
00003D90  20 4E 00 00 4D 4A DC E7 34 3F 14 D2 EC 2D CC C0
00003DA0  24 18 B3 B5 00 00 E0 B1 DC E7 B3 B5 14 D2 CC C0
00003DB0  CC C0 14 D2 B3 B5 DC E7 E0 B1 00 00 B3 B5 24 18
00003DC0  CC C0 EC 2D 14 D2 34 3F DC E7 4D 4A 00 00 20 4E
00003DD0  24 18 4D 4A EC 2D 34 3F 34 3F EC 2D 4D 4A 24 18
00003DE0  20 4E 00 00 4D 4A DC E7 34 3F 14 D2 EC 2D CC C0
00003DF0  24 18 B3 B5 00 00 E0 B1 DC E7 B3 B5 14 D2 CC C0
00003E00  CC C0 14 D2 B3 B5 DC E7 E0 B1 00 00 B3 B5 24 18
00003E10  CC C0 EC 2D 14 D2 34 3F DC E7 4D 4A 00 00 20 4E
00003E20  24 18 4D 4A EC 2D 34 3F 34 3F EC 2D 4D 4A 24 18
00003E30  20 4E 00 00 4D 4A DC E7 34 3F 14 D2 EC 2D CC C0
00003E40  24 18 B3 B5 00 00 E0 B1 DC E7 B3 B5 14 D2 CC C0
00003E50  CC C0 14 D2 B3 B5 DC E7 E0 B1 00 00 B3 B5 24 18
00003E60  CC C0 EC 2D 14 D2 34 3F DC E7 4D 4A 00 00 20 4E
00003E70  24 18 4D 4A EC 2D 34 3F 34 3F EC 2D 4D 4A 24 18
00003E80  20 4E 00 00 4D 4A DC E7 34 3F 14 D2 EC 2D CC C0
00003E90  24 18 B3 B5 00 00 E0 B1 DC E7 B3 B5 14 D2 CC C0
00003EA0  CC C0 14 D2 B3 B5 DC E7 E0 B1 00 00 B3 B5 24 18
00003EB0  CC C0 EC 2D 14 D2 34 3F DC E7 4D 4A 00 00 20 4E
00003EC0  24 18 4D 4A EC 2D 34 3F 34 3F EC 2D 4D 4A 24 18
00003ED0  20 4E 00 00 4D 4A DC E7 34 3F 14 D2 EC 2D CC C0
00003EE0  24 18 B3 B5 00 00 E0 B1 DC E7 B3 B5 14 D2 CC C0
00003EF0  CC C0 14 D2 B3 B5 DC E7 E0 B1 00 00 B3 B5 24 18
00003F00  CC C0 EC 2D 14 D2 34 3F DC E7 4D 4A 00 00 20 4E
00003F10  24 18 4D 4A EC 2D 34 3F 34 3F EC 2D 4D 4A 24 18
00003F20  20 4E 00 00 4D 4A DC E7 34 3F 14 D2 EC 2D CC C0
00003F30  24 18 B3 B5 00 00 E0 B1 DC E7 B3 B5 14 D2 CC C0
00003F40  CC C0 14 D2 B3 B5 DC E7 E0 B1 00 00 B3 B5 24 18
00003F50  CC C0 EC 2D 14 D2 34 3F DC E7 4D 4A 00 00 20 4E
00003F60  24 18 4D 4A EC 2D 34 3F 34 3F EC 2D 4D 4A 24 18
00003F70  20 4E 00 00 4D 4A DC E7 34 3F 14 D2 EC 2D CC C0
00003F80  24 18 B3 B5 00 00 E0 B1 DC E7 B3 B5 14 D2 CC C0
00003F90  CC C0 14 D2 B3 B5 DC E7 E0 B1 00 00 B3 B5 24 18
00003FA0  CC C0 EC 2D 14 D2 34 3F DC E7 4D 4A 00 00 20 4E
00003FB0  24 18 4D 4A EC 2D 34 3F 34 3F EC 2D 4D 4A 24 18
00003FC0  20 4E 00 00 4D 4A DC E7 34 3F 14 D2 EC 2D CC C0
00003FD0  24 18 B3 B5 00 00 E0 B1 DC E7 B3 B5 14 D2 CC C0
00003FE0  CC C0 14 D2 B3 B5 DC E7 E0 B1 00 00 B3 B5 24 18
00003FF0  CC C0 EC 2D 14 D2 34 3F DC E7 4D 4A 00 00 20 4E
00004000  24 18 4D 4A EC 2D 34 3F 34 3F EC 2D 4D 4A 24 18
00004010  20 4E 00 00 4D 4A DC E7 34 3F 14 D2 EC 2D CC C0
00004020  24 18 B3 B5 00 00 E0 B1 DC E7 B3 B5 14 D2 CC C0
00004030  CC C0 14 D2 B3 B5 DC E7 E0 B1 00 00 B3 B5 24 18
00004040  CC C0 EC 2D 14 D2 34 3F DC E7 4D 4A 00 00 20 4E
00004050  24 18 4D 4A EC 2D 34 3F 34 3F EC 2D 4D 4A 24 18
00004060  20 4E 00 00 4D 4A DC E7 34 3F 14 D2 EC 2D CC C0
00004070  24 18 B3 B5 00 00 E0 B1 DC E7 B3 B5 14 D2 CC C0
00004080  CC C0 14 D2 B3 B5 DC E7 E0 B1 00 00 B3 B5 24 18
00004090  CC C0 EC 2D 14 D2 34 3F DC E7 4D 4A 00 00 20 4E
000040A0  24 18 4D 4A EC 2D 34 3F 34 3F EC 2D 4D 4A 24 18
000040B0  20 4E 00 00 4D 4A DC E7 34 3F 14 D2 EC 2D CC C0
000040C0  24 18 B3 B5 00 00 E0 B1 DC E7 B3 B5 14 D2 CC C0
000040D0  CC C0 14 D2 B3 B5 DC E7 E0 B1 00 00 B3 B5 24 18
000040E0  CC C0 EC 2D 14 D2 34 3F DC E7 4D 4A 00 00 20 4E
000040F0  24 18 4D 4A EC 2D 34 3F 34 3F EC 2D 4D 4A 24 18
00004100  20 4E 00 00 4D 4A DC E7 34 3F 14 D2 EC 2D CC C0
00004110  24 18 B3 B5 00 00 E0 B1 DC E7 B3 B5 14 D2 CC C0
00004120  CC C0 14 D2 B3 B5 DC E7 E0 B1 00 00 B3 B5 24 18
00004130  CC C0 EC 2D 14 D2 34 3F DC E7 4D 4A 00 00 20 4E
00004140  24 18 4D 4A EC 2D 34 3F 34 3F EC 2D 4D 4A 24 18
00004150  20 4E 00 00 4D 4A DC E7 34 3F 14 D2 EC 2D CC C0
00004160  24 18 B3 B5 00 00 E0 B1 DC E7 B3 B5 14 D2 CC C0
00004170  CC C0 14 D2 B3 B5 DC E7 E0 B1 00 00 B3 B5 24 18
00004180  CC C0 EC 2D 14 D2 34 3F DC E7 4D 4A 00 00 20 4E
00004190  24 18 4D 4A EC 2D 34 3F 34 3F EC 2D 4D 4A 24 18
000041A0  20 4E 00 00 4D 4A DC E7 34 3F 14 D2 EC 2D CC C0
000041B0  24 18 B3 B5 00 00 E0 B1 DC E7 B3 B5 14 D2 CC C0
000041C0  CC C0 14 D2 B3 B5 DC E7 E0 B1 00 00 B3 B5 24 18
000041D0  CC C0 EC 2D 14 D2 34 3F DC E7 4D 4A 00 00 20 4E
000041E0  24 18 4D 4A EC 2D 34 3F 34 3F EC 2D 4D 4A 24 18
000041F0  20 4E 00 00 4D 4A DC E7 34 3F 14 D2 EC 2D CC C0
00004200  24 18 B3 B5 00 00 E0 B1 DC E7 B3 B5 14 D2 CC C0
00004210  CC C0 14 D2 B3 B5 DC E7 E0 B1 00 00 B3 B5 24 18
00004220  CC C0 EC 2D 14 D2 34 3F DC E7 4D 4A 00 00 20 4E
00004230  24 18 4D 4A EC 2D 34 3F 34 3F EC 2D 4D 4A 24 18
00004240  20 4E 00 00 4D 4A DC E7 34 3F 14 D2 EC 2D CC C0
00004250  24 18 B3 B5 00 00 E0 B1 DC E7 B3 B5 14 D2 CC C0
00004260  CC C0 14 D2 B3 B5 DC E7 E0 B1 00 00 B3 B5 24 18
00004270  CC C0 EC 2D 14 D2 34 3F DC E7 4D 4A 00 00 20 4E
00004280  24 18 4D 4A EC 2D 34 3F 34 3F EC 2D 4D 4A 24 18
00004290  20 4E 00 00 4D 4A DC E7 34 3F 14 D2 EC 2D CC C0
000042A0  24 18 B3 B5 00 00 E0 B1 DC E7 B3 B5 14 D2 CC C0
000042B0  CC C0 14 D2 B3 B5 DC E7 E0 B1 00 00 B3 B5 24 18
000042C0  CC C0 EC 2D 14 D2 34 3F DC E7 4D 4A 00 00 20 4E
000042D0  24 18 4D 4A EC 2D 34 3F 34 3F EC 2D 4D 4A 24 18
000042E0  20 4E 00 00 4D 4A DC E7 34 3F 14 D2 EC 2D CC C0
000042F0  24 18 B3 B5 00 00 E0 B1 DC E7 B3 B5 14 D2 CC C0
00004300  CC C0 14 D2 B3 B5 DC E7 E0 B1 00 00 B3 B5 24 18
00004310  CC C0 EC 2D 14 D2 34 3F DC E7 4D 4A 00 00 20 4E
00004320  24 18 4D 4A EC 2D 34 3F 34 3F EC 2D 4D 4A 24 18
00004330  20 4E 00 00 4D 4A DC E7 34 3F 14 D2 EC 2D CC C0
00004340  24 18 B3 B5 00 00 E0 B1 DC E7 B3 B5 14 D2 CC C0
00004350  CC C0 14 D2 B3 B5 DC E7 E0 B1 00 00 B3 B5 24 18
00004360  CC C0 EC 2D 14 D2 34 3F DC E7 4D 4A 00 00 20 4E
00004370  24 18 4D 4A EC 2D 34 3F 34 3F EC 2D 4D 4A 24 18
00004380  20 4E 00 00 4D 4A DC E7 34 3F 14 D2 EC 2D CC C0
00004390  24 18 B3 B5 00 00 E0 B1 DC E7 B3 B5 14 D2 CC C0
000043A0  CC C0 14 D2 B3 B5 DC E7 E0 B1 00 00 B3 B5 24 18
000043B0  CC C0 EC 2D 14 D2 34 3F DC E7 4D 4A 00 00 20 4E
000043C0  24 18 4D 4A EC 2D 34 3F 34 3F EC 2D 4D 4A 24 18
000043D0  20 4E 00 00 4D 4A DC E7 34 3F 14 D2 EC 2D CC C0
000043E0  24 18 B3 B5 00 00 E0 B1 DC E7 B3 B5 14 D2 CC C0
000043F0  CC C0 14 D2 B3 B5 DC E7 E0 B1 00 00 B3 B5 24 18
00004400  CC C0 EC 2D 14 D2 34 3F DC E7 4D 4A 00 00 20 4E
00004410  24 18 4D 4A EC 2D 34 3F 34 3F EC 2D 4D 4A 24 18
00004420  20 4E 00 00 4D 4A DC E7 34 3F 14 D2 EC 2D CC C0
00004430  24 18 B3 B5 00 00 E0 B1 DC E7 B3 B5 14 D2 CC C0
00004440  CC C0 14 D2 B3 B5 DC E7 E0 B1 00 00 B3 B5 24 18
00004450  CC C0 EC 2D 14 D2 34 3F DC E7 4D 4A 00 00 20 4E
00004460  24 18 4D 4A EC 2D 34 3F 34 3F EC 2D 4D 4A 24 18
00004470  20 4E 00 00 4D 4A DC E7 34 3F 14 D2 EC 2D CC C0
00004480  24 18 B3 B5 00 00 E0 B1 DC E7 B3 B5 14 D2 CC C0
00004490  CC C0 14 D2 B3 B5 DC E7 E0 B1 00 00 B3 B5 24 18
000044A0  CC C0 EC 2D 14 D2 34 3F DC E7 4D 4A 00 00 20 4E
000044B0  24 18 4D 4A EC 2D 34 3F 34 3F EC 2D 4D 4A 24 18
000044C0  20 4E 00 00 4D 4A DC E7 34 3F 14 D2 EC 2D CC C0
000044D0  24 18 B3 B5 00 00 E0 B1 DC E7 B3 B5 14 D2 CC C0
000044E0  CC C0 14 D2 B3 B5 DC E7 E0 B1 00 00 B3 B5 24 18
000044F0  CC C0 EC 2D 14 D2 34 3F DC E7 4D 4A 00 00 20 4E
00004500  24 18 4D 4A EC 2D 34 3F 34 3F EC 2D 4D 4A 24 18
00004510  20 4E 00 00 4D 4A DC E7 34 3F 14 D2 EC 2D CC C0
00004520  24 18 B3 B5 00 00 E0 B1 DC E7 B3 B5 14 D2 CC C0
00004530  CC C0 14 D2 B3 B5 DC E7 E0 B1 00 00 B3 B5 24 18
00004540  CC C0 EC 2D 14 D2 34 3F DC E7 4D 4A 00 00 20 4E
00004550  24 18 4D 4A EC 2D 34 3F 34 3F EC 2D 4D 4A 24 18
00004560  20 4E 00 00 4D 4A DC E7 34 3F 14 D2 EC 2D CC C0
00004570  24 18 B3 B5 00 00 E0 B1 DC E7 B3 B5 14 D2 CC C0
00004580  CC C0 14 D2 B3 B5 DC E7 E0 B1 00 00 B3 B5 24 18
00004590  CC C0 EC 2D 14 D2 34 3F DC E7 4D 4A 00 00 20 4E
000045A0  24 18 4D 4A EC 2D 34 3F 34 3F EC 2D 4D 4A 24 18
000045B0  20 4E 00 00 4D 4A DC E7 34 3F 14 D2 EC 2D CC C0
000045C0  24 18 B3 B5 00 00 E0 B1 DC E7 B3 B5 14 D2 CC C0
000045D0  CC C0 14 D2 B3 B5 DC E7 E0 B1 00 00 B3 B5 24 18
000045E0  CC C0 EC 2D 14 D2 34 3F DC E7 4D 4A 00 00 20 4E
000045F0  24 18 4D 4A EC 2D 34 3F 34 3F EC 2D 4D 4A 24 18
00004600  20 4E 00 00 4D 4A DC E7 34 3F 14 D2 EC 2D CC C0
00004610  24 18 B3 B5 00 00 E0 B1 DC E7 B3 B5 14 D2 CC C0
00004620  CC C0 14 D2 B3 B5 DC E7 E0 B1 00 00 B3 B5 24 18
00004630  CC C0 EC 2D 14 D2 34 3F DC E7 4D 4A 00 00 20 4E
00004640  24 18 4D 4A EC 2D 34 3F 34 3F EC 2D 4D 4A 24 18
00004650  20 4E 00 00 4D 4A DC E7 34 3F 14 D2 EC 2D CC C0
00004660  24 18 B3 B5 00 00 E0 B1 DC E7 B3 B5 14 D2 CC C0
00004670  CC C0 14 D2 B3 B5 DC E7 E0 B1 00 00 B3 B5 24 18
00004680  CC C0 EC 2D 14 D2 34 3F DC E7 4D 4A 00 00 20 4E
00004690  24 18 4D 4A EC 2D 34 3F 34 3F EC 2D 4D 4A 24 18
000046A0  20 4E 00 00 4D 4A DC E7 34 3F 14 D2 EC 2D CC C0
000046B0  24 18 B3 B5 00 00 E0 B1 DC E7 B3 B5 14 D2 CC C0
000046C0  CC C0 14 D2 B3 B5 DC E7 E0 B1 00 00 B3 B5 24 18
000046D0  CC C0 EC 2D 14 D2 34 3F DC E7 4D 4A 00 00 20 4E
000046E0  24 18 4D 4A EC 2D 34 3F 34 3F EC 2D 4D 4A 24 18
000046F0  20 4E 00 00 4D 4A DC E7 34 3F 14 D2 EC 2D CC C0
00004700  24 18 B3 B5 00 00 E0 B1 DC E7 B3 B5 14 D2 CC C0
00004710  CC C0 14 D2 B3 B5 DC E7 E0 B1 00 00 B3 B5 24 18
00004720  CC C0 EC 2D 14 D2 34 3F DC E7 4D 4A 00 00 20 4E
00004730  24 18 4D 4A EC 2D 34 3F 34 3F EC 2D 4D 4A 24 18
00004740  20 4E 00 00 4D 4A DC E7 34 3F 14 D2 EC 2D CC C0
00004750  24 18 B3 B5 00 00 E0 B1 DC E7 B3 B5 14 D2 CC C0
00004760  CC C0 14 D2 B3 B5 DC E7 E0 B1 00 00 B3 B5 24 18
00004770  CC C0 EC 2D 14 D2 34 3F DC E7 4D 4A 00 00 20 4E
00004780  24 18 4D 4A EC 2D 34 3F 34 3F EC 2D 4D 4A 24 18
00004790  20 4E 00 00 4D 4A DC E7 34 3F 14 D2 EC 2D CC C0
000047A0  24 18 B3 B5 00 00 E0 B1 DC E7 B3 B5 14 D2 CC C0
000047B0  CC C0 14 D2 B3 B5 DC E7 E0 B1 00 00 B3 B5 24 18
000047C0  CC C0 EC 2D 14 D2 34 3F DC E7 4D 4A 00 00 20 4E
000047D0  24 18 4D 4A EC 2D 34 3F 34 3F EC 2D 4D 4A 24 18
000047E0  20 4E 00 00 4D 4A DC E7 34 3F 14 D2 EC 2D CC C0
000047F0  24 18 B3 B5 00 00 E0 B1 DC E7 B3 B5 14 D2 CC C0
00004800  CC C0 14 D2 B3 B5 DC E7 E0 B1 00 00 B3 B5 24 18
00004810  CC C0 EC 2D 14 D2 34 3F DC E7 4D 4A 00 00 20 4E
00004820  24 18 4D 4A EC 2D 34 3F 34 3F EC 2D 4D 4A 24 18
00004830  20 4E 00 00 4D 4A DC E7 34 3F 14 D2 EC 2D CC C0
00004840  24 18 B3 B5 00 00 E0 B1 DC E7 B3 B5 14 D2 CC C0
00004850  CC C0 14 D2 B3 B5 DC E7 E0 B1 00 00 B3 B5 24 18
00004860  CC C0 EC 2D 14 D2 34 3F DC E7 4D 4A 00 00 20 4E
00004870  24 18 4D 4A EC 2D 34 3F 34 3F EC 2D 4D 4A 24 18
00004880  20 4E 00 00 4D 4A DC E7 34 3F 14 D2 EC 2D CC C0
00004890  24 18 B3 B5 00 00 E0 B1 DC E7 B3 B5 14 D2 CC C0
000048A0  CC C0 14 D2 B3 B5 DC E7 E0 B1 00 00 B3 B5 24 18
000048B0  CC C0 EC 2D 14 D2 34 3F DC E7 4D 4A 00 00 20 4E
000048C0  24 18 4D 4A EC 2D 34 3F 34 3F EC 2D 4D 4A 24 18
000048D0  20 4E 00 00 4D 4A DC E7 34 3F 14 D2 EC 2D CC C0
000048E0  24 18 B3 B5 00 00 E0 B1 DC E7 B3 B5 14 D2 CC C0
000048F0  CC C0 14 D2 B3 B5 DC E7 E0 B1 00 00 B3 B5 24 18
00004900  CC C0 EC 2D 14 D2 34 3F DC E7 4D 4A 00 00 20 4E
00004910  24 18 4D 4A EC 2D 34 3F 34 3F EC 2D 4D 4A 24 18
00004920  20 4E 00 00 4D 4A DC E7 34 3F 14 D2 EC 2D CC C0
00004930  24 18 B3 B5 00 00 E0 B1 DC E7 B3 B5 14 D2 CC C0
00004940  CC C0 14 D2 B3 B5 DC E7 E0 B1 00 00 B3 B5 24 18
00004950  CC C0 EC 2D 14 D2 34 3F DC E7 4D 4A 00 00 20 4E
00004960  24 18 4D 4A EC 2D 34 3F 34 3F EC 2D 4D 4A 24 18
00004970  20 4E 00 00 4D 4A DC E7 34 3F 14 D2 EC 2D CC C0
00004980  24 18 B3 B5 00 00 E0 B1 DC E7 B3 B5 14 D2 CC C0
00004990  CC C0 14 D2 B3 B5 DC E7 E0 B1 00 00 B3 B5 24 18
000049A0  CC C0 EC 2D 14 D2 34 3F DC E7 4D 4A 00 00 20 4E
000049B0  24 18 4D 4A EC 2D 34 3F 34 3F EC 2D 4D 4A 24 18
000049C0  20 4E 00 00 4D 4A DC E7 34 3F 14 D2 EC 2D CC C0
000049D0  24 18 B3 B5 00 00 E0 B1 DC E7 B3 B5 14 D2 CC C0
000049E0  CC C0 14 D2 B3 B5 DC E7 E0 B1 00 00 B3 B5 24 18
000049F0  CC C0 EC 2D 14 D2 34 3F DC E7 4D 4A 00 00 20 4E
00004A00  24 18 4D 4A EC 2D 34 3F 34 3F EC 2D 4D 4A 24 18
00004A10  20 4E 00 00 4D 4A DC E7 34 3F 14 D2 EC 2D CC C0
00004A20  24 18 B3 B5 00 00 E0 B1 DC E7 B3 B5 14 D2 CC C0
00004A30  CC C0 14 D2 B3 B5 DC E7 E0 B1 00 00 B3 B5 24 18
00004A40  CC C0 EC 2D 14 D2 34 3F DC E7 4D 4A 00 00 20 4E
00004A50  24 18 4D 4A EC 2D 34 3F 34 3F EC 2D 4D 4A 24 18
00004A60  20 4E 00 00 4D 4A DC E7 34 3F 14 D2 EC 2D CC C0
00004A70  24 18 B3 B5 00 00 E0 B1 DC E7 B3 B5 14 D2 CC C0
00004A80  CC C0 14 D2 B3 B5 DC E7 E0 B1 00 00 B3 B5 24 18
00004A90  CC C0 EC 2D 14 D2 34 3F DC E7 4D 4A 00 00 20 4E
00004AA0  24 18 4D 4A EC 2D 34 3F 34 3F EC 2D 4D 4A 24 18
00004AB0  20 4E 00 00 4D 4A DC E7 34 3F 14 D2 EC 2D CC C0
00004AC0  24 18 B3 B5 00 00 E0 B1 DC E7 B3 B5 14 D2 CC C0
00004AD0  CC C0 14 D2 B3 B5 DC E7 E0 B1 00 00 B3 B5 24 18
00004AE0  CC C0 EC 2D 14 D2 34 3F DC E7 4D 4A 00 00 20 4E
00004AF0  24 18 4D 4A EC 2D 34 3F 34 3F EC 2D 4D 4A 24 18
00004B00  20 4E 00 00 4D 4A DC E7 34 3F 14 D2 EC 2D CC C0
00004B10  24 18 B3 B5 00 00 E0 B1 DC E7 B3 B5 14 D2 CC C0
00004B20  CC C0 14 D2 B3 B5 DC E7 E0 B1 00 00 B3 B5 24 18
00004B30  CC C0 EC 2D 14 D2 34 3F DC E7 4D 4A 00 00 20 4E
00004B40  24 18 4D 4A EC 2D 34 3F 34 3F EC 2D 4D 4A 24 18
00004B50  20 4E 00 00 4D 4A DC E7 34 3F 14 D2 EC 2D CC C0
00004B60  24 18 B3 B5 00 00 E0 B1 DC E7 B3 B5 14 D2 CC C0
00004B70  CC C0 14 D2 B3 B5 DC E7 E0 B1 00 00 B3 B5 24 18
00004B80  CC C0 EC 2D 14 D2 34 3F DC E7 4D 4A 00 00 20 4E
00004B90  24 18 4D 4A EC 2D 34 3F 34 3F EC 2D 4D 4A 24 18
00004BA0  20 4E 00 00 4D 4A DC E7 34 3F 14 D2 EC 2D CC C0
00004BB0  24 18 B3 B5 00 00 E0 B1 DC E7 B3 B5 14 D2 CC C0
00004BC0  CC C0 14 D2 B3 B5 DC E7 E0 B1 00 00 B3 B5 24 18
00004BD0  CC C0 EC 2D 14 D2 34 3F DC E7 4D 4A 00 00 20 4E
00004BE0  24 18 4D 4A EC 2D 34 3F 34 3F EC 2D 4D 4A 24 18
00004BF0  20 4E 00 00 4D 4A DC E7 34 3F 14 D2 EC 2D CC C0
00004C00  24 18 B3 B5 00 00 E0 B1 DC E7 B3 B5 14 D2 CC C0
00004C10  CC C0 14 D2 B3 B5 DC E7 E0 B1 00 00 B3 B5 24 18
00004C20  CC C0 EC 2D 14 D2 34 3F DC E7 4D 4A 00 00 20 4E
00004C30  24 18 4D 4A EC 2D 34 3F 34 3F EC 2D 4D 4A 24 18
00004C40  20 4E 00 00 4D 4A DC E7 34 3F 14 D2 EC 2D CC C0
00004C50  24 18 B3 B5 00 00 E0 B1 DC E7 B3 B5 14 D2 CC C0
00004C60  CC C0 14 D2 B3 B5 DC E7 E0 B1 00 00 B3 B5 24 18
00004C70  CC C0 EC 2D 14 D2 34 3F DC E7 4D 4A 00 00 20 4E
00004C80  24 18 4D 4A EC 2D 34 3F 34 3F EC 2D 4D 4A 24 18
00004C90  20 4E 00 00 4D 4A DC E7 34 3F 14 D2 EC 2D CC C0
00004CA0  24 18 B3 B5 00 00 E0 B1 DC E7 B3 B5 14 D2 CC C0
00004CB0  CC C0 14 D2 B3 B5 DC E7 E0 B1 00 00 B3 B5 24 18
00004CC0  CC C0 EC 2D 14 D2 34 3F DC E7 4D 4A 00 00 20 4E
00004CD0  24 18 4D 4A EC 2D 34 3F 34 3F EC 2D 4D 4A 24 18
00004CE0  20 4E 00 00 4D 4A DC E7 34 3F 14 D2 EC 2D CC C0
00004CF0  24 18 B3 B5 00 00 E0 B1 DC E7 B3 B5 14 D2 CC C0
00004D00  CC C0 14 D2 B3 B5 DC E7 E0 B1 00 00 B3 B5 24 18
00004D10  CC C0 EC 2D 14 D2 34 3F DC E7 4D 4A 00 00 20 4E
00004D20  24 18 4D 4A EC 2D 34 3F 34 3F EC 2D 4D 4A 24 18
00004D30  20 4E 00 00 4D 4A DC E7 34 3F 14 D2 EC 2D CC C0
00004D40  24 18 B3 B5 00 00 E0 B1 DC E7 B3 B5 14 D2 CC C0
00004D50  CC C0 14 D2 B3 B5 DC E7 E0 B1 00 00 B3 B5 24 18
00004D60  CC C0 EC 2D 14 D2 34 3F DC E7 4D 4A 00 00 20 4E
00004D70  24 18 4D 4A EC 2D 34 3F 34 3F EC 2D 4D 4A 24 18
00004D80  20 4E 00 00 4D 4A DC E7 34 3F 14 D2 EC 2D CC C0
00004D90  24 18 B3 B5 00 00 E0 B1 DC E7 B3 B5 14 D2 CC C0
00004DA0  CC C0 14 D2 B3 B5 DC E7 E0 B1 00 00 B3 B5 24 18
00004DB0  CC C0 EC 2D 14 D2 34 3F DC E7 4D 4A 00 00 20 4E
00004DC0  24 18 4D 4A EC 2D 34 3F 34 3F EC 2D 4D 4A 24 18
00004DD0  20 4E 00 00 4D 4A DC E7 34 3F 14 D2 EC 2D CC C0
00004DE0  24 18 B3 B5 00 00 E0 B1 DC E7 B3 B5 14 D2 CC C0
00004DF0  CC C0 14 D2 B3 B5 DC E7 E0 B1 00 00 B3 B5 24 18
00004E00  CC C0 EC 2D 14 D2 34 3F DC E7 4D 4A 00 00 20 4E
00004E10  24 18 4D 4A EC 2D 34 3F 34 3F EC 2D 4D 4A 24 18
00004E20  20 4E 00 00 4D 4A DC E7 34 3F 14 D2 EC 2D CC C0
00004E30  24 18 B3 B5 00 00 E0 B1 DC E7 B3 B5 14 D2 CC C0
00004E40  CC C0 14 D2 B3 B5 DC E7 E0 B1 00 00 B3 B5 24 18
00004E50  CC C0 EC 2D 14 D2 34 3F DC E7 4D 4A 00 00 20 4E
00004E60  24 18 4D 4A EC 2D 34 3F 34 3F EC 2D 4D 4A 24 18
00004E70  20 4E 00 00 4D 4A DC E7 34 3F 14 D2 EC 2D CC C0
00004E80  24 18 B3 B5 00 00 E0 B1 DC E7 B3 B5 14 D2 CC C0
00004E90  CC C0 14 D2 B3 B5 DC E7 E0 B1 00 00 B3 B5 24 18
00004EA0  CC C0 EC 2D 14 D2 34 3F DC E7 4D 4A 00 00 20 4E
00004EB0  24 18 4D 4A EC 2D 34 3F 34 3F EC 2D 4D 4A 24 18
00004EC0  20 4E 00 00 4D 4A DC E7 34 3F 14 D2 EC 2D CC C0
00004ED0  24 18 B3 B5 00 00 E0 B1 DC E7 B3 B5 14 D2 CC C0
00004EE0  CC C0 14 D2 B3 B5 DC E7 E0 B1 00 00 B3 B5 24 18
00004EF0  CC C0 EC 2D 14 D2 34 3F DC E7 4D 4A 00 00 20 4E
00004F00  24 18 4D 4A EC 2D 34 3F 34 3F EC 2D 4D 4A 24 18
00004F10  20 4E 00 00 4D 4A DC E7 34 3F 14 D2 EC 2D CC C0
00004F20  24 18 B3 B5 00 00 E0 B1 DC E7 B3 B5 14 D2 CC C0
00004F30  CC C0 14 D2 B3 B5 DC E7 E0 B1 00 00 B3 B5 24 18
00004F40  CC C0 EC 2D 14 D2 34 3F DC E7 4D 4A 00 00 20 4E
00004F50  24 18 4D 4A EC 2D 34 3F 34 3F EC 2D 4D 4A 24 18
00004F60  20 4E 00 00 4D 4A DC E7 34 3F 14 D2 EC 2D CC C0
00004F70  24 18 B3 B5 00 00 E0 B1 DC E7 B3 B5 14 D2 CC C0
00004F80  CC C0 14 D2 B3 B5 DC E7 E0 B1 00 00 B3 B5 24 18
00004F90  CC C0 EC 2D 14 D2 34 3F DC E7 4D 4A 00 00 20 4E
00004FA0  24 18 4D 4A EC 2D 34 3F 34 3F EC 2D 4D 4A 24 18
00004FB0  20 4E 00 00 4D 4A DC E7 34 3F 14 D2 EC 2D CC C0
00004FC0  24 18 B3 B5 00 00 E0 B1 DC E7 B3 B5 14 D2 CC C0
00004FD0  CC C0 14 D2 B3 B5 DC E7 E0 B1 00 00 B3 B5 24 18
00004FE0  CC C0 EC 2D 14 D2 34 3F DC E7 4D 4A 00 00 20 4E
00004FF0  24 18 4D 4A EC 2D 34 3F 34 3F EC 2D 4D 4A 24 18
00005000  20 4E 00 00 4D 4A DC E7 34 3F 14 D2 EC 2D CC C0
00005010  24 18 B3 B5 00 00 E0 B1 DC E7 B3 B5 14 D2 CC C0
00005020  CC C0 14 D2 B3 B5 DC E7 E0 B1 00 00 B3 B5 24 18
00005030  CC C0 EC 2D 14 D2 34 3F DC E7 4D 4A 00 00 20 4E
00005040  24 18 4D 4A EC 2D 34 3F 34 3F EC 2D 4D 4A 24 18
00005050  20 4E 00 00 4D 4A DC E7 34 3F 14 D2 EC 2D CC C0
00005060  24 18 B3 B5 00 00 E0 B1 DC E7 B3 B5 14 D2 CC C0
00005070  CC C0 14 D2 B3 B5 DC E7 E0 B1 00 00 B3 B5 24 18
00005080  CC C0 EC 2D 14 D2 34 3F DC E7 4D 4A 00 00 20 4E
00005090  24 18 4D 4A EC 2D 34 3F 34 3F EC 2D 4D 4A 24 18
000050A0  20 4E 00 00 4D 4A DC E7 34 3F 14 D2 EC 2D CC C0
000050B0  24 18 B3 B5 00 00 E0 B1 DC E7 B3 B5 14 D2 CC C0
000050C0  CC C0 14 D2 B3 B5 DC E7 E0 B1 00 00 B3 B5 24 18
000050D0  CC C0 EC 2D 14 D2 34 3F DC E7 4D 4A 00 00 20 4E
000050E0  24 18 4D 4A EC 2D 34 3F 34 3F EC 2D 4D 4A 24 18
000050F0  20 4E 00 00 4D 4A DC E7 34 3F 14 D2 EC 2D CC C0
00005100  24 18 B3 B5 00 00 E0 B1 DC E7 B3 B5 14 D2 CC C0
00005110  CC C0 14 D2 B3 B5 DC E7 E0 B1 00 00 B3 B5 24 18
00005120  CC C0 EC 2D 14 D2 34 3F DC E7 4D 4A 00 00 20 4E
00005130  24 18 4D 4A EC 2D 34 3F 34 3F EC 2D 4D 4A 24 18
00005140  20 4E 00 00 4D 4A DC E7 34 3F 14 D2 EC 2D CC C0
00005150  24 18 B3 B5 00 00 E0 B1 DC E7 B3 B5 14 D2 CC C0
00005160  CC C0 14 D2 B3 B5 DC E7 E0 B1 00 00 B3 B5 24 18
00005170  CC C0 EC 2D 14 D2 34 3F DC E7 4D 4A 00 00 20 4E
00005180  24 18 4D 4A EC 2D 34 3F 34 3F EC 2D 4D 4A 24 18
00005190  20 4E 00 00 4D 4A DC E7 34 3F 14 D2 EC 2D CC C0
000051A0  24 18 B3 B5 00 00 E0 B1 DC E7 B3 B5 14 D2 CC C0
000051B0  CC C0 14 D2 B3 B5 DC E7 E0 B1 00 00 B3 B5 24 18
000051C0  CC C0 EC 2D 14 D2 34 3F DC E7 4D 4A 00 00 20 4E
000051D0  24 18 4D 4A EC 2D 34 3F 34 3F EC 2D 4D 4A 24 18
000051E0  20 4E 00 00 4D 4A DC E7 34 3F 14 D2 EC 2D CC C0
000051F0  24 18 B3 B5 00 00 E0 B1 DC E7 B3 B5 14 D2 CC C0
00005200  CC C0 14 D2 B3 B5 DC E7 E0 B1 00 00 B3 B5 24 18
00005210  CC C0 EC 2D 14 D2 34 3F DC E7 4D 4A 00 00 20 4E
00005220  24 18 4D 4A EC 2D 34 3F 34 3F EC 2D 4D 4A 24 18
00005230  20 4E 00 00 4D 4A DC E7 34 3F 14 D2 EC 2D CC C0
00005240  24 18 B3 B5 00 00 E0 B1 DC E7 B3 B5 14 D2 CC C0
00005250  CC C0 14 D2 B3 B5 DC E7 E0 B1 00 00 B3 B5 24 18
00005260  CC C0 EC 2D 14 D2 34 3F DC E7 4D 4A 00 00 20 4E
00005270  24 18 4D 4A EC 2D 34 3F 34 3F EC 2D 4D 4A 24 18
00005280  20 4E 00 00 4D 4A DC E7 34 3F 14 D2 EC 2D CC C0
00005290  24 18 B3 B5 00 00 E0 B1 DC E7 B3 B5 14 D2 CC C0
000052A0  CC C0 14 D2 B3 B5 DC E7 E0 B1 00 00 B3 B5 24 18
000052B0  CC C0 EC 2D 14 D2 34 3F DC E7 4D 4A 00 00 20 4E
000052C0  24 18 4D 4A EC 2D 34 3F 34 3F EC 2D 4D 4A 24 18
000052D0  20 4E 00 00 4D 4A DC E7 34 3F 14 D2 EC 2D CC C0
000052E0  24 18 B3 B5 00 00 E0 B1 DC E7 B3 B5 14 D2 CC C0
000052F0  CC C0 14 D2 B3 B5 DC E7 E0 B1 00 00 B3 B5 24 18
00005300  CC C0 EC 2D 14 D2 34 3F DC E7 4D 4A 00 00 20 4E
00005310  24 18 4D 4A EC 2D 34 3F 34 3F EC 2D 4D 4A 24 18
00005320  20 4E 00 00 4D 4A DC E7 34 3F 14 D2 EC 2D CC C0
00005330  24 18 B3 B5 00 00 E0 B1 DC E7 B3 B5 14 D2 CC C0
00005340  CC C0 14 D2 B3 B5 DC E7 E0 B1 00 00 B3 B5 24 18
00005350  CC C0 EC 2D 14 D2 34 3F DC E7 4D 4A 00 00 20 4E
00005360  24 18 4D 4A EC 2D 34 3F 34 3F EC 2D 4D 4A 24 18
00005370  20 4E 00 00 4D 4A DC E7 34 3F 14 D2 EC 2D CC C0
00005380  24 18 B3 B5 00 00 E0 B1 DC E7 B3 B5 14 D2 CC C0
00005390  CC C0 14 D2 B3 B5 DC E7 E0 B1 00 00 B3 B5 24 18
000053A0  CC C0 EC 2D 14 D2 34 3F DC E7 4D 4A 00 00 20 4E
000053B0  24 18 4D 4A EC 2D 34 3F 34 3F EC 2D 4D 4A 24 18
000053C0  20 4E 00 00 4D 4A DC E7 34 3F 14 D2 EC 2D CC C0
000053D0  24 18 B3 B5 00 00 E0 B1 DC E7 B3 B5 14 D2 CC C0
000053E0  CC C0 14 D2 B3 B5 DC E7 E0 B1 00 00 B3 B5 24 18
000053F0  CC C0 EC 2D 14 D2 34 3F DC E7 4D 4A 00 00 20 4E
00005400  24 18 4D 4A EC 2D 34 3F 34 3F EC 2D 4D 4A 24 18
00005410  20 4E 00 00 4D 4A DC E7 34 3F 14 D2 EC 2D CC C0
00005420  24 18 B3 B5 00 00 E0 B1 DC E7 B3 B5 14 D2 CC C0
00005430  CC C0 14 D2 B3 B5 DC E7 E0 B1 00 00 B3 B5 24 18
00005440  CC C0 EC 2D 14 D2 34 3F DC E7 4D 4A 00 00 20 4E
00005450  24 18 4D 4A EC 2D 34 3F 34 3F EC 2D 4D 4A 24 18
00005460  20 4E 00 00 4D 4A DC E7 34 3F 14 D2 EC 2D CC C0
00005470  24 18 B3 B5 00 00 E0 B1 DC E7 B3 B5 14 D2 CC C0
00005480  CC C0 14 D2 B3 B5 DC E7 E0 B1 00 00 B3 B5 24 18
00005490  CC C0 EC 2D 14 D2 34 3F DC E7 4D 4A 00 00 20 4E
000054A0  24 18 4D 4A EC 2D 34 3F 34 3F EC 2D 4D 4A 24 18
000054B0  20 4E 00 00 4D 4A DC E7 34 3F 14 D2 EC 2D CC C0
000054C0  24 18 B3 B5 00 00 E0 B1 DC E7 B3 B5 14 D2 CC C0
000054D0  CC C0 14 D2 B3 B5 DC E7 E0 B1 00 00 B3 B5 24 18
000054E0  CC C0 EC 2D 14 D2 34 3F DC E7 4D 4A 00 00 20 4E
000054F0  24 18 4D 4A EC 2D 34 3F 34 3F EC 2D 4D 4A 24 18
00005500  20 4E 00 00 4D 4A DC E7 34 3F 14 D2 EC 2D CC C0
00005510  24 18 B3 B5 00 00 E0 B1 DC E7 B3 B5 14 D2 CC C0
00005520  CC C0 14 D2 B3 B5 DC E7 E0 B1 00 00 B3 B5 24 18
00005530  CC C0 EC 2D 14 D2 34 3F DC E7 4D 4A 00 00 20 4E
00005540  24 18 4D 4A EC 2D 34 3F 34 3F EC 2D 4D 4A 24 18
00005550  20 4E 00 00 4D 4A DC E7 34 3F 14 D2 EC 2D CC C0
00005560  24 18 B3 B5 00 00 E0 B1 DC E7 B3 B5 14 D2 CC C0
00005570  CC C0 14 D2 B3 B5 DC E7 E0 B1 00 00 B3 B5 24 18
00005580  CC C0 EC 2D 14 D2 34 3F DC E7 4D 4A 00 00 20 4E
00005590  24 18 4D 4A EC 2D 34 3F 34 3F EC 2D 4D 4A 24 18
000055A0  20 4E 00 00 4D 4A DC E7 34 3F 14 D2 EC 2D CC C0
000055B0  24 18 B3 B5 00 00 E0 B1 DC E7 B3 B5 14 D2 CC C0
000055C0  CC C0 14 D2 B3 B5 DC E7 E0 B1 00 00 B3 B5 24 18
000055D0  CC C0 EC 2D 14 D2 34 3F DC E7 4D 4A 00 00 20 4E
000055E0  24 18 4D 4A EC 2D 34 3F 34 3F EC 2D 4D 4A 24 18
000055F0  20 4E 00 00 4D 4A DC E7 34 3F 14 D2 EC 2D CC C0
00005600  24 18 B3 B5 00 00 E0 B1 DC E7 B3 B5 14 D2 CC C0
00005610  CC C0 14 D2 B3 B5 DC E7 E0 B1 00 00 B3 B5 24 18
00005620  CC C0 EC 2D 14 D2 34 3F DC E7 4D 4A 00 00 20 4E
00005630  24 18 4D 4A EC 2D 34 3F 34 3F EC 2D 4D 4A 24 18
00005640  20 4E 00 00 4D 4A DC E7 34 3F 14 D2 EC 2D CC C0
00005650  24 18 B3 B5 00 00 E0 B1 DC E7 B3 B5 14 D2 CC C0
00005660  CC C0 14 D2 B3 B5 DC E7 E0 B1 00 00 B3 B5 24 18
00005670  CC C0 EC 2D 14 D2 34 3F DC E7 4D 4A 00 00 20 4E
00005680  24 18 4D 4A EC 2D 34 3F 34 3F EC 2D 4D 4A 24 18
00005690  20 4E 00 00 4D 4A DC E7 34 3F 14 D2 EC 2D CC C0
000056A0  24 18 B3 B5 00 00 E0 B1 DC E7 B3 B5 14 D2 CC C0
000056B0  CC C0 14 D2 B3 B5 DC E7 E0 B1 00 00 B3 B5 24 18
000056C0  CC C0 EC 2D 14 D2 34 3F DC E7 4D 4A 00 00 20 4E
000056D0  24 18 4D 4A EC 2D 34 3F 34 3F EC 2D 4D 4A 24 18
000056E0  20 4E 00 00 4D 4A DC E7 34 3F 14 D2 EC 2D CC C0
000056F0  24 18 B3 B5 00 00 E0 B1 DC E7 B3 B5 14 D2 CC C0
00005700  CC C0 14 D2 B3 B5 DC E7 E0 B1 00 00 B3 B5 24 18
00005710  CC C0 EC 2D 14 D2 34 3F DC E7 4D 4A 00 00 20 4E
00005720  24 18 4D 4A EC 2D 34 3F 34 3F EC 2D 4D 4A 24 18
00005730  20 4E 00 00 4D 4A DC E7 34 3F 14 D2 EC 2D CC C0
00005740  24 18 B3 B5 00 00 E0 B1 DC E7 B3 B5 14 D2 CC C0
00005750  CC C0 14 D2 B3 B5 DC E7 E0 B1 00 00 B3 B5 24 18
00005760  CC C0 EC 2D 14 D2 34 3F DC E7 4D 4A 00 00 20 4E
00005770  24 18 4D 4A EC 2D 34 3F 34 3F EC 2D 4D 4A 24 18
00005780  20 4E 00 00 4D 4A DC E7 34 3F 14 D2 EC 2D CC C0
00005790  24 18 B3 B5 00 00 E0 B1 DC E7 B3 B5 14 D2 CC C0
000057A0  CC C0 14 D2 B3 B5 DC E7 E0 B1 00 00 B3 B5 24 18
000057B0  CC C0 EC 2D 14 D2 34 3F DC E7 4D 4A 00 00 20 4E
000057C0  24 18 4D 4A EC 2D 34 3F 34 3F EC 2D 4D 4A 24 18
000057D0  20 4E 00 00 4D 4A DC E7 34 3F 14 D2 EC 2D CC C0
000057E0  24 18 B3 B5 00 00 E0 B1 DC E7 B3 B5 14 D2 CC C0
000057F0  CC C0 14 D2 B3 B5 DC E7 E0 B1 00 00 B3 B5 24 18
00005800  CC C0 EC 2D 14 D2 34 3F DC E7 4D 4A 00 00 20 4E
00005810  24 18 4D 4A EC 2D 34 3F 34 3F EC 2D 4D 4A 24 18
00005820  20 4E 00 00 4D 4A DC E7 34 3F 14 D2 EC 2D CC C0
00005830  24 18 B3 B5 00 00 E0 B1 DC E7 B3 B5 14 D2 CC C0
00005840  CC C0 14 D2 B3 B5 DC E7 E0 B1 00 00 B3 B5 24 18
00005850  CC C0 EC 2D 14 D2 34 3F DC E7 4D 4A 00 00 20 4E
00005860  24 18 4D 4A EC 2D 34 3F 34 3F EC 2D 4D 4A 24 18
00005870  20 4E 00 00 4D 4A DC E7 34 3F 14 D2 EC 2D CC C0
00005880  24 18 B3 B5 00 00 E0 B1 DC E7 B3 B5 14 D2 CC C0
00005890  CC C0 14 D2 B3 B5 DC E7 E0 B1 00 00 B3 B5 24 18
000058A0  CC C0 EC 2D 14 D2 34 3F DC E7 4D 4A 00 00 20 4E
000058B0  24 18 4D 4A EC 2D 34 3F 34 3F EC 2D 4D 4A 24 18
000058C0  20 4E 00 00 4D 4A DC E7 34 3F 14 D2 EC 2D CC C0
000058D0  24 18 B3 B5 00 00 E0 B1 DC E7 B3 B5 14 D2 CC C0
000058E0  CC C0 14 D2 B3 B5 DC E7 E0 B1 00 00 B3 B5 24 18
000058F0  CC C0 EC 2D 14 D2 34 3F DC E7 4D 4A 00 00 20 4E
00005900  24 18 4D 4A EC 2D 34 3F 34 3F EC 2D 4D 4A 24 18
00005910  20 4E 00 00 4D 4A DC E7 34 3F 14 D2 EC 2D CC C0
00005920  24 18 B3 B5 00 00 E0 B1 DC E7 B3 B5 14 D2 CC C0
00005930  CC C0 14 D2 B3 B5 DC E7 E0 B1 00 00 B3 B5 24 18
00005940  CC C0 EC 2D 14 D2 34 3F DC E7 4D 4A 00 00 20 4E
00005950  24 18 4D 4A EC 2D 34 3F 34 3F EC 2D 4D 4A 24 18
00005960  20 4E 00 00 4D 4A DC E7 34 3F 14 D2 EC 2D CC C0
00005970  24 18 B3 B5 00 00 E0 B1 DC E7 B3 B5 14 D2 CC C0
00005980  CC C0 14 D2 B3 B5 DC E7 E0 B1 00 00 B3 B5 24 18
00005990  CC C0 EC 2D 14 D2 34 3F DC E7 4D 4A 00 00 20 4E
000059A0  24 18 4D 4A EC 2D 34 3F 34 3F EC 2D 4D 4A 24 18
000059B0  20 4E 00 00 4D 4A DC E7 34 3F 14 D2 EC 2D CC C0
000059C0  24 18 B3 B5 00 00 E0 B1 DC E7 B3 B5 14 D2 CC C0
000059D0  CC C0 14 D2 B3 B5 DC E7 E0 B1 00 00 B3 B5 24 18
000059E0  CC C0 EC 2D 14 D2 34 3F DC E7 4D 4A 00 00 20 4E
000059F0  24 18 4D 4A EC 2D 34 3F 34 3F EC 2D 4D 4A 24 18
00005A00  20 4E 00 00 4D 4A DC E7 34 3F 14 D2 EC 2D CC C0
00005A10  24 18 B3 B5 00 00 E0 B1 DC E7 B3 B5 14 D2 CC C0
00005A20  CC C0 14 D2 B3 B5 DC E7 E0 B1 00 00 B3 B5 24 18
00005A30  CC C0 EC 2D 14 D2 34 3F DC E7 4D 4A 00 00 20 4E
00005A40  24 18 4D 4A EC 2D 34 3F 34 3F EC 2D 4D 4A 24 18
00005A50  20 4E 00 00 4D 4A DC E7 34 3F 14 D2 EC 2D CC C0
00005A60  24 18 B3 B5 00 00 E0 B1 DC E7 B3 B5 14 D2 CC C0
00005A70  CC C0 14 D2 B3 B5 DC E7 E0 B1 00 00 B3 B5 24 18
00005A80  CC C0 EC 2D 14 D2 34 3F DC E7 4D 4A 00 00 20 4E
00005A90  24 18 4D 4A EC 2D 34 3F 34 3F EC 2D 4D 4A 24 18
00005AA0  20 4E 00 00 4D 4A DC E7 34 3F 14 D2 EC 2D CC C0
00005AB0  24 18 B3 B5 00 00 E0 B1 DC E7 B3 B5 14 D2 CC C0
00005AC0  CC C0 14 D2 B3 B5 DC E7 E0 B1 00 00 B3 B5 24 18
00005AD0  CC C0 EC 2D 14 D2 34 3F DC E7 4D 4A 00 00 20 4E
00005AE0  24 18 4D 4A EC 2D 34 3F 34 3F EC 2D 4D 4A 24 18
00005AF0  20 4E 00 00 4D 4A DC E7 34 3F 14 D2 EC 2D CC C0
00005B00  24 18 B3 B5 00 00 E0 B1 DC E7 B3 B5 14 D2 CC C0
00005B10  CC C0 14 D2 B3 B5 DC E7 E0 B1 00 00 B3 B5 24 18
00005B20  CC C0 EC 2D 14 D2 34 3F DC E7 4D 4A 00 00 20 4E
00005B30  24 18 4D 4A EC 2D 34 3F 34 3F EC 2D 4D 4A 24 18
00005B40  20 4E 00 00 4D 4A DC E7 34 3F 14 D2 EC 2D CC C0
00005B50  24 18 B3 B5 00 00 E0 B1 DC E7 B3 B5 14 D2 CC C0
00005B60  CC C0 14 D2 B3 B5 DC E7 E0 B1 00 00 B3 B5 24 18
00005B70  CC C0 EC 2D 14 D2 34 3F DC E7 4D 4A 00 00 20 4E
00005B80  24 18 4D 4A EC 2D 34 3F 34 3F EC 2D 4D 4A 24 18
00005B90  20 4E 00 00 4D 4A DC E7 34 3F 14 D2 EC 2D CC C0
00005BA0  24 18 B3 B5 00 00 E0 B1 DC E7 B3 B5 14 D2 CC C0
00005BB0  CC C0 14 D2 B3 B5 DC E7 E0 B1 00 00 B3 B5 24 18
00005BC0  CC C0 EC 2D 14 D2 34 3F DC E7 4D 4A 00 00 20 4E
00005BD0  24 18 4D 4A EC 2D 34 3F 34 3F EC 2D 4D 4A 24 18
00005BE0  20 4E 00 00 4D 4A DC E7 34 3F 14 D2 EC 2D CC C0
00005BF0  24 18 B3 B5 00 00 E0 B1 DC E7 B3 B5 14 D2 CC C0
00005C00  CC C0 14 D2 B3 B5 DC E7 E0 B1 00 00 B3 B5 24 18
00005C10  CC C0 EC 2D 14 D2 34 3F DC E7 4D 4A 00 00 20 4E
00005C20  24 18 4D 4A EC 2D 34 3F 34 3F EC 2D 4D 4A 24 18
00005C30  20 4E 00 00 4D 4A DC E7 34 3F 14 D2 EC 2D CC C0
00005C40  24 18 B3 B5 00 00 E0 B1 DC E7 B3 B5 14 D2 CC C0
00005C50  CC C0 14 D2 B3 B5 DC E7 E0 B1 00 00 B3 B5 24 18
00005C60  CC C0 EC 2D 14 D2 34 3F DC E7 4D 4A 00 00 20 4E
00005C70  24 18 4D 4A EC 2D 34 3F 34 3F EC 2D 4D 4A 24 18
00005C80  20 4E 00 00 4D 4A DC E7 34 3F 14 D2 EC 2D CC C0
00005C90  24 18 B3 B5 00 00 E0 B1 DC E7 B3 B5 14 D2 CC C0
00005CA0  CC C0 14 D2 B3 B5 DC E7 E0 B1 00 00 B3 B5 24 18
00005CB0  CC C0 EC 2D 14 D2 34 3F DC E7 4D 4A 00 00 20 4E
00005CC0  24 18 4D 4A EC 2D 34 3F 34 3F EC 2D 4D 4A 24 18
00005CD0  20 4E 00 00 4D 4A DC E7 34 3F 14 D2 EC 2D CC C0
00005CE0  24 18 B3 B5 00 00 E0 B1 DC E7 B3 B5 14 D2 CC C0
00005CF0  CC C0 14 D2 B3 B5 DC E7 E0 B1 00 00 B3 B5 24 18
00005D00  CC C0 EC 2D 14 D2 34 3F DC E7 4D 4A 00 00 20 4E
00005D10  24 18 4D 4A EC 2D 34 3F 34 3F EC 2D 4D 4A 24 18
00005D20  20 4E 00 00 4D 4A DC E7 34 3F 14 D2 EC 2D CC C0
00005D30  24 18 B3 B5 00 00 E0 B1 DC E7 B3 B5 14 D2 CC C0
00005D40  CC C0 14 D2 B3 B5 DC E7 E0 B1 00 00 B3 B5 24 18
00005D50  CC C0 EC 2D 14 D2 34 3F DC E7 4D 4A 00 00 20 4E
00005D60  24 18 4D 4A EC 2D 34 3F 34 3F EC 2D 4D 4A 24 18
00005D70  20 4E 00 00 4D 4A DC E7 34 3F 14 D2 EC 2D CC C0
00005D80  24 18 B3 B5 00 00 E0 B1 DC E7 B3 B5 14 D2 CC C0
00005D90  CC C0 14 D2 B3 B5 DC E7 E0 B1 00 00 B3 B5 24 18
00005DA0  CC C0 EC 2D 14 D2 34 3F DC E7 4D 4A 00 00 20 4E
00005DB0  24 18 4D 4A EC 2D 34 3F 34 3F EC 2D 4D 4A 24 18
00005DC0  20 4E 00 00 4D 4A DC E7 34 3F 14 D2 EC 2D CC C0
00005DD0  24 18 B3 B5 00 00 E0 B1 DC E7 B3 B5 14 D2 CC C0
00005DE0  CC C0 14 D2 B3 B5 DC E7 E0 B1 00 00 B3 B5 24 18
00005DF0  CC C0 EC 2D 14 D2 34 3F DC E7 4D 4A 00 00 20 4E
00005E00  24 18 4D 4A EC 2D 34 3F 34 3F EC 2D 4D 4A 24 18
00005E10  20 4E 00 00 4D 4A DC E7 34 3F 14 D2 EC 2D CC C0
00005E20  24 18 B3 B5 00 00 E0 B1 DC E7 B3 B5 14 D2 CC C0
00005E30  CC C0 14 D2 B3 B5 DC E7 E0 B1 00 00 B3 B5 24 18
00005E40  CC C0 EC 2D 14 D2 34 3F DC E7 4D 4A 00 00 20 4E
00005E50  24 18 4D 4A EC 2D 34 3F 34 3F EC 2D 4D 4A 24 18
00005E60  20 4E 00 00 4D 4A DC E7 34 3F 14 D2 EC 2D CC C0
00005E70  24 18 B3 B5 00 00 E0 B1 DC E7 B3 B5 14 D2 CC C0
00005E80  CC C0 14 D2 B3 B5 DC E7 E0 B1 00 00 B3 B5 24 18
00005E90  CC C0 EC 2D 14 D2 34 3F DC E7 4D 4A 00 00 20 4E
00005EA0  24 18 4D 4A EC 2D 34 3F 34 3F EC 2D 4D 4A 24 18
00005EB0  20 4E 00 00 4D 4A DC E7 34 3F 14 D2 EC 2D CC C0
00005EC0  24 18 B3 B5 00 00 E0 B1 DC E7 B3 B5 14 D2 CC C0
00005ED0  CC C0 14 D2 B3 B5 DC E7 E0 B1 00 00 B3 B5 24 18
00005EE0  CC C0 EC 2D 14 D2 34 3F DC E7 4D 4A 00 00 20 4E
00005EF0  24 18 4D 4A EC 2D 34 3F 34 3F EC 2D 4D 4A 24 18
00005F00  20 4E 00 00 4D 4A DC E7 34 3F 14 D2 EC 2D CC C0
00005F10  24 18 B3 B5 00 00 E0 B1 DC E7 B3 B5 14 D2 CC C0
00005F20  CC C0 14 D2 B3 B5 DC E7 E0 B1 00 00 B3 B5 24 18
00005F30  CC C0 EC 2D 14 D2 34 3F DC E7 4D 4A 00 00 20 4E
00005F40  24 18 4D 4A EC 2D 34 3F 34 3F EC 2D 4D 4A 24 18
00005F50  20 4E 00 00 4D 4A DC E7 34 3F 14 D2 EC 2D CC C0
00005F60  24 18 B3 B5 00 00 E0 B1 DC E7 B3 B5 14 D2 CC C0
00005F70  CC C0 14 D2 B3 B5 DC E7 E0 B1 00 00 B3 B5 24 18
00005F80  CC C0 EC 2D 14 D2 34 3F DC E7 4D 4A 00 00 20 4E
00005F90  24 18 4D 4A EC 2D 34 3F 34 3F EC 2D 4D 4A 24 18
00005FA0  20 4E 00 00 4D 4A DC E7 34 3F 14 D2 EC 2D CC C0
00005FB0  24 18 B3 B5 00 00 E0 B1 DC E7 B3 B5 14 D2 CC C0
00005FC0  CC C0 14 D2 B3 B5 DC E7 E0 B1 00 00 B3 B5 24 18
00005FD0  CC C0 EC 2D 14 D2 34 3F DC E7 4D 4A 00 00 20 4E
00005FE0  24 18 4D 4A EC 2D 34 3F 34 3F EC 2D 4D 4A 24 18
00005FF0  20 4E 00 00 4D 4A DC E7 34 3F 14 D2 EC 2D CC C0
00006000  24 18 B3 B5 00 00 E0 B1 DC E7 B3 B5 14 D2 CC C0
00006010  CC C0 14 D2 B3 B5 DC E7 E0 B1 00 00 B3 B5 24 18
00006020  CC C0 EC 2D 14 D2 34 3F DC E7 4D 4A 00 00 20 4E
00006030  24 18 4D 4A EC 2D 34 3F 34 3F EC 2D 4D 4A 24 18
00006040  20 4E 00 00 4D 4A DC E7 34 3F 14 D2 EC 2D CC C0
00006050  24 18 B3 B5 00 00 E0 B1 DC E7 B3 B5 14 D2 CC C0
00006060  CC C0 14 D2 B3 B5 DC E7 E0 B1 00 00 B3 B5 24 18
00006070  CC C0 EC 2D 14 D2 34 3F DC E7 4D 4A 00 00 20 4E
00006080  24 18 4D 4A EC 2D 34 3F 34 3F EC 2D 4D 4A 24 18
00006090  20 4E 00 00 4D 4A DC E7 34 3F 14 D2 EC 2D CC C0
000060A0  24 18 B3 B5 00 00 E0 B1 DC E7 B3 B5 14 D2 CC C0
000060B0  CC C0 14 D2 B3 B5 DC E7 E0 B1 00 00 B3 B5 24 18
000060C0  CC C0 EC 2D 14 D2 34 3F DC E7 4D 4A 00 00 20 4E
000060D0  24 18 4D 4A EC 2D 34 3F 34 3F EC 2D 4D 4A 24 18
000060E0  20 4E 00 00 4D 4A DC E7 34 3F 14 D2 EC 2D CC C0
000060F0  24 18 B3 B5 00 00 E0 B1 DC E7 B3 B5 14 D2 CC C0
00006100  CC C0 14 D2 B3 B5 DC E7 E0 B1 00 00 B3 B5 24 18
00006110  CC C0 EC 2D 14 D2 34 3F DC E7 4D 4A 00 00 20 4E
00006120  24 18 4D 4A EC 2D 34 3F 34 3F EC 2D 4D 4A 24 18
00006130  20 4E 00 00 4D 4A DC E7 34 3F 14 D2 EC 2D CC C0
00006140  24 18 B3 B5 00 00 E0 B1 DC E7 B3 B5 14 D2 CC C0
00006150  CC C0 14 D2 B3 B5 DC E7 E0 B1 00 00 B3 B5 24 18
00006160  CC C0 EC 2D 14 D2 34 3F DC E7 4D 4A 00 00 20 4E
00006170  24 18 4D 4A EC 2D 34 3F 34 3F EC 2D 4D 4A 24 18
00006180  20 4E 00 00 4D 4A DC E7 34 3F 14 D2 EC 2D CC C0
00006190  24 18 B3 B5 00 00 E0 B1 DC E7 B3 B5 14 D2 CC C0
000061A0  CC C0 14 D2 B3 B5 DC E7 E0 B1 00 00 B3 B5 24 18
000061B0  CC C0 EC 2D 14 D2 34 3F DC E7 4D 4A 00 00 20 4E
000061C0  24 18 4D 4A EC 2D 34 3F 34 3F EC 2D 4D 4A 24 18
000061D0  20 4E 00 00 4D 4A DC E7 34 3F 14 D2 EC 2D CC C0
000061E0  24 18 B3 B5 00 00 E0 B1 DC E7 B3 B5 14 D2 CC C0
000061F0  CC C0 14 D2 B3 B5 DC E7 E0 B1 00 00 B3 B5 24 18
00006200  CC C0 EC 2D 14 D2 34 3F DC E7 4D 4A 00 00 20 4E
00006210  24 18 4D 4A EC 2D 34 3F 34 3F EC 2D 4D 4A 24 18
00006220  20 4E 00 00 4D 4A DC E7 34 3F 14 D2 EC 2D CC C0
00006230  24 18 B3 B5 00 00 E0 B1 DC E7 B3 B5 14 D2 CC C0
00006240  CC C0 14 D2 B3 B5 DC E7 E0 B1 00 00 B3 B5 24 18
00006250  CC C0 EC 2D 14 D2 34 3F DC E7 4D 4A 00 00 20 4E
00006260  24 18 4D 4A EC 2D 34 3F 34 3F EC 2D 4D 4A 24 18
00006270  20 4E 00 00 4D 4A DC E7 34 3F 14 D2 EC 2D CC C0
00006280  24 18 B3 B5 00 00 E0 B1 DC E7 B3 B5 14 D2 CC C0
00006290  CC C0 14 D2 B3 B5 DC E7 E0 B1 00 00 B3 B5 24 18
000062A0  CC C0 EC 2D 14 D2 34 3F DC E7 4D 4A 00 00 20 4E
000062B0  24 18 4D 4A EC 2D 34 3F 34 3F EC 2D 4D 4A 24 18
000062C0  20 4E 00 00 4D 4A DC E7 34 3F 14 D2 EC 2D CC C0
000062D0  24 18 B3 B5 00 00 E0 B1 DC E7 B3 B5 14 D2 CC C0
000062E0  CC C0 14 D2 B3 B5 DC E7 E0 B1 00 00 B3 B5 24 18
000062F0  CC C0 EC 2D 14 D2 34 3F DC E7 4D 4A 00 00 20 4E
00006300  24 18 4D 4A EC 2D 34 3F 34 3F EC 2D 4D 4A 24 18
00006310  20 4E 00 00 4D 4A DC E7 34 3F 14 D2 EC 2D CC C0
00006320  24 18 B3 B5 00 00 E0 B1 DC E7 B3 B5 14 D2 CC C0
00006330  CC C0 14 D2 B3 B5 DC E7 E0 B1 00 00 B3 B5 24 18
00006340  CC C0 EC 2D 14 D2 34 3F DC E7 4D 4A 00 00 20 4E
00006350  24 18 4D 4A EC 2D 34 3F 34 3F EC 2D 4D 4A 24 18
00006360  20 4E 00 00 4D 4A DC E7 34 3F 14 D2 EC 2D CC C0
00006370  24 18 B3 B5 00 00 E0 B1 DC E7 B3 B5 14 D2 CC C0
00006380  CC C0 14 D2 B3 B5 DC E7 E0 B1 00 00 B3 B5 24 18
00006390  CC C0 EC 2D 14 D2 34 3F DC E7 4D 4A 00 00 20 4E
000063A0  24 18 4D 4A EC 2D 34 3F 34 3F EC 2D 4D 4A 24 18
000063B0  20 4E 00 00 4D 4A DC E7 34 3F 14 D2 EC 2D CC C0
000063C0  24 18 B3 B5 00 00 E0 B1 DC E7 B3 B5 14 D2 CC C0
000063D0  CC C0 14 D2 B3 B5 DC E7 E0 B1 00 00 B3 B5 24 18
000063E0  CC C0 EC 2D 14 D2 34 3F DC E7 4D 4A 00 00 20 4E
000063F0  24 18 4D 4A EC 2D 34 3F 34 3F EC 2D 4D 4A 24 18
00006400  20 4E 00 00 4D 4A DC E7 34 3F 14 D2 EC 2D CC C0
00006410  24 18 B3 B5 00 00 E0 B1 DC E7 B3 B5 14 D2 CC C0
00006420  CC C0 14 D2 B3 B5 DC E7 E0 B1 00 00 B3 B5 24 18
00006430  CC C0 EC 2D 14 D2 34 3F DC E7 4D 4A 00 00 20 4E
00006440  24 18 4D 4A EC 2D 34 3F 34 3F EC 2D 4D 4A 24 18
00006450  20 4E 00 00 4D 4A DC E7 34 3F 14 D2 EC 2D CC C0
00006460  24 18 B3 B5 00 00 E0 B1 DC E7 B3 B5 14 D2 CC C0
00006470  CC C0 14 D2 B3 B5 DC E7 E0 B1 00 00 B3 B5 24 18
00006480  CC C0 EC 2D 14 D2 34 3F DC E7 4D 4A 00 00 20 4E
00006490  24 18 4D 4A EC 2D 34 3F 34 3F EC 2D 4D 4A 24 18
000064A0  20 4E 00 00 4D 4A DC E7 34 3F 14 D2 EC 2D CC C0
000064B0  24 18 B3 B5 00 00 E0 B1 DC E7 B3 B5 14 D2 CC C0
000064C0  CC C0 14 D2 B3 B5 DC E7 E0 B1 00 00 B3 B5 24 18
000064D0  CC C0 EC 2D 14 D2 34 3F DC E7 4D 4A 00 00 20 4E
000064E0  24 18 4D 4A EC 2D 34 3F 34 3F EC 2D 4D 4A 24 18
000064F0  20 4E 00 00 4D 4A DC E7 34 3F 14 D2 EC 2D CC C0
00006500  24 18 B3 B5 00 00 E0 B1 DC E7 B3 B5 14 D2 CC C0
00006510  CC C0 14 D2 B3 B5 DC E7 E0 B1 00 00 B3 B5 24 18
00006520  CC C0 EC 2D 14 D2 34 3F DC E7 4D 4A 00 00 20 4E
00006530  24 18 4D 4A EC 2D 34 3F 34 3F EC 2D 4D 4A 24 18
00006540  20 4E 00 00 4D 4A DC E7 34 3F 14 D2 EC 2D CC C0
00006550  24 18 B3 B5 00 00 E0 B1 DC E7 B3 B5 14 D2 CC C0
00006560  CC C0 14 D2 B3 B5 DC E7 E0 B1 00 00 B3 B5 24 18
00006570  CC C0 EC 2D 14 D2 34 3F DC E7 4D 4A 00 00 20 4E
00006580  24 18 4D 4A EC 2D 34 3F 34 3F EC 2D 4D 4A 24 18
00006590  20 4E 00 00 4D 4A DC E7 34 3F 14 D2 EC 2D CC C0
000065A0  24 18 B3 B5 00 00 E0 B1 DC E7 B3 B5 14 D2 CC C0
000065B0  CC C0 14 D2 B3 B5 DC E7 E0 B1 00 00 B3 B5 24 18
000065C0  CC C0 EC 2D 14 D2 34 3F DC E7 4D 4A 00 00 20 4E
000065D0  24 18 4D 4A EC 2D 34 3F 34 3F EC 2D 4D 4A 24 18
000065E0  20 4E 00 00 4D 4A DC E7 34 3F 14 D2 EC 2D CC C0
000065F0  24 18 B3 B5 00 00 E0 B1 DC E7 B3 B5 14 D2 CC C0
00006600  CC C0 14 D2 B3 B5 DC E7 E0 B1 00 00 B3 B5 24 18
00006610  CC C0 EC 2D 14 D2 34 3F DC E7 4D 4A 00 00 20 4E
00006620  24 18 4D 4A EC 2D 34 3F 34 3F EC 2D 4D 4A 24 18
00006630  20 4E 00 00 4D 4A DC E7 34 3F 14 D2 EC 2D CC C0
00006640  24 18 B3 B5 00 00 E0 B1 DC E7 B3 B5 14 D2 CC C0
00006650  CC C0 14 D2 B3 B5 DC E7 E0 B1 00 00 B3 B5 24 18
00006660  CC C0 EC 2D 14 D2 34 3F DC E7 4D 4A 00 00 20 4E
00006670  24 18 4D 4A EC 2D 34 3F 34 3F EC 2D 4D 4A 24 18
00006680  20 4E 00 00 4D 4A DC E7 34 3F 14 D2 EC 2D CC C0
00006690  24 18 B3 B5 00 00 E0 B1 DC E7 B3 B5 14 D2 CC C0
000066A0  CC C0 14 D2 B3 B5 DC E7 E0 B1 00 00 B3 B5 24 18
000066B0  CC C0 EC 2D 14 D2 34 3F DC E7 4D 4A 00 00 20 4E
000066C0  24 18 4D 4A EC 2D 34 3F 34 3F EC 2D 4D 4A 24 18
000066D0  20 4E 00 00 4D 4A DC E7 34 3F 14 D2 EC 2D CC C0
000066E0  24 18 B3 B5 00 00 E0 B1 DC E7 B3 B5 14 D2 CC C0
000066F0  CC C0 14 D2 B3 B5 DC E7 E0 B1 00 00 B3 B5 24 18
00006700  CC C0 EC 2D 14 D2 34 3F DC E7 4D 4A 00 00 20 4E
00006710  24 18 4D 4A EC 2D 34 3F 34 3F EC 2D 4D 4A 24 18
00006720  20 4E 00 00 4D 4A DC E7 34 3F 14 D2 EC 2D CC C0
00006730  24 18 B3 B5 00 00 E0 B1 DC E7 B3 B5 14 D2 CC C0
00006740  CC C0 14 D2 B3 B5 DC E7 E0 B1 00 00 B3 B5 24 18
00006750  CC C0 EC 2D 14 D2 34 3F DC E7 4D 4A 00 00 20 4E
00006760  24 18 4D 4A EC 2D 34 3F 34 3F EC 2D 4D 4A 24 18
00006770  20 4E 00 00 4D 4A DC E7 34 3F 14 D2 EC 2D CC C0
00006780  24 18 B3 B5 00 00 E0 B1 DC E7 B3 B5 14 D2 CC C0
00006790  CC C0 14 D2 B3 B5 DC E7 E0 B1 00 00 B3 B5 24 18
000067A0  CC C0 EC 2D 14 D2 34 3F DC E7 4D 4A 00 00 20 4E
000067B0  24 18 4D 4A EC 2D 34 3F 34 3F EC 2D 4D 4A 24 18
000067C0  20 4E 00 00 4D 4A DC E7 34 3F 14 D2 EC 2D CC C0
000067D0  24 18 B3 B5 00 00 E0 B1 DC E7 B3 B5 14 D2 CC C0
000067E0  CC C0 14 D2 B3 B5 DC E7 E0 B1 00 00 B3 B5 24 18
000067F0  CC C0 EC 2D 14 D2 34 3F DC E7 4D 4A 00 00 20 4E
00006800  24 18 4D 4A EC 2D 34 3F 34 3F EC 2D 4D 4A 24 18
00006810  20 4E 00 00 4D 4A DC E7 34 3F 14 D2 EC 2D CC C0
00006820  24 18 B3 B5 00 00 E0 B1 DC E7 B3 B5 14 D2 CC C0
00006830  CC C0 14 D2 B3 B5 DC E7 E0 B1 00 00 B3 B5 24 18
00006840  CC C0 EC 2D 14 D2 34 3F DC E7 4D 4A 00 00 20 4E
00006850  24 18 4D 4A EC 2D 34 3F 34 3F EC 2D 4D 4A 24 18
00006860  20 4E 00 00 4D 4A DC E7 34 3F 14 D2 EC 2D CC C0
00006870  24 18 B3 B5 00 00 E0 B1 DC E7 B3 B5 14 D2 CC C0
00006880  CC C0 14 D2 B3 B5 DC E7 E0 B1 00 00 B3 B5 24 18
00006890  CC C0 EC 2D 14 D2 34 3F DC E7 4D 4A 00 00 20 4E
000068A0  24 18 4D 4A EC 2D 34 3F 34 3F EC 2D 4D 4A 24 18
000068B0  20 4E 00 00 4D 4A DC E7 34 3F 14 D2 EC 2D CC C0
000068C0  24 18 B3 B5 00 00 E0 B1 DC E7 B3 B5 14 D2 CC C0
000068D0  CC C0 14 D2 B3 B5 DC E7 E0 B1 00 00 B3 B5 24 18
000068E0  CC C0 EC 2D 14 D2 34 3F DC E7 4D 4A 00 00 20 4E
000068F0  24 18 4D 4A EC 2D 34 3F 34 3F EC 2D 4D 4A 24 18
00006900  20 4E 00 00 4D 4A DC E7 34 3F 14 D2 EC 2D CC C0
00006910  24 18 B3 B5 00 00 E0 B1 DC E7 B3 B5 14 D2 CC C0
00006920  CC C0 14 D2 B3 B5 DC E7 E0 B1 00 00 B3 B5 24 18
00006930  CC C0 EC 2D 14 D2 34 3F DC E7 4D 4A 00 00 20 4E
00006940  24 18 4D 4A EC 2D 34 3F 34 3F EC 2D 4D 4A 24 18
00006950  20 4E 00 00 4D 4A DC E7 34 3F 14 D2 EC 2D CC C0
00006960  24 18 B3 B5 00 00 E0 B1 DC E7 B3 B5 14 D2 CC C0
00006970  CC C0 14 D2 B3 B5 DC E7 E0 B1 00 00 B3 B5 24 18
00006980  CC C0 EC 2D 14 D2 34 3F DC E7 4D 4A 00 00 20 4E
00006990  24 18 4D 4A EC 2D 34 3F 34 3F EC 2D 4D 4A 24 18
000069A0  20 4E 00 00 4D 4A DC E7 34 3F 14 D2 EC 2D CC C0
000069B0  24 18 B3 B5 00 00 E0 B1 DC E7 B3 B5 14 D2 CC C0
000069C0  CC C0 14 D2 B3 B5 DC E7 E0 B1 00 00 B3 B5 24 18
000069D0  CC C0 EC 2D 14 D2 34 3F DC E7 4D 4A 00 00 20 4E
000069E0  24 18 4D 4A EC 2D 34 3F 34 3F EC 2D 4D 4A 24 18
000069F0  20 4E 00 00 4D 4A DC E7 34 3F 14 D2 EC 2D CC C0
00006A00  24 18 B3 B5 00 00 E0 B1 DC E7 B3 B5 14 D2 CC C0
00006A10  CC C0 14 D2 B3 B5 DC E7 E0 B1 00 00 B3 B5 24 18
00006A20  CC C0 EC 2D 14 D2 34 3F DC E7 4D 4A 00 00 20 4E
00006A30  24 18 4D 4A EC 2D 34 3F 34 3F EC 2D 4D 4A 24 18
00006A40  20 4E 00 00 4D 4A DC E7 34 3F 14 D2 EC 2D CC C0
00006A50  24 18 B3 B5 00 00 E0 B1 DC E7 B3 B5 14 D2 CC C0
00006A60  CC C0 14 D2 B3 B5 DC E7 E0 B1 00 00 B3 B5 24 18
00006A70  CC C0 EC 2D 14 D2 34 3F DC E7 4D 4A 00 00 20 4E
00006A80  24 18 4D 4A EC 2D 34 3F 34 3F EC 2D 4D 4A 24 18
00006A90  20 4E 00 00 4D 4A DC E7 34 3F 14 D2 EC 2D CC C0
00006AA0  24 18 B3 B5 00 00 E0 B1 DC E7 B3 B5 14 D2 CC C0
00006AB0  CC C0 14 D2 B3 B5 DC E7 E0 B1 00 00 B3 B5 24 18
00006AC0  CC C0 EC 2D 14 D2 34 3F DC E7 4D 4A 00 00 20 4E
00006AD0  24 18 4D 4A EC 2D 34 3F 34 3F EC 2D 4D 4A 24 18
00006AE0  20 4E 00 00 4D 4A DC E7 34 3F 14 D2 EC 2D CC C0
00006AF0  24 18 B3 B5 00 00 E0 B1 DC E7 B3 B5 14 D2 CC C0
00006B00  CC C0 14 D2 B3 B5 DC E7 E0 B1 00 00 B3 B5 24 18
00006B10  CC C0 EC 2D 14 D2 34 3F DC E7 4D 4A 00 00 20 4E
00006B20  24 18 4D 4A EC 2D 34 3F 34 3F EC 2D 4D 4A 24 18
00006B30  20 4E 00 00 4D 4A DC E7 34 3F 14 D2 EC 2D CC C0
00006B40  24 18 B3 B5 00 00 E0 B1 DC E7 B3 B5 14 D2 CC C0
00006B50  CC C0 14 D2 B3 B5 DC E7 E0 B1 00 00 B3 B5 24 18
00006B60  CC C0 EC 2D 14 D2 34 3F DC E7 4D 4A 00 00 20 4E
00006B70  24 18 4D 4A EC 2D 34 3F 34 3F EC 2D 4D 4A 24 18
00006B80  20 4E 00 00 4D 4A DC E7 34 3F 14 D2 EC 2D CC C0
00006B90  24 18 B3 B5 00 00 E0 B1 DC E7 B3 B5 14 D2 CC C0
00006BA0  CC C0 14 D2 B3 B5 DC E7 E0 B1 00 00 B3 B5 24 18
00006BB0  CC C0 EC 2D 14 D2 34 3F DC E7 4D 4A 00 00 20 4E
00006BC0  24 18 4D 4A EC 2D 34 3F 34 3F EC 2D 4D 4A 24 18
00006BD0  20 4E 00 00 4D 4A DC E7 34 3F 14 D2 EC 2D CC C0
00006BE0  24 18 B3 B5 00 00 E0 B1 DC E7 B3 B5 14 D2 CC C0
00006BF0  CC C0 14 D2 B3 B5 DC E7 E0 B1 00 00 B3 B5 24 18
00006C00  CC C0 EC 2D 14 D2 34 3F DC E7 4D 4A 00 00 20 4E
00006C10  24 18 4D 4A EC 2D 34 3F 34 3F EC 2D 4D 4A 24 18
00006C20  20 4E 00 00 4D 4A DC E7 34 3F 14 D2 EC 2D CC C0
00006C30  24 18 B3 B5 00 00 E0 B1 DC E7 B3 B5 14 D2 CC C0
00006C40  CC C0 14 D2 B3 B5 DC E7 E0 B1 00 00 B3 B5 24 18
00006C50  CC C0 EC 2D 14 D2 34 3F DC E7 4D 4A 00 00 20 4E
00006C60  24 18 4D 4A EC 2D 34 3F 34 3F EC 2D 4D 4A 24 18
00006C70  20 4E 00 00 4D 4A DC E7 34 3F 14 D2 EC 2D CC C0
00006C80  24 18 B3 B5 00 00 E0 B1 DC E7 B3 B5 14 D2 CC C0
00006C90  CC C0 14 D2 B3 B5 DC E7 E0 B1 00 00 B3 B5 24 18
00006CA0  CC C0 EC 2D 14 D2 34 3F DC E7 4D 4A 00 00 20 4E
00006CB0  24 18 4D 4A EC 2D 34 3F 34 3F EC 2D 4D 4A 24 18
00006CC0  20 4E 00 00 4D 4A DC E7 34 3F 14 D2 EC 2D CC C0
00006CD0  24 18 B3 B5 00 00 E0 B1 DC E7 B3 B5 14 D2 CC C0
00006CE0  CC C0 14 D2 B3 B5 DC E7 E0 B1 00 00 B3 B5 24 18
00006CF0  CC C0 EC 2D 14 D2 34 3F DC E7 4D 4A 00 00 20 4E
00006D00  24 18 4D 4A EC 2D 34 3F 34 3F EC 2D 4D 4A 24 18
00006D10  20 4E 00 00 4D 4A DC E7 34 3F 14 D2 EC 2D CC C0
00006D20  24 18 B3 B5 00 00 E0 B1 DC E7 B3 B5 14 D2 CC C0
00006D30  CC C0 14 D2 B3 B5 DC E7 E0 B1 00 00 B3 B5 24 18
00006D40  CC C0 EC 2D 14 D2 34 3F DC E7 4D 4A 00 00 20 4E
00006D50  24 18 4D 4A EC 2D 34 3F 34 3F EC 2D 4D 4A 24 18
00006D60  20 4E 00 00 4D 4A DC E7 34 3F 14 D2 EC 2D CC C0
00006D70  24 18 B3 B5 00 00 E0 B1 DC E7 B3 B5 14 D2 CC C0
00006D80  CC C0 14 D2 B3 B5 DC E7 E0 B1 00 00 B3 B5 24 18
00006D90  CC C0 EC 2D 14 D2 34 3F DC E7 4D 4A 00 00 20 4E
00006DA0  24 18 4D 4A EC 2D 34 3F 34 3F EC 2D 4D 4A 24 18
00006DB0  20 4E 00 00 4D 4A DC E7 34 3F 14 D2 EC 2D CC C0
00006DC0  24 18 B3 B5 00 00 E0 B1 DC E7 B3 B5 14 D2 CC C0
00006DD0  CC C0 14 D2 B3 B5 DC E7 E0 B1 00 00 B3 B5 24 18
00006DE0  CC C0 EC 2D 14 D2 34 3F DC E7 4D 4A 00 00 20 4E
00006DF0  24 18 4D 4A EC 2D 34 3F 34 3F EC 2D 4D 4A 24 18
00006E00  20 4E 00 00 4D 4A DC E7 34 3F 14 D2 EC 2D CC C0
00006E10  24 18 B3 B5 00 00 E0 B1 DC E7 B3 B5 14 D2 CC C0
00006E20  CC C0 14 D2 B3 B5 DC E7 E0 B1 00 00 B3 B5 24 18
00006E30  CC C0 EC 2D 14 D2 34 3F DC E7 4D 4A 00 00 20 4E
00006E40  24 18 4D 4A EC 2D 34 3F 34 3F EC 2D 4D 4A 24 18
00006E50  20 4E 00 00 4D 4A DC E7 34 3F 14 D2 EC 2D CC C0
00006E60  24 18 B3 B5 00 00 E0 B1 DC E7 B3 B5 14 D2 CC C0
00006E70  CC C0 14 D2 B3 B5 DC E7 E0 B1 00 00 B3 B5 24 18
00006E80  CC C0 EC 2D 14 D2 34 3F DC E7 4D 4A 00 00 20 4E
00006E90  24 18 4D 4A EC 2D 34 3F 34 3F EC 2D 4D 4A 24 18
00006EA0  20 4E 00 00 4D 4A DC E7 34 3F 14 D2 EC 2D CC C0
00006EB0  24 18 B3 B5 00 00 E0 B1 DC E7 B3 B5 14 D2 CC C0
00006EC0  CC C0 14 D2 B3 B5 DC E7 E0 B1 00 00 B3 B5 24 18
00006ED0  CC C0 EC 2D 14 D2 34 3F DC E7 4D 4A 00 00 20 4E
00006EE0  24 18 4D 4A EC 2D 34 3F 34 3F EC 2D 4D 4A 24 18
00006EF0  20 4E 00 00 4D 4A DC E7 34 3F 14 D2 EC 2D CC C0
00006F00  24 18 B3 B5 00 00 E0 B1 DC E7 B3 B5 14 D2 CC C0
00006F10  CC C0 14 D2 B3 B5 DC E7 E0 B1 00 00 B3 B5 24 18
00006F20  CC C0 EC 2D 14 D2 34 3F DC E7 4D 4A 00 00 20 4E
00006F30  24 18 4D 4A EC 2D 34 3F 34 3F EC 2D 4D 4A 24 18
00006F40  20 4E 00 00 4D 4A DC E7 34 3F 14 D2 EC 2D CC C0
00006F50  24 18 B3 B5 00 00 E0 B1 DC E7 B3 B5 14 D2 CC C0
00006F60  CC C0 14 D2 B3 B5 DC E7 E0 B1 00 00 B3 B5 24 18
00006F70  CC C0 EC 2D 14 D2 34 3F DC E7 4D 4A 00 00 20 4E
00006F80  24 18 4D 4A EC 2D 34 3F 34 3F EC 2D 4D 4A 24 18
00006F90  20 4E 00 00 4D 4A DC E7 34 3F 14 D2 EC 2D CC C0
00006FA0  24 18 B3 B5 00 00 E0 B1 DC E7 B3 B5 14 D2 CC C0
00006FB0  CC C0 14 D2 B3 B5 DC E7 E0 B1 00 00 B3 B5 24 18
00006FC0  CC C0 EC 2D 14 D2 34 3F DC E7 4D 4A 00 00 20 4E
00006FD0  24 18 4D 4A EC 2D 34 3F 34 3F EC 2D 4D 4A 24 18
00006FE0  20 4E 00 00 4D 4A DC E7 34 3F 14 D2 EC 2D CC C0
00006FF0  24 18 B3 B5 00 00 E0 B1 DC E7 B3 B5 14 D2 CC C0
00007000  CC C0 14 D2 B3 B5 DC E7 E0 B1 00 00 B3 B5 24 18
00007010  CC C0 EC 2D 14 D2 34 3F DC E7 4D 4A 00 00 20 4E
00007020  24 18 4D 4A EC 2D 34 3F 34 3F EC 2D 4D 4A 24 18
00007030  20 4E 00 00 4D 4A DC E7 34 3F 14 D2 EC 2D CC C0
00007040  24 18 B3 B5 00 00 E0 B1 DC E7 B3 B5 14 D2 CC C0
00007050  CC C0 14 D2 B3 B5 DC E7 E0 B1 00 00 B3 B5 24 18
00007060  CC C0 EC 2D 14 D2 34 3F DC E7 4D 4A 00 00 20 4E
00007070  24 18 4D 4A EC 2D 34 3F 34 3F EC 2D 4D 4A 24 18
00007080  20 4E 00 00 4D 4A DC E7 34 3F 14 D2 EC 2D CC C0
00007090  24 18 B3 B5 00 00 E0 B1 DC E7 B3 B5 14 D2 CC C0
000070A0  CC C0 14 D2 B3 B5 DC E7 E0 B1 00 00 B3 B5 24 18
000070B0  CC C0 EC 2D 14 D2 34 3F DC E7 4D 4A 00 00 20 4E
000070C0  24 18 4D 4A EC 2D 34 3F 34 3F EC 2D 4D 4A 24 18
000070D0  20 4E 00 00 4D 4A DC E7 34 3F 14 D2 EC 2D CC C0
000070E0  24 18 B3 B5 00 00 E0 B1 DC E7 B3 B5 14 D2 CC C0
000070F0  CC C0 14 D2 B3 B5 DC E7 E0 B1 00 00 B3 B5 24 18
00007100  CC C0 EC 2D 14 D2 34 3F DC E7 4D 4A 00 00 20 4E
00007110  24 18 4D 4A EC 2D 34 3F 34 3F EC 2D 4D 4A 24 18
00007120  20 4E 00 00 4D 4A DC E7 34 3F 14 D2 EC 2D CC C0
00007130  24 18 B3 B5 00 00 E0 B1 DC E7 B3 B5 14 D2 CC C0
00007140  CC C0 14 D2 B3 B5 DC E7 E0 B1 00 00 B3 B5 24 18
00007150  CC C0 EC 2D 14 D2 34 3F DC E7 4D 4A 00 00 20 4E
00007160  24 18 4D 4A EC 2D 34 3F 34 3F EC 2D 4D 4A 24 18
00007170  20 4E 00 00 4D 4A DC E7 34 3F 14 D2 EC 2D CC C0
00007180  24 18 B3 B5 00 00 E0 B1 DC E7 B3 B5 14 D2 CC C0
00007190  CC C0 14 D2 B3 B5 DC E7 E0 B1 00 00 B3 B5 24 18
000071A0  CC C0 EC 2D 14 D2 34 3F DC E7 4D 4A 00 00 20 4E
000071B0  24 18 4D 4A EC 2D 34 3F 34 3F EC 2D 4D 4A 24 18
000071C0  20 4E 00 00 4D 4A DC E7 34 3F 14 D2 EC 2D CC C0
000071D0  24 18 B3 B5 00 00 E0 B1 DC E7 B3 B5 14 D2 CC C0
000071E0  CC C0 14 D2 B3 B5 DC E7 E0 B1 00 00 B3 B5 24 18
000071F0  CC C0 EC 2D 14 D2 34 3F DC E7 4D 4A 00 00 20 4E
00007200  24 18 4D 4A EC 2D 34 3F 34 3F EC 2D 4D 4A 24 18
00007210  20 4E 00 00 4D 4A DC E7 34 3F 14 D2 EC 2D CC C0
00007220  24 18 B3 B5 00 00 E0 B1 DC E7 B3 B5 14 D2 CC C0
00007230  CC C0 14 D2 B3 B5 DC E7 E0 B1 00 00 B3 B5 24 18
00007240  CC C0 EC 2D 14 D2 34 3F DC E7 4D 4A 00 00 20 4E
00007250  24 18 4D 4A EC 2D 34 3F 34 3F EC 2D 4D 4A 24 18
00007260  20 4E 00 00 4D 4A DC E7 34 3F 14 D2 EC 2D CC C0
00007270  24 18 B3 B5 00 00 E0 B1 DC E7 B3 B5 14 D2 CC C0
00007280  CC C0 14 D2 B3 B5 DC E7 E0 B1 00 00 B3 B5 24 18
00007290  CC C0 EC 2D 14 D2 34 3F DC E7 4D 4A 00 00 20 4E
000072A0  24 18 4D 4A EC 2D 34 3F 34 3F EC 2D 4D 4A 24 18
000072B0  20 4E 00 00 4D 4A DC E7 34 3F 14 D2 EC 2D CC C0
000072C0  24 18 B3 B5 00 00 E0 B1 DC E7 B3 B5 14 D2 CC C0
000072D0  CC C0 14 D2 B3 B5 DC E7 E0 B1 00 00 B3 B5 24 18
000072E0  CC C0 EC 2D 14 D2 34 3F DC E7 4D 4A 00 00 20 4E
000072F0  24 18 4D 4A EC 2D 34 3F 34 3F EC 2D 4D 4A 24 18
00007300  20 4E 00 00 4D 4A DC E7 34 3F 14 D2 EC 2D CC C0
00007310  24 18 B3 B5 00 00 E0 B1 DC E7 B3 B5 14 D2 CC C0
00007320  CC C0 14 D2 B3 B5 DC E7 E0 B1 00 00 B3 B5 24 18
00007330  CC C0 EC 2D 14 D2 34 3F DC E7 4D 4A 00 00 20 4E
00007340  24 18 4D 4A EC 2D 34 3F 34 3F EC 2D 4D 4A 24 18
00007350  20 4E 00 00 4D 4A DC E7 34 3F 14 D2 EC 2D CC C0
00007360  24 18 B3 B5 00 00 E0 B1 DC E7 B3 B5 14 D2 CC C0
00007370  CC C0 14 D2 B3 B5 DC E7 E0 B1 00 00 B3 B5 24 18
00007380  CC C0 EC 2D 14 D2 34 3F DC E7 4D 4A 00 00 20 4E
00007390  24 18 4D 4A EC 2D 34 3F 34 3F EC 2D 4D 4A 24 18
000073A0  20 4E 00 00 4D 4A DC E7 34 3F 14 D2 EC 2D CC C0
000073B0  24 18 B3 B5 00 00 E0 B1 DC E7 B3 B5 14 D2 CC C0
000073C0  CC C0 14 D2 B3 B5 DC E7 E0 B1 00 00 B3 B5 24 18
000073D0  CC C0 EC 2D 14 D2 34 3F DC E7 4D 4A 00 00 20 4E
000073E0  24 18 4D 4A EC 2D 34 3F 34 3F EC 2D 4D 4A 24 18
000073F0  20 4E 00 00 4D 4A DC E7 34 3F 14 D2 EC 2D CC C0
00007400  24 18 B3 B5 00 00 E0 B1 DC E7 B3 B5 14 D2 CC C0
00007410  CC C0 14 D2 B3 B5 DC E7 E0 B1 00 00 B3 B5 24 18
00007420  CC C0 EC 2D 14 D2 34 3F DC E7 4D 4A 00 00 20 4E
00007430  24 18 4D 4A EC 2D 34 3F 34 3F EC 2D 4D 4A 24 18
00007440  20 4E 00 00 4D 4A DC E7 34 3F 14 D2 EC 2D CC C0
00007450  24 18 B3 B5 00 00 E0 B1 DC E7 B3 B5 14 D2 CC C0
00007460  CC C0 14 D2 B3 B5 DC E7 E0 B1 00 00 B3 B5 24 18
00007470  CC C0 EC 2D 14 D2 34 3F DC E7 4D 4A 00 00 20 4E
00007480  24 18 4D 4A EC 2D 34 3F 34 3F EC 2D 4D 4A 24 18
00007490  20 4E 00 00 4D 4A DC E7 34 3F 14 D2 EC 2D CC C0
000074A0  24 18 B3 B5 00 00 E0 B1 DC E7 B3 B5 14 D2 CC C0
000074B0  CC C0 14 D2 B3 B5 DC E7 E0 B1 00 00 B3 B5 24 18
000074C0  CC C0 EC 2D 14 D2 34 3F DC E7 4D 4A 00 00 20 4E
000074D0  24 18 4D 4A EC 2D 34 3F 34 3F EC 2D 4D 4A 24 18
000074E0  20 4E 00 00 4D 4A DC E7 34 3F 14 D2 EC 2D CC C0
000074F0  24 18 B3 B5 00 00 E0 B1 DC E7 B3 B5 14 D2 CC C0
00007500  CC C0 14 D2 B3 B5 DC E7 E0 B1 00 00 B3 B5 24 18
00007510  CC C0 EC 2D 14 D2 34 3F DC E7 4D 4A 00 00 20 4E
00007520  24 18 4D 4A EC 2D 34 3F 34 3F EC 2D 4D 4A 24 18
00007530  20 4E 00 00 4D 4A DC E7 34 3F 14 D2 EC 2D CC C0
00007540  24 18 B3 B5 00 00 E0 B1 DC E7 B3 B5 14 D2 CC C0
00007550  CC C0 14 D2 B3 B5 DC E7 E0 B1 00 00 B3 B5 24 18
00007560  CC C0 EC 2D 14 D2 34 3F DC E7 4D 4A 00 00 20 4E
00007570  24 18 4D 4A EC 2D 34 3F 34 3F EC 2D 4D 4A 24 18
00007580  20 4E 00 00 4D 4A DC E7 34 3F 14 D2 EC 2D CC C0
00007590  24 18 B3 B5 00 00 E0 B1 DC E7 B3 B5 14 D2 CC C0
000075A0  CC C0 14 D2 B3 B5 DC E7 E0 B1 00 00 B3 B5 24 18
000075B0  CC C0 EC 2D 14 D2 34 3F DC E7 4D 4A 00 00 20 4E
000075C0  24 18 4D 4A EC 2D 34 3F 34 3F EC 2D 4D 4A 24 18
000075D0  20 4E 00 00 4D 4A DC E7 34 3F 14 D2 EC 2D CC C0
000075E0  24 18 B3 B5 00 00 E0 B1 DC E7 B3 B5 14 D2 CC C0
000075F0  CC C0 14 D2 B3 B5 DC E7 E0 B1 00 00 B3 B5 24 18
00007600  CC C0 EC 2D 14 D2 34 3F DC E7 4D 4A 00 00 20 4E
00007610  24 18 4D 4A EC 2D 34 3F 34 3F EC 2D 4D 4A 24 18
00007620  20 4E 00 00 4D 4A DC E7 34 3F 14 D2 EC 2D CC C0
00007630  24 18 B3 B5 00 00 E0 B1 DC E7 B3 B5 14 D2 CC C0
00007640  CC C0 14 D2 B3 B5 DC E7 E0 B1 00 00 B3 B5 24 18
00007650  CC C0 EC 2D 14 D2 34 3F DC E7 4D 4A 00 00 20 4E
00007660  24 18 4D 4A EC 2D 34 3F 34 3F EC 2D 4D 4A 24 18
00007670  20 4E 00 00 4D 4A DC E7 34 3F 14 D2 EC 2D CC C0
00007680  24 18 B3 B5 00 00 E0 B1 DC E7 B3 B5 14 D2 CC C0
00007690  CC C0 14 D2 B3 B5 DC E7 E0 B1 00 00 B3 B5 24 18
000076A0  CC C0 EC 2D 14 D2 34 3F DC E7 4D 4A 00 00 20 4E
000076B0  24 18 4D 4A EC 2D 34 3F 34 3F EC 2D 4D 4A 24 18
000076C0  20 4E 00 00 4D 4A DC E7 34 3F 14 D2 EC 2D CC C0
000076D0  24 18 B3 B5 00 00 E0 B1 DC E7 B3 B5 14 D2 CC C0
000076E0  CC C0 14 D2 B3 B5 DC E7 E0 B1 00 00 B3 B5 24 18
000076F0  CC C0 EC 2D 14 D2 34 3F DC E7 4D 4A 00 00 20 4E
00007700  24 18 4D 4A EC 2D 34 3F 34 3F EC 2D 4D 4A 24 18
00007710  20 4E 00 00 4D 4A DC E7 34 3F 14 D2 EC 2D CC C0
00007720  24 18 B3 B5 00 00 E0 B1 DC E7 B3 B5 14 D2 CC C0
00007730  CC C0 14 D2 B3 B5 DC E7 E0 B1 00 00 B3 B5 24 18
00007740  CC C0 EC 2D 14 D2 34 3F DC E7 4D 4A 00 00 20 4E
00007750  24 18 4D 4A EC 2D 34 3F 34 3F EC 2D 4D 4A 24 18
00007760  20 4E 00 00 4D 4A DC E7 34 3F 14 D2 EC 2D CC C0
00007770  24 18 B3 B5 00 00 E0 B1 DC E7 B3 B5 14 D2 CC C0
00007780  CC C0 14 D2 B3 B5 DC E7 E0 B1 00 00 B3 B5 24 18
00007790  CC C0 EC 2D 14 D2 34 3F DC E7 4D 4A 00 00 20 4E
000077A0  24 18 4D 4A EC 2D 34 3F 34 3F EC 2D 4D 4A 24 18
000077B0  20 4E 00 00 4D 4A DC E7 34 3F 14 D2 EC 2D CC C0
000077C0  24 18 B3 B5 00 00 E0 B1 DC E7 B3 B5 14 D2 CC C0
000077D0  CC C0 14 D2 B3 B5 DC E7 E0 B1 00 00 B3 B5 24 18
000077E0  CC C0 EC 2D 14 D2 34 3F DC E7 4D 4A 00 00 20 4E
000077F0  24 18 4D 4A EC 2D 34 3F 34 3F EC 2D 4D 4A 24 18
00007800  20 4E 00 00 4D 4A DC E7 34 3F 14 D2 EC 2D CC C0
00007810  24 18 B3 B5 00 00 E0 B1 DC E7 B3 B5 14 D2 CC C0
00007820  CC C0 14 D2 B3 B5 DC E7 E0 B1 00 00 B3 B5 24 18
00007830  CC C0 EC 2D 14 D2 34 3F DC E7 4D 4A 00 00 20 4E
00007840  24 18 4D 4A EC 2D 34 3F 34 3F EC 2D 4D 4A 24 18
00007850  20 4E 00 00 4D 4A DC E7 34 3F 14 D2 EC 2D CC C0
00007860  24 18 B3 B5 00 00 E0 B1 DC E7 B3 B5 14 D2 CC C0
00007870  CC C0 14 D2 B3 B5 DC E7 E0 B1 00 00 B3 B5 24 18
00007880  CC C0 EC 2D 14 D2 34 3F DC E7 4D 4A 00 00 20 4E
00007890  24 18 4D 4A EC 2D 34 3F 34 3F EC 2D 4D 4A 24 18
000078A0  20 4E 00 00 4D 4A DC E7 34 3F 14 D2 EC 2D CC C0
000078B0  24 18 B3 B5 00 00 E0 B1 DC E7 B3 B5 14 D2 CC C0
000078C0  CC C0 14 D2 B3 B5 DC E7 E0 B1 00 00 B3 B5 24 18
000078D0  CC C0 EC 2D 14 D2 34 3F DC E7 4D 4A 00 00 20 4E
000078E0  24 18 4D 4A EC 2D 34 3F 34 3F EC 2D 4D 4A 24 18
000078F0  20 4E 00 00 4D 4A DC E7 34 3F 14 D2 EC 2D CC C0
00007900  24 18 B3 B5 00 00 E0 B1 DC E7 B3 B5 14 D2 CC C0
00007910  CC C0 14 D2 B3 B5 DC E7 E0 B1 00 00 B3 B5 24 18
00007920  CC C0 EC 2D 14 D2 34 3F DC E7 4D 4A 00 00 20 4E
00007930  24 18 4D 4A EC 2D 34 3F 34 3F EC 2D 4D 4A 24 18
00007940  20 4E 00 00 4D 4A DC E7 34 3F 14 D2 EC 2D CC C0
00007950  24 18 B3 B5 00 00 E0 B1 DC E7 B3 B5 14 D2 CC C0
00007960  CC C0 14 D2 B3 B5 DC E7 E0 B1 00 00 B3 B5 24 18
00007970  CC C0 EC 2D 14 D2 34 3F DC E7 4D 4A 00 00 20 4E
00007980  24 18 4D 4A EC 2D 34 3F 34 3F EC 2D 4D 4A 24 18
00007990  20 4E 00 00 4D 4A DC E7 34 3F 14 D2 EC 2D CC C0
000079A0  24 18 B3 B5 00 00 E0 B1 DC E7 B3 B5 14 D2 CC C0
000079B0  CC C0 14 D2 B3 B5 DC E7 E0 B1 00 00 B3 B5 24 18
000079C0  CC C0 EC 2D 14 D2 34 3F DC E7 4D 4A 00 00 20 4E
000079D0  24 18 4D 4A EC 2D 34 3F 34 3F EC 2D 4D 4A 24 18
000079E0  20 4E 00 00 4D 4A DC E7 34 3F 14 D2 EC 2D CC C0
000079F0  24 18 B3 B5 00 00 E0 B1 DC E7 B3 B5 14 D2 CC C0
00007A00  CC C0 14 D2 B3 B5 DC E7 E0 B1 00 00 B3 B5 24 18
00007A10  CC C0 EC 2D 14 D2 34 3F DC E7 4D 4A 00 00 20 4E
00007A20  24 18 4D 4A EC 2D 34 3F 34 3F EC 2D 4D 4A 24 18
00007A30  20 4E 00 00 4D 4A DC E7 34 3F 14 D2 EC 2D CC C0
00007A40  24 18 B3 B5 00 00 E0 B1 DC E7 B3 B5 14 D2 CC C0
00007A50  CC C0 14 D2 B3 B5 DC E7 E0 B1 00 00 B3 B5 24 18
00007A60  CC C0 EC 2D 14 D2 34 3F DC E7 4D 4A 00 00 20 4E
00007A70  24 18 4D 4A EC 2D 34 3F 34 3F EC 2D 4D 4A 24 18
00007A80  20 4E 00 00 4D 4A DC E7 34 3F 14 D2 EC 2D CC C0
00007A90  24 18 B3 B5 00 00 E0 B1 DC E7 B3 B5 14 D2 CC C0
00007AA0  CC C0 14 D2 B3 B5 DC E7 E0 B1 00 00 B3 B5 24 18
00007AB0  CC C0 EC 2D 14 D2 34 3F DC E7 4D 4A 00 00 20 4E
00007AC0  24 18 4D 4A EC 2D 34 3F 34 3F EC 2D 4D 4A 24 18
00007AD0  20 4E 00 00 4D 4A DC E7 34 3F 14 D2 EC 2D CC C0
00007AE0  24 18 B3 B5 00 00 E0 B1 DC E7 B3 B5 14 D2 CC C0
00007AF0  CC C0 14 D2 B3 B5 DC E7 E0 B1 00 00 B3 B5 24 18
00007B00  CC C0 EC 2D 14 D2 34 3F DC E7 4D 4A 00 00 20 4E
00007B10  24 18 4D 4A EC 2D 34 3F 34 3F EC 2D 4D 4A 24 18
00007B20  20 4E 00 00 4D 4A DC E7 34 3F 14 D2 EC 2D CC C0
00007B30  24 18 B3 B5 00 00 E0 B1 DC E7 B3 B5 14 D2 CC C0
00007B40  CC C0 14 D2 B3 B5 DC E7 E0 B1 00 00 B3 B5 24 18
00007B50  CC C0 EC 2D 14 D2 34 3F DC E7 4D 4A 00 00 20 4E
00007B60  24 18 4D 4A EC 2D 34 3F 34 3F EC 2D 4D 4A 24 18
00007B70  20 4E 00 00 4D 4A DC E7 34 3F 14 D2 EC 2D CC C0
00007B80  24 18 B3 B5 00 00 E0 B1 DC E7 B3 B5 14 D2 CC C0
00007B90  CC C0 14 D2 B3 B5 DC E7 E0 B1 00 00 B3 B5 24 18
00007BA0  CC C0 EC 2D 14 D2 34 3F DC E7 4D 4A 00 00 20 4E
00007BB0  24 18 4D 4A EC 2D 34 3F 34 3F EC 2D 4D 4A 24 18
00007BC0  20 4E 00 00 4D 4A DC E7 34 3F 14 D2 EC 2D CC C0
00007BD0  24 18 B3 B5 00 00 E0 B1 DC E7 B3 B5 14 D2 CC C0
00007BE0  CC C0 14 D2 B3 B5 DC E7 E0 B1 00 00 B3 B5 24 18
00007BF0  CC C0 EC 2D 14 D2 34 3F DC E7 4D 4A 00 00 20 4E
00007C00  24 18 4D 4A EC 2D 34 3F 34 3F EC 2D 4D 4A 24 18
00007C10  20 4E 00 00 4D 4A DC E7 34 3F 14 D2 EC 2D CC C0
00007C20  24 18 B3 B5 00 00 E0 B1 DC E7 B3 B5 14 D2 CC C0
00007C30  CC C0 14 D2 B3 B5 DC E7 E0 B1 00 00 B3 B5 24 18
00007C40  CC C0 EC 2D 14 D2 34 3F DC E7 4D 4A 00 00 20 4E
00007C50  24 18 4D 4A EC 2D 34 3F 34 3F EC 2D 4D 4A 24 18
00007C60  20 4E 00 00 4D 4A DC E7 34 3F 14 D2 EC 2D CC C0
00007C70  24 18 B3 B5 00 00 E0 B1 DC E7 B3 B5 14 D2 CC C0
00007C80  CC C0 14 D2 B3 B5 DC E7 E0 B1 00 00 B3 B5 24 18
00007C90  CC C0 EC 2D 14 D2 34 3F DC E7 4D 4A 00 00 20 4E
00007CA0  24 18 4D 4A EC 2D 34 3F 34 3F EC 2D 4D 4A 24 18
00007CB0  20 4E 00 00 4D 4A DC E7 34 3F 14 D2 EC 2D CC C0
00007CC0  24 18 B3 B5 00 00 E0 B1 DC E7 B3 B5 14 D2 CC C0
00007CD0  CC C0 14 D2 B3 B5 DC E7 E0 B1 00 00 B3 B5 24 18
00007CE0  CC C0 EC 2D 14 D2 34 3F DC E7 4D 4A 00 00 20 4E
00007CF0  24 18 4D 4A EC 2D 34 3F 34 3F EC 2D 4D 4A 24 18
00007D00  20 4E 00 00 4D 4A DC E7 34 3F 14 D2 EC 2D CC C0
00007D10  24 18 B3 B5 00 00 E0 B1 DC E7 B3 B5 14 D2 CC C0
00007D20  CC C0 14 D2 B3 B5 DC E7 E0 B1 00 00 B3 B5 24 18
00007D30  CC C0 EC 2D 14 D2 34 3F DC E7 4D 4A 00 00 20 4E
00007D40  24 18 4D 4A EC 2D 34 3F 34 3F EC 2D 4D 4A 24 18
00007D50  20 4E 00 00 4D 4A DC E7 34 3F 14 D2 EC 2D CC C0
00007D60  24 18 B3 B5 00 00 E0 B1 DC E7 B3 B5 14 D2 CC C0
00007D70  CC C0 14 D2 B3 B5 DC E7 E0 B1 00 00 B3 B5 24 18
00007D80  CC C0 EC 2D 14 D2 34 3F DC E7 4D 4A 00 00 20 4E
00007D90  24 18 4D 4A EC 2D 34 3F 34 3F EC 2D 4D 4A 24 18
00007DA0  20 4E 00 00 4D 4A DC E7 34 3F 14 D2 EC 2D CC C0
00007DB0  24 18 B3 B5 00 00 E0 B1 DC E7 B3 B5 14 D2 CC C0
00007DC0  CC C0 14 D2 B3 B5 DC E7 E0 B1 00 00 B3 B5 24 18
00007DD0  CC C0 EC 2D 14 D2 34 3F DC E7 4D 4A 00 00 20 4E
00007DE0  24 18 4D 4A EC 2D 34 3F 34 3F EC 2D 4D 4A 24 18
00007DF0  20 4E 00 00 4D 4A DC E7 34 3F 14 D2 EC 2D CC C0
00007E00  24 18 B3 B5 00 00 E0 B1 DC E7 B3 B5 14 D2 CC C0
00007E10  CC C0 14 D2 B3 B5 DC E7 E0 B1 00 00 B3 B5 24 18
00007E20  CC C0 EC 2D 14 D2 34 3F DC E7 4D 4A 00 00 20 4E
00007E30  24 18 4D 4A EC 2D 34 3F 34 3F EC 2D 4D 4A 24 18
00007E40  20 4E 00 00 4D 4A DC E7 34 3F 14 D2 EC 2D CC C0
00007E50  24 18 B3 B5 00 00 E0 B1 DC E7 B3 B5 14 D2 CC C0
00007E60  CC C0 14 D2 B3 B5 DC E7 E0 B1 00 00 B3 B5 24 18
00007E70  CC C0 EC 2D 14 D2 34 3F DC E7 4D 4A 00 00 20 4E
00007E80  24 18 4D 4A EC 2D 34 3F 34 3F EC 2D 4D 4A 24 18
00007E90  20 4E 00 00 4D 4A DC E7 34 3F 14 D2 EC 2D CC C0
00007EA0  24 18 B3 B5 00 00 E0 B1 DC E7 B3 B5 14 D2 CC C0
00007EB0  CC C0 14 D2 B3 B5 DC E7 E0 B1 00 00 B3 B5 24 18
00007EC0  CC C0 EC 2D 14 D2 34 3F DC E7 4D 4A 00 00 20 4E
00007ED0  24 18 4D 4A EC 2D 34 3F 34 3F EC 2D 4D 4A 24 18
00007EE0  20 4E 00 00 4D 4A DC E7 34 3F 14 D2 EC 2D CC C0
00007EF0  24 18 B3 B5 00 00 E0 B1 DC E7 B3 B5 14 D2 CC C0
00007F00  CC C0 14 D2 B3 B5 DC E7 E0 B1 00 00 B3 B5 24 18
00007F10  CC C0 EC 2D 14 D2 34 3F DC E7 4D 4A 00 00 20 4E
00007F20  24 18 4D 4A EC 2D 34 3F 34 3F EC 2D 4D 4A 24 18
00007F30  20 4E 00 00 4D 4A DC E7 34 3F 14 D2 EC 2D CC C0
00007F40  24 18 B3 B5 00 00 E0 B1 DC E7 B3 B5 14 D2 CC C0
00007F50  CC C0 14 D2 B3 B5 DC E7 E0 B1 00 00 B3 B5 24 18
00007F60  CC C0 EC 2D 14 D2 34 3F DC E7 4D 4A 00 00 20 4E
00007F70  24 18 4D 4A EC 2D 34 3F 34 3F EC 2D 4D 4A 24 18
00007F80  20 4E 00 00 4D 4A DC E7 34 3F 14 D2 EC 2D CC C0
00007F90  24 18 B3 B5 00 00 E0 B1 DC E7 B3 B5 14 D2 CC C0
00007FA0  CC C0 14 D2 B3 B5 DC E7 E0 B1 00 00 B3 B5 24 18
00007FB0  CC C0 EC 2D 14 D2 34 3F DC E7 4D 4A 00 00 20 4E
00007FC0  24 18 4D 4A EC 2D 34 3F 34 3F EC 2D 4D 4A 24 18
00007FD0  20 4E 00 00 4D 4A DC E7 34 3F 14 D2 EC 2D CC C0
00007FE0  24 18 B3 B5 00 00 E0 B1 DC E7 B3 B5 14 D2 CC C0
00007FF0  CC C0 14 D2 B3 B5 DC E7 E0 B1 00 00 B3 B5 24 18
00008000  CC C0 EC 2D 14 D2 34 3F DC E7 4D 4A 00 00 20 4E
00008010  24 18 4D 4A EC 2D 34 3F 34 3F EC 2D 4D 4A 24 18
00008020  20 4E 00 00 4D 4A DC E7 34 3F 14 D2 EC 2D CC C0
00008030  24 18 B3 B5 00 00 E0 B1 DC E7 B3 B5 14 D2 CC C0
00008040  CC C0 14 D2 B3 B5 DC E7 E0 B1 00 00 B3 B5 24 18
00008050  CC C0 EC 2D 14 D2 34 3F DC E7 4D 4A 00 00 20 4E
00008060  24 18 4D 4A EC 2D 34 3F 34 3F EC 2D 4D 4A 24 18
00008070  20 4E 00 00 4D 4A DC E7 34 3F 14 D2 EC 2D CC C0
00008080  24 18 B3 B5 00 00 E0 B1 DC E7 B3 B5 14 D2 CC C0
00008090  CC C0 14 D2 B3 B5 DC E7 E0 B1 00 00 B3 B5 24 18
000080A0  CC C0 EC 2D 14 D2 34 3F DC E7 4D 4A 00 00 20 4E
000080B0  24 18 4D 4A EC 2D 34 3F 34 3F EC 2D 4D 4A 24 18
000080C0  20 4E 00 00 4D 4A DC E7 34 3F 14 D2 EC 2D CC C0
000080D0  24 18 B3 B5 00 00 E0 B1 DC E7 B3 B5 14 D2 CC C0
000080E0  CC C0 14 D2 B3 B5 DC E7 E0 B1 00 00 B3 B5 24 18
000080F0  CC C0 EC 2D 14 D2 34 3F DC E7 4D 4A 00 00 20 4E
00008100  24 18 4D 4A EC 2D 34 3F 34 3F EC 2D 4D 4A 24 18
00008110  20 4E 00 00 4D 4A DC E7 34 3F 14 D2 EC 2D CC C0
00008120  24 18 B3 B5 00 00 E0 B1 DC E7 B3 B5 14 D2 CC C0
00008130  CC C0 14 D2 B3 B5 DC E7 E0 B1 00 00 B3 B5 24 18
00008140  CC C0 EC 2D 14 D2 34 3F DC E7 4D 4A 00 00 20 4E
00008150  24 18 4D 4A EC 2D 34 3F 34 3F EC 2D 4D 4A 24 18
00008160  20 4E 00 00 4D 4A DC E7 34 3F 14 D2 EC 2D CC C0
00008170  24 18 B3 B5 00 00 E0 B1 DC E7 B3 B5 14 D2 CC C0
00008180  CC C0 14 D2 B3 B5 DC E7 E0 B1 00 00 B3 B5 24 18
00008190  CC C0 EC 2D 14 D2 34 3F DC E7 4D 4A 00 00 20 4E
000081A0  24 18 4D 4A EC 2D 34 3F 34 3F EC 2D 4D 4A 24 18
000081B0  20 4E 00 00 4D 4A DC E7 34 3F 14 D2 EC 2D CC C0
000081C0  24 18 B3 B5 00 00 E0 B1 DC E7 B3 B5 14 D2 CC C0
000081D0  CC C0 14 D2 B3 B5 DC E7 E0 B1 00 00 B3 B5 24 18
000081E0  CC C0 EC 2D 14 D2 34 3F DC E7 4D 4A 00 00 20 4E
000081F0  24 18 4D 4A EC 2D 34 3F 34 3F EC 2D 4D 4A 24 18
00008200  20 4E 00 00 4D 4A DC E7 34 3F 14 D2 EC 2D CC C0
00008210  24 18 B3 B5 00 00 E0 B1 DC E7 B3 B5 14 D2 CC C0
00008220  CC C0 14 D2 B3 B5 DC E7 E0 B1 00 00 B3 B5 24 18
00008230  CC C0 EC 2D 14 D2 34 3F DC E7 4D 4A 00 00 20 4E
00008240  24 18 4D 4A EC 2D 34 3F 34 3F EC 2D 4D 4A 24 18
00008250  20 4E 00 00 4D 4A DC E7 34 3F 14 D2 EC 2D CC C0
00008260  24 18 B3 B5 00 00 E0 B1 DC E7 B3 B5 14 D2 CC C0
00008270  CC C0 14 D2 B3 B5 DC E7 E0 B1 00 00 B3 B5 24 18
00008280  CC C0 EC 2D 14 D2 34 3F DC E7 4D 4A 00 00 20 4E
00008290  24 18 4D 4A EC 2D 34 3F 34 3F EC 2D 4D 4A 24 18
000082A0  20 4E 00 00 4D 4A DC E7 34 3F 14 D2 EC 2D CC C0
000082B0  24 18 B3 B5 00 00 E0 B1 DC E7 B3 B5 14 D2 CC C0
000082C0  CC C0 14 D2 B3 B5 DC E7 E0 B1 00 00 B3 B5 24 18
000082D0  CC C0 EC 2D 14 D2 34 3F DC E7 4D 4A 00 00 20 4E
000082E0  24 18 4D 4A EC 2D 34 3F 34 3F EC 2D 4D 4A 24 18
000082F0  20 4E 00 00 4D 4A DC E7 34 3F 14 D2 EC 2D CC C0
00008300  24 18 B3 B5 00 00 E0 B1 DC E7 B3 B5 14 D2 CC C0
00008310  CC C0 14 D2 B3 B5 DC E7 E0 B1 00 00 B3 B5 24 18
00008320  CC C0 EC 2D 14 D2 34 3F DC E7 4D 4A 00 00 20 4E
00008330  24 18 4D 4A EC 2D 34 3F 34 3F EC 2D 4D 4A 24 18
00008340  20 4E 00 00 4D 4A DC E7 34 3F 14 D2 EC 2D CC C0
00008350  24 18 B3 B5 00 00 E0 B1 DC E7 B3 B5 14 D2 CC C0
00008360  CC C0 14 D2 B3 B5 DC E7 E0 B1 00 00 B3 B5 24 18
00008370  CC C0 EC 2D 14 D2 34 3F DC E7 4D 4A 00 00 20 4E
00008380  24 18 4D 4A EC 2D 34 3F 34 3F EC 2D 4D 4A 24 18
00008390  20 4E 00 00 4D 4A DC E7 34 3F 14 D2 EC 2D CC C0
000083A0  24 18 B3 B5 00 00 E0 B1 DC E7 B3 B5 14 D2 CC C0
000083B0  CC C0 14 D2 B3 B5 DC E7 E0 B1 00 00 B3 B5 24 18
000083C0  CC C0 EC 2D 14 D2 34 3F DC E7 4D 4A 00 00 20 4E
000083D0  24 18 4D 4A EC 2D 34 3F 34 3F EC 2D 4D 4A 24 18
000083E0  20 4E 00 00 4D 4A DC E7 34 3F 14 D2 EC 2D CC C0
000083F0  24 18 B3 B5 00 00 E0 B1 DC E7 B3 B5 14 D2 CC C0
00008400  CC C0 14 D2 B3 B5 DC E7 E0 B1 00 00 B3 B5 24 18
00008410  CC C0 EC 2D 14 D2 34 3F DC E7 4D 4A 00 00 20 4E
00008420  24 18 4D 4A EC 2D 34 3F 34 3F EC 2D 4D 4A 24 18
00008430  20 4E 00 00 4D 4A DC E7 34 3F 14 D2 EC 2D CC C0
00008440  24 18 B3 B5 00 00 E0 B1 DC E7 B3 B5 14 D2 CC C0
00008450  CC C0 14 D2 B3 B5 DC E7 E0 B1 00 00 B3 B5 24 18
00008460  CC C0 EC 2D 14 D2 34 3F DC E7 4D 4A 00 00 20 4E
00008470  24 18 4D 4A EC 2D 34 3F 34 3F EC 2D 4D 4A 24 18
00008480  20 4E 00 00 4D 4A DC E7 34 3F 14 D2 EC 2D CC C0
00008490  24 18 B3 B5 00 00 E0 B1 DC E7 B3 B5 14 D2 CC C0
000084A0  CC C0 14 D2 B3 B5 DC E7 E0 B1 00 00 B3 B5 24 18
000084B0  CC C0 EC 2D 14 D2 34 3F DC E7 4D 4A 00 00 20 4E
000084C0  24 18 4D 4A EC 2D 34 3F 34 3F EC 2D 4D 4A 24 18
000084D0  20 4E 00 00 4D 4A DC E7 34 3F 14 D2 EC 2D CC C0
000084E0  24 18 B3 B5 00 00 E0 B1 DC E7 B3 B5 14 D2 CC C0
000084F0  CC C0 14 D2 B3 B5 DC E7 E0 B1 00 00 B3 B5 24 18
00008500  CC C0 EC 2D 14 D2 34 3F DC E7 4D 4A 00 00 20 4E
00008510  24 18 4D 4A EC 2D 34 3F 34 3F EC 2D 4D 4A 24 18
00008520  20 4E 00 00 4D 4A DC E7 34 3F 14 D2 EC 2D CC C0
00008530  24 18 B3 B5 00 00 E0 B1 DC E7 B3 B5 14 D2 CC C0
00008540  CC C0 14 D2 B3 B5 DC E7 E0 B1 00 00 B3 B5 24 18
00008550  CC C0 EC 2D 14 D2 34 3F DC E7 4D 4A 00 00 20 4E
00008560  24 18 4D 4A EC 2D 34 3F 34 3F EC 2D 4D 4A 24 18
00008570  20 4E 00 00 4D 4A DC E7 34 3F 14 D2 EC 2D CC C0
00008580  24 18 B3 B5 00 00 E0 B1 DC E7 B3 B5 14 D2 CC C0
00008590  CC C0 14 D2 B3 B5 DC E7 E0 B1 00 00 B3 B5 24 18
000085A0  CC C0 EC 2D 14 D2 34 3F DC E7 4D 4A 00 00 20 4E
000085B0  24 18 4D 4A EC 2D 34 3F 34 3F EC 2D 4D 4A 24 18
000085C0  20 4E 00 00 4D 4A DC E7 34 3F 14 D2 EC 2D CC C0
000085D0  24 18 B3 B5 00 00 E0 B1 DC E7 B3 B5 14 D2 CC C0
000085E0  CC C0 14 D2 B3 B5 DC E7 E0 B1 00 00 B3 B5 24 18
000085F0  CC C0 EC 2D 14 D2 34 3F DC E7 4D 4A 00 00 20 4E
00008600  24 18 4D 4A EC 2D 34 3F 34 3F EC 2D 4D 4A 24 18
00008610  20 4E 00 00 4D 4A DC E7 34 3F 14 D2 EC 2D CC C0
00008620  24 18 B3 B5 00 00 E0 B1 DC E7 B3 B5 14 D2 CC C0
00008630  CC C0 14 D2 B3 B5 DC E7 E0 B1 00 00 B3 B5 24 18
00008640  CC C0 EC 2D 14 D2 34 3F DC E7 4D 4A 00 00 20 4E
00008650  24 18 4D 4A EC 2D 34 3F 34 3F EC 2D 4D 4A 24 18
00008660  20 4E 00 00 4D 4A DC E7 34 3F 14 D2 EC 2D CC C0
00008670  24 18 B3 B5 00 00 E0 B1 DC E7 B3 B5 14 D2 CC C0
00008680  CC C0 14 D2 B3 B5 DC E7 E0 B1 00 00 B3 B5 24 18
00008690  CC C0 EC 2D 14 D2 34 3F DC E7 4D 4A 00 00 20 4E
000086A0  24 18 4D 4A EC 2D 34 3F 34 3F EC 2D 4D 4A 24 18
000086B0  20 4E 00 00 4D 4A DC E7 34 3F 14 D2 EC 2D CC C0
000086C0  24 18 B3 B5 00 00 E0 B1 DC E7 B3 B5 14 D2 CC C0
000086D0  CC C0 14 D2 B3 B5 DC E7 E0 B1 00 00 B3 B5 24 18
000086E0  CC C0 EC 2D 14 D2 34 3F DC E7 4D 4A 00 00 20 4E
000086F0  24 18 4D 4A EC 2D 34 3F 34 3F EC 2D 4D 4A 24 18
00008700  20 4E 00 00 4D 4A DC E7 34 3F 14 D2 EC 2D CC C0
00008710  24 18 B3 B5 00 00 E0 B1 DC E7 B3 B5 14 D2 CC C0
00008720  CC C0 14 D2 B3 B5 DC E7 E0 B1 00 00 B3 B5 24 18
00008730  CC C0 EC 2D 14 D2 34 3F DC E7 4D 4A 00 00 20 4E
00008740  24 18 4D 4A EC 2D 34 3F 34 3F EC 2D 4D 4A 24 18
00008750  20 4E 00 00 4D 4A DC E7 34 3F 14 D2 EC 2D CC C0
00008760  24 18 B3 B5 00 00 E0 B1 DC E7 B3 B5 14 D2 CC C0
00008770  CC C0 14 D2 B3 B5 DC E7 E0 B1 00 00 B3 B5 24 18
00008780  CC C0 EC 2D 14 D2 34 3F DC E7 4D 4A 00 00 20 4E
00008790  24 18 4D 4A EC 2D 34 3F 34 3F EC 2D 4D 4A 24 18
000087A0  20 4E 00 00 4D 4A DC E7 34 3F 14 D2 EC 2D CC C0
000087B0  24 18 B3 B5 00 00 E0 B1 DC E7 B3 B5 14 D2 CC C0
000087C0  CC C0 14 D2 B3 B5 DC E7 E0 B1 00 00 B3 B5 24 18
000087D0  CC C0 EC 2D 14 D2 34 3F DC E7 4D 4A 00 00 20 4E
000087E0  24 18 4D 4A EC 2D 34 3F 34 3F EC 2D 4D 4A 24 18
000087F0  20 4E 00 00 4D 4A DC E7 34 3F 14 D2 EC 2D CC C0
00008800  24 18 B3 B5 00 00 E0 B1 DC E7 B3 B5 14 D2 CC C0
00008810  CC C0 14 D2 B3 B5 DC E7 E0 B1 00 00 B3 B5 24 18
00008820  CC C0 EC 2D 14 D2 34 3F DC E7 4D 4A 00 00 20 4E
00008830  24 18 4D 4A EC 2D 34 3F 34 3F EC 2D 4D 4A 24 18
00008840  20 4E 00 00 4D 4A DC E7 34 3F 14 D2 EC 2D CC C0
00008850  24 18 B3 B5 00 00 E0 B1 DC E7 B3 B5 14 D2 CC C0
00008860  CC C0 14 D2 B3 B5 DC E7 E0 B1 00 00 B3 B5 24 18
00008870  CC C0 EC 2D 14 D2 34 3F DC E7 4D 4A 00 00 20 4E
00008880  24 18 4D 4A EC 2D 34 3F 34 3F EC 2D 4D 4A 24 18
00008890  20 4E 00 00 4D 4A DC E7 34 3F 14 D2 EC 2D CC C0
000088A0  24 18 B3 B5 00 00 E0 B1 DC E7 B3 B5 14 D2 CC C0
000088B0  CC C0 14 D2 B3 B5 DC E7 E0 B1 00 00 B3 B5 24 18
000088C0  CC C0 EC 2D 14 D2 34 3F DC E7 4D 4A 00 00 20 4E
000088D0  24 18 4D 4A EC 2D 34 3F 34 3F EC 2D 4D 4A 24 18
000088E0  20 4E 00 00 4D 4A DC E7 34 3F 14 D2 EC 2D CC C0
000088F0  24 18 B3 B5 00 00 E0 B1 DC E7 B3 B5 14 D2 CC C0
00008900  CC C0 14 D2 B3 B5 DC E7 E0 B1 00 00 B3 B5 24 18
00008910  CC C0 EC 2D 14 D2 34 3F DC E7 4D 4A 00 00 20 4E
00008920  24 18 4D 4A EC 2D 34 3F 34 3F EC 2D 4D 4A 24 18
00008930  20 4E 00 00 4D 4A DC E7 34 3F 14 D2 EC 2D CC C0
00008940  24 18 B3 B5 00 00 E0 B1 DC E7 B3 B5 14 D2 CC C0
00008950  CC C0 14 D2 B3 B5 DC E7 E0 B1 00 00 B3 B5 24 18
00008960  CC C0 EC 2D 14 D2 34 3F DC E7 4D 4A 00 00 20 4E
00008970  24 18 4D 4A EC 2D 34 3F 34 3F EC 2D 4D 4A 24 18
00008980  20 4E 00 00 4D 4A DC E7 34 3F 14 D2 EC 2D CC C0
00008990  24 18 B3 B5 00 00 E0 B1 DC E7 B3 B5 14 D2 CC C0
000089A0  CC C0 14 D2 B3 B5 DC E7 E0 B1 00 00 B3 B5 24 18
000089B0  CC C0 EC 2D 14 D2 34 3F DC E7 4D 4A 00 00 20 4E
000089C0  24 18 4D 4A EC 2D 34 3F 34 3F EC 2D 4D 4A 24 18
000089D0  20 4E 00 00 4D 4A DC E7 34 3F 14 D2 EC 2D CC C0
000089E0  24 18 B3 B5 00 00 E0 B1 DC E7 B3 B5 14 D2 CC C0
000089F0  CC C0 14 D2 B3 B5 DC E7 E0 B1 00 00 B3 B5 24 18
00008A00  CC C0 EC 2D 14 D2 34 3F DC E7 4D 4A 00 00 20 4E
00008A10  24 18 4D 4A EC 2D 34 3F 34 3F EC 2D 4D 4A 24 18
00008A20  20 4E 00 00 4D 4A DC E7 34 3F 14 D2 EC 2D CC C0
00008A30  24 18 B3 B5 00 00 E0 B1 DC E7 B3 B5 14 D2 CC C0
00008A40  CC C0 14 D2 B3 B5 DC E7 E0 B1 00 00 B3 B5 24 18
00008A50  CC C0 EC 2D 14 D2 34 3F DC E7 4D 4A 00 00 20 4E
00008A60  24 18 4D 4A EC 2D 34 3F 34 3F EC 2D 4D 4A 24 18
00008A70  20 4E 00 00 4D 4A DC E7 34 3F 14 D2 EC 2D CC C0
00008A80  24 18 B3 B5 00 00 E0 B1 DC E7 B3 B5 14 D2 CC C0
00008A90  CC C0 14 D2 B3 B5 DC E7 E0 B1 00 00 B3 B5 24 18
00008AA0  CC C0 EC 2D 14 D2 34 3F DC E7 4D 4A 00 00 20 4E
00008AB0  24 18 4D 4A EC 2D 34 3F 34 3F EC 2D 4D 4A 24 18
00008AC0  20 4E 00 00 4D 4A DC E7 34 3F 14 D2 EC 2D CC C0
00008AD0  24 18 B3 B5 00 00 E0 B1 DC E7 B3 B5 14 D2 CC C0
00008AE0  CC C0 14 D2 B3 B5 DC E7 E0 B1 00 00 B3 B5 24 18
00008AF0  CC C0 EC 2D 14 D2 34 3F DC E7 4D 4A 00 00 20 4E
00008B00  24 18 4D 4A EC 2D 34 3F 34 3F EC 2D 4D 4A 24 18
00008B10  20 4E 00 00 4D 4A DC E7 34 3F 14 D2 EC 2D CC C0
00008B20  24 18 B3 B5 00 00 E0 B1 DC E7 B3 B5 14 D2 CC C0
00008B30  CC C0 14 D2 B3 B5 DC E7 E0 B1 00 00 B3 B5 24 18
00008B40  CC C0 EC 2D 14 D2 34 3F DC E7 4D 4A 00 00 20 4E
00008B50  24 18 4D 4A EC 2D 34 3F 34 3F EC 2D 4D 4A 24 18
00008B60  20 4E 00 00 4D 4A DC E7 34 3F 14 D2 EC 2D CC C0
00008B70  24 18 B3 B5 00 00 E0 B1 DC E7 B3 B5 14 D2 CC C0
00008B80  CC C0 14 D2 B3 B5 DC E7 E0 B1 00 00 B3 B5 24 18
00008B90  CC C0 EC 2D 14 D2 34 3F DC E7 4D 4A 00 00 20 4E
00008BA0  24 18 4D 4A EC 2D 34 3F 34 3F EC 2D 4D 4A 24 18
00008BB0  20 4E 00 00 4D 4A DC E7 34 3F 14 D2 EC 2D CC C0
00008BC0  24 18 B3 B5 00 00 E0 B1 DC E7 B3 B5 14 D2 CC C0
00008BD0  CC C0 14 D2 B3 B5 DC E7 E0 B1 00 00 B3 B5 24 18
00008BE0  CC C0 EC 2D 14 D2 34 3F DC E7 4D 4A 00 00 20 4E
00008BF0  24 18 4D 4A EC 2D 34 3F 34 3F EC 2D 4D 4A 24 18
00008C00  20 4E 00 00 4D 4A DC E7 34 3F 14 D2 EC 2D CC C0
00008C10  24 18 B3 B5 00 00 E0 B1 DC E7 B3 B5 14 D2 CC C0
00008C20  CC C0 14 D2 B3 B5 DC E7 E0 B1 00 00 B3 B5 24 18
00008C30  CC C0 EC 2D 14 D2 34 3F DC E7 4D 4A 00 00 20 4E
00008C40  24 18 4D 4A EC 2D 34 3F 34 3F EC 2D 4D 4A 24 18
00008C50  20 4E 00 00 4D 4A DC E7 34 3F 14 D2 EC 2D CC C0
00008C60  24 18 B3 B5 00 00 E0 B1 DC E7 B3 B5 14 D2 CC C0
00008C70  CC C0 14 D2 B3 B5 DC E7 E0 B1 00 00 B3 B5 24 18
00008C80  CC C0 EC 2D 14 D2 34 3F DC E7 4D 4A 00 00 20 4E
00008C90  24 18 4D 4A EC 2D 34 3F 34 3F EC 2D 4D 4A 24 18
00008CA0  20 4E 00 00 4D 4A DC E7 34 3F 14 D2 EC 2D CC C0
00008CB0  24 18 B3 B5 00 00 E0 B1 DC E7 B3 B5 14 D2 CC C0
00008CC0  CC C0 14 D2 B3 B5 DC E7 E0 B1 00 00 B3 B5 24 18
00008CD0  CC C0 EC 2D 14 D2 34 3F DC E7 4D 4A 00 00 20 4E
00008CE0  24 18 4D 4A EC 2D 34 3F 34 3F EC 2D 4D 4A 24 18
00008CF0  20 4E 00 00 4D 4A DC E7 34 3F 14 D2 EC 2D CC C0
00008D00  24 18 B3 B5 00 00 E0 B1 DC E7 B3 B5 14 D2 CC C0
00008D10  CC C0 14 D2 B3 B5 DC E7 E0 B1 00 00 B3 B5 24 18
00008D20  CC C0 EC 2D 14 D2 34 3F DC E7 4D 4A 00 00 20 4E
00008D30  24 18 4D 4A EC 2D 34 3F 34 3F EC 2D 4D 4A 24 18
00008D40  20 4E 00 00 4D 4A DC E7 34 3F 14 D2 EC 2D CC C0
00008D50  24 18 B3 B5 00 00 E0 B1 DC E7 B3 B5 14 D2 CC C0
00008D60  CC C0 14 D2 B3 B5 DC E7 E0 B1 00 00 B3 B5 24 18
00008D70  CC C0 EC 2D 14 D2 34 3F DC E7 4D 4A 00 00 20 4E
00008D80  24 18 4D 4A EC 2D 34 3F 34 3F EC 2D 4D 4A 24 18
00008D90  20 4E 00 00 4D 4A DC E7 34 3F 14 D2 EC 2D CC C0
00008DA0  24 18 B3 B5 00 00 E0 B1 DC E7 B3 B5 14 D2 CC C0
00008DB0  CC C0 14 D2 B3 B5 DC E7 E0 B1 00 00 B3 B5 24 18
00008DC0  CC C0 EC 2D 14 D2 34 3F DC E7 4D 4A 00 00 20 4E
00008DD0  24 18 4D 4A EC 2D 34 3F 34 3F EC 2D 4D 4A 24 18
00008DE0  20 4E 00 00 4D 4A DC E7 34 3F 14 D2 EC 2D CC C0
00008DF0  24 18 B3 B5 00 00 E0 B1 DC E7 B3 B5 14 D2 CC C0
00008E00  CC C0 14 D2 B3 B5 DC E7 E0 B1 00 00 B3 B5 24 18
00008E10  CC C0 EC 2D 14 D2 34 3F DC E7 4D 4A 00 00 20 4E
00008E20  24 18 4D 4A EC 2D 34 3F 34 3F EC 2D 4D 4A 24 18
00008E30  20 4E 00 00 4D 4A DC E7 34 3F 14 D2 EC 2D CC C0
00008E40  24 18 B3 B5 00 00 E0 B1 DC E7 B3 B5 14 D2 CC C0
00008E50  CC C0 14 D2 B3 B5 DC E7 E0 B1 00 00 B3 B5 24 18
00008E60  CC C0 EC 2D 14 D2 34 3F DC E7 4D 4A 00 00 20 4E
00008E70  24 18 4D 4A EC 2D 34 3F 34 3F EC 2D 4D 4A 24 18
00008E80  20 4E 00 00 4D 4A DC E7 34 3F 14 D2 EC 2D CC C0
00008E90  24 18 B3 B5 00 00 E0 B1 DC E7 B3 B5 14 D2 CC C0
00008EA0  CC C0 14 D2 B3 B5 DC E7 E0 B1 00 00 B3 B5 24 18
00008EB0  CC C0 EC 2D 14 D2 34 3F DC E7 4D 4A 00 00 20 4E
00008EC0  24 18 4D 4A EC 2D 34 3F 34 3F EC 2D 4D 4A 24 18
00008ED0  20 4E 00 00 4D 4A DC E7 34 3F 14 D2 EC 2D CC C0
00008EE0  24 18 B3 B5 00 00 E0 B1 DC E7 B3 B5 14 D2 CC C0
00008EF0  CC C0 14 D2 B3 B5 DC E7 E0 B1 00 00 B3 B5 24 18
00008F00  CC C0 EC 2D 14 D2 34 3F DC E7 4D 4A 00 00 20 4E
00008F10  24 18 4D 4A EC 2D 34 3F 34 3F EC 2D 4D 4A 24 18
00008F20  20 4E 00 00 4D 4A DC E7 34 3F 14 D2 EC 2D CC C0
00008F30  24 18 B3 B5 00 00 E0 B1 DC E7 B3 B5 14 D2 CC C0
00008F40  CC C0 14 D2 B3 B5 DC E7 E0 B1 00 00 B3 B5 24 18
00008F50  CC C0 EC 2D 14 D2 34 3F DC E7 4D 4A 00 00 20 4E
00008F60  24 18 4D 4A EC 2D 34 3F 34 3F EC 2D 4D 4A 24 18
00008F70  20 4E 00 00 4D 4A DC E7 34 3F 14 D2 EC 2D CC C0
00008F80  24 18 B3 B5 00 00 E0 B1 DC E7 B3 B5 14 D2 CC C0
00008F90  CC C0 14 D2 B3 B5 DC E7 E0 B1 00 00 B3 B5 24 18
00008FA0  CC C0 EC 2D 14 D2 34 3F DC E7 4D 4A 00 00 20 4E
00008FB0  24 18 4D 4A EC 2D 34 3F 34 3F EC 2D 4D 4A 24 18
00008FC0  20 4E 00 00 4D 4A DC E7 34 3F 14 D2 EC 2D CC C0
00008FD0  24 18 B3 B5 00 00 E0 B1 DC E7 B3 B5 14 D2 CC C0
00008FE0  CC C0 14 D2 B3 B5 DC E7 E0 B1 00 00 B3 B5 24 18
00008FF0  CC C0 EC 2D 14 D2 34 3F DC E7 4D 4A 00 00 20 4E
00009000  24 18 4D 4A EC 2D 34 3F 34 3F EC 2D 4D 4A 24 18
00009010  20 4E 00 00 4D 4A DC E7 34 3F 14 D2 EC 2D CC C0
00009020  24 18 B3 B5 00 00 E0 B1 DC E7 B3 B5 14 D2 CC C0
00009030  CC C0 14 D2 B3 B5 DC E7 E0 B1 00 00 B3 B5 24 18
00009040  CC C0 EC 2D 14 D2 34 3F DC E7 4D 4A 00 00 20 4E
00009050  24 18 4D 4A EC 2D 34 3F 34 3F EC 2D 4D 4A 24 18
00009060  20 4E 00 00 4D 4A DC E7 34 3F 14 D2 EC 2D CC C0
00009070  24 18 B3 B5 00 00 E0 B1 DC E7 B3 B5 14 D2 CC C0
00009080  CC C0 14 D2 B3 B5 DC E7 E0 B1 00 00 B3 B5 24 18
00009090  CC C0 EC 2D 14 D2 34 3F DC E7 4D 4A 00 00 20 4E
000090A0  24 18 4D 4A EC 2D 34 3F 34 3F EC 2D 4D 4A 24 18
000090B0  20 4E 00 00 4D 4A DC E7 34 3F 14 D2 EC 2D CC C0
000090C0  24 18 B3 B5 00 00 E0 B1 DC E7 B3 B5 14 D2 CC C0
000090D0  CC C0 14 D2 B3 B5 DC E7 E0 B1 00 00 B3 B5 24 18
000090E0  CC C0 EC 2D 14 D2 34 3F DC E7 4D 4A 00 00 20 4E
000090F0  24 18 4D 4A EC 2D 34 3F 34 3F EC 2D 4D 4A 24 18
00009100  20 4E 00 00 4D 4A DC E7 34 3F 14 D2 EC 2D CC C0
00009110  24 18 B3 B5 00 00 E0 B1 DC E7 B3 B5 14 D2 CC C0
00009120  CC C0 14 D2 B3 B5 DC E7 E0 B1 00 00 B3 B5 24 18
00009130  CC C0 EC 2D 14 D2 34 3F DC E7 4D 4A 00 00 20 4E
00009140  24 18 4D 4A EC 2D 34 3F 34 3F EC 2D 4D 4A 24 18
00009150  20 4E 00 00 4D 4A DC E7 34 3F 14 D2 EC 2D CC C0
00009160  24 18 B3 B5 00 00 E0 B1 DC E7 B3 B5 14 D2 CC C0
00009170  CC C0 14 D2 B3 B5 DC E7 E0 B1 00 00 B3 B5 24 18
00009180  CC C0 EC 2D 14 D2 34 3F DC E7 4D 4A 00 00 20 4E
00009190  24 18 4D 4A EC 2D 34 3F 34 3F EC 2D 4D 4A 24 18
000091A0  20 4E 00 00 4D 4A DC E7 34 3F 14 D2 EC 2D CC C0
000091B0  24 18 B3 B5 00 00 E0 B1 DC E7 B3 B5 14 D2 CC C0
000091C0  CC C0 14 D2 B3 B5 DC E7 E0 B1 00 00 B3 B5 24 18
000091D0  CC C0 EC 2D 14 D2 34 3F DC E7 4D 4A 00 00 20 4E
000091E0  24 18 4D 4A EC 2D 34 3F 34 3F EC 2D 4D 4A 24 18
000091F0  20 4E 00 00 4D 4A DC E7 34 3F 14 D2 EC 2D CC C0
00009200  24 18 B3 B5 00 00 E0 B1 DC E7 B3 B5 14 D2 CC C0
00009210  CC C0 14 D2 B3 B5 DC E7 E0 B1 00 00 B3 B5 24 18
00009220  CC C0 EC 2D 14 D2 34 3F DC E7 4D 4A 00 00 20 4E
00009230  24 18 4D 4A EC 2D 34 3F 34 3F EC 2D 4D 4A 24 18
00009240  20 4E 00 00 4D 4A DC E7 34 3F 14 D2 EC 2D CC C0
00009250  24 18 B3 B5 00 00 E0 B1 DC E7 B3 B5 14 D2 CC C0
00009260  CC C0 14 D2 B3 B5 DC E7 E0 B1 00 00 B3 B5 24 18
00009270  CC C0 EC 2D 14 D2 34 3F DC E7 4D 4A 00 00 20 4E
00009280  24 18 4D 4A EC 2D 34 3F 34 3F EC 2D 4D 4A 24 18
00009290  20 4E 00 00 4D 4A DC E7 34 3F 14 D2 EC 2D CC C0
000092A0  24 18 B3 B5 00 00 E0 B1 DC E7 B3 B5 14 D2 CC C0
000092B0  CC C0 14 D2 B3 B5 DC E7 E0 B1 00 00 B3 B5 24 18
000092C0  CC C0 EC 2D 14 D2 34 3F DC E7 4D 4A 00 00 20 4E
000092D0  24 18 4D 4A EC 2D 34 3F 34 3F EC 2D 4D 4A 24 18
000092E0  20 4E 00 00 4D 4A DC E7 34 3F 14 D2 EC 2D CC C0
000092F0  24 18 B3 B5 00 00 E0 B1 DC E7 B3 B5 14 D2 CC C0
00009300  CC C0 14 D2 B3 B5 DC E7 E0 B1 00 00 B3 B5 24 18
00009310  CC C0 EC 2D 14 D2 34 3F DC E7 4D 4A 00 00 20 4E
00009320  24 18 4D 4A EC 2D 34 3F 34 3F EC 2D 4D 4A 24 18
00009330  20 4E 00 00 4D 4A DC E7 34 3F 14 D2 EC 2D CC C0
00009340  24 18 B3 B5 00 00 E0 B1 DC E7 B3 B5 14 D2 CC C0
00009350  CC C0 14 D2 B3 B5 DC E7 E0 B1 00 00 B3 B5 24 18
00009360  CC C0 EC 2D 14 D2 34 3F DC E7 4D 4A 00 00 20 4E
00009370  24 18 4D 4A EC 2D 34 3F 34 3F EC 2D 4D 4A 24 18
00009380  20 4E 00 00 4D 4A DC E7 34 3F 14 D2 EC 2D CC C0
00009390  24 18 B3 B5 00 00 E0 B1 DC E7 B3 B5 14 D2 CC C0
000093A0  CC C0 14 D2 B3 B5 DC E7 E0 B1 00 00 B3 B5 24 18
000093B0  CC C0 EC 2D 14 D2 34 3F DC E7 4D 4A 00 00 20 4E
000093C0  24 18 4D 4A EC 2D 34 3F 34 3F EC 2D 4D 4A 24 18
000093D0  20 4E 00 00 4D 4A DC E7 34 3F 14 D2 EC 2D CC C0
000093E0  24 18 B3 B5 00 00 E0 B1 DC E7 B3 B5 14 D2 CC C0
000093F0  CC C0 14 D2 B3 B5 DC E7 E0 B1 00 00 B3 B5 24 18
00009400  CC C0 EC 2D 14 D2 34 3F DC E7 4D 4A 00 00 20 4E
00009410  24 18 4D 4A EC 2D 34 3F 34 3F EC 2D 4D 4A 24 18
00009420  20 4E 00 00 4D 4A DC E7 34 3F 14 D2 EC 2D CC C0
00009430  24 18 B3 B5 00 00 E0 B1 DC E7 B3 B5 14 D2 CC C0
00009440  CC C0 14 D2 B3 B5 DC E7 E0 B1 00 00 B3 B5 24 18
00009450  CC C0 EC 2D 14 D2 34 3F DC E7 4D 4A 00 00 20 4E
00009460  24 18 4D 4A EC 2D 34 3F 34 3F EC 2D 4D 4A 24 18
00009470  20 4E 00 00 4D 4A DC E7 34 3F 14 D2 EC 2D CC C0
00009480  24 18 B3 B5 00 00 E0 B1 DC E7 B3 B5 14 D2 CC C0
00009490  CC C0 14 D2 B3 B5 DC E7 E0 B1 00 00 B3 B5 24 18
000094A0  CC C0 EC 2D 14 D2 34 3F DC E7 4D 4A 00 00 20 4E
000094B0  24 18 4D 4A EC 2D 34 3F 34 3F EC 2D 4D 4A 24 18
000094C0  20 4E 00 00 4D 4A DC E7 34 3F 14 D2 EC 2D CC C0
000094D0  24 18 B3 B5 00 00 E0 B1 DC E7 B3 B5 14 D2 CC C0
000094E0  CC C0 14 D2 B3 B5 DC E7 E0 B1 00 00 B3 B5 24 18
000094F0  CC C0 EC 2D 14 D2 34 3F DC E7 4D 4A 00 00 20 4E
00009500  24 18 4D 4A EC 2D 34 3F 34 3F EC 2D 4D 4A 24 18
00009510  20 4E 00 00 4D 4A DC E7 34 3F 14 D2 EC 2D CC C0
00009520  24 18 B3 B5 00 00 E0 B1 DC E7 B3 B5 14 D2 CC C0
00009530  CC C0 14 D2 B3 B5 DC E7 E0 B1 00 00 B3 B5 24 18
00009540  CC C0 EC 2D 14 D2 34 3F DC E7 4D 4A 00 00 20 4E
00009550  24 18 4D 4A EC 2D 34 3F 34 3F EC 2D 4D 4A 24 18
00009560  20 4E 00 00 4D 4A DC E7 34 3F 14 D2 EC 2D CC C0
00009570  24 18 B3 B5 00 00 E0 B1 DC E7 B3 B5 14 D2 CC C0
00009580  CC C0 14 D2 B3 B5 DC E7 E0 B1 00 00 B3 B5 24 18
00009590  CC C0 EC 2D 14 D2 34 3F DC E7 4D 4A 00 00 20 4E
000095A0  24 18 4D 4A EC 2D 34 3F 34 3F EC 2D 4D 4A 24 18
000095B0  20 4E 00 00 4D 4A DC E7 34 3F 14 D2 EC 2D CC C0
000095C0  24 18 B3 B5 00 00 E0 B1 DC E7 B3 B5 14 D2 CC C0
000095D0  CC C0 14 D2 B3 B5 DC E7 E0 B1 00 00 B3 B5 24 18
000095E0  CC C0 EC 2D 14 D2 34 3F DC E7 4D 4A 00 00 20 4E
000095F0  24 18 4D 4A EC 2D 34 3F 34 3F EC 2D 4D 4A 24 18
00009600  20 4E 00 00 4D 4A DC E7 34 3F 14 D2 EC 2D CC C0
00009610  24 18 B3 B5 00 00 E0 B1 DC E7 B3 B5 14 D2 CC C0
00009620  CC C0 14 D2 B3 B5 DC E7 E0 B1 00 00 B3 B5 24 18
00009630  CC C0 EC 2D 14 D2 34 3F DC E7 4D 4A 00 00 20 4E
00009640  24 18 4D 4A EC 2D 34 3F 34 3F EC 2D 4D 4A 24 18
00009650  20 4E 00 00 4D 4A DC E7 34 3F 14 D2 EC 2D CC C0
00009660  24 18 B3 B5 00 00 E0 B1 DC E7 B3 B5 14 D2 CC C0
00009670  CC C0 14 D2 B3 B5 DC E7 E0 B1 00 00 B3 B5 24 18
00009680  CC C0 EC 2D 14 D2 34 3F DC E7 4D 4A 00 00 20 4E
00009690  24 18 4D 4A EC 2D 34 3F 34 3F EC 2D 4D 4A 24 18
000096A0  20 4E 00 00 4D 4A DC E7 34 3F 14 D2 EC 2D CC C0
000096B0  24 18 B3 B5 00 00 E0 B1 DC E7 B3 B5 14 D2 CC C0
000096C0  CC C0 14 D2 B3 B5 DC E7 E0 B1 00 00 B3 B5 24 18
000096D0  CC C0 EC 2D 14 D2 34 3F DC E7 4D 4A 00 00 20 4E
000096E0  24 18 4D 4A EC 2D 34 3F 34 3F EC 2D 4D 4A 24 18
000096F0  20 4E 00 00 4D 4A DC E7 34 3F 14 D2 EC 2D CC C0
00009700  24 18 B3 B5 00 00 E0 B1 DC E7 B3 B5 14 D2 CC C0
00009710  CC C0 14 D2 B3 B5 DC E7 E0 B1 00 00 B3 B5 24 18
00009720  CC C0 EC 2D 14 D2 34 3F DC E7 4D 4A 00 00 20 4E
00009730  24 18 4D 4A EC 2D 34 3F 34 3F EC 2D 4D 4A 24 18
00009740  20 4E 00 00 4D 4A DC E7 34 3F 14 D2 EC 2D CC C0
00009750  24 18 B3 B5 00 00 E0 B1 DC E7 B3 B5 14 D2 CC C0
00009760  CC C0 14 D2 B3 B5 DC E7 E0 B1 00 00 B3 B5 24 18
00009770  CC C0 EC 2D 14 D2 34 3F DC E7 4D 4A 00 00 20 4E
00009780  24 18 4D 4A EC 2D 34 3F 34 3F EC 2D 4D 4A 24 18
00009790  20 4E 00 00 4D 4A DC E7 34 3F 14 D2 EC 2D CC C0
000097A0  24 18 B3 B5 00 00 E0 B1 DC E7 B3 B5 14 D2 CC C0
000097B0  CC C0 14 D2 B3 B5 DC E7 E0 B1 00 00 B3 B5 24 18
000097C0  CC C0 EC 2D 14 D2 34 3F DC E7 4D 4A 00 00 20 4E
000097D0  24 18 4D 4A EC 2D 34 3F 34 3F EC 2D 4D 4A 24 18
000097E0  20 4E 00 00 4D 4A DC E7 34 3F 14 D2 EC 2D CC C0
000097F0  24 18 B3 B5 00 00 E0 B1 DC E7 B3 B5 14 D2 CC C0
00009800  CC C0 14 D2 B3 B5 DC E7 E0 B1 00 00 B3 B5 24 18
00009810  CC C0 EC 2D 14 D2 34 3F DC E7 4D 4A 00 00 20 4E
00009820  24 18 4D 4A EC 2D 34 3F 34 3F EC 2D 4D 4A 24 18
00009830  20 4E 00 00 4D 4A DC E7 34 3F 14 D2 EC 2D CC C0
00009840  24 18 B3 B5 00 00 E0 B1 DC E7 B3 B5 14 D2 CC C0
00009850  CC C0 14 D2 B3 B5 DC E7 E0 B1 00 00 B3 B5 24 18
00009860  CC C0 EC 2D 14 D2 34 3F DC E7 4D 4A 00 00 20 4E
00009870  24 18 4D 4A EC 2D 34 3F 34 3F EC 2D 4D 4A 24 18
00009880  20 4E 00 00 4D 4A DC E7 34 3F 14 D2 EC 2D CC C0
00009890  24 18 B3 B5 00 00 E0 B1 DC E7 B3 B5 14 D2 CC C0
000098A0  CC C0 14 D2 B3 B5 DC E7 E0 B1 00 00 B3 B5 24 18
000098B0  CC C0 EC 2D 14 D2 34 3F DC E7 4D 4A 00 00 20 4E
000098C0  24 18 4D 4A EC 2D 34 3F 34 3F EC 2D 4D 4A 24 18
000098D0  20 4E 00 00 4D 4A DC E7 34 3F 14 D2 EC 2D CC C0
000098E0  24 18 B3 B5 00 00 E0 B1 DC E7 B3 B5 14 D2 CC C0
000098F0  CC C0 14 D2 B3 B5 DC E7 E0 B1 00 00 B3 B5 24 18
00009900  CC C0 EC 2D 14 D2 34 3F DC E7 4D 4A 00 00 20 4E
00009910  24 18 4D 4A EC 2D 34 3F 34 3F EC 2D 4D 4A 24 18
00009920  20 4E 00 00 4D 4A DC E7 34 3F 14 D2 EC 2D CC C0
00009930  24 18 B3 B5 00 00 E0 B1 DC E7 B3 B5 14 D2 CC C0
00009940  CC C0 14 D2 B3 B5 DC E7 E0 B1 00 00 B3 B5 24 18
00009950  CC C0 EC 2D 14 D2 34 3F DC E7 4D 4A 00 00 20 4E
00009960  24 18 4D 4A EC 2D 34 3F 34 3F EC 2D 4D 4A 24 18
00009970  20 4E 00 00 4D 4A DC E7 34 3F 14 D2 EC 2D CC C0
00009980  24 18 B3 B5 00 00 E0 B1 DC E7 B3 B5 14 D2 CC C0
00009990  CC C0 14 D2 B3 B5 DC E7 E0 B1 00 00 B3 B5 24 18
000099A0  CC C0 EC 2D 14 D2 34 3F DC E7 4D 4A 00 00 20 4E
000099B0  24 18 4D 4A EC 2D 34 3F 34 3F EC 2D 4D 4A 24 18
000099C0  20 4E 00 00 4D 4A DC E7 34 3F 14 D2 EC 2D CC C0
000099D0  24 18 B3 B5 00 00 E0 B1 DC E7 B3 B5 14 D2 CC C0
000099E0  CC C0 14 D2 B3 B5 DC E7 E0 B1 00 00 B3 B5 24 18
000099F0  CC C0 EC 2D 14 D2 34 3F DC E7 4D 4A 00 00 20 4E
00009A00  24 18 4D 4A EC 2D 34 3F 34 3F EC 2D 4D 4A 24 18
00009A10  20 4E 00 00 4D 4A DC E7 34 3F 14 D2 EC 2D CC C0
00009A20  24 18 B3 B5 00 00 E0 B1 DC E7 B3 B5 14 D2 CC C0
00009A30  CC C0 14 D2 B3 B5 DC E7 E0 B1 00 00 B3 B5 24 18
00009A40  CC C0 EC 2D 14 D2 34 3F DC E7 4D 4A 00 00 20 4E
00009A50  24 18 4D 4A EC 2D 34 3F 34 3F EC 2D 4D 4A 24 18
00009A60  20 4E 00 00 4D 4A DC E7 34 3F 14 D2 EC 2D CC C0
00009A70  24 18 B3 B5 00 00 E0 B1 DC E7 B3 B5 14 D2 CC C0
00009A80  CC C0 14 D2 B3 B5 DC E7 E0 B1 00 00 B3 B5 24 18
00009A90  CC C0 EC 2D 14 D2 34 3F DC E7 4D 4A 00 00 20 4E
00009AA0  24 18 4D 4A EC 2D 34 3F 34 3F EC 2D 4D 4A 24 18
00009AB0  20 4E 00 00 4D 4A DC E7 34 3F 14 D2 EC 2D CC C0
00009AC0  24 18 B3 B5 00 00 E0 B1 DC E7 B3 B5 14 D2 CC C0
00009AD0  CC C0 14 D2 B3 B5 DC E7 E0 B1 00 00 B3 B5 24 18
00009AE0  CC C0 EC 2D 14 D2 34 3F DC E7 4D 4A 00 00 20 4E
00009AF0  24 18 4D 4A EC 2D 34 3F 34 3F EC 2D 4D 4A 24 18
00009B00  20 4E 00 00 4D 4A DC E7 34 3F 14 D2 EC 2D CC C0
00009B10  24 18 B3 B5 00 00 E0 B1 DC E7 B3 B5 14 D2 CC C0
00009B20  CC C0 14 D2 B3 B5 DC E7 E0 B1 00 00 B3 B5 24 18
00009B30  CC C0 EC 2D 14 D2 34 3F DC E7 4D 4A 00 00 20 4E
00009B40  24 18 4D 4A EC 2D 34 3F 34 3F EC 2D 4D 4A 24 18
00009B50  20 4E 00 00 4D 4A DC E7 34 3F 14 D2 EC 2D CC C0
00009B60  24 18 B3 B5 00 00 E0 B1 DC E7 B3 B5 14 D2 CC C0
00009B70  CC C0 14 D2 B3 B5 DC E7 E0 B1 00 00 B3 B5 24 18
00009B80  CC C0 EC 2D 14 D2 34 3F DC E7 4D 4A 00 00 20 4E
00009B90  24 18 4D 4A EC 2D 34 3F 34 3F EC 2D 4D 4A 24 18
00009BA0  20 4E 00 00 4D 4A DC E7 34 3F 14 D2 EC 2D CC C0
00009BB0  24 18 B3 B5 00 00 E0 B1 DC E7 B3 B5 14 D2 CC C0
00009BC0  CC C0 14 D2 B3 B5 DC E7 E0 B1 00 00 B3 B5 24 18
00009BD0  CC C0 EC 2D 14 D2 34 3F DC E7 4D 4A 00 00 20 4E
00009BE0  24 18 4D 4A EC 2D 34 3F 34 3F EC 2D 4D 4A 24 18
00009BF0  20 4E 00 00 4D 4A DC E7 34 3F 14 D2 EC 2D CC C0
00009C00  24 18 B3 B5 00 00 E0 B1 DC E7 B3 B5 14 D2 CC C0
00009C10  CC C0 14 D2 B3 B5 DC E7 E0 B1 00 00 B3 B5 24 18
00009C20  CC C0 EC 2D 14 D2 34 3F DC E7 4D 4A 00 00 20 4E
00009C30  24 18 4D 4A EC 2D 34 3F 34 3F EC 2D 4D 4A 24 18
00009C40  20 4E 00 00 4D 4A DC E7 34 3F 14 D2 EC 2D CC C0
00009C50  24 18 B3 B5 00 00 E0 B1 DC E7 B3 B5 14 D2 CC C0
00009C60  CC C0 14 D2 B3 B5 DC E7 E0 B1 00 00 B3 B5 24 18
00009C70  CC C0 EC 2D 14 D2 34 3F DC E7 4D 4A 00 00 20 4E
00009C80  24 18 4D 4A EC 2D 34 3F 34 3F EC 2D 4D 4A 24 18
00009C90  20 4E 00 00 4D 4A DC E7 34 3F 14 D2 EC 2D CC C0
00009CA0  24 18 B3 B5 00 00 E0 B1 DC E7 B3 B5 14 D2 CC C0
00009CB0  CC C0 14 D2 B3 B5 DC E7 E0 B1 00 00 B3 B5 24 18
00009CC0  CC C0 EC 2D 14 D2 34 3F DC E7 4D 4A 00 00 20 4E
00009CD0  24 18 4D 4A EC 2D 34 3F 34 3F EC 2D 4D 4A 24 18
00009CE0  20 4E 00 00 4D 4A DC E7 34 3F 14 D2 EC 2D CC C0
00009CF0  24 18 B3 B5 00 00 E0 B1 DC E7 B3 B5 14 D2 CC C0
00009D00  CC C0 14 D2 B3 B5 DC E7 E0 B1 00 00 B3 B5 24 18
00009D10  CC C0 EC 2D 14 D2 34 3F DC E7 4D 4A 00 00 20 4E
00009D20  24 18 4D 4A EC 2D 34 3F 34 3F EC 2D 4D 4A 24 18
00009D30  20 4E 00 00 4D 4A DC E7 34 3F 14 D2 EC 2D CC C0
00009D40  24 18 B3 B5 00 00 E0 B1 DC E7 B3 B5 14 D2 CC C0
00009D50  CC C0 14 D2 B3 B5 DC E7 E0 B1 00 00 B3 B5 24 18
00009D60  CC C0 EC 2D 14 D2 34 3F DC E7 4D 4A 00 00 20 4E
00009D70  24 18 4D 4A EC 2D 34 3F 34 3F EC 2D 4D 4A 24 18
00009D80  20 4E 00 00 4D 4A DC E7 34 3F 14 D2 EC 2D CC C0
00009D90  24 18 B3 B5 00 00 E0 B1 DC E7 B3 B5 14 D2 CC C0
00009DA0  CC C0 14 D2 B3 B5 DC E7 E0 B1 00 00 B3 B5 24 18
00009DB0  CC C0 EC 2D 14 D2 34 3F DC E7 4D 4A 00 00 20 4E
00009DC0  24 18 4D 4A EC 2D 34 3F 34 3F EC 2D 4D 4A 24 18
00009DD0  20 4E 00 00 4D 4A DC E7 34 3F 14 D2 EC 2D CC C0
00009DE0  24 18 B3 B5 00 00 E0 B1 DC E7 B3 B5 14 D2 CC C0
00009DF0  CC C0 14 D2 B3 B5 DC E7 E0 B1 00 00 B3 B5 24 18
00009E00  CC C0 EC 2D 14 D2 34 3F DC E7 4D 4A 00 00 20 4E
00009E10  24 18 4D 4A EC 2D 34 3F 34 3F EC 2D 4D 4A 24 18
00009E20  20 4E 00 00 4D 4A DC E7 34 3F 14 D2 EC 2D CC C0
00009E30  24 18 B3 B5 00 00 E0 B1 DC E7 B3 B5 14 D2 CC C0
00009E40  CC C0 14 D2 B3 B5 DC E7 E0 B1 00 00 B3 B5 24 18
00009E50  CC C0 EC 2D 14 D2 34 3F DC E7 4D 4A 00 00 20 4E
00009E60  24 18 4D 4A EC 2D 34 3F 34 3F EC 2D 4D 4A 24 18
00009E70  20 4E 00 00 4D 4A DC E7 34 3F 14 D2 EC 2D CC C0
00009E80  24 18 B3 B5 00 00 E0 B1 DC E7 B3 B5 14 D2 CC C0
00009E90  CC C0 14 D2 B3 B5 DC E7 E0 B1 00 00 B3 B5 24 18
00009EA0  CC C0 EC 2D 14 D2 34 3F DC E7 4D 4A 00 00 20 4E
00009EB0  24 18 4D 4A EC 2D 34 3F 34 3F EC 2D 4D 4A 24 18
00009EC0  20 4E 00 00 4D 4A DC E7 34 3F 14 D2 EC 2D CC C0
00009ED0  24 18 B3 B5 00 00 E0 B1 DC E7 B3 B5 14 D2 CC C0
00009EE0  CC C0 14 D2 B3 B5 DC E7 E0 B1 00 00 B3 B5 24 18
00009EF0  CC C0 EC 2D 14 D2 34 3F DC E7 4D 4A 00 00 20 4E
00009F00  24 18 4D 4A EC 2D 34 3F 34 3F EC 2D 4D 4A 24 18
00009F10  20 4E 00 00 4D 4A DC E7 34 3F 14 D2 EC 2D CC C0
00009F20  24 18 B3 B5 00 00 E0 B1 DC E7 B3 B5 14 D2 CC C0
00009F30  CC C0 14 D2 B3 B5 DC E7 E0 B1 00 00 B3 B5 24 18
00009F40  CC C0 EC 2D 14 D2 34 3F DC E7 4D 4A 00 00 20 4E
00009F50  24 18 4D 4A EC 2D 34 3F 34 3F EC 2D 4D 4A 24 18
00009F60  20 4E 00 00 4D 4A DC E7 34 3F 14 D2 EC 2D CC C0
00009F70  24 18 B3 B5 00 00 E0 B1 DC E7 B3 B5 14 D2 CC C0
00009F80  CC C0 14 D2 B3 B5 DC E7 E0 B1 00 00 B3 B5 24 18
00009F90  CC C0 EC 2D 14 D2 34 3F DC E7 4D 4A 00 00 20 4E
00009FA0  24 18 4D 4A EC 2D 34 3F 34 3F EC 2D 4D 4A 24 18
00009FB0  20 4E 00 00 4D 4A DC E7 34 3F 14 D2 EC 2D CC C0
00009FC0  24 18 B3 B5 00 00 E0 B1 DC E7 B3 B5 14 D2 CC C0
00009FD0  CC C0 14 D2 B3 B5 DC E7 E0 B1 00 00 B3 B5 24 18
00009FE0  CC C0 EC 2D 14 D2 34 3F DC E7 4D 4A 00 00 20 4E
00009FF0  24 18 4D 4A EC 2D 34 3F 34 3F EC 2D 4D 4A 24 18
0000A000  20 4E 00 00 4D 4A DC E7 34 3F 14 D2 EC 2D CC C0
0000A010  24 18 B3 B5 00 00 E0 B1 DC E7 B3 B5 14 D2 CC C0
0000A020  CC C0 14 D2 B3 B5 DC E7 E0 B1 00 00 B3 B5 24 18
0000A030  CC C0 EC 2D 14 D2 34 3F DC E7 4D 4A 00 00 20 4E
0000A040  24 18 4D 4A EC 2D 34 3F 34 3F EC 2D 4D 4A 24 18
0000A050  20 4E 00 00 4D 4A DC E7 34 3F 14 D2 EC 2D CC C0
0000A060  24 18 B3 B5 00 00 E0 B1 DC E7 B3 B5 14 D2 CC C0
0000A070  CC C0 14 D2 B3 B5 DC E7 E0 B1 00 00 B3 B5 24 18
0000A080  CC C0 EC 2D 14 D2 34 3F DC E7 4D 4A 00 00 20 4E
0000A090  24 18 4D 4A EC 2D 34 3F 34 3F EC 2D 4D 4A 24 18
0000A0A0  20 4E 00 00 4D 4A DC E7 34 3F 14 D2 EC 2D CC C0
0000A0B0  24 18 B3 B5 00 00 E0 B1 DC E7 B3 B5 14 D2 CC C0
0000A0C0  CC C0 14 D2 B3 B5 DC E7 E0 B1 00 00 B3 B5 24 18
0000A0D0  CC C0 EC 2D 14 D2 34 3F DC E7 4D 4A 00 00 20 4E
0000A0E0  24 18 4D 4A EC 2D 34 3F 34 3F EC 2D 4D 4A 24 18
0000A0F0  20 4E 00 00 4D 4A DC E7 34 3F 14 D2 EC 2D CC C0
0000A100  24 18 B3 B5 00 00 E0 B1 DC E7 B3 B5 14 D2 CC C0
0000A110  CC C0 14 D2 B3 B5 DC E7 E0 B1 00 00 B3 B5 24 18
0000A120  CC C0 EC 2D 14 D2 34 3F DC E7 4D 4A 00 00 20 4E
0000A130  24 18 4D 4A EC 2D 34 3F 34 3F EC 2D 4D 4A 24 18
0000A140  20 4E 00 00 4D 4A DC E7 34 3F 14 D2 EC 2D CC C0
0000A150  24 18 B3 B5 00 00 E0 B1 DC E7 B3 B5 14 D2 CC C0
0000A160  CC C0 14 D2 B3 B5 DC E7 E0 B1 00 00 B3 B5 24 18
0000A170  CC C0 EC 2D 14 D2 34 3F DC E7 4D 4A 00 00 20 4E
0000A180  24 18 4D 4A EC 2D 34 3F 34 3F EC 2D 4D 4A 24 18
0000A190  20 4E 00 00 4D 4A DC E7 34 3F 14 D2 EC 2D CC C0
0000A1A0  24 18 B3 B5 00 00 E0 B1 DC E7 B3 B5 14 D2 CC C0
0000A1B0  CC C0 14 D2 B3 B5 DC E7 E0 B1 00 00 B3 B5 24 18
0000A1C0  CC C0 EC 2D 14 D2 34 3F DC E7 4D 4A 00 00 20 4E
0000A1D0  24 18 4D 4A EC 2D 34 3F 34 3F EC 2D 4D 4A 24 18
0000A1E0  20 4E 00 00 4D 4A DC E7 34 3F 14 D2 EC 2D CC C0
0000A1F0  24 18 B3 B5 00 00 E0 B1 DC E7 B3 B5 14 D2 CC C0
0000A200  CC C0 14 D2 B3 B5 DC E7 E0 B1 00 00 B3 B5 24 18
0000A210  CC C0 EC 2D 14 D2 34 3F DC E7 4D 4A 00 00 20 4E
0000A220  24 18 4D 4A EC 2D 34 3F 34 3F EC 2D 4D 4A 24 18
0000A230  20 4E 00 00 4D 4A DC E7 34 3F 14 D2 EC 2D CC C0
0000A240  24 18 B3 B5 00 00 E0 B1 DC E7 B3 B5 14 D2 CC C0
0000A250  CC C0 14 D2 B3 B5 DC E7 E0 B1 00 00 B3 B5 24 18
0000A260  CC C0 EC 2D 14 D2 34 3F DC E7 4D 4A 00 00 20 4E
0000A270  24 18 4D 4A EC 2D 34 3F 34 3F EC 2D 4D 4A 24 18
0000A280  20 4E 00 00 4D 4A DC E7 34 3F 14 D2 EC 2D CC C0
0000A290  24 18 B3 B5 00 00 E0 B1 DC E7 B3 B5 14 D2 CC C0
0000A2A0  CC C0 14 D2 B3 B5 DC E7 E0 B1 00 00 B3 B5 24 18
0000A2B0  CC C0 EC 2D 14 D2 34 3F DC E7 4D 4A 00 00 20 4E
0000A2C0  24 18 4D 4A EC 2D 34 3F 34 3F EC 2D 4D 4A 24 18
0000A2D0  20 4E 00 00 4D 4A DC E7 34 3F 14 D2 EC 2D CC C0
0000A2E0  24 18 B3 B5 00 00 E0 B1 DC E7 B3 B5 14 D2 CC C0
0000A2F0  CC C0 14 D2 B3 B5 DC E7 E0 B1 00 00 B3 B5 24 18
0000A300  CC C0 EC 2D 14 D2 34 3F DC E7 4D 4A 00 00 20 4E
0000A310  24 18 4D 4A EC 2D 34 3F 34 3F EC 2D 4D 4A 24 18
0000A320  20 4E 00 00 4D 4A DC E7 34 3F 14 D2 EC 2D CC C0
0000A330  24 18 B3 B5 00 00 E0 B1 DC E7 B3 B5 14 D2 CC C0
0000A340  CC C0 14 D2 B3 B5 DC E7 E0 B1 00 00 B3 B5 24 18
0000A350  CC C0 EC 2D 14 D2 34 3F DC E7 4D 4A 00 00 20 4E
0000A360  24 18 4D 4A EC 2D 34 3F 34 3F EC 2D 4D 4A 24 18
0000A370  20 4E 00 00 4D 4A DC E7 34 3F 14 D2 EC 2D CC C0
0000A380  24 18 B3 B5 00 00 E0 B1 DC E7 B3 B5 14 D2 CC C0
0000A390  CC C0 14 D2 B3 B5 DC E7 E0 B1 00 00 B3 B5 24 18
0000A3A0  CC C0 EC 2D 14 D2 34 3F DC E7 4D 4A 00 00 20 4E
0000A3B0  24 18 4D 4A EC 2D 34 3F 34 3F EC 2D 4D 4A 24 18
0000A3C0  20 4E 00 00 4D 4A DC E7 34 3F 14 D2 EC 2D CC C0
0000A3D0  24 18 B3 B5 00 00 E0 B1 DC E7 B3 B5 14 D2 CC C0
0000A3E0  CC C0 14 D2 B3 B5 DC E7 E0 B1 00 00 B3 B5 24 18
0000A3F0  CC C0 EC 2D 14 D2 34 3F DC E7 4D 4A 00 00 20 4E
0000A400  24 18 4D 4A EC 2D 34 3F 34 3F EC 2D 4D 4A 24 18
0000A410  20 4E 00 00 4D 4A DC E7 34 3F 14 D2 EC 2D CC C0
0000A420  24 18 B3 B5 00 00 E0 B1 DC E7 B3 B5 14 D2 CC C0
0000A430  CC C0 14 D2 B3 B5 DC E7 E0 B1 00 00 B3 B5 24 18
0000A440  CC C0 EC 2D 14 D2 34 3F DC E7 4D 4A 00 00 20 4E
0000A450  24 18 4D 4A EC 2D 34 3F 34 3F EC 2D 4D 4A 24 18
0000A460  20 4E 00 00 4D 4A DC E7 34 3F 14 D2 EC 2D CC C0
0000A470  24 18 B3 B5 00 00 E0 B1 DC E7 B3 B5 14 D2 CC C0
0000A480  CC C0 14 D2 B3 B5 DC E7 E0 B1 00 00 B3 B5 24 18
0000A490  CC C0 EC 2D 14 D2 34 3F DC E7 4D 4A 00 00 20 4E
0000A4A0  24 18 4D 4A EC 2D 34 3F 34 3F EC 2D 4D 4A 24 18
0000A4B0  20 4E 00 00 4D 4A DC E7 34 3F 14 D2 EC 2D CC C0
0000A4C0  24 18 B3 B5 00 00 E0 B1 DC E7 B3 B5 14 D2 CC C0
0000A4D0  CC C0 14 D2 B3 B5 DC E7 E0 B1 00 00 B3 B5 24 18
0000A4E0  CC C0 EC 2D 14 D2 34 3F DC E7 4D 4A 00 00 20 4E
0000A4F0  24 18 4D 4A EC 2D 34 3F 34 3F EC 2D 4D 4A 24 18
0000A500  20 4E 00 00 4D 4A DC E7 34 3F 14 D2 EC 2D CC C0
0000A510  24 18 B3 B5 00 00 E0 B1 DC E7 B3 B5 14 D2 CC C0
0000A520  CC C0 14 D2 B3 B5 DC E7 E0 B1 00 00 B3 B5 24 18
0000A530  CC C0 EC 2D 14 D2 34 3F DC E7 4D 4A 00 00 20 4E
0000A540  24 18 4D 4A EC 2D 34 3F 34 3F EC 2D 4D 4A 24 18
0000A550  20 4E 00 00 4D 4A DC E7 34 3F 14 D2 EC 2D CC C0
0000A560  24 18 B3 B5 00 00 E0 B1 DC E7 B3 B5 14 D2 CC C0
0000A570  CC C0 14 D2 B3 B5 DC E7 E0 B1 00 00 B3 B5 24 18
0000A580  CC C0 EC 2D 14 D2 34 3F DC E7 4D 4A 00 00 20 4E
0000A590  24 18 4D 4A EC 2D 34 3F 34 3F EC 2D 4D 4A 24 18
0000A5A0  20 4E 00 00 4D 4A DC E7 34 3F 14 D2 EC 2D CC C0
0000A5B0  24 18 B3 B5 00 00 E0 B1 DC E7 B3 B5 14 D2 CC C0
0000A5C0  CC C0 14 D2 B3 B5 DC E7 E0 B1 00 00 B3 B5 24 18
0000A5D0  CC C0 EC 2D 14 D2 34 3F DC E7 4D 4A 00 00 20 4E
0000A5E0  24 18 4D 4A EC 2D 34 3F 34 3F EC 2D 4D 4A 24 18
0000A5F0  20 4E 00 00 4D 4A DC E7 34 3F 14 D2 EC 2D CC C0
0000A600  24 18 B3 B5 00 00 E0 B1 DC E7 B3 B5 14 D2 CC C0
0000A610  CC C0 14 D2 B3 B5 DC E7 E0 B1 00 00 B3 B5 24 18
0000A620  CC C0 EC 2D 14 D2 34 3F DC E7 4D 4A 00 00 20 4E
0000A630  24 18 4D 4A EC 2D 34 3F 34 3F EC 2D 4D 4A 24 18
0000A640  20 4E 00 00 4D 4A DC E7 34 3F 14 D2 EC 2D CC C0
0000A650  24 18 B3 B5 00 00 E0 B1 DC E7 B3 B5 14 D2 CC C0
0000A660  CC C0 14 D2 B3 B5 DC E7 E0 B1 00 00 B3 B5 24 18
0000A670  CC C0 EC 2D 14 D2 34 3F DC E7 4D 4A 00 00 20 4E
0000A680  24 18 4D 4A EC 2D 34 3F 34 3F EC 2D 4D 4A 24 18
0000A690  20 4E 00 00 4D 4A DC E7 34 3F 14 D2 EC 2D CC C0
0000A6A0  24 18 B3 B5 00 00 E0 B1 DC E7 B3 B5 14 D2 CC C0
0000A6B0  CC C0 14 D2 B3 B5 DC E7 E0 B1 00 00 B3 B5 24 18
0000A6C0  CC C0 EC 2D 14 D2 34 3F DC E7 4D 4A 00 00 20 4E
0000A6D0  24 18 4D 4A EC 2D 34 3F 34 3F EC 2D 4D 4A 24 18
0000A6E0  20 4E 00 00 4D 4A DC E7 34 3F 14 D2 EC 2D CC C0
0000A6F0  24 18 B3 B5 00 00 E0 B1 DC E7 B3 B5 14 D2 CC C0
0000A700  CC C0 14 D2 B3 B5 DC E7 E0 B1 00 00 B3 B5 24 18
0000A710  CC C0 EC 2D 14 D2 34 3F DC E7 4D 4A 00 00 20 4E
0000A720  24 18 4D 4A EC 2D 34 3F 34 3F EC 2D 4D 4A 24 18
0000A730  20 4E 00 00 4D 4A DC E7 34 3F 14 D2 EC 2D CC C0
0000A740  24 18 B3 B5 00 00 E0 B1 DC E7 B3 B5 14 D2 CC C0
0000A750  CC C0 14 D2 B3 B5 DC E7 E0 B1 00 00 B3 B5 24 18
0000A760  CC C0 EC 2D 14 D2 34 3F DC E7 4D 4A 00 00 20 4E
0000A770  24 18 4D 4A EC 2D 34 3F 34 3F EC 2D 4D 4A 24 18
0000A780  20 4E 00 00 4D 4A DC E7 34 3F 14 D2 EC 2D CC C0
0000A790  24 18 B3 B5 00 00 E0 B1 DC E7 B3 B5 14 D2 CC C0
0000A7A0  CC C0 14 D2 B3 B5 DC E7 E0 B1 00 00 B3 B5 24 18
0000A7B0  CC C0 EC 2D 14 D2 34 3F DC E7 4D 4A 00 00 20 4E
0000A7C0  24 18 4D 4A EC 2D 34 3F 34 3F EC 2D 4D 4A 24 18
0000A7D0  20 4E 00 00 4D 4A DC E7 34 3F 14 D2 EC 2D CC C0
0000A7E0  24 18 B3 B5 00 00 E0 B1 DC E7 B3 B5 14 D2 CC C0
0000A7F0  CC C0 14 D2 B3 B5 DC E7 E0 B1 00 00 B3 B5 24 18
0000A800  CC C0 EC 2D 14 D2 34 3F DC E7 4D 4A 00 00 20 4E
0000A810  24 18 4D 4A EC 2D 34 3F 34 3F EC 2D 4D 4A 24 18
0000A820  20 4E 00 00 4D 4A DC E7 34 3F 14 D2 EC 2D CC C0
0000A830  24 18 B3 B5 00 00 E0 B1 DC E7 B3 B5 14 D2 CC C0
0000A840  CC C0 14 D2 B3 B5 DC E7 E0 B1 00 00 B3 B5 24 18
0000A850  CC C0 EC 2D 14 D2 34 3F DC E7 4D 4A 00 00 20 4E
0000A860  24 18 4D 4A EC 2D 34 3F 34 3F EC 2D 4D 4A 24 18
0000A870  20 4E 00 00 4D 4A DC E7 34 3F 14 D2 EC 2D CC C0
0000A880  24 18 B3 B5 00 00 E0 B1 DC E7 B3 B5 14 D2 CC C0
0000A890  CC C0 14 D2 B3 B5 DC E7 E0 B1 00 00 B3 B5 24 18
0000A8A0  CC C0 EC 2D 14 D2 34 3F DC E7 4D 4A 00 00 20 4E
0000A8B0  24 18 4D 4A EC 2D 34 3F 34 3F EC 2D 4D 4A 24 18
0000A8C0  20 4E 00 00 4D 4A DC E7 34 3F 14 D2 EC 2D CC C0
0000A8D0  24 18 B3 B5 00 00 E0 B1 DC E7 B3 B5 14 D2 CC C0
0000A8E0  CC C0 14 D2 B3 B5 DC E7 E0 B1 00 00 B3 B5 24 18
0000A8F0  CC C0 EC 2D 14 D2 34 3F DC E7 4D 4A 00 00 20 4E
0000A900  24 18 4D 4A EC 2D 34 3F 34 3F EC 2D 4D 4A 24 18
0000A910  20 4E 00 00 4D 4A DC E7 34 3F 14 D2 EC 2D CC C0
0000A920  24 18 B3 B5 00 00 E0 B1 DC E7 B3 B5 14 D2 CC C0
0000A930  CC C0 14 D2 B3 B5 DC E7 E0 B1 00 00 B3 B5 24 18
0000A940  CC C0 EC 2D 14 D2 34 3F DC E7 4D 4A 00 00 20 4E
0000A950  24 18 4D 4A EC 2D 34 3F 34 3F EC 2D 4D 4A 24 18
0000A960  20 4E 00 00 4D 4A DC E7 34 3F 14 D2 EC 2D CC C0
0000A970  24 18 B3 B5 00 00 E0 B1 DC E7 B3 B5 14 D2 CC C0
0000A980  CC C0 14 D2 B3 B5 DC E7 E0 B1 00 00 B3 B5 24 18
0000A990  CC C0 EC 2D 14 D2 34 3F DC E7 4D 4A 00 00 20 4E
0000A9A0  24 18 4D 4A EC 2D 34 3F 34 3F EC 2D 4D 4A 24 18
0000A9B0  20 4E 00 00 4D 4A DC E7 34 3F 14 D2 EC 2D CC C0
0000A9C0  24 18 B3 B5 00 00 E0 B1 DC E7 B3 B5 14 D2 CC C0
0000A9D0  CC C0 14 D2 B3 B5 DC E7 E0 B1 00 00 B3 B5 24 18
0000A9E0  CC C0 EC 2D 14 D2 34 3F DC E7 4D 4A 00 00 20 4E
0000A9F0  24 18 4D 4A EC 2D 34 3F 34 3F EC 2D 4D 4A 24 18
0000AA00  20 4E 00 00 4D 4A DC E7 34 3F 14 D2 EC 2D CC C0
0000AA10  24 18 B3 B5 00 00 E0 B1 DC E7 B3 B5 14 D2 CC C0
0000AA20  CC C0 14 D2 B3 B5 DC E7 E0 B1 00 00 B3 B5 24 18
0000AA30  CC C0 EC 2D 14 D2 34 3F DC E7 4D 4A 00 00 20 4E
0000AA40  24 18 4D 4A EC 2D 34 3F 34 3F EC 2D 4D 4A 24 18
0000AA50  20 4E 00 00 4D 4A DC E7 34 3F 14 D2 EC 2D CC C0
0000AA60  24 18 B3 B5 00 00 E0 B1 DC E7 B3 B5 14 D2 CC C0
0000AA70  CC C0 14 D2 B3 B5 DC E7 E0 B1 00 00 B3 B5 24 18
0000AA80  CC C0 EC 2D 14 D2 34 3F DC E7 4D 4A 00 00 20 4E
0000AA90  24 18 4D 4A EC 2D 34 3F 34 3F EC 2D 4D 4A 24 18
0000AAA0  20 4E 00 00 4D 4A DC E7 34 3F 14 D2 EC 2D CC C0
0000AAB0  24 18 B3 B5 00 00 E0 B1 DC E7 B3 B5 14 D2 CC C0
0000AAC0  CC C0 14 D2 B3 B5 DC E7 E0 B1 00 00 B3 B5 24 18
0000AAD0  CC C0 EC 2D 14 D2 34 3F DC E7 4D 4A 00 00 20 4E
0000AAE0  24 18 4D 4A EC 2D 34 3F 34 3F EC 2D 4D 4A 24 18
0000AAF0  20 4E 00 00 4D 4A DC E7 34 3F 14 D2 EC 2D CC C0
0000AB00  24 18 B3 B5 00 00 E0 B1 DC E7 B3 B5 14 D2 CC C0
0000AB10  CC C0 14 D2 B3 B5 DC E7 E0 B1 00 00 B3 B5 24 18
0000AB20  CC C0 EC 2D 14 D2 34 3F DC E7 4D 4A 00 00 20 4E
0000AB30  24 18 4D 4A EC 2D 34 3F 34 3F EC 2D 4D 4A 24 18
0000AB40  20 4E 00 00 4D 4A DC E7 34 3F 14 D2 EC 2D CC C0
0000AB50  24 18 B3 B5 00 00 E0 B1 DC E7 B3 B5 14 D2 CC C0
0000AB60  CC C0 14 D2 B3 B5 DC E7 E0 B1 00 00 B3 B5 24 18
0000AB70  CC C0 EC 2D 14 D2 34 3F DC E7 4D 4A 00 00 20 4E
0000AB80  24 18 4D 4A EC 2D 34 3F 34 3F EC 2D 4D 4A 24 18
0000AB90  20 4E 00 00 4D 4A DC E7 34 3F 14 D2 EC 2D CC C0
0000ABA0  24 18 B3 B5 00 00 E0 B1 DC E7 B3 B5 14 D2 CC C0
0000ABB0  CC C0 14 D2 B3 B5 DC E7 E0 B1 00 00 B3 B5 24 18
0000ABC0  CC C0 EC 2D 14 D2 34 3F DC E7 4D 4A 00 00 20 4E
0000ABD0  24 18 4D 4A EC 2D 34 3F 34 3F EC 2D 4D 4A 24 18
0000ABE0  20 4E 00 00 4D 4A DC E7 34 3F 14 D2 EC 2D CC C0
0000ABF0  24 18 B3 B5 00 00 E0 B1 DC E7 B3 B5 14 D2 CC C0
0000AC00  CC C0 14 D2 B3 B5 DC E7 E0 B1 00 00 B3 B5 24 18
0000AC10  CC C0 EC 2D 14 D2 34 3F DC E7 4D 4A 00 00 20 4E
0000AC20  24 18 4D 4A EC 2D 34 3F 34 3F EC 2D 4D 4A 24 18
0000AC30  20 4E 00 00 4D 4A DC E7 34 3F 14 D2 EC 2D CC C0
0000AC40  24 18 B3 B5 00 00 E0 B1 DC E7 B3 B5 14 D2 CC C0
0000AC50  CC C0 14 D2 B3 B5 DC E7 E0 B1 00 00 B3 B5 24 18
0000AC60  CC C0 EC 2D 14 D2 34 3F DC E7 4D 4A 00 00 20 4E
0000AC70  24 18 4D 4A EC 2D 34 3F 34 3F EC 2D 4D 4A 24 18
0000AC80  20 4E 00 00 4D 4A DC E7 34 3F 14 D2 EC 2D CC C0
0000AC90  24 18 B3 B5 00 00 E0 B1 DC E7 B3 B5 14 D2 CC C0
0000ACA0  CC C0 14 D2 B3 B5 DC E7 E0 B1 00 00 B3 B5 24 18
0000ACB0  CC C0 EC 2D 14 D2 34 3F DC E7 4D 4A 00 00 20 4E
0000ACC0  24 18 4D 4A EC 2D 34 3F 34 3F EC 2D 4D 4A 24 18
0000ACD0  20 4E 00 00 4D 4A DC E7 34 3F 14 D2 EC 2D CC C0
0000ACE0  24 18 B3 B5 00 00 E0 B1 DC E7 B3 B5 14 D2 CC C0
0000ACF0  CC C0 14 D2 B3 B5 DC E7 E0 B1 00 00 B3 B5 24 18
0000AD00  CC C0 EC 2D 14 D2 34 3F DC E7 4D 4A 00 00 20 4E
0000AD10  24 18 4D 4A EC 2D 34 3F 34 3F EC 2D 4D 4A 24 18
0000AD20  20 4E 00 00 4D 4A DC E7 34 3F 14 D2 EC 2D CC C0
0000AD30  24 18 B3 B5 00 00 E0 B1 DC E7 B3 B5 14 D2 CC C0
0000AD40  CC C0 14 D2 B3 B5 DC E7 E0 B1 00 00 B3 B5 24 18
0000AD50  CC C0 EC 2D 14 D2 34 3F DC E7 4D 4A 00 00 20 4E
0000AD60  24 18 4D 4A EC 2D 34 3F 34 3F EC 2D 4D 4A 24 18
0000AD70  20 4E 00 00 4D 4A DC E7 34 3F 14 D2 EC 2D CC C0
0000AD80  24 18 B3 B5 00 00 E0 B1 DC E7 B3 B5 14 D2 CC C0
0000AD90  CC C0 14 D2 B3 B5 DC E7 E0 B1 00 00 B3 B5 24 18
0000ADA0  CC C0 EC 2D 14 D2 34 3F DC E7 4D 4A 00 00 20 4E
0000ADB0  24 18 4D 4A EC 2D 34 3F 34 3F EC 2D 4D 4A 24 18
0000ADC0  20 4E 00 00 4D 4A DC E7 34 3F 14 D2 EC 2D CC C0
0000ADD0  24 18 B3 B5 00 00 E0 B1 DC E7 B3 B5 14 D2 CC C0
0000ADE0  CC C0 14 D2 B3 B5 DC E7 E0 B1 00 00 B3 B5 24 18
0000ADF0  CC C0 EC 2D 14 D2 34 3F DC E7 4D 4A 00 00 20 4E
0000AE00  24 18 4D 4A EC 2D 34 3F 34 3F EC 2D 4D 4A 24 18
0000AE10  20 4E 00 00 4D 4A DC E7 34 3F 14 D2 EC 2D CC C0
0000AE20  24 18 B3 B5 00 00 E0 B1 DC E7 B3 B5 14 D2 CC C0
0000AE30  CC C0 14 D2 B3 B5 DC E7 E0 B1 00 00 B3 B5 24 18
0000AE40  CC C0 EC 2D 14 D2 34 3F DC E7 4D 4A 00 00 20 4E
0000AE50  24 18 4D 4A EC 2D 34 3F 34 3F EC 2D 4D 4A 24 18
0000AE60  20 4E 00 00 4D 4A DC E7 34 3F 14 D2 EC 2D CC C0
0000AE70  24 18 B3 B5 00 00 E0 B1 DC E7 B3 B5 14 D2 CC C0
0000AE80  CC C0 14 D2 B3 B5 DC E7 E0 B1 00 00 B3 B5 24 18
0000AE90  CC C0 EC 2D 14 D2 34 3F DC E7 4D 4A 00 00 20 4E
0000AEA0  24 18 4D 4A EC 2D 34 3F 34 3F EC 2D 4D 4A 24 18
0000AEB0  20 4E 00 00 4D 4A DC E7 34 3F 14 D2 EC 2D CC C0
0000AEC0  24 18 B3 B5 00 00 E0 B1 DC E7 B3 B5 14 D2 CC C0
0000AED0  CC C0 14 D2 B3 B5 DC E7 E0 B1 00 00 B3 B5 24 18
0000AEE0  CC C0 EC 2D 14 D2 34 3F DC E7 4D 4A 00 00 20 4E
0000AEF0  24 18 4D 4A EC 2D 34 3F 34 3F EC 2D 4D 4A 24 18
0000AF00  20 4E 00 00 4D 4A DC E7 34 3F 14 D2 EC 2D CC C0
0000AF10  24 18 B3 B5 00 00 E0 B1 DC E7 B3 B5 14 D2 CC C0
0000AF20  CC C0 14 D2 B3 B5 DC E7 E0 B1 00 00 B3 B5 24 18
0000AF30  CC C0 EC 2D 14 D2 34 3F DC E7 4D 4A 00 00 20 4E
0000AF40  24 18 4D 4A EC 2D 34 3F 34 3F EC 2D 4D 4A 24 18
0000AF50  20 4E 00 00 4D 4A DC E7 34 3F 14 D2 EC 2D CC C0
0000AF60  24 18 B3 B5 00 00 E0 B1 DC E7 B3 B5 14 D2 CC C0
0000AF70  CC C0 14 D2 B3 B5 DC E7 E0 B1 00 00 B3 B5 24 18
0000AF80  CC C0 EC 2D 14 D2 34 3F DC E7 4D 4A 00 00 20 4E
0000AF90  24 18 4D 4A EC 2D 34 3F 34 3F EC 2D 4D 4A 24 18
0000AFA0  20 4E 00 00 4D 4A DC E7 34 3F 14 D2 EC 2D CC C0
0000AFB0  24 18 B3 B5 00 00 E0 B1 DC E7 B3 B5 14 D2 CC C0
0000AFC0  CC C0 14 D2 B3 B5 DC E7 E0 B1 00 00 B3 B5 24 18
0000AFD0  CC C0 EC 2D 14 D2 34 3F DC E7 4D 4A 00 00 20 4E
0000AFE0  24 18 4D 4A EC 2D 34 3F 34 3F EC 2D 4D 4A 24 18
0000AFF0  20 4E 00 00 4D 4A DC E7 34 3F 14 D2 EC 2D CC C0
0000B000  24 18 B3 B5 00 00 E0 B1 DC E7 B3 B5 14 D2 CC C0
0000B010  CC C0 14 D2 B3 B5 DC E7 E0 B1 00 00 B3 B5 24 18
0000B020  CC C0 EC 2D 14 D2 34 3F DC E7 4D 4A 00 00 20 4E
0000B030  24 18 4D 4A EC 2D 34 3F 34 3F EC 2D 4D 4A 24 18
0000B040  20 4E 00 00 4D 4A DC E7 34 3F 14 D2 EC 2D CC C0
0000B050  24 18 B3 B5 00 00 E0 B1 DC E7 B3 B5 14 D2 CC C0
0000B060  CC C0 14 D2 B3 B5 DC E7 E0 B1 00 00 B3 B5 24 18
0000B070  CC C0 EC 2D 14 D2 34 3F DC E7 4D 4A 00 00 20 4E
0000B080  24 18 4D 4A EC 2D 34 3F 34 3F EC 2D 4D 4A 24 18
0000B090  20 4E 00 00 4D 4A DC E7 34 3F 14 D2 EC 2D CC C0
0000B0A0  24 18 B3 B5 00 00 E0 B1 DC E7 B3 B5 14 D2 CC C0
0000B0B0  CC C0 14 D2 B3 B5 DC E7 E0 B1 00 00 B3 B5 24 18
0000B0C0  CC C0 EC 2D 14 D2 34 3F DC E7 4D 4A 00 00 20 4E
0000B0D0  24 18 4D 4A EC 2D 34 3F 34 3F EC 2D 4D 4A 24 18
0000B0E0  20 4E 00 00 4D 4A DC E7 34 3F 14 D2 EC 2D CC C0
0000B0F0  24 18 B3 B5 00 00 E0 B1 DC E7 B3 B5 14 D2 CC C0
0000B100  CC C0 14 D2 B3 B5 DC E7 E0 B1 00 00 B3 B5 24 18
0000B110  CC C0 EC 2D 14 D2 34 3F DC E7 4D 4A 00 00 20 4E
0000B120  24 18 4D 4A EC 2D 34 3F 34 3F EC 2D 4D 4A 24 18
0000B130  20 4E 00 00 4D 4A DC E7 34 3F 14 D2 EC 2D CC C0
0000B140  24 18 B3 B5 00 00 E0 B1 DC E7 B3 B5 14 D2 CC C0
0000B150  CC C0 14 D2 B3 B5 DC E7 E0 B1 00 00 B3 B5 24 18
0000B160  CC C0 EC 2D 14 D2 34 3F DC E7 4D 4A 00 00 20 4E
0000B170  24 18 4D 4A EC 2D 34 3F 34 3F EC 2D 4D 4A 24 18
0000B180  20 4E 00 00 4D 4A DC E7 34 3F 14 D2 EC 2D CC C0
0000B190  24 18 B3 B5 00 00 E0 B1 DC E7 B3 B5 14 D2 CC C0
0000B1A0  CC C0 14 D2 B3 B5 DC E7 E0 B1 00 00 B3 B5 24 18
0000B1B0  CC C0 EC 2D 14 D2 34 3F DC E7 4D 4A 00 00 20 4E
0000B1C0  24 18 4D 4A EC 2D 34 3F 34 3F EC 2D 4D 4A 24 18
0000B1D0  20 4E 00 00 4D 4A DC E7 34 3F 14 D2 EC 2D CC C0
0000B1E0  24 18 B3 B5 00 00 E0 B1 DC E7 B3 B5 14 D2 CC C0
0000B1F0  CC C0 14 D2 B3 B5 DC E7 E0 B1 00 00 B3 B5 24 18
0000B200  CC C0 EC 2D 14 D2 34 3F DC E7 4D 4A 00 00 20 4E
0000B210  24 18 4D 4A EC 2D 34 3F 34 3F EC 2D 4D 4A 24 18
0000B220  20 4E 00 00 4D 4A DC E7 34 3F 14 D2 EC 2D CC C0
0000B230  24 18 B3 B5 00 00 E0 B1 DC E7 B3 B5 14 D2 CC C0
0000B240  CC C0 14 D2 B3 B5 DC E7 E0 B1 00 00 B3 B5 24 18
0000B250  CC C0 EC 2D 14 D2 34 3F DC E7 4D 4A 00 00 20 4E
0000B260  24 18 4D 4A EC 2D 34 3F 34 3F EC 2D 4D 4A 24 18
0000B270  20 4E 00 00 4D 4A DC E7 34 3F 14 D2 EC 2D CC C0
0000B280  24 18 B3 B5 00 00 E0 B1 DC E7 B3 B5 14 D2 CC C0
0000B290  CC C0 14 D2 B3 B5 DC E7 E0 B1 00 00 B3 B5 24 18
0000B2A0  CC C0 EC 2D 14 D2 34 3F DC E7 4D 4A 00 00 20 4E
0000B2B0  24 18 4D 4A EC 2D 34 3F 34 3F EC 2D 4D 4A 24 18
0000B2C0  20 4E 00 00 4D 4A DC E7 34 3F 14 D2 EC 2D CC C0
0000B2D0  24 18 B3 B5 00 00 E0 B1 DC E7 B3 B5 14 D2 CC C0
0000B2E0  CC C0 14 D2 B3 B5 DC E7 E0 B1 00 00 B3 B5 24 18
0000B2F0  CC C0 EC 2D 14 D2 34 3F DC E7 4D 4A 00 00 20 4E
0000B300  24 18 4D 4A EC 2D 34 3F 34 3F EC 2D 4D 4A 24 18
0000B310  20 4E 00 00 4D 4A DC E7 34 3F 14 D2 EC 2D CC C0
0000B320  24 18 B3 B5 00 00 E0 B1 DC E7 B3 B5 14 D2 CC C0
0000B330  CC C0 14 D2 B3 B5 DC E7 E0 B1 00 00 B3 B5 24 18
0000B340  CC C0 EC 2D 14 D2 34 3F DC E7 4D 4A 00 00 20 4E
0000B350  24 18 4D 4A EC 2D 34 3F 34 3F EC 2D 4D 4A 24 18
0000B360  20 4E 00 00 4D 4A DC E7 34 3F 14 D2 EC 2D CC C0
0000B370  24 18 B3 B5 00 00 E0 B1 DC E7 B3 B5 14 D2 CC C0
0000B380  CC C0 14 D2 B3 B5 DC E7 E0 B1 00 00 B3 B5 24 18
0000B390  CC C0 EC 2D 14 D2 34 3F DC E7 4D 4A 00 00 20 4E
0000B3A0  24 18 4D 4A EC 2D 34 3F 34 3F EC 2D 4D 4A 24 18
0000B3B0  20 4E 00 00 4D 4A DC E7 34 3F 14 D2 EC 2D CC C0
0000B3C0  24 18 B3 B5 00 00 E0 B1 DC E7 B3 B5 14 D2 CC C0
0000B3D0  CC C0 14 D2 B3 B5 DC E7 E0 B1 00 00 B3 B5 24 18
0000B3E0  CC C0 EC 2D 14 D2 34 3F DC E7 4D 4A 00 00 20 4E
0000B3F0  24 18 4D 4A EC 2D 34 3F 34 3F EC 2D 4D 4A 24 18
0000B400  20 4E 00 00 4D 4A DC E7 34 3F 14 D2 EC 2D CC C0
0000B410  24 18 B3 B5 00 00 E0 B1 DC E7 B3 B5 14 D2 CC C0
0000B420  CC C0 14 D2 B3 B5 DC E7 E0 B1 00 00 B3 B5 24 18
0000B430  CC C0 EC 2D 14 D2 34 3F DC E7 4D 4A 00 00 20 4E
0000B440  24 18 4D 4A EC 2D 34 3F 34 3F EC 2D 4D 4A 24 18
0000B450  20 4E 00 00 4D 4A DC E7 34 3F 14 D2 EC 2D CC C0
0000B460  24 18 B3 B5 00 00 E0 B1 DC E7 B3 B5 14 D2 CC C0
0000B470  CC C0 14 D2 B3 B5 DC E7 E0 B1 00 00 B3 B5 24 18
0000B480  CC C0 EC 2D 14 D2 34 3F DC E7 4D 4A 00 00 20 4E
0000B490  24 18 4D 4A EC 2D 34 3F 34 3F EC 2D 4D 4A 24 18
0000B4A0  20 4E 00 00 4D 4A DC E7 34 3F 14 D2 EC 2D CC C0
0000B4B0  24 18 B3 B5 00 00 E0 B1 DC E7 B3 B5 14 D2 CC C0
0000B4C0  CC C0 14 D2 B3 B5 DC E7 E0 B1 00 00 B3 B5 24 18
0000B4D0  CC C0 EC 2D 14 D2 34 3F DC E7 4D 4A 00 00 20 4E
0000B4E0  24 18 4D 4A EC 2D 34 3F 34 3F EC 2D 4D 4A 24 18
0000B4F0  20 4E 00 00 4D 4A DC E7 34 3F 14 D2 EC 2D CC C0
0000B500  24 18 B3 B5 00 00 E0 B1 DC E7 B3 B5 14 D2 CC C0
0000B510  CC C0 14 D2 B3 B5 DC E7 E0 B1 00 00 B3 B5 24 18
0000B520  CC C0 EC 2D 14 D2 34 3F DC E7 4D 4A 00 00 20 4E
0000B530  24 18 4D 4A EC 2D 34 3F 34 3F EC 2D 4D 4A 24 18
0000B540  20 4E 00 00 4D 4A DC E7 34 3F 14 D2 EC 2D CC C0
0000B550  24 18 B3 B5 00 00 E0 B1 DC E7 B3 B5 14 D2 CC C0
0000B560  CC C0 14 D2 B3 B5 DC E7 E0 B1 00 00 B3 B5 24 18
0000B570  CC C0 EC 2D 14 D2 34 3F DC E7 4D 4A 00 00 20 4E
0000B580  24 18 4D 4A EC 2D 34 3F 34 3F EC 2D 4D 4A 24 18
0000B590  20 4E 00 00 4D 4A DC E7 34 3F 14 D2 EC 2D CC C0
0000B5A0  24 18 B3 B5 00 00 E0 B1 DC E7 B3 B5 14 D2 CC C0
0000B5B0  CC C0 14 D2 B3 B5 DC E7 E0 B1 00 00 B3 B5 24 18
0000B5C0  CC C0 EC 2D 14 D2 34 3F DC E7 4D 4A 00 00 20 4E
0000B5D0  24 18 4D 4A EC 2D 34 3F 34 3F EC 2D 4D 4A 24 18
0000B5E0  20 4E 00 00 4D 4A DC E7 34 3F 14 D2 EC 2D CC C0
0000B5F0  24 18 B3 B5 00 00 E0 B1 DC E7 B3 B5 14 D2 CC C0
0000B600  CC C0 14 D2 B3 B5 DC E7 E0 B1 00 00 B3 B5 24 18
0000B610  CC C0 EC 2D 14 D2 34 3F DC E7 4D 4A 00 00 20 4E
0000B620  24 18 4D 4A EC 2D 34 3F 34 3F EC 2D 4D 4A 24 18
0000B630  20 4E 00 00 4D 4A DC E7 34 3F 14 D2 EC 2D CC C0
0000B640  24 18 B3 B5 00 00 E0 B1 DC E7 B3 B5 14 D2 CC C0
0000B650  CC C0 14 D2 B3 B5 DC E7 E0 B1 00 00 B3 B5 24 18
0000B660  CC C0 EC 2D 14 D2 34 3F DC E7 4D 4A 00 00 20 4E
0000B670  24 18 4D 4A EC 2D 34 3F 34 3F EC 2D 4D 4A 24 18
0000B680  20 4E 00 00 4D 4A DC E7 34 3F 14 D2 EC 2D CC C0
0000B690  24 18 B3 B5 00 00 E0 B1 DC E7 B3 B5 14 D2 CC C0
0000B6A0  CC C0 14 D2 B3 B5 DC E7 E0 B1 00 00 B3 B5 24 18
0000B6B0  CC C0 EC 2D 14 D2 34 3F DC E7 4D 4A 00 00 20 4E
0000B6C0  24 18 4D 4A EC 2D 34 3F 34 3F EC 2D 4D 4A 24 18
0000B6D0  20 4E 00 00 4D 4A DC E7 34 3F 14 D2 EC 2D CC C0
0000B6E0  24 18 B3 B5 00 00 E0 B1 DC E7 B3 B5 14 D2 CC C0
0000B6F0  CC C0 14 D2 B3 B5 DC E7 E0 B1 00 00 B3 B5 24 18
0000B700  CC C0 EC 2D 14 D2 34 3F DC E7 4D 4A 00 00 20 4E
0000B710  24 18 4D 4A EC 2D 34 3F 34 3F EC 2D 4D 4A 24 18
0000B720  20 4E 00 00 4D 4A DC E7 34 3F 14 D2 EC 2D CC C0
0000B730  24 18 B3 B5 00 00 E0 B1 DC E7 B3 B5 14 D2 CC C0
0000B740  CC C0 14 D2 B3 B5 DC E7 E0 B1 00 00 B3 B5 24 18
0000B750  CC C0 EC 2D 14 D2 34 3F DC E7 4D 4A 00 00 20 4E
0000B760  24 18 4D 4A EC 2D 34 3F 34 3F EC 2D 4D 4A 24 18
0000B770  20 4E 00 00 4D 4A DC E7 34 3F 14 D2 EC 2D CC C0
0000B780  24 18 B3 B5 00 00 E0 B1 DC E7 B3 B5 14 D2 CC C0
0000B790  CC C0 14 D2 B3 B5 DC E7 E0 B1 00 00 B3 B5 24 18
0000B7A0  CC C0 EC 2D 14 D2 34 3F DC E7 4D 4A 00 00 20 4E
0000B7B0  24 18 4D 4A EC 2D 34 3F 34 3F EC 2D 4D 4A 24 18
0000B7C0  20 4E 00 00 4D 4A DC E7 34 3F 14 D2 EC 2D CC C0
0000B7D0  24 18 B3 B5 00 00 E0 B1 DC E7 B3 B5 14 D2 CC C0
0000B7E0  CC C0 14 D2 B3 B5 DC E7 E0 B1 00 00 B3 B5 24 18
0000B7F0  CC C0 EC 2D 14 D2 34 3F DC E7 4D 4A 00 00 20 4E
0000B800  24 18 4D 4A EC 2D 34 3F 34 3F EC 2D 4D 4A 24 18
0000B810  20 4E 00 00 4D 4A DC E7 34 3F 14 D2 EC 2D CC C0
0000B820  24 18 B3 B5 00 00 E0 B1 DC E7 B3 B5 14 D2 CC C0
0000B830  CC C0 14 D2 B3 B5 DC E7 E0 B1 00 00 B3 B5 24 18
0000B840  CC C0 EC 2D 14 D2 34 3F DC E7 4D 4A 00 00 20 4E
0000B850  24 18 4D 4A EC 2D 34 3F 34 3F EC 2D 4D 4A 24 18
0000B860  20 4E 00 00 4D 4A DC E7 34 3F 14 D2 EC 2D CC C0
0000B870  24 18 B3 B5 00 00 E0 B1 DC E7 B3 B5 14 D2 CC C0
0000B880  CC C0 14 D2 B3 B5 DC E7 E0 B1 00 00 B3 B5 24 18
0000B890  CC C0 EC 2D 14 D2 34 3F DC E7 4D 4A 00 00 20 4E
0000B8A0  24 18 4D 4A EC 2D 34 3F 34 3F EC 2D 4D 4A 24 18
0000B8B0  20 4E 00 00 4D 4A DC E7 34 3F 14 D2 EC 2D CC C0
0000B8C0  24 18 B3 B5 00 00 E0 B1 DC E7 B3 B5 14 D2 CC C0
0000B8D0  CC C0 14 D2 B3 B5 DC E7 E0 B1 00 00 B3 B5 24 18
0000B8E0  CC C0 EC 2D 14 D2 34 3F DC E7 4D 4A 00 00 20 4E
0000B8F0  24 18 4D 4A EC 2D 34 3F 34 3F EC 2D 4D 4A 24 18
0000B900  20 4E 00 00 4D 4A DC E7 34 3F 14 D2 EC 2D CC C0
0000B910  24 18 B3 B5 00 00 E0 B1 DC E7 B3 B5 14 D2 CC C0
0000B920  CC C0 14 D2 B3 B5 DC E7 E0 B1 00 00 B3 B5 24 18
0000B930  CC C0 EC 2D 14 D2 34 3F DC E7 4D 4A 00 00 20 4E
0000B940  24 18 4D 4A EC 2D 34 3F 34 3F EC 2D 4D 4A 24 18
0000B950  20 4E 00 00 4D 4A DC E7 34 3F 14 D2 EC 2D CC C0
0000B960  24 18 B3 B5 00 00 E0 B1 DC E7 B3 B5 14 D2 CC C0
0000B970  CC C0 14 D2 B3 B5 DC E7 E0 B1 00 00 B3 B5 24 18
0000B980  CC C0 EC 2D 14 D2 34 3F DC E7 4D 4A 00 00 20 4E
0000B990  24 18 4D 4A EC 2D 34 3F 34 3F EC 2D 4D 4A 24 18
0000B9A0  20 4E 00 00 4D 4A DC E7 34 3F 14 D2 EC 2D CC C0
0000B9B0  24 18 B3 B5 00 00 E0 B1 DC E7 B3 B5 14 D2 CC C0
0000B9C0  CC C0 14 D2 B3 B5 DC E7 E0 B1 00 00 B3 B5 24 18
0000B9D0  CC C0 EC 2D 14 D2 34 3F DC E7 4D 4A 00 00 20 4E
0000B9E0  24 18 4D 4A EC 2D 34 3F 34 3F EC 2D 4D 4A 24 18
0000B9F0  20 4E 00 00 4D 4A DC E7 34 3F 14 D2 EC 2D CC C0
0000BA00  24 18 B3 B5 00 00 E0 B1 DC E7 B3 B5 14 D2 CC C0
0000BA10  CC C0 14 D2 B3 B5 DC E7 E0 B1 00 00 B3 B5 24 18
0000BA20  CC C0 EC 2D 14 D2 34 3F DC E7 4D 4A 00 00 20 4E
0000BA30  24 18 4D 4A EC 2D 34 3F 34 3F EC 2D 4D 4A 24 18
0000BA40  20 4E 00 00 4D 4A DC E7 34 3F 14 D2 EC 2D CC C0
0000BA50  24 18 B3 B5 00 00 E0 B1 DC E7 B3 B5 14 D2 CC C0
0000BA60  CC C0 14 D2 B3 B5 DC E7 E0 B1 00 00 B3 B5 24 18
0000BA70  CC C0 EC 2D 14 D2 34 3F DC E7 4D 4A 00 00 20 4E
0000BA80  24 18 4D 4A EC 2D 34 3F 34 3F EC 2D 4D 4A 24 18
0000BA90  20 4E 00 00 4D 4A DC E7 34 3F 14 D2 EC 2D CC C0
0000BAA0  24 18 B3 B5 00 00 E0 B1 DC E7 B3 B5 14 D2 CC C0
0000BAB0  CC C0 14 D2 B3 B5 DC E7 E0 B1 00 00 B3 B5 24 18
0000BAC0  CC C0 EC 2D 14 D2 34 3F DC E7 4D 4A 00 00 20 4E
0000BAD0  24 18 4D 4A EC 2D 34 3F 34 3F EC 2D 4D 4A 24 18
0000BAE0  20 4E 00 00 4D 4A DC E7 34 3F 14 D2 EC 2D CC C0
0000BAF0  24 18 B3 B5 00 00 E0 B1 DC E7 B3 B5 14 D2 CC C0
0000BB00  CC C0 14 D2 B3 B5 DC E7 E0 B1 00 00 B3 B5 24 18
0000BB10  CC C0 EC 2D 14 D2 34 3F DC E7 4D 4A 00 00 20 4E
0000BB20  24 18 4D 4A EC 2D 34 3F 34 3F EC 2D 4D 4A 24 18
0000BB30  20 4E 00 00 4D 4A DC E7 34 3F 14 D2 EC 2D CC C0
0000BB40  24 18 B3 B5 00 00 E0 B1 DC E7 B3 B5 14 D2 CC C0
0000BB50  CC C0 14 D2 B3 B5 DC E7 E0 B1 00 00 B3 B5 24 18
0000BB60  CC C0 EC 2D 14 D2 34 3F DC E7 4D 4A 00 00 20 4E
0000BB70  24 18 4D 4A EC 2D 34 3F 34 3F EC 2D 4D 4A 24 18
0000BB80  20 4E 00 00 4D 4A DC E7 34 3F 14 D2 EC 2D CC C0
0000BB90  24 18 B3 B5 00 00 E0 B1 DC E7 B3 B5 14 D2 CC C0
0000BBA0  CC C0 14 D2 B3 B5 DC E7 E0 B1 00 00 B3 B5 24 18
0000BBB0  CC C0 EC 2D 14 D2 34 3F DC E7 4D 4A 00 00 20 4E
0000BBC0  24 18 4D 4A EC 2D 34 3F 34 3F EC 2D 4D 4A 24 18
0000BBD0  20 4E 00 00 4D 4A DC E7 34 3F 14 D2 EC 2D CC C0
0000BBE0  24 18 B3 B5 00 00 E0 B1 DC E7 B3 B5 14 D2 CC C0
0000BBF0  CC C0 14 D2 B3 B5 DC E7 E0 B1 00 00 B3 B5 24 18
0000BC00  CC C0 EC 2D 14 D2 34 3F DC E7 4D 4A 00 00 20 4E
0000BC10  24 18 4D 4A EC 2D 34 3F 34 3F EC 2D 4D 4A 24 18
0000BC20  20 4E 00 00 4D 4A DC E7 34 3F 14 D2 EC 2D CC C0
0000BC30  24 18 B3 B5 00 00 E0 B1 DC E7 B3 B5 14 D2 CC C0
0000BC40  CC C0 14 D2 B3 B5 DC E7 E0 B1 00 00 B3 B5 24 18
0000BC50  CC C0 EC 2D 14 D2 34 3F DC E7 4D 4A 00 00 20 4E
0000BC60  24 18 4D 4A EC 2D 34 3F 34 3F EC 2D 4D 4A 24 18
0000BC70  20 4E 00 00 4D 4A DC E7 34 3F 14 D2 EC 2D CC C0
0000BC80  24 18 B3 B5 00 00 E0 B1 DC E7 B3 B5 14 D2 CC C0
0000BC90  CC C0 14 D2 B3 B5 DC E7 E0 B1 00 00 B3 B5 24 18
0000BCA0  CC C0 EC 2D 14 D2 34 3F DC E7 4D 4A 00 00 20 4E
0000BCB0  24 18 4D 4A EC 2D 34 3F 34 3F EC 2D 4D 4A 24 18
0000BCC0  20 4E 00 00 4D 4A DC E7 34 3F 14 D2 EC 2D CC C0
0000BCD0  24 18 B3 B5 00 00 E0 B1 DC E7 B3 B5 14 D2 CC C0
0000BCE0  CC C0 14 D2 B3 B5 DC E7 E0 B1 00 00 B3 B5 24 18
0000BCF0  CC C0 EC 2D 14 D2 34 3F DC E7 4D 4A 00 00 20 4E
0000BD00  24 18 4D 4A EC 2D 34 3F 34 3F EC 2D 4D 4A 24 18
0000BD10  20 4E 00 00 4D 4A DC E7 34 3F 14 D2 EC 2D CC C0
0000BD20  24 18 B3 B5 00 00 E0 B1 DC E7 B3 B5 14 D2 CC C0
0000BD30  CC C0 14 D2 B3 B5 DC E7 E0 B1 00 00 B3 B5 24 18
0000BD40  CC C0 EC 2D 14 D2 34 3F DC E7 4D 4A 00 00 20 4E
0000BD50  24 18 4D 4A EC 2D 34 3F 34 3F EC 2D 4D 4A 24 18
0000BD60  20 4E 00 00 4D 4A DC E7 34 3F 14 D2 EC 2D CC C0
0000BD70  24 18 B3 B5 00 00 E0 B1 DC E7 B3 B5 14 D2 CC C0
0000BD80  CC C0 14 D2 B3 B5 DC E7 E0 B1 00 00 B3 B5 24 18
0000BD90  CC C0 EC 2D 14 D2 34 3F DC E7 4D 4A 00 00 20 4E
0000BDA0  24 18 4D 4A EC 2D 34 3F 34 3F EC 2D 4D 4A 24 18
0000BDB0  20 4E 00 00 4D 4A DC E7 34 3F 14 D2 EC 2D CC C0
0000BDC0  24 18 B3 B5 00 00 E0 B1 DC E7 B3 B5 14 D2 CC C0
0000BDD0  CC C0 14 D2 B3 B5 DC E7 E0 B1 00 00 B3 B5 24 18
0000BDE0  CC C0 EC 2D 14 D2 34 3F DC E7 4D 4A 00 00 20 4E
0000BDF0  24 18 4D 4A EC 2D 34 3F 34 3F EC 2D 4D 4A 24 18
0000BE00  20 4E 00 00 4D 4A DC E7 34 3F 14 D2 EC 2D CC C0
0000BE10  24 18 B3 B5 00 00 E0 B1 DC E7 B3 B5 14 D2 CC C0
0000BE20  CC C0 14 D2 B3 B5 DC E7 E0 B1 00 00 B3 B5 24 18
0000BE30  CC C0 EC 2D 14 D2 34 3F DC E7 4D 4A 00 00 20 4E
0000BE40  24 18 4D 4A EC 2D 34 3F 34 3F EC 2D 4D 4A 24 18
0000BE50  20 4E 00 00 4D 4A DC E7 34 3F 14 D2 EC 2D CC C0
0000BE60  24 18 B3 B5 00 00 E0 B1 DC E7 B3 B5 14 D2 CC C0
0000BE70  CC C0 14 D2 B3 B5 DC E7 E0 B1 00 00 B3 B5 24 18
0000BE80  CC C0 EC 2D 14 D2 34 3F DC E7 4D 4A 00 00 20 4E
0000BE90  24 18 4D 4A EC 2D 34 3F 34 3F EC 2D 4D 4A 24 18
0000BEA0  20 4E 00 00 4D 4A DC E7 34 3F 14 D2 EC 2D CC C0
0000BEB0  24 18 B3 B5 00 00 E0 B1 DC E7 B3 B5 14 D2 CC C0
0000BEC0  CC C0 14 D2 B3 B5 DC E7 E0 B1 00 00 B3 B5 24 18
0000BED0  CC C0 EC 2D 14 D2 34 3F DC E7 4D 4A 00 00 20 4E
0000BEE0  24 18 4D 4A EC 2D 34 3F 34 3F EC 2D 4D 4A 24 18
0000BEF0  20 4E 00 00 4D 4A DC E7 34 3F 14 D2 EC 2D CC C0
0000BF00  24 18 B3 B5 00 00 E0 B1 DC E7 B3 B5 14 D2 CC C0
0000BF10  CC C0 14 D2 B3 B5 DC E7 E0 B1 00 00 B3 B5 24 18
0000BF20  CC C0 EC 2D 14 D2 34 3F DC E7 4D 4A 00 00 20 4E
0000BF30  24 18 4D 4A EC 2D 34 3F 34 3F EC 2D 4D 4A 24 18
0000BF40  20 4E 00 00 4D 4A DC E7 34 3F 14 D2 EC 2D CC C0
0000BF50  24 18 B3 B5 00 00 E0 B1 DC E7 B3 B5 14 D2 CC C0
0000BF60  CC C0 14 D2 B3 B5 DC E7 E0 B1 00 00 B3 B5 24 18
0000BF70  CC C0 EC 2D 14 D2 34 3F DC E7 4D 4A 00 00 20 4E
0000BF80  24 18 4D 4A EC 2D 34 3F 34 3F EC 2D 4D 4A 24 18
0000BF90  20 4E 00 00 4D 4A DC E7 34 3F 14 D2 EC 2D CC C0
0000BFA0  24 18 B3 B5 00 00 E0 B1 DC E7 B3 B5 14 D2 CC C0
0000BFB0  CC C0 14 D2 B3 B5 DC E7 E0 B1 00 00 B3 B5 24 18
0000BFC0  CC C0 EC 2D 14 D2 34 3F DC E7 4D 4A 00 00 20 4E
0000BFD0  24 18 4D 4A EC 2D 34 3F 34 3F EC 2D 4D 4A 24 18
0000BFE0  20 4E 00 00 4D 4A DC E7 34 3F 14 D2 EC 2D CC C0
0000BFF0  24 18 B3 B5 00 00 E0 B1 DC E7 B3 B5 14 D2 CC C0
0000C000  CC C0 14 D2 B3 B5 DC E7 E0 B1 00 00 B3 B5 24 18
0000C010  CC C0 EC 2D 14 D2 34 3F DC E7 4D 4A 00 00 20 4E
0000C020  24 18 4D 4A EC 2D 34 3F 34 3F EC 2D 4D 4A 24 18
0000C030  20 4E 00 00 4D 4A DC E7 34 3F 14 D2 EC 2D CC C0
0000C040  24 18 B3 B5 00 00 E0 B1 DC E7 B3 B5 14 D2 CC C0
0000C050  CC C0 14 D2 B3 B5 DC E7 E0 B1 00 00 B3 B5 24 18
0000C060  CC C0 EC 2D 14 D2 34 3F DC E7 4D 4A 00 00 20 4E
0000C070  24 18 4D 4A EC 2D 34 3F 34 3F EC 2D 4D 4A 24 18
0000C080  20 4E 00 00 4D 4A DC E7 34 3F 14 D2 EC 2D CC C0
0000C090  24 18 B3 B5 00 00 E0 B1 DC E7 B3 B5 14 D2 CC C0
0000C0A0  CC C0 14 D2 B3 B5 DC E7 E0 B1 00 00 B3 B5 24 18
0000C0B0  CC C0 EC 2D 14 D2 34 3F DC E7 4D 4A 00 00 20 4E
0000C0C0  24 18 4D 4A EC 2D 34 3F 34 3F EC 2D 4D 4A 24 18
0000C0D0  20 4E 00 00 4D 4A DC E7 34 3F 14 D2 EC 2D CC C0
0000C0E0  24 18 B3 B5 00 00 E0 B1 DC E7 B3 B5 14 D2 CC C0
0000C0F0  CC C0 14 D2 B3 B5 DC E7 E0 B1 00 00 B3 B5 24 18
0000C100  CC C0 EC 2D 14 D2 34 3F DC E7 4D 4A 00 00 20 4E
0000C110  24 18 4D 4A EC 2D 34 3F 34 3F EC 2D 4D 4A 24 18
0000C120  20 4E 00 00 4D 4A DC E7 34 3F 14 D2 EC 2D CC C0
0000C130  24 18 B3 B5 00 00 E0 B1 DC E7 B3 B5 14 D2 CC C0
0000C140  CC C0 14 D2 B3 B5 DC E7 E0 B1 00 00 B3 B5 24 18
0000C150  CC C0 EC 2D 14 D2 34 3F DC E7 4D 4A 00 00 20 4E
0000C160  24 18 4D 4A EC 2D 34 3F 34 3F EC 2D 4D 4A 24 18
0000C170  20 4E 00 00 4D 4A DC E7 34 3F 14 D2 EC 2D CC C0
0000C180  24 18 B3 B5 00 00 E0 B1 DC E7 B3 B5 14 D2 CC C0
0000C190  CC C0 14 D2 B3 B5 DC E7 E0 B1 00 00 B3 B5 24 18
0000C1A0  CC C0 EC 2D 14 D2 34 3F DC E7 4D 4A 00 00 20 4E
0000C1B0  24 18 4D 4A EC 2D 34 3F 34 3F EC 2D 4D 4A 24 18
0000C1C0  20 4E 00 00 4D 4A DC E7 34 3F 14 D2 EC 2D CC C0
0000C1D0  24 18 B3 B5 00 00 E0 B1 DC E7 B3 B5 14 D2 CC C0
0000C1E0  CC C0 14 D2 B3 B5 DC E7 E0 B1 00 00 B3 B5 24 18
0000C1F0  CC C0 EC 2D 14 D2 34 3F DC E7 4D 4A 00 00 20 4E
0000C200  24 18 4D 4A EC 2D 34 3F 34 3F EC 2D 4D 4A 24 18
0000C210  20 4E 00 00 4D 4A DC E7 34 3F 14 D2 EC 2D CC C0
0000C220  24 18 B3 B5 00 00 E0 B1 DC E7 B3 B5 14 D2 CC C0
0000C230  CC C0 14 D2 B3 B5 DC E7 E0 B1 00 00 B3 B5 24 18
0000C240  CC C0 EC 2D 14 D2 34 3F DC E7 4D 4A 00 00 20 4E
0000C250  24 18 4D 4A EC 2D 34 3F 34 3F EC 2D 4D 4A 24 18
0000C260  20 4E 00 00 4D 4A DC E7 34 3F 14 D2 EC 2D CC C0
0000C270  24 18 B3 B5 00 00 E0 B1 DC E7 B3 B5 14 D2 CC C0
0000C280  CC C0 14 D2 B3 B5 DC E7 E0 B1 00 00 B3 B5 24 18
0000C290  CC C0 EC 2D 14 D2 34 3F DC E7 4D 4A 00 00 20 4E
0000C2A0  24 18 4D 4A EC 2D 34 3F 34 3F EC 2D 4D 4A 24 18
0000C2B0  20 4E 00 00 4D 4A DC E7 34 3F 14 D2 EC 2D CC C0
0000C2C0  24 18 B3 B5 00 00 E0 B1 DC E7 B3 B5 14 D2 CC C0
0000C2D0  CC C0 14 D2 B3 B5 DC E7 E0 B1 00 00 B3 B5 24 18
0000C2E0  CC C0 EC 2D 14 D2 34 3F DC E7 4D 4A 00 00 20 4E
0000C2F0  24 18 4D 4A EC 2D 34 3F 34 3F EC 2D 4D 4A 24 18
0000C300  20 4E 00 00 4D 4A DC E7 34 3F 14 D2 EC 2D CC C0
0000C310  24 18 B3 B5 00 00 E0 B1 DC E7 B3 B5 14 D2 CC C0
0000C320  CC C0 14 D2 B3 B5 DC E7 E0 B1 00 00 B3 B5 24 18
0000C330  CC C0 EC 2D 14 D2 34 3F DC E7 4D 4A 00 00 20 4E
0000C340  24 18 4D 4A EC 2D 34 3F 34 3F EC 2D 4D 4A 24 18
0000C350  20 4E 00 00 4D 4A DC E7 34 3F 14 D2 EC 2D CC C0
0000C360  24 18 B3 B5 00 00 E0 B1 DC E7 B3 B5 14 D2 CC C0
0000C370  CC C0 14 D2 B3 B5 DC E7 E0 B1 00 00 B3 B5 24 18
0000C380  CC C0 EC 2D 14 D2 34 3F DC E7 4D 4A 00 00 20 4E
0000C390  24 18 4D 4A EC 2D 34 3F 34 3F EC 2D 4D 4A 24 18
0000C3A0  20 4E 00 00 4D 4A DC E7 34 3F 14 D2 EC 2D CC C0
0000C3B0  24 18 B3 B5 00 00 E0 B1 DC E7 B3 B5 14 D2 CC C0
0000C3C0  CC C0 14 D2 B3 B5 DC E7 E0 B1 00 00 B3 B5 24 18
0000C3D0  CC C0 EC 2D 14 D2 34 3F DC E7 4D 4A 00 00 20 4E
0000C3E0  24 18 4D 4A EC 2D 34 3F 34 3F EC 2D 4D 4A 24 18
0000C3F0  20 4E 00 00 4D 4A DC E7 34 3F 14 D2 EC 2D CC C0
0000C400  24 18 B3 B5 00 00 E0 B1 DC E7 B3 B5 14 D2 CC C0
0000C410  CC C0 14 D2 B3 B5 DC E7 E0 B1 00 00 B3 B5 24 18
0000C420  CC C0 EC 2D 14 D2 34 3F DC E7 4D 4A 00 00 20 4E
0000C430  24 18 4D 4A EC 2D 34 3F 34 3F EC 2D 4D 4A 24 18
0000C440  20 4E 00 00 4D 4A DC E7 34 3F 14 D2 EC 2D CC C0
0000C450  24 18 B3 B5 00 00 E0 B1 DC E7 B3 B5 14 D2 CC C0
0000C460  CC C0 14 D2 B3 B5 DC E7 E0 B1 00 00 B3 B5 24 18
0000C470  CC C0 EC 2D 14 D2 34 3F DC E7 4D 4A 00 00 20 4E
0000C480  24 18 4D 4A EC 2D 34 3F 34 3F EC 2D 4D 4A 24 18
0000C490  20 4E 00 00 4D 4A DC E7 34 3F 14 D2 EC 2D CC C0
0000C4A0  24 18 B3 B5 00 00 E0 B1 DC E7 B3 B5 14 D2 CC C0
0000C4B0  CC C0 14 D2 B3 B5 DC E7 E0 B1 00 00 B3 B5 24 18
0000C4C0  CC C0 EC 2D 14 D2 34 3F DC E7 4D 4A 00 00 20 4E
0000C4D0  24 18 4D 4A EC 2D 34 3F 34 3F EC 2D 4D 4A 24 18
0000C4E0  20 4E 00 00 4D 4A DC E7 34 3F 14 D2 EC 2D CC C0
0000C4F0  24 18 B3 B5 00 00 E0 B1 DC E7 B3 B5 14 D2 CC C0
0000C500  CC C0 14 D2 B3 B5 DC E7 E0 B1 00 00 B3 B5 24 18
0000C510  CC C0 EC 2D 14 D2 34 3F DC E7 4D 4A 00 00 20 4E
0000C520  24 18 4D 4A EC 2D 34 3F 34 3F EC 2D 4D 4A 24 18
0000C530  20 4E 00 00 4D 4A DC E7 34 3F 14 D2 EC 2D CC C0
0000C540  24 18 B3 B5 00 00 E0 B1 DC E7 B3 B5 14 D2 CC C0
0000C550  CC C0 14 D2 B3 B5 DC E7 E0 B1 00 00 B3 B5 24 18
0000C560  CC C0 EC 2D 14 D2 34 3F DC E7 4D 4A 00 00 20 4E
0000C570  24 18 4D 4A EC 2D 34 3F 34 3F EC 2D 4D 4A 24 18
0000C580  20 4E 00 00 4D 4A DC E7 34 3F 14 D2 EC 2D CC C0
0000C590  24 18 B3 B5 00 00 E0 B1 DC E7 B3 B5 14 D2 CC C0
0000C5A0  CC C0 14 D2 B3 B5 DC E7 E0 B1 00 00 B3 B5 24 18
0000C5B0  CC C0 EC 2D 14 D2 34 3F DC E7 4D 4A 00 00 20 4E
0000C5C0  24 18 4D 4A EC 2D 34 3F 34 3F EC 2D 4D 4A 24 18
0000C5D0  20 4E 00 00 4D 4A DC E7 34 3F 14 D2 EC 2D CC C0
0000C5E0  24 18 B3 B5 00 00 E0 B1 DC E7 B3 B5 14 D2 CC C0
0000C5F0  CC C0 14 D2 B3 B5 DC E7 E0 B1 00 00 B3 B5 24 18
0000C600  CC C0 EC 2D 14 D2 34 3F DC E7 4D 4A 00 00 20 4E
0000C610  24 18 4D 4A EC 2D 34 3F 34 3F EC 2D 4D 4A 24 18
0000C620  20 4E 00 00 4D 4A DC E7 34 3F 14 D2 EC 2D CC C0
0000C630  24 18 B3 B5 00 00 E0 B1 DC E7 B3 B5 14 D2 CC C0
0000C640  CC C0 14 D2 B3 B5 DC E7 E0 B1 00 00 B3 B5 24 18
0000C650  CC C0 EC 2D 14 D2 34 3F DC E7 4D 4A 00 00 20 4E
0000C660  24 18 4D 4A EC 2D 34 3F 34 3F EC 2D 4D 4A 24 18
0000C670  20 4E 00 00 4D 4A DC E7 34 3F 14 D2 EC 2D CC C0
0000C680  24 18 B3 B5 00 00 E0 B1 DC E7 B3 B5 14 D2 CC C0
0000C690  CC C0 14 D2 B3 B5 DC E7 E0 B1 00 00 B3 B5 24 18
0000C6A0  CC C0 EC 2D 14 D2 34 3F DC E7 4D 4A 00 00 20 4E
0000C6B0  24 18 4D 4A EC 2D 34 3F 34 3F EC 2D 4D 4A 24 18
0000C6C0  20 4E 00 00 4D 4A DC E7 34 3F 14 D2 EC 2D CC C0
0000C6D0  24 18 B3 B5 00 00 E0 B1 DC E7 B3 B5 14 D2 CC C0
0000C6E0  CC C0 14 D2 B3 B5 DC E7 E0 B1 00 00 B3 B5 24 18
0000C6F0  CC C0 EC 2D 14 D2 34 3F DC E7 4D 4A 00 00 20 4E
0000C700  24 18 4D 4A EC 2D 34 3F 34 3F EC 2D 4D 4A 24 18
0000C710  20 4E 00 00 4D 4A DC E7 34 3F 14 D2 EC 2D CC C0
0000C720  24 18 B3 B5 00 00 E0 B1 DC E7 B3 B5 14 D2 CC C0
0000C730  CC C0 14 D2 B3 B5 DC E7 E0 B1 00 00 B3 B5 24 18
0000C740  CC C0 EC 2D 14 D2 34 3F DC E7 4D 4A 00 00 20 4E
0000C750  24 18 4D 4A EC 2D 34 3F 34 3F EC 2D 4D 4A 24 18
0000C760  20 4E 00 00 4D 4A DC E7 34 3F 14 D2 EC 2D CC C0
0000C770  24 18 B3 B5 00 00 E0 B1 DC E7 B3 B5 14 D2 CC C0
0000C780  CC C0 14 D2 B3 B5 DC E7 E0 B1 00 00 B3 B5 24 18
0000C790  CC C0 EC 2D 14 D2 34 3F DC E7 4D 4A 00 00 20 4E
0000C7A0  24 18 4D 4A EC 2D 34 3F 34 3F EC 2D 4D 4A 24 18
0000C7B0  20 4E 00 00 4D 4A DC E7 34 3F 14 D2 EC 2D CC C0
0000C7C0  24 18 B3 B5 00 00 E0 B1 DC E7 B3 B5 14 D2 CC C0
0000C7D0  CC C0 14 D2 B3 B5 DC E7 E0 B1 00 00 B3 B5 24 18
0000C7E0  CC C0 EC 2D 14 D2 34 3F DC E7 4D 4A 00 00 20 4E
0000C7F0  24 18 4D 4A EC 2D 34 3F 34 3F EC 2D 4D 4A 24 18
0000C800  20 4E 00 00 4D 4A DC E7 34 3F 14 D2 EC 2D CC C0
0000C810  24 18 B3 B5 00 00 E0 B1 DC E7 B3 B5 14 D2 CC C0
0000C820  CC C0 14 D2 B3 B5 DC E7 E0 B1 00 00 B3 B5 24 18
0000C830  CC C0 EC 2D 14 D2 34 3F DC E7 4D 4A 00 00 20 4E
0000C840  24 18 4D 4A EC 2D 34 3F 34 3F EC 2D 4D 4A 24 18
0000C850  20 4E 00 00 4D 4A DC E7 34 3F 14 D2 EC 2D CC C0
0000C860  24 18 B3 B5 00 00 E0 B1 DC E7 B3 B5 14 D2 CC C0
0000C870  CC C0 14 D2 B3 B5 DC E7 E0 B1 00 00 B3 B5 24 18
0000C880  CC C0 EC 2D 14 D2 34 3F DC E7 4D 4A 00 00 20 4E
0000C890  24 18 4D 4A EC 2D 34 3F 34 3F EC 2D 4D 4A 24 18
0000C8A0  20 4E 00 00 4D 4A DC E7 34 3F 14 D2 EC 2D CC C0
0000C8B0  24 18 B3 B5 00 00 E0 B1 DC E7 B3 B5 14 D2 CC C0
0000C8C0  CC C0 14 D2 B3 B5 DC E7 E0 B1 00 00 B3 B5 24 18
0000C8D0  CC C0 EC 2D 14 D2 34 3F DC E7 4D 4A 00 00 20 4E
0000C8E0  24 18 4D 4A EC 2D 34 3F 34 3F EC 2D 4D 4A 24 18
0000C8F0  20 4E 00 00 4D 4A DC E7 34 3F 14 D2 EC 2D CC C0
0000C900  24 18 B3 B5 00 00 E0 B1 DC E7 B3 B5 14 D2 CC C0
0000C910  CC C0 14 D2 B3 B5 DC E7 E0 B1 00 00 B3 B5 24 18
0000C920  CC C0 EC 2D 14 D2 34 3F DC E7 4D 4A 00 00 20 4E
0000C930  24 18 4D 4A EC 2D 34 3F 34 3F EC 2D 4D 4A 24 18
0000C940  20 4E 00 00 4D 4A DC E7 34 3F 14 D2 EC 2D CC C0
0000C950  24 18 B3 B5 00 00 E0 B1 DC E7 B3 B5 14 D2 CC C0
0000C960  CC C0 14 D2 B3 B5 DC E7 E0 B1 00 00 B3 B5 24 18
0000C970  CC C0 EC 2D 14 D2 34 3F DC E7 4D 4A 00 00 20 4E
0000C980  24 18 4D 4A EC 2D 34 3F 34 3F EC 2D 4D 4A 24 18
0000C990  20 4E 00 00 4D 4A DC E7 34 3F 14 D2 EC 2D CC C0
0000C9A0  24 18 B3 B5 00 00 E0 B1 DC E7 B3 B5 14 D2 CC C0
0000C9B0  CC C0 14 D2 B3 B5 DC E7 E0 B1 00 00 B3 B5 24 18
0000C9C0  CC C0 EC 2D 14 D2 34 3F DC E7 4D 4A 00 00 20 4E
0000C9D0  24 18 4D 4A EC 2D 34 3F 34 3F EC 2D 4D 4A 24 18
0000C9E0  20 4E 00 00 4D 4A DC E7 34 3F 14 D2 EC 2D CC C0
0000C9F0  24 18 B3 B5 00 00 E0 B1 DC E7 B3 B5 14 D2 CC C0
0000CA00  CC C0 14 D2 B3 B5 DC E7 E0 B1 00 00 B3 B5 24 18
0000CA10  CC C0 EC 2D 14 D2 34 3F DC E7 4D 4A 00 00 20 4E
0000CA20  24 18 4D 4A EC 2D 34 3F 34 3F EC 2D 4D 4A 24 18
0000CA30  20 4E 00 00 4D 4A DC E7 34 3F 14 D2 EC 2D CC C0
0000CA40  24 18 B3 B5 00 00 E0 B1 DC E7 B3 B5 14 D2 CC C0
0000CA50  CC C0 14 D2 B3 B5 DC E7 E0 B1 00 00 B3 B5 24 18
0000CA60  CC C0 EC 2D 14 D2 34 3F DC E7 4D 4A 00 00 20 4E
0000CA70  24 18 4D 4A EC 2D 34 3F 34 3F EC 2D 4D 4A 24 18
0000CA80  20 4E 00 00 4D 4A DC E7 34 3F 14 D2 EC 2D CC C0
0000CA90  24 18 B3 B5 00 00 E0 B1 DC E7 B3 B5 14 D2 CC C0
0000CAA0  CC C0 14 D2 B3 B5 DC E7 E0 B1 00 00 B3 B5 24 18
0000CAB0  CC C0 EC 2D 14 D2 34 3F DC E7 4D 4A 00 00 20 4E
0000CAC0  24 18 4D 4A EC 2D 34 3F 34 3F EC 2D 4D 4A 24 18
0000CAD0  20 4E 00 00 4D 4A DC E7 34 3F 14 D2 EC 2D CC C0
0000CAE0  24 18 B3 B5 00 00 E0 B1 DC E7 B3 B5 14 D2 CC C0
0000CAF0  CC C0 14 D2 B3 B5 DC E7 E0 B1 00 00 B3 B5 24 18
0000CB00  CC C0 EC 2D 14 D2 34 3F DC E7 4D 4A 00 00 20 4E
0000CB10  24 18 4D 4A EC 2D 34 3F 34 3F EC 2D 4D 4A 24 18
0000CB20  20 4E 00 00 4D 4A DC E7 34 3F 14 D2 EC 2D CC C0
0000CB30  24 18 B3 B5 00 00 E0 B1 DC E7 B3 B5 14 D2 CC C0
0000CB40  CC C0 14 D2 B3 B5 DC E7 E0 B1 00 00 B3 B5 24 18
0000CB50  CC C0 EC 2D 14 D2 34 3F DC E7 4D 4A 00 00 20 4E
0000CB60  24 18 4D 4A EC 2D 34 3F 34 3F EC 2D 4D 4A 24 18
0000CB70  20 4E 00 00 4D 4A DC E7 34 3F 14 D2 EC 2D CC C0
0000CB80  24 18 B3 B5 00 00 E0 B1 DC E7 B3 B5 14 D2 CC C0
0000CB90  CC C0 14 D2 B3 B5 DC E7 E0 B1 00 00 B3 B5 24 18
0000CBA0  CC C0 EC 2D 14 D2 34 3F DC E7 4D 4A 00 00 20 4E
0000CBB0  24 18 4D 4A EC 2D 34 3F 34 3F EC 2D 4D 4A 24 18
0000CBC0  20 4E 00 00 4D 4A DC E7 34 3F 14 D2 EC 2D CC C0
0000CBD0  24 18 B3 B5 00 00 E0 B1 DC E7 B3 B5 14 D2 CC C0
0000CBE0  CC C0 14 D2 B3 B5 DC E7 E0 B1 00 00 B3 B5 24 18
0000CBF0  CC C0 EC 2D 14 D2 34 3F DC E7 4D 4A 00 00 20 4E
0000CC00  24 18 4D 4A EC 2D 34 3F 34 3F EC 2D 4D 4A 24 18
0000CC10  20 4E 00 00 4D 4A DC E7 34 3F 14 D2 EC 2D CC C0
0000CC20  24 18 B3 B5 00 00 E0 B1 DC E7 B3 B5 14 D2 CC C0
0000CC30  CC C0 14 D2 B3 B5 DC E7 E0 B1 00 00 B3 B5 24 18
0000CC40  CC C0 EC 2D 14 D2 34 3F DC E7 4D 4A 00 00 20 4E
0000CC50  24 18 4D 4A EC 2D 34 3F 34 3F EC 2D 4D 4A 24 18
0000CC60  20 4E 00 00 4D 4A DC E7 34 3F 14 D2 EC 2D CC C0
0000CC70  24 18 B3 B5 00 00 E0 B1 DC E7 B3 B5 14 D2 CC C0
0000CC80  CC C0 14 D2 B3 B5 DC E7 E0 B1 00 00 B3 B5 24 18
0000CC90  CC C0 EC 2D 14 D2 34 3F DC E7 4D 4A 00 00 20 4E
0000CCA0  24 18 4D 4A EC 2D 34 3F 34 3F EC 2D 4D 4A 24 18
0000CCB0  20 4E 00 00 4D 4A DC E7 34 3F 14 D2 EC 2D CC C0
0000CCC0  24 18 B3 B5 00 00 E0 B1 DC E7 B3 B5 14 D2 CC C0
0000CCD0  CC C0 14 D2 B3 B5 DC E7 E0 B1 00 00 B3 B5 24 18
0000CCE0  CC C0 EC 2D 14 D2 34 3F DC E7 4D 4A 00 00 20 4E
0000CCF0  24 18 4D 4A EC 2D 34 3F 34 3F EC 2D 4D 4A 24 18
0000CD00  20 4E 00 00 4D 4A DC E7 34 3F 14 D2 EC 2D CC C0
0000CD10  24 18 B3 B5 00 00 E0 B1 DC E7 B3 B5 14 D2 CC C0
0000CD20  CC C0 14 D2 B3 B5 DC E7 E0 B1 00 00 B3 B5 24 18
0000CD30  CC C0 EC 2D 14 D2 34 3F DC E7 4D 4A 00 00 20 4E
0000CD40  24 18 4D 4A EC 2D 34 3F 34 3F EC 2D 4D 4A 24 18
0000CD50  20 4E 00 00 4D 4A DC E7 34 3F 14 D2 EC 2D CC C0
0000CD60  24 18 B3 B5 00 00 E0 B1 DC E7 B3 B5 14 D2 CC C0
0000CD70  CC C0 14 D2 B3 B5 DC E7 E0 B1 00 00 B3 B5 24 18
0000CD80  CC C0 EC 2D 14 D2 34 3F DC E7 4D 4A 00 00 20 4E
0000CD90  24 18 4D 4A EC 2D 34 3F 34 3F EC 2D 4D 4A 24 18
0000CDA0  20 4E 00 00 4D 4A DC E7 34 3F 14 D2 EC 2D CC C0
0000CDB0  24 18 B3 B5 00 00 E0 B1 DC E7 B3 B5 14 D2 CC C0
0000CDC0  CC C0 14 D2 B3 B5 DC E7 E0 B1 00 00 B3 B5 24 18
0000CDD0  CC C0 EC 2D 14 D2 34 3F DC E7 4D 4A 00 00 20 4E
0000CDE0  24 18 4D 4A EC 2D 34 3F 34 3F EC 2D 4D 4A 24 18
0000CDF0  20 4E 00 00 4D 4A DC E7 34 3F 14 D2 EC 2D CC C0
0000CE00  24 18 B3 B5 00 00 E0 B1 DC E7 B3 B5 14 D2 CC C0
0000CE10  CC C0 14 D2 B3 B5 DC E7 E0 B1 00 00 B3 B5 24 18
0000CE20  CC C0 EC 2D 14 D2 34 3F DC E7 4D 4A 00 00 20 4E
0000CE30  24 18 4D 4A EC 2D 34 3F 34 3F EC 2D 4D 4A 24 18
0000CE40  20 4E 00 00 4D 4A DC E7 34 3F 14 D2 EC 2D CC C0
0000CE50  24 18 B3 B5 00 00 E0 B1 DC E7 B3 B5 14 D2 CC C0
0000CE60  CC C0 14 D2 B3 B5 DC E7 E0 B1 00 00 B3 B5 24 18
0000CE70  CC C0 EC 2D 14 D2 34 3F DC E7 4D 4A 00 00 20 4E
0000CE80  24 18 4D 4A EC 2D 34 3F 34 3F EC 2D 4D 4A 24 18
0000CE90  20 4E 00 00 4D 4A DC E7 34 3F 14 D2 EC 2D CC C0
0000CEA0  24 18 B3 B5 00 00 E0 B1 DC E7 B3 B5 14 D2 CC C0
0000CEB0  CC C0 14 D2 B3 B5 DC E7 E0 B1 00 00 B3 B5 24 18
0000CEC0  CC C0 EC 2D 14 D2 34 3F DC E7 4D 4A 00 00 20 4E
0000CED0  24 18 4D 4A EC 2D 34 3F 34 3F EC 2D 4D 4A 24 18
0000CEE0  20 4E 00 00 4D 4A DC E7 34 3F 14 D2 EC 2D CC C0
0000CEF0  24 18 B3 B5 00 00 E0 B1 DC E7 B3 B5 14 D2 CC C0
0000CF00  CC C0 14 D2 B3 B5 DC E7 E0 B1 00 00 B3 B5 24 18
0000CF10  CC C0 EC 2D 14 D2 34 3F DC E7 4D 4A 00 00 20 4E
0000CF20  24 18 4D 4A EC 2D 34 3F 34 3F EC 2D 4D 4A 24 18
0000CF30  20 4E 00 00 4D 4A DC E7 34 3F 14 D2 EC 2D CC C0
0000CF40  24 18 B3 B5 00 00 E0 B1 DC E7 B3 B5 14 D2 CC C0
0000CF50  CC C0 14 D2 B3 B5 DC E7 E0 B1 00 00 B3 B5 24 18
0000CF60  CC C0 EC 2D 14 D2 34 3F DC E7 4D 4A 00 00 20 4E
0000CF70  24 18 4D 4A EC 2D 34 3F 34 3F EC 2D 4D 4A 24 18
0000CF80  20 4E 00 00 4D 4A DC E7 34 3F 14 D2 EC 2D CC C0
0000CF90  24 18 B3 B5 00 00 E0 B1 DC E7 B3 B5 14 D2 CC C0
0000CFA0  CC C0 14 D2 B3 B5 DC E7 E0 B1 00 00 B3 B5 24 18
0000CFB0  CC C0 EC 2D 14 D2 34 3F DC E7 4D 4A 00 00 20 4E
0000CFC0  24 18 4D 4A EC 2D 34 3F 34 3F EC 2D 4D 4A 24 18
0000CFD0  20 4E 00 00 4D 4A DC E7 34 3F 14 D2 EC 2D CC C0
0000CFE0  24 18 B3 B5 00 00 E0 B1 DC E7 B3 B5 14 D2 CC C0
0000CFF0  CC C0 14 D2 B3 B5 DC E7 E0 B1 00 00 B3 B5 24 18
0000D000  CC C0 EC 2D 14 D2 34 3F DC E7 4D 4A 00 00 20 4E
0000D010  24 18 4D 4A EC 2D 34 3F 34 3F EC 2D 4D 4A 24 18
0000D020  20 4E 00 00 4D 4A DC E7 34 3F 14 D2 EC 2D CC C0
0000D030  24 18 B3 B5 00 00 E0 B1 DC E7 B3 B5 14 D2 CC C0
0000D040  CC C0 14 D2 B3 B5 DC E7 E0 B1 00 00 B3 B5 24 18
0000D050  CC C0 EC 2D 14 D2 34 3F DC E7 4D 4A 00 00 20 4E
0000D060  24 18 4D 4A EC 2D 34 3F 34 3F EC 2D 4D 4A 24 18
0000D070  20 4E 00 00 4D 4A DC E7 34 3F 14 D2 EC 2D CC C0
0000D080  24 18 B3 B5 00 00 E0 B1 DC E7 B3 B5 14 D2 CC C0
0000D090  CC C0 14 D2 B3 B5 DC E7 E0 B1 00 00 B3 B5 24 18
0000D0A0  CC C0 EC 2D 14 D2 34 3F DC E7 4D 4A 00 00 20 4E
0000D0B0  24 18 4D 4A EC 2D 34 3F 34 3F EC 2D 4D 4A 24 18
0000D0C0  20 4E 00 00 4D 4A DC E7 34 3F 14 D2 EC 2D CC C0
0000D0D0  24 18 B3 B5 00 00 E0 B1 DC E7 B3 B5 14 D2 CC C0
0000D0E0  CC C0 14 D2 B3 B5 DC E7 E0 B1 00 00 B3 B5 24 18
0000D0F0  CC C0 EC 2D 14 D2 34 3F DC E7 4D 4A 00 00 20 4E
0000D100  24 18 4D 4A EC 2D 34 3F 34 3F EC 2D 4D 4A 24 18
0000D110  20 4E 00 00 4D 4A DC E7 34 3F 14 D2 EC 2D CC C0
0000D120  24 18 B3 B5 00 00 E0 B1 DC E7 B3 B5 14 D2 CC C0
0000D130  CC C0 14 D2 B3 B5 DC E7 E0 B1 00 00 B3 B5 24 18
0000D140  CC C0 EC 2D 14 D2 34 3F DC E7 4D 4A 00 00 20 4E
0000D150  24 18 4D 4A EC 2D 34 3F 34 3F EC 2D 4D 4A 24 18
0000D160  20 4E 00 00 4D 4A DC E7 34 3F 14 D2 EC 2D CC C0
0000D170  24 18 B3 B5 00 00 E0 B1 DC E7 B3 B5 14 D2 CC C0
0000D180  CC C0 14 D2 B3 B5 DC E7 E0 B1 00 00 B3 B5 24 18
0000D190  CC C0 EC 2D 14 D2 34 3F DC E7 4D 4A 00 00 20 4E
0000D1A0  24 18 4D 4A EC 2D 34 3F 34 3F EC 2D 4D 4A 24 18
0000D1B0  20 4E 00 00 4D 4A DC E7 34 3F 14 D2 EC 2D CC C0
0000D1C0  24 18 B3 B5 00 00 E0 B1 DC E7 B3 B5 14 D2 CC C0
0000D1D0  CC C0 14 D2 B3 B5 DC E7 E0 B1 00 00 B3 B5 24 18
0000D1E0  CC C0 EC 2D 14 D2 34 3F DC E7 4D 4A 00 00 20 4E
0000D1F0  24 18 4D 4A EC 2D 34 3F 34 3F EC 2D 4D 4A 24 18
0000D200  20 4E 00 00 4D 4A DC E7 34 3F 14 D2 EC 2D CC C0
0000D210  24 18 B3 B5 00 00 E0 B1 DC E7 B3 B5 14 D2 CC C0
0000D220  CC C0 14 D2 B3 B5 DC E7 E0 B1 00 00 B3 B5 24 18
0000D230  CC C0 EC 2D 14 D2 34 3F DC E7 4D 4A 00 00 20 4E
0000D240  24 18 4D 4A EC 2D 34 3F 34 3F EC 2D 4D 4A 24 18
0000D250  20 4E 00 00 4D 4A DC E7 34 3F 14 D2 EC 2D CC C0
0000D260  24 18 B3 B5 00 00 E0 B1 DC E7 B3 B5 14 D2 CC C0
0000D270  CC C0 14 D2 B3 B5 DC E7 E0 B1 00 00 B3 B5 24 18
0000D280  CC C0 EC 2D 14 D2 34 3F DC E7 4D 4A 00 00 20 4E
0000D290  24 18 4D 4A EC 2D 34 3F 34 3F EC 2D 4D 4A 24 18
0000D2A0  20 4E 00 00 4D 4A DC E7 34 3F 14 D2 EC 2D CC C0
0000D2B0  24 18 B3 B5 00 00 E0 B1 DC E7 B3 B5 14 D2 CC C0
0000D2C0  CC C0 14 D2 B3 B5 DC E7 E0 B1 00 00 B3 B5 24 18
0000D2D0  CC C0 EC 2D 14 D2 34 3F DC E7 4D 4A 00 00 20 4E
0000D2E0  24 18 4D 4A EC 2D 34 3F 34 3F EC 2D 4D 4A 24 18
0000D2F0  20 4E 00 00 4D 4A DC E7 34 3F 14 D2 EC 2D CC C0
0000D300  24 18 B3 B5 00 00 E0 B1 DC E7 B3 B5 14 D2 CC C0
0000D310  CC C0 14 D2 B3 B5 DC E7 E0 B1 00 00 B3 B5 24 18
0000D320  CC C0 EC 2D 14 D2 34 3F DC E7 4D 4A 00 00 20 4E
0000D330  24 18 4D 4A EC 2D 34 3F 34 3F EC 2D 4D 4A 24 18
0000D340  20 4E 00 00 4D 4A DC E7 34 3F 14 D2 EC 2D CC C0
0000D350  24 18 B3 B5 00 00 E0 B1 DC E7 B3 B5 14 D2 CC C0
0000D360  CC C0 14 D2 B3 B5 DC E7 E0 B1 00 00 B3 B5 24 18
0000D370  CC C0 EC 2D 14 D2 34 3F DC E7 4D 4A 00 00 20 4E
0000D380  24 18 4D 4A EC 2D 34 3F 34 3F EC 2D 4D 4A 24 18
0000D390  20 4E 00 00 4D 4A DC E7 34 3F 14 D2 EC 2D CC C0
0000D3A0  24 18 B3 B5 00 00 E0 B1 DC E7 B3 B5 14 D2 CC C0
0000D3B0  CC C0 14 D2 B3 B5 DC E7 E0 B1 00 00 B3 B5 24 18
0000D3C0  CC C0 EC 2D 14 D2 34 3F DC E7 4D 4A 00 00 20 4E
0000D3D0  24 18 4D 4A EC 2D 34 3F 34 3F EC 2D 4D 4A 24 18
0000D3E0  20 4E 00 00 4D 4A DC E7 34 3F 14 D2 EC 2D CC C0
0000D3F0  24 18 B3 B5 00 00 E0 B1 DC E7 B3 B5 14 D2 CC C0
0000D400  CC C0 14 D2 B3 B5 DC E7 E0 B1 00 00 B3 B5 24 18
0000D410  CC C0 EC 2D 14 D2 34 3F DC E7 4D 4A 00 00 20 4E
0000D420  24 18 4D 4A EC 2D 34 3F 34 3F EC 2D 4D 4A 24 18
0000D430  20 4E 00 00 4D 4A DC E7 34 3F 14 D2 EC 2D CC C0
0000D440  24 18 B3 B5 00 00 E0 B1 DC E7 B3 B5 14 D2 CC C0
0000D450  CC C0 14 D2 B3 B5 DC E7 E0 B1 00 00 B3 B5 24 18
0000D460  CC C0 EC 2D 14 D2 34 3F DC E7 4D 4A 00 00 20 4E
0000D470  24 18 4D 4A EC 2D 34 3F 34 3F EC 2D 4D 4A 24 18
0000D480  20 4E 00 00 4D 4A DC E7 34 3F 14 D2 EC 2D CC C0
0000D490  24 18 B3 B5 00 00 E0 B1 DC E7 B3 B5 14 D2 CC C0
0000D4A0  CC C0 14 D2 B3 B5 DC E7 E0 B1 00 00 B3 B5 24 18
0000D4B0  CC C0 EC 2D 14 D2 34 3F DC E7 4D 4A 00 00 20 4E
0000D4C0  24 18 4D 4A EC 2D 34 3F 34 3F EC 2D 4D 4A 24 18
0000D4D0  20 4E 00 00 4D 4A DC E7 34 3F 14 D2 EC 2D CC C0
0000D4E0  24 18 B3 B5 00 00 E0 B1 DC E7 B3 B5 14 D2 CC C0
0000D4F0  CC C0 14 D2 B3 B5 DC E7 E0 B1 00 00 B3 B5 24 18
0000D500  CC C0 EC 2D 14 D2 34 3F DC E7 4D 4A 00 00 20 4E
0000D510  24 18 4D 4A EC 2D 34 3F 34 3F EC 2D 4D 4A 24 18
0000D520  20 4E 00 00 4D 4A DC E7 34 3F 14 D2 EC 2D CC C0
0000D530  24 18 B3 B5 00 00 E0 B1 DC E7 B3 B5 14 D2 CC C0
0000D540  CC C0 14 D2 B3 B5 DC E7 E0 B1 00 00 B3 B5 24 18
0000D550  CC C0 EC 2D 14 D2 34 3F DC E7 4D 4A 00 00 20 4E
0000D560  24 18 4D 4A EC 2D 34 3F 34 3F EC 2D 4D 4A 24 18
0000D570  20 4E 00 00 4D 4A DC E7 34 3F 14 D2 EC 2D CC C0
0000D580  24 18 B3 B5 00 00 E0 B1 DC E7 B3 B5 14 D2 CC C0
0000D590  CC C0 14 D2 B3 B5 DC E7 E0 B1 00 00 B3 B5 24 18
0000D5A0  CC C0 EC 2D 14 D2 34 3F DC E7 4D 4A 00 00 20 4E
0000D5B0  24 18 4D 4A EC 2D 34 3F 34 3F EC 2D 4D 4A 24 18
0000D5C0  20 4E 00 00 4D 4A DC E7 34 3F 14 D2 EC 2D CC C0
0000D5D0  24 18 B3 B5 00 00 E0 B1 DC E7 B3 B5 14 D2 CC C0
0000D5E0  CC C0 14 D2 B3 B5 DC E7 E0 B1 00 00 B3 B5 24 18
0000D5F0  CC C0 EC 2D 14 D2 34 3F DC E7 4D 4A 00 00 20 4E
0000D600  24 18 4D 4A EC 2D 34 3F 34 3F EC 2D 4D 4A 24 18
0000D610  20 4E 00 00 4D 4A DC E7 34 3F 14 D2 EC 2D CC C0
0000D620  24 18 B3 B5 00 00 E0 B1 DC E7 B3 B5 14 D2 CC C0
0000D630  CC C0 14 D2 B3 B5 DC E7 E0 B1 00 00 B3 B5 24 18
0000D640  CC C0 EC 2D 14 D2 34 3F DC E7 4D 4A 00 00 20 4E
0000D650  24 18 4D 4A EC 2D 34 3F 34 3F EC 2D 4D 4A 24 18
0000D660  20 4E 00 00 4D 4A DC E7 34 3F 14 D2 EC 2D CC C0
0000D670  24 18 B3 B5 00 00 E0 B1 DC E7 B3 B5 14 D2 CC C0
0000D680  CC C0 14 D2 B3 B5 DC E7 E0 B1 00 00 B3 B5 24 18
0000D690  CC C0 EC 2D 14 D2 34 3F DC E7 4D 4A 00 00 20 4E
0000D6A0  24 18 4D 4A EC 2D 34 3F 34 3F EC 2D 4D 4A 24 18
0000D6B0  20 4E 00 00 4D 4A DC E7 34 3F 14 D2 EC 2D CC C0
0000D6C0  24 18 B3 B5 00 00 E0 B1 DC E7 B3 B5 14 D2 CC C0
0000D6D0  CC C0 14 D2 B3 B5 DC E7 E0 B1 00 00 B3 B5 24 18
0000D6E0  CC C0 EC 2D 14 D2 34 3F DC E7 4D 4A 00 00 20 4E
0000D6F0  24 18 4D 4A EC 2D 34 3F 34 3F EC 2D 4D 4A 24 18
0000D700  20 4E 00 00 4D 4A DC E7 34 3F 14 D2 EC 2D CC C0
0000D710  24 18 B3 B5 00 00 E0 B1 DC E7 B3 B5 14 D2 CC C0
0000D720  CC C0 14 D2 B3 B5 DC E7 E0 B1 00 00 B3 B5 24 18
0000D730  CC C0 EC 2D 14 D2 34 3F DC E7 4D 4A 00 00 20 4E
0000D740  24 18 4D 4A EC 2D 34 3F 34 3F EC 2D 4D 4A 24 18
0000D750  20 4E 00 00 4D 4A DC E7 34 3F 14 D2 EC 2D CC C0
0000D760  24 18 B3 B5 00 00 E0 B1 DC E7 B3 B5 14 D2 CC C0
0000D770  CC C0 14 D2 B3 B5 DC E7 E0 B1 00 00 B3 B5 24 18
0000D780  CC C0 EC 2D 14 D2 34 3F DC E7 4D 4A 00 00 20 4E
0000D790  24 18 4D 4A EC 2D 34 3F 34 3F EC 2D 4D 4A 24 18
0000D7A0  20 4E 00 00 4D 4A DC E7 34 3F 14 D2 EC 2D CC C0
0000D7B0  24 18 B3 B5 00 00 E0 B1 DC E7 B3 B5 14 D2 CC C0
0000D7C0  CC C0 14 D2 B3 B5 DC E7 E0 B1 00 00 B3 B5 24 18
0000D7D0  CC C0 EC 2D 14 D2 34 3F DC E7 4D 4A 00 00 20 4E
0000D7E0  24 18 4D 4A EC 2D 34 3F 34 3F EC 2D 4D 4A 24 18
0000D7F0  20 4E 00 00 4D 4A DC E7 34 3F 14 D2 EC 2D CC C0
0000D800  24 18 B3 B5 00 00 E0 B1 DC E7 B3 B5 14 D2 CC C0
0000D810  CC C0 14 D2 B3 B5 DC E7 E0 B1 00 00 B3 B5 24 18
0000D820  CC C0 EC 2D 14 D2 34 3F DC E7 4D 4A 00 00 20 4E
0000D830  24 18 4D 4A EC 2D 34 3F 34 3F EC 2D 4D 4A 24 18
0000D840  20 4E 00 00 4D 4A DC E7 34 3F 14 D2 EC 2D CC C0
0000D850  24 18 B3 B5 00 00 E0 B1 DC E7 B3 B5 14 D2 CC C0
0000D860  CC C0 14 D2 B3 B5 DC E7 E0 B1 00 00 B3 B5 24 18
0000D870  CC C0 EC 2D 14 D2 34 3F DC E7 4D 4A 00 00 20 4E
0000D880  24 18 4D 4A EC 2D 34 3F 34 3F EC 2D 4D 4A 24 18
0000D890  20 4E 00 00 4D 4A DC E7 34 3F 14 D2 EC 2D CC C0
0000D8A0  24 18 B3 B5 00 00 E0 B1 DC E7 B3 B5 14 D2 CC C0
0000D8B0  CC C0 14 D2 B3 B5 DC E7 E0 B1 00 00 B3 B5 24 18
0000D8C0  CC C0 EC 2D 14 D2 34 3F DC E7 4D 4A 00 00 20 4E
0000D8D0  24 18 4D 4A EC 2D 34 3F 34 3F EC 2D 4D 4A 24 18
0000D8E0  20 4E 00 00 4D 4A DC E7 34 3F 14 D2 EC 2D CC C0
0000D8F0  24 18 B3 B5 00 00 E0 B1 DC E7 B3 B5 14 D2 CC C0
0000D900  CC C0 14 D2 B3 B5 DC E7 E0 B1 00 00 B3 B5 24 18
0000D910  CC C0 EC 2D 14 D2 34 3F DC E7 4D 4A 00 00 20 4E
0000D920  24 18 4D 4A EC 2D 34 3F 34 3F EC 2D 4D 4A 24 18
0000D930  20 4E 00 00 4D 4A DC E7 34 3F 14 D2 EC 2D CC C0
0000D940  24 18 B3 B5 00 00 E0 B1 DC E7 B3 B5 14 D2 CC C0
0000D950  CC C0 14 D2 B3 B5 DC E7 E0 B1 00 00 B3 B5 24 18
0000D960  CC C0 EC 2D 14 D2 34 3F DC E7 4D 4A 00 00 20 4E
0000D970  24 18 4D 4A EC 2D 34 3F 34 3F EC 2D 4D 4A 24 18
0000D980  20 4E 00 00 4D 4A DC E7 34 3F 14 D2 EC 2D CC C0
0000D990  24 18 B3 B5 00 00 E0 B1 DC E7 B3 B5 14 D2 CC C0
0000D9A0  CC C0 14 D2 B3 B5 DC E7 E0 B1 00 00 B3 B5 24 18
0000D9B0  CC C0 EC 2D 14 D2 34 3F DC E7 4D 4A 00 00 20 4E
0000D9C0  24 18 4D 4A EC 2D 34 3F 34 3F EC 2D 4D 4A 24 18
0000D9D0  20 4E 00 00 4D 4A DC E7 34 3F 14 D2 EC 2D CC C0
0000D9E0  24 18 B3 B5 00 00 E0 B1 DC E7 B3 B5 14 D2 CC C0
0000D9F0  CC C0 14 D2 B3 B5 DC E7 E0 B1 00 00 B3 B5 24 18
0000DA00  CC C0 EC 2D 14 D2 34 3F DC E7 4D 4A 00 00 20 4E
0000DA10  24 18 4D 4A EC 2D 34 3F 34 3F EC 2D 4D 4A 24 18
0000DA20  20 4E 00 00 4D 4A DC E7 34 3F 14 D2 EC 2D CC C0
0000DA30  24 18 B3 B5 00 00 E0 B1 DC E7 B3 B5 14 D2 CC C0
0000DA40  CC C0 14 D2 B3 B5 DC E7 E0 B1 00 00 B3 B5 24 18
0000DA50  CC C0 EC 2D 14 D2 34 3F DC E7 4D 4A 00 00 20 4E
0000DA60  24 18 4D 4A EC 2D 34 3F 34 3F EC 2D 4D 4A 24 18
0000DA70  20 4E 00 00 4D 4A DC E7 34 3F 14 D2 EC 2D CC C0
0000DA80  24 18 B3 B5 00 00 E0 B1 DC E7 B3 B5 14 D2 CC C0
0000DA90  CC C0 14 D2 B3 B5 DC E7 E0 B1 00 00 B3 B5 24 18
0000DAA0  CC C0 EC 2D 14 D2 34 3F DC E7 4D 4A 00 00 20 4E
0000DAB0  24 18 4D 4A EC 2D 34 3F 34 3F EC 2D 4D 4A 24 18
0000DAC0  20 4E 00 00 4D 4A DC E7 34 3F 14 D2 EC 2D CC C0
0000DAD0  24 18 B3 B5 00 00 E0 B1 DC E7 B3 B5 14 D2 CC C0
0000DAE0  CC C0 14 D2 B3 B5 DC E7 E0 B1 00 00 B3 B5 24 18
0000DAF0  CC C0 EC 2D 14 D2 34 3F DC E7 4D 4A 00 00 20 4E
0000DB00  24 18 4D 4A EC 2D 34 3F 34 3F EC 2D 4D 4A 24 18
0000DB10  20 4E 00 00 4D 4A DC E7 34 3F 14 D2 EC 2D CC C0
0000DB20  24 18 B3 B5 00 00 E0 B1 DC E7 B3 B5 14 D2 CC C0
0000DB30  CC C0 14 D2 B3 B5 DC E7 E0 B1 00 00 B3 B5 24 18
0000DB40  CC C0 EC 2D 14 D2 34 3F DC E7 4D 4A 00 00 20 4E
0000DB50  24 18 4D 4A EC 2D 34 3F 34 3F EC 2D 4D 4A 24 18
0000DB60  20 4E 00 00 4D 4A DC E7 34 3F 14 D2 EC 2D CC C0
0000DB70  24 18 B3 B5 00 00 E0 B1 DC E7 B3 B5 14 D2 CC C0
0000DB80  CC C0 14 D2 B3 B5 DC E7 E0 B1 00 00 B3 B5 24 18
0000DB90  CC C0 EC 2D 14 D2 34 3F DC E7 4D 4A 00 00 20 4E
0000DBA0  24 18 4D 4A EC 2D 34 3F 34 3F EC 2D 4D 4A 24 18
0000DBB0  20 4E 00 00 4D 4A DC E7 34 3F 14 D2 EC 2D CC C0
0000DBC0  24 18 B3 B5 00 00 E0 B1 DC E7 B3 B5 14 D2 CC C0
0000DBD0  CC C0 14 D2 B3 B5 DC E7 E0 B1 00 00 B3 B5 24 18
0000DBE0  CC C0 EC 2D 14 D2 34 3F DC E7 4D 4A 00 00 20 4E
0000DBF0  24 18 4D 4A EC 2D 34 3F 34 3F EC 2D 4D 4A 24 18
0000DC00  20 4E 00 00 4D 4A DC E7 34 3F 14 D2 EC 2D CC C0
0000DC10  24 18 B3 B5 00 00 E0 B1 DC E7 B3 B5 14 D2 CC C0
0000DC20  CC C0 14 D2 B3 B5 DC E7 E0 B1 00 00 B3 B5 24 18
0000DC30  CC C0 EC 2D 14 D2 34 3F DC E7 4D 4A 00 00 20 4E
0000DC40  24 18 4D 4A EC 2D 34 3F 34 3F EC 2D 4D 4A 24 18
0000DC50  20 4E 00 00 4D 4A DC E7 34 3F 14 D2 EC 2D CC C0
0000DC60  24 18 B3 B5 00 00 E0 B1 DC E7 B3 B5 14 D2 CC C0
0000DC70  CC C0 14 D2 B3 B5 DC E7 E0 B1 00 00 B3 B5 24 18
0000DC80  CC C0 EC 2D 14 D2 34 3F DC E7 4D 4A 00 00 20 4E
0000DC90  24 18 4D 4A EC 2D 34 3F 34 3F EC 2D 4D 4A 24 18
0000DCA0  20 4E 00 00 4D 4A DC E7 34 3F 14 D2 EC 2D CC C0
0000DCB0  24 18 B3 B5 00 00 E0 B1 DC E7 B3 B5 14 D2 CC C0
0000DCC0  CC C0 14 D2 B3 B5 DC E7 E0 B1 00 00 B3 B5 24 18
0000DCD0  CC C0 EC 2D 14 D2 34 3F DC E7 4D 4A 00 00 20 4E
0000DCE0  24 18 4D 4A EC 2D 34 3F 34 3F EC 2D 4D 4A 24 18
0000DCF0  20 4E 00 00 4D 4A DC E7 34 3F 14 D2 EC 2D CC C0
0000DD00  24 18 B3 B5 00 00 E0 B1 DC E7 B3 B5 14 D2 CC C0
0000DD10  CC C0 14 D2 B3 B5 DC E7 E0 B1 00 00 B3 B5 24 18
0000DD20  CC C0 EC 2D 14 D2 34 3F DC E7 4D 4A 00 00 20 4E
0000DD30  24 18 4D 4A EC 2D 34 3F 34 3F EC 2D 4D 4A 24 18
0000DD40  20 4E 00 00 4D 4A DC E7 34 3F 14 D2 EC 2D CC C0
0000DD50  24 18 B3 B5 00 00 E0 B1 DC E7 B3 B5 14 D2 CC C0
0000DD60  CC C0 14 D2 B3 B5 DC E7 E0 B1 00 00 B3 B5 24 18
0000DD70  CC C0 EC 2D 14 D2 34 3F DC E7 4D 4A 00 00 20 4E
0000DD80  24 18 4D 4A EC 2D 34 3F 34 3F EC 2D 4D 4A 24 18
0000DD90  20 4E 00 00 4D 4A DC E7 34 3F 14 D2 EC 2D CC C0
0000DDA0  24 18 B3 B5 00 00 E0 B1 DC E7 B3 B5 14 D2 CC C0
0000DDB0  CC C0 14 D2 B3 B5 DC E7 E0 B1 00 00 B3 B5 24 18
0000DDC0  CC C0 EC 2D 14 D2 34 3F DC E7 4D 4A 00 00 20 4E
0000DDD0  24 18 4D 4A EC 2D 34 3F 34 3F EC 2D 4D 4A 24 18
0000DDE0  20 4E 00 00 4D 4A DC E7 34 3F 14 D2 EC 2D CC C0
0000DDF0  24 18 B3 B5 00 00 E0 B1 DC E7 B3 B5 14 D2 CC C0
0000DE00  CC C0 14 D2 B3 B5 DC E7 E0 B1 00 00 B3 B5 24 18
0000DE10  CC C0 EC 2D 14 D2 34 3F DC E7 4D 4A 00 00 20 4E
0000DE20  24 18 4D 4A EC 2D 34 3F 34 3F EC 2D 4D 4A 24 18
0000DE30  20 4E 00 00 4D 4A DC E7 34 3F 14 D2 EC 2D CC C0
0000DE40  24 18 B3 B5 00 00 E0 B1 DC E7 B3 B5 14 D2 CC C0
0000DE50  CC C0 14 D2 B3 B5 DC E7 E0 B1 00 00 B3 B5 24 18
0000DE60  CC C0 EC 2D 14 D2 34 3F DC E7 4D 4A 00 00 20 4E
0000DE70  24 18 4D 4A EC 2D 34 3F 34 3F EC 2D 4D 4A 24 18
0000DE80  20 4E 00 00 4D 4A DC E7 34 3F 14 D2 EC 2D CC C0
0000DE90  24 18 B3 B5 00 00 E0 B1 DC E7 B3 B5 14 D2 CC C0
0000DEA0  CC C0 14 D2 B3 B5 DC E7 E0 B1 00 00 B3 B5 24 18
0000DEB0  CC C0 EC 2D 14 D2 34 3F DC E7 4D 4A 00 00 20 4E
0000DEC0  24 18 4D 4A EC 2D 34 3F 34 3F EC 2D 4D 4A 24 18
0000DED0  20 4E 00 00 4D 4A DC E7 34 3F 14 D2 EC 2D CC C0
0000DEE0  24 18 B3 B5 00 00 E0 B1 DC E7 B3 B5 14 D2 CC C0
0000DEF0  CC C0 14 D2 B3 B5 DC E7 E0 B1 00 00 B3 B5 24 18
0000DF00  CC C0 EC 2D 14 D2 34 3F DC E7 4D 4A 00 00 20 4E
0000DF10  24 18 4D 4A EC 2D 34 3F 34 3F EC 2D 4D 4A 24 18
0000DF20  20 4E 00 00 4D 4A DC E7 34 3F 14 D2 EC 2D CC C0
0000DF30  24 18 B3 B5 00 00 E0 B1 DC E7 B3 B5 14 D2 CC C0
0000DF40  CC C0 14 D2 B3 B5 DC E7 E0 B1 00 00 B3 B5 24 18
0000DF50  CC C0 EC 2D 14 D2 34 3F DC E7 4D 4A 00 00 20 4E
0000DF60  24 18 4D 4A EC 2D 34 3F 34 3F EC 2D 4D 4A 24 18
0000DF70  20 4E 00 00 4D 4A DC E7 34 3F 14 D2 EC 2D CC C0
0000DF80  24 18 B3 B5 00 00 E0 B1 DC E7 B3 B5 14 D2 CC C0
0000DF90  CC C0 14 D2 B3 B5 DC E7 E0 B1 00 00 B3 B5 24 18
0000DFA0  CC C0 EC 2D 14 D2 34 3F DC E7 4D 4A 00 00 20 4E
0000DFB0  24 18 4D 4A EC 2D 34 3F 34 3F EC 2D 4D 4A 24 18
0000DFC0  20 4E 00 00 4D 4A DC E7 34 3F 14 D2 EC 2D CC C0
0000DFD0  24 18 B3 B5 00 00 E0 B1 DC E7 B3 B5 14 D2 CC C0
0000DFE0  CC C0 14 D2 B3 B5 DC E7 E0 B1 00 00 B3 B5 24 18
0000DFF0  CC C0 EC 2D 14 D2 34 3F DC E7 4D 4A 00 00 20 4E
0000E000  24 18 4D 4A EC 2D 34 3F 34 3F EC 2D 4D 4A 24 18
0000E010  20 4E 00 00 4D 4A DC E7 34 3F 14 D2 EC 2D CC C0
0000E020  24 18 B3 B5 00 00 E0 B1 DC E7 B3 B5 14 D2 CC C0
0000E030  CC C0 14 D2 B3 B5 DC E7 E0 B1 00 00 B3 B5 24 18
0000E040  CC C0 EC 2D 14 D2 34 3F DC E7 4D 4A 00 00 20 4E
0000E050  24 18 4D 4A EC 2D 34 3F 34 3F EC 2D 4D 4A 24 18
0000E060  20 4E 00 00 4D 4A DC E7 34 3F 14 D2 EC 2D CC C0
0000E070  24 18 B3 B5 00 00 E0 B1 DC E7 B3 B5 14 D2 CC C0
0000E080  CC C0 14 D2 B3 B5 DC E7 E0 B1 00 00 B3 B5 24 18
0000E090  CC C0 EC 2D 14 D2 34 3F DC E7 4D 4A 00 00 20 4E
0000E0A0  24 18 4D 4A EC 2D 34 3F 34 3F EC 2D 4D 4A 24 18
0000E0B0  20 4E 00 00 4D 4A DC E7 34 3F 14 D2 EC 2D CC C0
0000E0C0  24 18 B3 B5 00 00 E0 B1 DC E7 B3 B5 14 D2 CC C0
0000E0D0  CC C0 14 D2 B3 B5 DC E7 E0 B1 00 00 B3 B5 24 18
0000E0E0  CC C0 EC 2D 14 D2 34 3F DC E7 4D 4A 00 00 20 4E
0000E0F0  24 18 4D 4A EC 2D 34 3F 34 3F EC 2D 4D 4A 24 18
0000E100  20 4E 00 00 4D 4A DC E7 34 3F 14 D2 EC 2D CC C0
0000E110  24 18 B3 B5 00 00 E0 B1 DC E7 B3 B5 14 D2 CC C0
0000E120  CC C0 14 D2 B3 B5 DC E7 E0 B1 00 00 B3 B5 24 18
0000E130  CC C0 EC 2D 14 D2 34 3F DC E7 4D 4A 00 00 20 4E
0000E140  24 18 4D 4A EC 2D 34 3F 34 3F EC 2D 4D 4A 24 18
0000E150  20 4E 00 00 4D 4A DC E7 34 3F 14 D2 EC 2D CC C0
0000E160  24 18 B3 B5 00 00 E0 B1 DC E7 B3 B5 14 D2 CC C0
0000E170  CC C0 14 D2 B3 B5 DC E7 E0 B1 00 00 B3 B5 24 18
0000E180  CC C0 EC 2D 14 D2 34 3F DC E7 4D 4A 00 00 20 4E
0000E190  24 18 4D 4A EC 2D 34 3F 34 3F EC 2D 4D 4A 24 18
0000E1A0  20 4E 00 00 4D 4A DC E7 34 3F 14 D2 EC 2D CC C0
0000E1B0  24 18 B3 B5 00 00 E0 B1 DC E7 B3 B5 14 D2 CC C0
0000E1C0  CC C0 14 D2 B3 B5 DC E7 E0 B1 00 00 B3 B5 24 18
0000E1D0  CC C0 EC 2D 14 D2 34 3F DC E7 4D 4A 00 00 20 4E
0000E1E0  24 18 4D 4A EC 2D 34 3F 34 3F EC 2D 4D 4A 24 18
0000E1F0  20 4E 00 00 4D 4A DC E7 34 3F 14 D2 EC 2D CC C0
0000E200  24 18 B3 B5 00 00 E0 B1 DC E7 B3 B5 14 D2 CC C0
0000E210  CC C0 14 D2 B3 B5 DC E7 E0 B1 00 00 B3 B5 24 18
0000E220  CC C0 EC 2D 14 D2 34 3F DC E7 4D 4A 00 00 20 4E
0000E230  24 18 4D 4A EC 2D 34 3F 34 3F EC 2D 4D 4A 24 18
0000E240  20 4E 00 00 4D 4A DC E7 34 3F 14 D2 EC 2D CC C0
0000E250  24 18 B3 B5 00 00 E0 B1 DC E7 B3 B5 14 D2 CC C0
0000E260  CC C0 14 D2 B3 B5 DC E7 E0 B1 00 00 B3 B5 24 18
0000E270  CC C0 EC 2D 14 D2 34 3F DC E7 4D 4A 00 00 20 4E
0000E280  24 18 4D 4A EC 2D 34 3F 34 3F EC 2D 4D 4A 24 18
0000E290  20 4E 00 00 4D 4A DC E7 34 3F 14 D2 EC 2D CC C0
0000E2A0  24 18 B3 B5 00 00 E0 B1 DC E7 B3 B5 14 D2 CC C0
0000E2B0  CC C0 14 D2 B3 B5 DC E7 E0 B1 00 00 B3 B5 24 18
0000E2C0  CC C0 EC 2D 14 D2 34 3F DC E7 4D 4A 00 00 20 4E
0000E2D0  24 18 4D 4A EC 2D 34 3F 34 3F EC 2D 4D 4A 24 18
0000E2E0  20 4E 00 00 4D 4A DC E7 34 3F 14 D2 EC 2D CC C0
0000E2F0  24 18 B3 B5 00 00 E0 B1 DC E7 B3 B5 14 D2 CC C0
0000E300  CC C0 14 D2 B3 B5 DC E7 E0 B1 00 00 B3 B5 24 18
0000E310  CC C0 EC 2D 14 D2 34 3F DC E7 4D 4A 00 00 20 4E
0000E320  24 18 4D 4A EC 2D 34 3F 34 3F EC 2D 4D 4A 24 18
0000E330  20 4E 00 00 4D 4A DC E7 34 3F 14 D2 EC 2D CC C0
0000E340  24 18 B3 B5 00 00 E0 B1 DC E7 B3 B5 14 D2 CC C0
0000E350  CC C0 14 D2 B3 B5 DC E7 E0 B1 00 00 B3 B5 24 18
0000E360  CC C0 EC 2D 14 D2 34 3F DC E7 4D 4A 00 00 20 4E
0000E370  24 18 4D 4A EC 2D 34 3F 34 3F EC 2D 4D 4A 24 18
0000E380  20 4E 00 00 4D 4A DC E7 34 3F 14 D2 EC 2D CC C0
0000E390  24 18 B3 B5 00 00 E0 B1 DC E7 B3 B5 14 D2 CC C0
0000E3A0  CC C0 14 D2 B3 B5 DC E7 E0 B1 00 00 B3 B5 24 18
0000E3B0  CC C0 EC 2D 14 D2 34 3F DC E7 4D 4A 00 00 20 4E
0000E3C0  24 18 4D 4A EC 2D 34 3F 34 3F EC 2D 4D 4A 24 18
0000E3D0  20 4E 00 00 4D 4A DC E7 34 3F 14 D2 EC 2D CC C0
0000E3E0  24 18 B3 B5 00 00 E0 B1 DC E7 B3 B5 14 D2 CC C0
0000E3F0  CC C0 14 D2 B3 B5 DC E7 E0 B1 00 00 B3 B5 24 18
0000E400  CC C0 EC 2D 14 D2 34 3F DC E7 4D 4A 00 00 20 4E
0000E410  24 18 4D 4A EC 2D 34 3F 34 3F EC 2D 4D 4A 24 18
0000E420  20 4E 00 00 4D 4A DC E7 34 3F 14 D2 EC 2D CC C0
0000E430  24 18 B3 B5 00 00 E0 B1 DC E7 B3 B5 14 D2 CC C0
0000E440  CC C0 14 D2 B3 B5 DC E7 E0 B1 00 00 B3 B5 24 18
0000E450  CC C0 EC 2D 14 D2 34 3F DC E7 4D 4A 00 00 20 4E
0000E460  24 18 4D 4A EC 2D 34 3F 34 3F EC 2D 4D 4A 24 18
0000E470  20 4E 00 00 4D 4A DC E7 34 3F 14 D2 EC 2D CC C0
0000E480  24 18 B3 B5 00 00 E0 B1 DC E7 B3 B5 14 D2 CC C0
0000E490  CC C0 14 D2 B3 B5 DC E7 E0 B1 00 00 B3 B5 24 18
0000E4A0  CC C0 EC 2D 14 D2 34 3F DC E7 4D 4A 00 00 20 4E
0000E4B0  24 18 4D 4A EC 2D 34 3F 34 3F EC 2D 4D 4A 24 18
0000E4C0  20 4E 00 00 4D 4A DC E7 34 3F 14 D2 EC 2D CC C0
0000E4D0  24 18 B3 B5 00 00 E0 B1 DC E7 B3 B5 14 D2 CC C0
0000E4E0  CC C0 14 D2 B3 B5 DC E7 E0 B1 00 00 B3 B5 24 18
0000E4F0  CC C0 EC 2D 14 D2 34 3F DC E7 4D 4A 00 00 20 4E
0000E500  24 18 4D 4A EC 2D 34 3F 34 3F EC 2D 4D 4A 24 18
0000E510  20 4E 00 00 4D 4A DC E7 34 3F 14 D2 EC 2D CC C0
0000E520  24 18 B3 B5 00 00 E0 B1 DC E7 B3 B5 14 D2 CC C0
0000E530  CC C0 14 D2 B3 B5 DC E7 E0 B1 00 00 B3 B5 24 18
0000E540  CC C0 EC 2D 14 D2 34 3F DC E7 4D 4A 00 00 20 4E
0000E550  24 18 4D 4A EC 2D 34 3F 34 3F EC 2D 4D 4A 24 18
0000E560  20 4E 00 00 4D 4A DC E7 34 3F 14 D2 EC 2D CC C0
0000E570  24 18 B3 B5 00 00 E0 B1 DC E7 B3 B5 14 D2 CC C0
0000E580  CC C0 14 D2 B3 B5 DC E7 E0 B1 00 00 B3 B5 24 18
0000E590  CC C0 EC 2D 14 D2 34 3F DC E7 4D 4A 00 00 20 4E
0000E5A0  24 18 4D 4A EC 2D 34 3F 34 3F EC 2D 4D 4A 24 18
0000E5B0  20 4E 00 00 4D 4A DC E7 34 3F 14 D2 EC 2D CC C0
0000E5C0  24 18 B3 B5 00 00 E0 B1 DC E7 B3 B5 14 D2 CC C0
0000E5D0  CC C0 14 D2 B3 B5 DC E7 E0 B1 00 00 B3 B5 24 18
0000E5E0  CC C0 EC 2D 14 D2 34 3F DC E7 4D 4A 00 00 20 4E
0000E5F0  24 18 4D 4A EC 2D 34 3F 34 3F EC 2D 4D 4A 24 18
0000E600  20 4E 00 00 4D 4A DC E7 34 3F 14 D2 EC 2D CC C0
0000E610  24 18 B3 B5 00 00 E0 B1 DC E7 B3 B5 14 D2 CC C0
0000E620  CC C0 14 D2 B3 B5 DC E7 E0 B1 00 00 B3 B5 24 18
0000E630  CC C0 EC 2D 14 D2 34 3F DC E7 4D 4A 00 00 20 4E
0000E640  24 18 4D 4A EC 2D 34 3F 34 3F EC 2D 4D 4A 24 18
0000E650  20 4E 00 00 4D 4A DC E7 34 3F 14 D2 EC 2D CC C0
0000E660  24 18 B3 B5 00 00 E0 B1 DC E7 B3 B5 14 D2 CC C0
0000E670  CC C0 14 D2 B3 B5 DC E7 E0 B1 00 00 B3 B5 24 18
0000E680  CC C0 EC 2D 14 D2 34 3F DC E7 4D 4A 00 00 20 4E
0000E690  24 18 4D 4A EC 2D 34 3F 34 3F EC 2D 4D 4A 24 18
0000E6A0  20 4E 00 00 4D 4A DC E7 34 3F 14 D2 EC 2D CC C0
0000E6B0  24 18 B3 B5 00 00 E0 B1 DC E7 B3 B5 14 D2 CC C0
0000E6C0  CC C0 14 D2 B3 B5 DC E7 E0 B1 00 00 B3 B5 24 18
0000E6D0  CC C0 EC 2D 14 D2 34 3F DC E7 4D 4A 00 00 20 4E
0000E6E0  24 18 4D 4A EC 2D 34 3F 34 3F EC 2D 4D 4A 24 18
0000E6F0  20 4E 00 00 4D 4A DC E7 34 3F 14 D2 EC 2D CC C0
0000E700  24 18 B3 B5 00 00 E0 B1 DC E7 B3 B5 14 D2 CC C0
0000E710  CC C0 14 D2 B3 B5 DC E7 E0 B1 00 00 B3 B5 24 18
0000E720  CC C0 EC 2D 14 D2 34 3F DC E7 4D 4A 00 00 20 4E
0000E730  24 18 4D 4A EC 2D 34 3F 34 3F EC 2D 4D 4A 24 18
0000E740  20 4E 00 00 4D 4A DC E7 34 3F 14 D2 EC 2D CC C0
0000E750  24 18 B3 B5 00 00 E0 B1 DC E7 B3 B5 14 D2 CC C0
0000E760  CC C0 14 D2 B3 B5 DC E7 E0 B1 00 00 B3 B5 24 18
0000E770  CC C0 EC 2D 14 D2 34 3F DC E7 4D 4A 00 00 20 4E
0000E780  24 18 4D 4A EC 2D 34 3F 34 3F EC 2D 4D 4A 24 18
0000E790  20 4E 00 00 4D 4A DC E7 34 3F 14 D2 EC 2D CC C0
0000E7A0  24 18 B3 B5 00 00 E0 B1 DC E7 B3 B5 14 D2 CC C0
0000E7B0  CC C0 14 D2 B3 B5 DC E7 E0 B1 00 00 B3 B5 24 18
0000E7C0  CC C0 EC 2D 14 D2 34 3F DC E7 4D 4A 00 00 20 4E
0000E7D0  24 18 4D 4A EC 2D 34 3F 34 3F EC 2D 4D 4A 24 18
0000E7E0  20 4E 00 00 4D 4A DC E7 34 3F 14 D2 EC 2D CC C0
0000E7F0  24 18 B3 B5 00 00 E0 B1 DC E7 B3 B5 14 D2 CC C0
0000E800  CC C0 14 D2 B3 B5 DC E7 E0 B1 00 00 B3 B5 24 18
0000E810  CC C0 EC 2D 14 D2 34 3F DC E7 4D 4A 00 00 20 4E
0000E820  24 18 4D 4A EC 2D 34 3F 34 3F EC 2D 4D 4A 24 18
0000E830  20 4E 00 00 4D 4A DC E7 34 3F 14 D2 EC 2D CC C0
0000E840  24 18 B3 B5 00 00 E0 B1 DC E7 B3 B5 14 D2 CC C0
0000E850  CC C0 14 D2 B3 B5 DC E7 E0 B1 00 00 B3 B5 24 18
0000E860  CC C0 EC 2D 14 D2 34 3F DC E7 4D 4A 00 00 20 4E
0000E870  24 18 4D 4A EC 2D 34 3F 34 3F EC 2D 4D 4A 24 18
0000E880  20 4E 00 00 4D 4A DC E7 34 3F 14 D2 EC 2D CC C0
0000E890  24 18 B3 B5 00 00 E0 B1 DC E7 B3 B5 14 D2 CC C0
0000E8A0  CC C0 14 D2 B3 B5 DC E7 E0 B1 00 00 B3 B5 24 18
0000E8B0  CC C0 EC 2D 14 D2 34 3F DC E7 4D 4A 00 00 20 4E
0000E8C0  24 18 4D 4A EC 2D 34 3F 34 3F EC 2D 4D 4A 24 18
0000E8D0  20 4E 00 00 4D 4A DC E7 34 3F 14 D2 EC 2D CC C0
0000E8E0  24 18 B3 B5 00 00 E0 B1 DC E7 B3 B5 14 D2 CC C0
0000E8F0  CC C0 14 D2 B3 B5 DC E7 E0 B1 00 00 B3 B5 24 18
0000E900  CC C0 EC 2D 14 D2 34 3F DC E7 4D 4A 00 00 20 4E
0000E910  24 18 4D 4A EC 2D 34 3F 34 3F EC 2D 4D 4A 24 18
0000E920  20 4E 00 00 4D 4A DC E7 34 3F 14 D2 EC 2D CC C0
0000E930  24 18 B3 B5 00 00 E0 B1 DC E7 B3 B5 14 D2 CC C0
0000E940  CC C0 14 D2 B3 B5 DC E7 E0 B1 00 00 B3 B5 24 18
0000E950  CC C0 EC 2D 14 D2 34 3F DC E7 4D 4A 00 00 20 4E
0000E960  24 18 4D 4A EC 2D 34 3F 34 3F EC 2D 4D 4A 24 18
0000E970  20 4E 00 00 4D 4A DC E7 34 3F 14 D2 EC 2D CC C0
0000E980  24 18 B3 B5 00 00 E0 B1 DC E7 B3 B5 14 D2 CC C0
0000E990  CC C0 14 D2 B3 B5 DC E7 E0 B1 00 00 B3 B5 24 18
0000E9A0  CC C0 EC 2D 14 D2 34 3F DC E7 4D 4A 00 00 20 4E
0000E9B0  24 18 4D 4A EC 2D 34 3F 34 3F EC 2D 4D 4A 24 18
0000E9C0  20 4E 00 00 4D 4A DC E7 34 3F 14 D2 EC 2D CC C0
0000E9D0  24 18 B3 B5 00 00 E0 B1 DC E7 B3 B5 14 D2 CC C0
0000E9E0  CC C0 14 D2 B3 B5 DC E7 E0 B1 00 00 B3 B5 24 18
0000E9F0  CC C0 EC 2D 14 D2 34 3F DC E7 4D 4A 00 00 20 4E
0000EA00  24 18 4D 4A EC 2D 34 3F 34 3F EC 2D 4D 4A 24 18
0000EA10  20 4E 00 00 4D 4A DC E7 34 3F 14 D2 EC 2D CC C0
0000EA20  24 18 B3 B5 00 00 E0 B1 DC E7 B3 B5 14 D2 CC C0
0000EA30  CC C0 14 D2 B3 B5 DC E7 E0 B1 00 00 B3 B5 24 18
0000EA40  CC C0 EC 2D 14 D2 34 3F DC E7 4D 4A 00 00 20 4E
0000EA50  24 18 4D 4A EC 2D 34 3F 34 3F EC 2D 4D 4A 24 18
0000EA60  20 4E 00 00 4D 4A DC E7 34 3F 14 D2 EC 2D CC C0
0000EA70  24 18 B3 B5 00 00 E0 B1 DC E7 B3 B5 14 D2 CC C0
0000EA80  CC C0 14 D2 B3 B5 DC E7 E0 B1 00 00 B3 B5 24 18
0000EA90  CC C0 EC 2D 14 D2 34 3F DC E7 4D 4A 00 00 20 4E
0000EAA0  24 18 4D 4A EC 2D 34 3F 34 3F EC 2D 4D 4A 24 18
0000EAB0  20 4E 00 00 4D 4A DC E7 34 3F 14 D2 EC 2D CC C0
0000EAC0  24 18 B3 B5 00 00 E0 B1 DC E7 B3 B5 14 D2 CC C0
0000EAD0  CC C0 14 D2 B3 B5 DC E7 E0 B1 00 00 B3 B5 24 18
0000EAE0  CC C0 EC 2D 14 D2 34 3F DC E7 4D 4A 00 00 20 4E
0000EAF0  24 18 4D 4A EC 2D 34 3F 34 3F EC 2D 4D 4A 24 18
0000EB00  20 4E 00 00 4D 4A DC E7 34 3F 14 D2 EC 2D CC C0
0000EB10  24 18 B3 B5 00 00 E0 B1 DC E7 B3 B5 14 D2 CC C0
0000EB20  CC C0 14 D2 B3 B5 DC E7 E0 B1 00 00 B3 B5 24 18
0000EB30  CC C0 EC 2D 14 D2 34 3F DC E7 4D 4A 00 00 20 4E
0000EB40  24 18 4D 4A EC 2D 34 3F 34 3F EC 2D 4D 4A 24 18
0000EB50  20 4E 00 00 4D 4A DC E7 34 3F 14 D2 EC 2D CC C0
0000EB60  24 18 B3 B5 00 00 E0 B1 DC E7 B3 B5 14 D2 CC C0
0000EB70  CC C0 14 D2 B3 B5 DC E7 E0 B1 00 00 B3 B5 24 18
0000EB80  CC C0 EC 2D 14 D2 34 3F DC E7 4D 4A 00 00 20 4E
0000EB90  24 18 4D 4A EC 2D 34 3F 34 3F EC 2D 4D 4A 24 18
0000EBA0  20 4E 00 00 4D 4A DC E7 34 3F 14 D2 EC 2D CC C0
0000EBB0  24 18 B3 B5 00 00 E0 B1 DC E7 B3 B5 14 D2 CC C0
0000EBC0  CC C0 14 D2 B3 B5 DC E7 E0 B1 00 00 B3 B5 24 18
0000EBD0  CC C0 EC 2D 14 D2 34 3F DC E7 4D 4A 00 00 20 4E
0000EBE0  24 18 4D 4A EC 2D 34 3F 34 3F EC 2D 4D 4A 24 18
0000EBF0  20 4E 00 00 4D 4A DC E7 34 3F 14 D2 EC 2D CC C0
0000EC00  24 18 B3 B5 00 00 E0 B1 DC E7 B3 B5 14 D2 CC C0
0000EC10  CC C0 14 D2 B3 B5 DC E7 E0 B1 00 00 B3 B5 24 18
0000EC20  CC C0 EC 2D 14 D2 34 3F DC E7 4D 4A 00 00 20 4E
0000EC30  24 18 4D 4A EC 2D 34 3F 34 3F EC 2D 4D 4A 24 18
0000EC40  20 4E 00 00 4D 4A DC E7 34 3F 14 D2 EC 2D CC C0
0000EC50  24 18 B3 B5 00 00 E0 B1 DC E7 B3 B5 14 D2 CC C0
0000EC60  CC C0 14 D2 B3 B5 DC E7 E0 B1 00 00 B3 B5 24 18
0000EC70  CC C0 EC 2D 14 D2 34 3F DC E7 4D 4A 00 00 20 4E
0000EC80  24 18 4D 4A EC 2D 34 3F 34 3F EC 2D 4D 4A 24 18
0000EC90  20 4E 00 00 4D 4A DC E7 34 3F 14 D2 EC 2D CC C0
0000ECA0  24 18 B3 B5 00 00 E0 B1 DC E7 B3 B5 14 D2 CC C0
0000ECB0  CC C0 14 D2 B3 B5 DC E7 E0 B1 00 00 B3 B5 24 18
0000ECC0  CC C0 EC 2D 14 D2 34 3F DC E7 4D 4A 00 00 20 4E
0000ECD0  24 18 4D 4A EC 2D 34 3F 34 3F EC 2D 4D 4A 24 18
0000ECE0  20 4E 00 00 4D 4A DC E7 34 3F 14 D2 EC 2D CC C0
0000ECF0  24 18 B3 B5 00 00 E0 B1 DC E7 B3 B5 14 D2 CC C0
0000ED00  CC C0 14 D2 B3 B5 DC E7 E0 B1 00 00 B3 B5 24 18
0000ED10  CC C0 EC 2D 14 D2 34 3F DC E7 4D 4A 00 00 20 4E
0000ED20  24 18 4D 4A EC 2D 34 3F 34 3F EC 2D 4D 4A 24 18
0000ED30  20 4E 00 00 4D 4A DC E7 34 3F 14 D2 EC 2D CC C0
0000ED40  24 18 B3 B5 00 00 E0 B1 DC E7 B3 B5 14 D2 CC C0
0000ED50  CC C0 14 D2 B3 B5 DC E7 E0 B1 00 00 B3 B5 24 18
0000ED60  CC C0 EC 2D 14 D2 34 3F DC E7 4D 4A 00 00 20 4E
0000ED70  24 18 4D 4A EC 2D 34 3F 34 3F EC 2D 4D 4A 24 18
0000ED80  20 4E 00 00 4D 4A DC E7 34 3F 14 D2 EC 2D CC C0
0000ED90  24 18 B3 B5 00 00 E0 B1 DC E7 B3 B5 14 D2 CC C0
0000EDA0  CC C0 14 D2 B3 B5 DC E7 E0 B1 00 00 B3 B5 24 18
0000EDB0  CC C0 EC 2D 14 D2 34 3F DC E7 4D 4A 00 00 20 4E
0000EDC0  24 18 4D 4A EC 2D 34 3F 34 3F EC 2D 4D 4A 24 18
0000EDD0  20 4E 00 00 4D 4A DC E7 34 3F 14 D2 EC 2D CC C0
0000EDE0  24 18 B3 B5 00 00 E0 B1 DC E7 B3 B5 14 D2 CC C0
0000EDF0  CC C0 14 D2 B3 B5 DC E7 E0 B1 00 00 B3 B5 24 18
0000EE00  CC C0 EC 2D 14 D2 34 3F DC E7 4D 4A 00 00 20 4E
0000EE10  24 18 4D 4A EC 2D 34 3F 34 3F EC 2D 4D 4A 24 18
0000EE20  20 4E 00 00 4D 4A DC E7 34 3F 14 D2 EC 2D CC C0
0000EE30  24 18 B3 B5 00 00 E0 B1 DC E7 B3 B5 14 D2 CC C0
0000EE40  CC C0 14 D2 B3 B5 DC E7 E0 B1 00 00 B3 B5 24 18
0000EE50  CC C0 EC 2D 14 D2 34 3F DC E7 4D 4A 00 00 20 4E
0000EE60  24 18 4D 4A EC 2D 34 3F 34 3F EC 2D 4D 4A 24 18
0000EE70  20 4E 00 00 4D 4A DC E7 34 3F 14 D2 EC 2D CC C0
0000EE80  24 18 B3 B5 00 00 E0 B1 DC E7 B3 B5 14 D2 CC C0
0000EE90  CC C0 14 D2 B3 B5 DC E7 E0 B1 00 00 B3 B5 24 18
0000EEA0  CC C0 EC 2D 14 D2 34 3F DC E7 4D 4A 00 00 20 4E
0000EEB0  24 18 4D 4A EC 2D 34 3F 34 3F EC 2D 4D 4A 24 18
0000EEC0  20 4E 00 00 4D 4A DC E7 34 3F 14 D2 EC 2D CC C0
0000EED0  24 18 B3 B5 00 00 E0 B1 DC E7 B3 B5 14 D2 CC C0
0000EEE0  CC C0 14 D2 B3 B5 DC E7 E0 B1 00 00 B3 B5 24 18
0000EEF0  CC C0 EC 2D 14 D2 34 3F DC E7 4D 4A 00 00 20 4E
0000EF00  24 18 4D 4A EC 2D 34 3F 34 3F EC 2D 4D 4A 24 18
0000EF10  20 4E 00 00 4D 4A DC E7 34 3F 14 D2 EC 2D CC C0
0000EF20  24 18 B3 B5 00 00 E0 B1 DC E7 B3 B5 14 D2 CC C0
0000EF30  CC C0 14 D2 B3 B5 DC E7 E0 B1 00 00 B3 B5 24 18
0000EF40  CC C0 EC 2D 14 D2 34 3F DC E7 4D 4A 00 00 20 4E
0000EF50  24 18 4D 4A EC 2D 34 3F 34 3F EC 2D 4D 4A 24 18
0000EF60  20 4E 00 00 4D 4A DC E7 34 3F 14 D2 EC 2D CC C0
0000EF70  24 18 B3 B5 00 00 E0 B1 DC E7 B3 B5 14 D2 CC C0
0000EF80  CC C0 14 D2 B3 B5 DC E7 E0 B1 00 00 B3 B5 24 18
0000EF90  CC C0 EC 2D 14 D2 34 3F DC E7 4D 4A 00 00 20 4E
0000EFA0  24 18 4D 4A EC 2D 34 3F 34 3F EC 2D 4D 4A 24 18
0000EFB0  20 4E 00 00 4D 4A DC E7 34 3F 14 D2 EC 2D CC C0
0000EFC0  24 18 B3 B5 00 00 E0 B1 DC E7 B3 B5 14 D2 CC C0
0000EFD0  CC C0 14 D2 B3 B5 DC E7 E0 B1 00 00 B3 B5 24 18
0000EFE0  CC C0 EC 2D 14 D2 34 3F DC E7 4D 4A 00 00 20 4E
0000EFF0  24 18 4D 4A EC 2D 34 3F 34 3F EC 2D 4D 4A 24 18
0000F000  20 4E 00 00 4D 4A DC E7 34 3F 14 D2 EC 2D CC C0
0000F010  24 18 B3 B5 00 00 E0 B1 DC E7 B3 B5 14 D2 CC C0
0000F020  CC C0 14 D2 B3 B5 DC E7 E0 B1 00 00 B3 B5 24 18
0000F030  CC C0 EC 2D 14 D2 34 3F DC E7 4D 4A 00 00 20 4E
0000F040  24 18 4D 4A EC 2D 34 3F 34 3F EC 2D 4D 4A 24 18
0000F050  20 4E 00 00 4D 4A DC E7 34 3F 14 D2 EC 2D CC C0
0000F060  24 18 B3 B5 00 00 E0 B1 DC E7 B3 B5 14 D2 CC C0
0000F070  CC C0 14 D2 B3 B5 DC E7 E0 B1 00 00 B3 B5 24 18
0000F080  CC C0 EC 2D 14 D2 34 3F DC E7 4D 4A 00 00 20 4E
0000F090  24 18 4D 4A EC 2D 34 3F 34 3F EC 2D 4D 4A 24 18
0000F0A0  20 4E 00 00 4D 4A DC E7 34 3F 14 D2 EC 2D CC C0
0000F0B0  24 18 B3 B5 00 00 E0 B1 DC E7 B3 B5 14 D2 CC C0
0000F0C0  CC C0 14 D2 B3 B5 DC E7 E0 B1 00 00 B3 B5 24 18
0000F0D0  CC C0 EC 2D 14 D2 34 3F DC E7 4D 4A 00 00 20 4E
0000F0E0  24 18 4D 4A EC 2D 34 3F 34 3F EC 2D 4D 4A 24 18
0000F0F0  20 4E 00 00 4D 4A DC E7 34 3F 14 D2 EC 2D CC C0
0000F100  24 18 B3 B5 00 00 E0 B1 DC E7 B3 B5 14 D2 CC C0
0000F110  CC C0 14 D2 B3 B5 DC E7 E0 B1 00 00 B3 B5 24 18
0000F120  CC C0 EC 2D 14 D2 34 3F DC E7 4D 4A 00 00 20 4E
0000F130  24 18 4D 4A EC 2D 34 3F 34 3F EC 2D 4D 4A 24 18
0000F140  20 4E 00 00 4D 4A DC E7 34 3F 14 D2 EC 2D CC C0
0000F150  24 18 B3 B5 00 00 E0 B1 DC E7 B3 B5 14 D2 CC C0
0000F160  CC C0 14 D2 B3 B5 DC E7 E0 B1 00 00 B3 B5 24 18
0000F170  CC C0 EC 2D 14 D2 34 3F DC E7 4D 4A 00 00 20 4E
0000F180  24 18 4D 4A EC 2D 34 3F 34 3F EC 2D 4D 4A 24 18
0000F190  20 4E 00 00 4D 4A DC E7 34 3F 14 D2 EC 2D CC C0
0000F1A0  24 18 B3 B5 00 00 E0 B1 DC E7 B3 B5 14 D2 CC C0
0000F1B0  CC C0 14 D2 B3 B5 DC E7 E0 B1 00 00 B3 B5 24 18
0000F1C0  CC C0 EC 2D 14 D2 34 3F DC E7 4D 4A 00 00 20 4E
0000F1D0  24 18 4D 4A EC 2D 34 3F 34 3F EC 2D 4D 4A 24 18
0000F1E0  20 4E 00 00 4D 4A DC E7 34 3F 14 D2 EC 2D CC C0
0000F1F0  24 18 B3 B5 00 00 E0 B1 DC E7 B3 B5 14 D2 CC C0
0000F200  CC C0 14 D2 B3 B5 DC E7 E0 B1 00 00 B3 B5 24 18
0000F210  CC C0 EC 2D 14 D2 34 3F DC E7 4D 4A 00 00 20 4E
0000F220  24 18 4D 4A EC 2D 34 3F 34 3F EC 2D 4D 4A 24 18
0000F230  20 4E 00 00 4D 4A DC E7 34 3F 14 D2 EC 2D CC C0
0000F240  24 18 B3 B5 00 00 E0 B1 DC E7 B3 B5 14 D2 CC C0
0000F250  CC C0 14 D2 B3 B5 DC E7 E0 B1 00 00 B3 B5 24 18
0000F260  CC C0 EC 2D 14 D2 34 3F DC E7 4D 4A 00 00 20 4E
0000F270  24 18 4D 4A EC 2D 34 3F 34 3F EC 2D 4D 4A 24 18
0000F280  20 4E 00 00 4D 4A DC E7 34 3F 14 D2 EC 2D CC C0
0000F290  24 18 B3 B5 00 00 E0 B1 DC E7 B3 B5 14 D2 CC C0
0000F2A0  CC C0 14 D2 B3 B5 DC E7 E0 B1 00 00 B3 B5 24 18
0000F2B0  CC C0 EC 2D 14 D2 34 3F DC E7 4D 4A 00 00 20 4E
0000F2C0  24 18 4D 4A EC 2D 34 3F 34 3F EC 2D 4D 4A 24 18
0000F2D0  20 4E 00 00 4D 4A DC E7 34 3F 14 D2 EC 2D CC C0
0000F2E0  24 18 B3 B5 00 00 E0 B1 DC E7 B3 B5 14 D2 CC C0
0000F2F0  CC C0 14 D2 B3 B5 DC E7 E0 B1 00 00 B3 B5 24 18
0000F300  CC C0 EC 2D 14 D2 34 3F DC E7 4D 4A 00 00 20 4E
0000F310  24 18 4D 4A EC 2D 34 3F 34 3F EC 2D 4D 4A 24 18
0000F320  20 4E 00 00 4D 4A DC E7 34 3F 14 D2 EC 2D CC C0
0000F330  24 18 B3 B5 00 00 E0 B1 DC E7 B3 B5 14 D2 CC C0
0000F340  CC C0 14 D2 B3 B5 DC E7 E0 B1 00 00 B3 B5 24 18
0000F350  CC C0 EC 2D 14 D2 34 3F DC E7 4D 4A 00 00 20 4E
0000F360  24 18 4D 4A EC 2D 34 3F 34 3F EC 2D 4D 4A 24 18
0000F370  20 4E 00 00 4D 4A DC E7 34 3F 14 D2 EC 2D CC C0
0000F380  24 18 B3 B5 00 00 E0 B1 DC E7 B3 B5 14 D2 CC C0
0000F390  CC C0 14 D2 B3 B5 DC E7 E0 B1 00 00 B3 B5 24 18
0000F3A0  CC C0 EC 2D 14 D2 34 3F DC E7 4D 4A 00 00 20 4E
0000F3B0  24 18 4D 4A EC 2D 34 3F 34 3F EC 2D 4D 4A 24 18
0000F3C0  20 4E 00 00 4D 4A DC E7 34 3F 14 D2 EC 2D CC C0
0000F3D0  24 18 B3 B5 00 00 E0 B1 DC E7 B3 B5 14 D2 CC C0
0000F3E0  CC C0 14 D2 B3 B5 DC E7 E0 B1 00 00 B3 B5 24 18
0000F3F0  CC C0 EC 2D 14 D2 34 3F DC E7 4D 4A 00 00 20 4E
0000F400  24 18 4D 4A EC 2D 34 3F 34 3F EC 2D 4D 4A 24 18
0000F410  20 4E 00 00 4D 4A DC E7 34 3F 14 D2 EC 2D CC C0
0000F420  24 18 B3 B5 00 00 E0 B1 DC E7 B3 B5 14 D2 CC C0
0000F430  CC C0 14 D2 B3 B5 DC E7 E0 B1 00 00 B3 B5 24 18
0000F440  CC C0 EC 2D 14 D2 34 3F DC E7 4D 4A 00 00 20 4E
0000F450  24 18 4D 4A EC 2D 34 3F 34 3F EC 2D 4D 4A 24 18
0000F460  20 4E 00 00 4D 4A DC E7 34 3F 14 D2 EC 2D CC C0
0000F470  24 18 B3 B5 00 00 E0 B1 DC E7 B3 B5 14 D2 CC C0
0000F480  CC C0 14 D2 B3 B5 DC E7 E0 B1 00 00 B3 B5 24 18
0000F490  CC C0 EC 2D 14 D2 34 3F DC E7 4D 4A 00 00 20 4E
0000F4A0  24 18 4D 4A EC 2D 34 3F 34 3F EC 2D 4D 4A 24 18
0000F4B0  20 4E 00 00 4D 4A DC E7 34 3F 14 D2 EC 2D CC C0
0000F4C0  24 18 B3 B5 00 00 E0 B1 DC E7 B3 B5 14 D2 CC C0
0000F4D0  CC C0 14 D2 B3 B5 DC E7 E0 B1 00 00 B3 B5 24 18
0000F4E0  CC C0 EC 2D 14 D2 34 3F DC E7 4D 4A 00 00 20 4E
0000F4F0  24 18 4D 4A EC 2D 34 3F 34 3F EC 2D 4D 4A 24 18
0000F500  20 4E 00 00 4D 4A DC E7 34 3F 14 D2 EC 2D CC C0
0000F510  24 18 B3 B5 00 00 E0 B1 DC E7 B3 B5 14 D2 CC C0
0000F520  CC C0 14 D2 B3 B5 DC E7 E0 B1 00 00 B3 B5 24 18
0000F530  CC C0 EC 2D 14 D2 34 3F DC E7 4D 4A 00 00 20 4E
0000F540  24 18 4D 4A EC 2D 34 3F 34 3F EC 2D 4D 4A 24 18
0000F550  20 4E 00 00 4D 4A DC E7 34 3F 14 D2 EC 2D CC C0
0000F560  24 18 B3 B5 00 00 E0 B1 DC E7 B3 B5 14 D2 CC C0
0000F570  CC C0 14 D2 B3 B5 DC E7 E0 B1 00 00 B3 B5 24 18
0000F580  CC C0 EC 2D 14 D2 34 3F DC E7 4D 4A 00 00 20 4E
0000F590  24 18 4D 4A EC 2D 34 3F 34 3F EC 2D 4D 4A 24 18
0000F5A0  20 4E 00 00 4D 4A DC E7 34 3F 14 D2 EC 2D CC C0
0000F5B0  24 18 B3 B5 00 00 E0 B1 DC E7 B3 B5 14 D2 CC C0
0000F5C0  CC C0 14 D2 B3 B5 DC E7 E0 B1 00 00 B3 B5 24 18
0000F5D0  CC C0 EC 2D 14 D2 34 3F DC E7 4D 4A 00 00 20 4E
0000F5E0  24 18 4D 4A EC 2D 34 3F 34 3F EC 2D 4D 4A 24 18
0000F5F0  20 4E 00 00 4D 4A DC E7 34 3F 14 D2 EC 2D CC C0
0000F600  24 18 B3 B5 00 00 E0 B1 DC E7 B3 B5 14 D2 CC C0
0000F610  CC C0 14 D2 B3 B5 DC E7 E0 B1 00 00 B3 B5 24 18
0000F620  CC C0 EC 2D 14 D2 34 3F DC E7 4D 4A 00 00 20 4E
0000F630  24 18 4D 4A EC 2D 34 3F 34 3F EC 2D 4D 4A 24 18
0000F640  20 4E 00 00 4D 4A DC E7 34 3F 14 D2 EC 2D CC C0
0000F650  24 18 B3 B5 00 00 E0 B1 DC E7 B3 B5 14 D2 CC C0
0000F660  CC C0 14 D2 B3 B5 DC E7 E0 B1 00 00 B3 B5 24 18
0000F670  CC C0 EC 2D 14 D2 34 3F DC E7 4D 4A 00 00 20 4E
0000F680  24 18 4D 4A EC 2D 34 3F 34 3F EC 2D 4D 4A 24 18
0000F690  20 4E 00 00 4D 4A DC E7 34 3F 14 D2 EC 2D CC C0
0000F6A0  24 18 B3 B5 00 00 E0 B1 DC E7 B3 B5 14 D2 CC C0
0000F6B0  CC C0 14 D2 B3 B5 DC E7 E0 B1 00 00 B3 B5 24 18
0000F6C0  CC C0 EC 2D 14 D2 34 3F DC E7 4D 4A 00 00 20 4E
0000F6D0  24 18 4D 4A EC 2D 34 3F 34 3F EC 2D 4D 4A 24 18
0000F6E0  20 4E 00 00 4D 4A DC E7 34 3F 14 D2 EC 2D CC C0
0000F6F0  24 18 B3 B5 00 00 E0 B1 DC E7 B3 B5 14 D2 CC C0
0000F700  CC C0 14 D2 B3 B5 DC E7 E0 B1 00 00 B3 B5 24 18
0000F710  CC C0 EC 2D 14 D2 34 3F DC E7 4D 4A 00 00 20 4E
0000F720  24 18 4D 4A EC 2D 34 3F 34 3F EC 2D 4D 4A 24 18
0000F730  20 4E 00 00 4D 4A DC E7 34 3F 14 D2 EC 2D CC C0
0000F740  24 18 B3 B5 00 00 E0 B1 DC E7 B3 B5 14 D2 CC C0
0000F750  CC C0 14 D2 B3 B5 DC E7 E0 B1 00 00 B3 B5 24 18
0000F760  CC C0 EC 2D 14 D2 34 3F DC E7 4D 4A 00 00 20 4E
0000F770  24 18 4D 4A EC 2D 34 3F 34 3F EC 2D 4D 4A 24 18
0000F780  20 4E 00 00 4D 4A DC E7 34 3F 14 D2 EC 2D CC C0
0000F790  24 18 B3 B5 00 00 E0 B1 DC E7 B3 B5 14 D2 CC C0
0000F7A0  CC C0 14 D2 B3 B5 DC E7 E0 B1 00 00 B3 B5 24 18
0000F7B0  CC C0 EC 2D 14 D2 34 3F DC E7 4D 4A 00 00 20 4E
0000F7C0  24 18 4D 4A EC 2D 34 3F 34 3F EC 2D 4D 4A 24 18
0000F7D0  20 4E 00 00 4D 4A DC E7 34 3F 14 D2 EC 2D CC C0
0000F7E0  24 18 B3 B5 00 00 E0 B1 DC E7 B3 B5 14 D2 CC C0
0000F7F0  CC C0 14 D2 B3 B5 DC E7 E0 B1 00 00 B3 B5 24 18
0000F800  CC C0 EC 2D 14 D2 34 3F DC E7 4D 4A 00 00 20 4E
0000F810  24 18 4D 4A EC 2D 34 3F 34 3F EC 2D 4D 4A 24 18
0000F820  20 4E 00 00 4D 4A DC E7 34 3F 14 D2 EC 2D CC C0
0000F830  24 18 B3 B5 00 00 E0 B1 DC E7 B3 B5 14 D2 CC C0
0000F840  CC C0 14 D2 B3 B5 DC E7 E0 B1 00 00 B3 B5 24 18
0000F850  CC C0 EC 2D 14 D2 34 3F DC E7 4D 4A 00 00 20 4E
0000F860  24 18 4D 4A EC 2D 34 3F 34 3F EC 2D 4D 4A 24 18
0000F870  20 4E 00 00 4D 4A DC E7 34 3F 14 D2 EC 2D CC C0
0000F880  24 18 B3 B5 00 00 E0 B1 DC E7 B3 B5 14 D2 CC C0
0000F890  CC C0 14 D2 B3 B5 DC E7 E0 B1 00 00 B3 B5 24 18
0000F8A0  CC C0 EC 2D 14 D2 34 3F DC E7 4D 4A 00 00 20 4E
0000F8B0  24 18 4D 4A EC 2D 34 3F 34 3F EC 2D 4D 4A 24 18
0000F8C0  20 4E 00 00 4D 4A DC E7 34 3F 14 D2 EC 2D CC C0
0000F8D0  24 18 B3 B5 00 00 E0 B1 DC E7 B3 B5 14 D2 CC C0
0000F8E0  CC C0 14 D2 B3 B5 DC E7 E0 B1 00 00 B3 B5 24 18
0000F8F0  CC C0 EC 2D 14 D2 34 3F DC E7 4D 4A 00 00 20 4E
0000F900  24 18 4D 4A EC 2D 34 3F 34 3F EC 2D 4D 4A 24 18
0000F910  20 4E 00 00 4D 4A DC E7 34 3F 14 D2 EC 2D CC C0
0000F920  24 18 B3 B5 00 00 E0 B1 DC E7 B3 B5 14 D2 CC C0
0000F930  CC C0 14 D2 B3 B5 DC E7 E0 B1 00 00 B3 B5 24 18
0000F940  CC C0 EC 2D 14 D2 34 3F DC E7 4D 4A 00 00 20 4E
0000F950  24 18 4D 4A EC 2D 34 3F 34 3F EC 2D 4D 4A 24 18
0000F960  20 4E 00 00 4D 4A DC E7 34 3F 14 D2 EC 2D CC C0
0000F970  24 18 B3 B5 00 00 E0 B1 DC E7 B3 B5 14 D2 CC C0
0000F980  CC C0 14 D2 B3 B5 DC E7 E0 B1 00 00 B3 B5 24 18
0000F990  CC C0 EC 2D 14 D2 34 3F DC E7 4D 4A 00 00 20 4E
0000F9A0  24 18 4D 4A EC 2D 34 3F 34 3F EC 2D 4D 4A 24 18
0000F9B0  20 4E 00 00 4D 4A DC E7 34 3F 14 D2 EC 2D CC C0
0000F9C0  24 18 B3 B5 00 00 E0 B1 DC E7 B3 B5 14 D2 CC C0
0000F9D0  CC C0 14 D2 B3 B5 DC E7 E0 B1 00 00 B3 B5 24 18
0000F9E0  CC C0 EC 2D 14 D2 34 3F DC E7 4D 4A 00 00 20 4E
0000F9F0  24 18 4D 4A EC 2D 34 3F 34 3F EC 2D 4D 4A 24 18
0000FA00  20 4E 00 00 4D 4A DC E7 34 3F 14 D2 EC 2D CC C0
0000FA10  24 18 B3 B5 00 00 E0 B1 DC E7 B3 B5 14 D2 CC C0
0000FA20  CC C0 14 D2 B3 B5 DC E7 E0 B1 00 00 B3 B5 24 18
0000FA30  CC C0 EC 2D 14 D2 34 3F DC E7 4D 4A 00 00 20 4E
0000FA40  24 18 4D 4A EC 2D 34 3F 34 3F EC 2D 4D 4A 24 18
0000FA50  20 4E 00 00 4D 4A DC E7 34 3F 14 D2 EC 2D CC C0
0000FA60  24 18 B3 B5 00 00 E0 B1 DC E7 B3 B5 14 D2 CC C0
0000FA70  CC C0 14 D2 B3 B5 DC E7 E0 B1 00 00 B3 B5 24 18
0000FA80  CC C0 EC 2D 14 D2 34 3F DC E7 4D 4A 00 00 20 4E
0000FA90  24 18 4D 4A EC 2D 34 3F 34 3F EC 2D 4D 4A 24 18
0000FAA0  20 4E 00 00 4D 4A DC E7 34 3F 14 D2 EC 2D CC C0
0000FAB0  24 18 B3 B5 00 00 E0 B1 DC E7 B3 B5 14 D2 CC C0
0000FAC0  CC C0 14 D2 B3 B5 DC E7 E0 B1 00 00 B3 B5 24 18
0000FAD0  CC C0 EC 2D 14 D2 34 3F DC E7 4D 4A 00 00 20 4E
0000FAE0  24 18 4D 4A EC 2D 34 3F 34 3F EC 2D 4D 4A 24 18
0000FAF0  20 4E 00 00 4D 4A DC E7 34 3F 14 D2 EC 2D CC C0
0000FB00  24 18 B3 B5 00 00 E0 B1 DC E7 B3 B5 14 D2 CC C0
0000FB10  CC C0 14 D2 B3 B5 DC E7 E0 B1 00 00 B3 B5 24 18
0000FB20  CC C0 EC 2D 14 D2 34 3F DC E7 4D 4A 00 00 20 4E
0000FB30  24 18 4D 4A EC 2D 34 3F 34 3F EC 2D 4D 4A 24 18
0000FB40  20 4E 00 00 4D 4A DC E7 34 3F 14 D2 EC 2D CC C0
0000FB50  24 18 B3 B5 00 00 E0 B1 DC E7 B3 B5 14 D2 CC C0
0000FB60  CC C0 14 D2 B3 B5 DC E7 E0 B1 00 00 B3 B5 24 18
0000FB70  CC C0 EC 2D 14 D2 34 3F DC E7 4D 4A 00 00 20 4E
0000FB80  24 18 4D 4A EC 2D 34 3F 34 3F EC 2D 4D 4A 24 18
0000FB90  20 4E 00 00 4D 4A DC E7 34 3F 14 D2 EC 2D CC C0
0000FBA0  24 18 B3 B5 00 00 E0 B1 DC E7 B3 B5 14 D2 CC C0
0000FBB0  CC C0 14 D2 B3 B5 DC E7 E0 B1 00 00 B3 B5 24 18
0000FBC0  CC C0 EC 2D 14 D2 34 3F DC E7 4D 4A 00 00 20 4E
0000FBD0  24 18 4D 4A EC 2D 34 3F 34 3F EC 2D 4D 4A 24 18
0000FBE0  20 4E 00 00 4D 4A DC E7 34 3F 14 D2 EC 2D CC C0
0000FBF0  24 18 B3 B5 00 00 E0 B1 DC E7 B3 B5 14 D2 CC C0
0000FC00  CC C0 14 D2 B3 B5 DC E7 E0 B1 00 00 B3 B5 24 18
0000FC10  CC C0 EC 2D 14 D2 34 3F DC E7 4D 4A 00 00 20 4E
0000FC20  24 18 4D 4A EC 2D 34 3F 34 3F EC 2D 4D 4A 24 18
0000FC30  20 4E 00 00 4D 4A DC E7 34 3F 14 D2 EC 2D CC C0
0000FC40  24 18 B3 B5 00 00 E0 B1 DC E7 B3 B5 14 D2 CC C0
0000FC50  CC C0 14 D2 B3 B5 DC E7 E0 B1 00 00 B3 B5 24 18
0000FC60  CC C0 EC 2D 14 D2 34 3F DC E7 4D 4A 00 00 20 4E
0000FC70  24 18 4D 4A EC 2D 34 3F 34 3F EC 2D 4D 4A 24 18
0000FC80  20 4E 00 00 4D 4A DC E7 34 3F 14 D2 EC 2D CC C0
0000FC90  24 18 B3 B5 00 00 E0 B1 DC E7 B3 B5 14 D2 CC C0
0000FCA0  CC C0 14 D2 B3 B5 DC E7 E0 B1 00 00 B3 B5 24 18
0000FCB0  CC C0 EC 2D 14 D2 34 3F DC E7 4D 4A 00 00 20 4E
0000FCC0  24 18 4D 4A EC 2D 34 3F 34 3F EC 2D 4D 4A 24 18
0000FCD0  20 4E 00 00 4D 4A DC E7 34 3F 14 D2 EC 2D CC C0
0000FCE0  24 18 B3 B5 00 00 E0 B1 DC E7 B3 B5 14 D2 CC C0
0000FCF0  CC C0 14 D2 B3 B5 DC E7 E0 B1 00 00 B3 B5 24 18
0000FD00  CC C0 EC 2D 14 D2 34 3F DC E7 4D 4A 00 00 20 4E
0000FD10  24 18 4D 4A EC 2D 34 3F 34 3F EC 2D 4D 4A 24 18
0000FD20  20 4E 00 00 4D 4A DC E7 34 3F 14 D2 EC 2D CC C0
0000FD30  24 18 B3 B5 00 00 E0 B1 DC E7 B3 B5 14 D2 CC C0
0000FD40  CC C0 14 D2 B3 B5 DC E7 E0 B1 00 00 B3 B5 24 18
0000FD50  CC C0 EC 2D 14 D2 34 3F DC E7 4D 4A 00 00 20 4E
0000FD60  24 18 4D 4A EC 2D 34 3F 34 3F EC 2D 4D 4A 24 18
0000FD70  20 4E 00 00 4D 4A DC E7 34 3F 14 D2 EC 2D CC C0
0000FD80  24 18 B3 B5 00 00 E0 B1 DC E7 B3 B5 14 D2 CC C0
0000FD90  CC C0 14 D2 B3 B5 DC E7 E0 B1 00 00 B3 B5 24 18
0000FDA0  CC C0 EC 2D 14 D2 34 3F DC E7 4D 4A 00 00 20 4E
0000FDB0  24 18 4D 4A EC 2D 34 3F 34 3F EC 2D 4D 4A 24 18
0000FDC0  20 4E 00 00 4D 4A DC E7 34 3F 14 D2 EC 2D CC C0
0000FDD0  24 18 B3 B5 00 00 E0 B1 DC E7 B3 B5 14 D2 CC C0
0000FDE0  CC C0 14 D2 B3 B5 DC E7 E0 B1 00 00 B3 B5 24 18
0000FDF0  CC C0 EC 2D 14 D2 34 3F DC E7 4D 4A 00 00 20 4E
0000FE00  24 18 4D 4A EC 2D 34 3F 34 3F EC 2D 4D 4A 24 18
0000FE10  20 4E 00 00 4D 4A DC E7 34 3F 14 D2 EC 2D CC C0
0000FE20  24 18 B3 B5 00 00 E0 B1 DC E7 B3 B5 14 D2 CC C0
0000FE30  CC C0 14 D2 B3 B5 DC E7 E0 B1 00 00 B3 B5 24 18
0000FE40  CC C0 EC 2D 14 D2 34 3F DC E7 4D 4A 00 00 20 4E
0000FE50  24 18 4D 4A EC 2D 34 3F 34 3F EC 2D 4D 4A 24 18
0000FE60  20 4E 00 00 4D 4A DC E7 34 3F 14 D2 EC 2D CC C0
0000FE70  24 18 B3 B5 00 00 E0 B1 DC E7 B3 B5 14 D2 CC C0
0000FE80  CC C0 14 D2 B3 B5 DC E7 E0 B1 00 00 B3 B5 24 18
0000FE90  CC C0 EC 2D 14 D2 34 3F DC E7 4D 4A 00 00 20 4E
0000FEA0  24 18 4D 4A EC 2D 34 3F 34 3F EC 2D 4D 4A 24 18
0000FEB0  20 4E 00 00 4D 4A DC E7 34 3F 14 D2 EC 2D CC C0
0000FEC0  24 18 B3 B5 00 00 E0 B1 DC E7 B3 B5 14 D2 CC C0
0000FED0  CC C0 14 D2 B3 B5 DC E7 E0 B1 00 00 B3 B5 24 18
0000FEE0  CC C0 EC 2D 14 D2 34 3F DC E7 4D 4A 00 00 20 4E
0000FEF0  24 18 4D 4A EC 2D 34 3F 34 3F EC 2D 4D 4A 24 18
0000FF00  20 4E 00 00 4D 4A DC E7 34 3F 14 D2 EC 2D CC C0
0000FF10  24 18 B3 B5 00 00 E0 B1 DC E7 B3 B5 14 D2 CC C0
0000FF20  CC C0 14 D2 B3 B5 DC E7 E0 B1 00 00 B3 B5 24 18
0000FF30  CC C0 EC 2D 14 D2 34 3F DC E7 4D 4A 00 00 20 4E
0000FF40  24 18 4D 4A EC 2D 34 3F 34 3F EC 2D 4D 4A 24 18
0000FF50  20 4E 00 00 4D 4A DC E7 34 3F 14 D2 EC 2D CC C0
0000FF60  24 18 B3 B5 00 00 E0 B1 DC E7 B3 B5 14 D2 CC C0
0000FF70  CC C0 14 D2 B3 B5 DC E7 E0 B1 00 00 B3 B5 24 18
0000FF80  CC C0 EC 2D 14 D2 34 3F DC E7 4D 4A 00 00 20 4E
0000FF90  24 18 4D 4A EC 2D 34 3F 34 3F EC 2D 4D 4A 24 18
0000FFA0  20 4E 00 00 4D 4A DC E7 34 3F 14 D2 EC 2D CC C0
0000FFB0  24 18 B3 B5 00 00 E0 B1 DC E7 B3 B5 14 D2 CC C0
0000FFC0  CC C0 14 D2 B3 B5 DC E7 E0 B1 00 00 B3 B5 24 18
0000FFD0  CC C0 EC 2D 14 D2 34 3F DC E7 4D 4A 00 00 20 4E
0000FFE0  24 18 4D 4A EC 2D 34 3F 34 3F EC 2D 4D 4A 24 18
0000FFF0  20 4E 00 00 4D 4A DC E7 34 3F 14 D2 EC 2D CC C0
00010000  24 18 B3 B5 00 00 E0 B1 DC E7 B3 B5 14 D2 CC C0
00010010  CC C0 14 D2 B3 B5 DC E7 E0 B1 00 00 B3 B5 24 18
00010020  CC C0 EC 2D 14 D2 34 3F DC E7 4D 4A 00 00 20 4E
00010030  24 18 4D 4A EC 2D 34 3F 34 3F EC 2D 4D 4A 24 18
00010040  20 4E 00 00 4D 4A DC E7 34 3F 14 D2 EC 2D CC C0
00010050  24 18 B3 B5 00 00 E0 B1 DC E7 B3 B5 14 D2 CC C0
00010060  CC C0 14 D2 B3 B5 DC E7 E0 B1 00 00 B3 B5 24 18
00010070  CC C0 EC 2D 14 D2 34 3F DC E7 4D 4A 00 00 20 4E
00010080  24 18 4D 4A EC 2D 34 3F 34 3F EC 2D 4D 4A 24 18
00010090  20 4E 00 00 4D 4A DC E7 34 3F 14 D2 EC 2D CC C0
000100A0  24 18 B3 B5 00 00 E0 B1 DC E7 B3 B5 14 D2 CC C0
000100B0  CC C0 14 D2 B3 B5 DC E7 E0 B1 00 00 B3 B5 24 18
000100C0  CC C0 EC 2D 14 D2 34 3F DC E7 4D 4A 00 00 20 4E
000100D0  24 18 4D 4A EC 2D 34 3F 34 3F EC 2D 4D 4A 24 18
000100E0  20 4E 00 00 4D 4A DC E7 34 3F 14 D2 EC 2D CC C0
000100F0  24 18 B3 B5 00 00 E0 B1 DC E7 B3 B5 14 D2 CC C0
00010100  CC C0 14 D2 B3 B5 DC E7 E0 B1 00 00 B3 B5 24 18
00010110  CC C0 EC 2D 14 D2 34 3F DC E7 4D 4A 00 00 20 4E
00010120  24 18 4D 4A EC 2D 34 3F 34 3F EC 2D 4D 4A 24 18
00010130  20 4E 00 00 4D 4A DC E7 34 3F 14 D2 EC 2D CC C0
00010140  24 18 B3 B5 00 00 E0 B1 DC E7 B3 B5 14 D2 CC C0
00010150  CC C0 14 D2 B3 B5 DC E7 E0 B1 00 00 B3 B5 24 18
00010160  CC C0 EC 2D 14 D2 34 3F DC E7 4D 4A 00 00 20 4E
00010170  24 18 4D 4A EC 2D 34 3F 34 3F EC 2D 4D 4A 24 18
00010180  20 4E 00 00 4D 4A DC E7 34 3F 14 D2 EC 2D CC C0
00010190  24 18 B3 B5 00 00 E0 B1 DC E7 B3 B5 14 D2 CC C0
000101A0  CC C0 14 D2 B3 B5 DC E7 E0 B1 00 00 B3 B5 24 18
000101B0  CC C0 EC 2D 14 D2 34 3F DC E7 4D 4A 00 00 20 4E
000101C0  24 18 4D 4A EC 2D 34 3F 34 3F EC 2D 4D 4A 24 18
000101D0  20 4E 00 00 4D 4A DC E7 34 3F 14 D2 EC 2D CC C0
000101E0  24 18 B3 B5 00 00 E0 B1 DC E7 B3 B5 14 D2 CC C0
000101F0  CC C0 14 D2 B3 B5 DC E7 E0 B1 00 00 B3 B5 24 18
00010200  CC C0 EC 2D 14 D2 34 3F DC E7 4D 4A 00 00 20 4E
00010210  24 18 4D 4A EC 2D 34 3F 34 3F EC 2D 4D 4A 24 18
00010220  20 4E 00 00 4D 4A DC E7 34 3F 14 D2 EC 2D CC C0
00010230  24 18 B3 B5 00 00 E0 B1 DC E7 B3 B5 14 D2 CC C0
00010240  CC C0 14 D2 B3 B5 DC E7 E0 B1 00 00 B3 B5 24 18
00010250  CC C0 EC 2D 14 D2 34 3F DC E7 4D 4A 00 00 20 4E
00010260  24 18 4D 4A EC 2D 34 3F 34 3F EC 2D 4D 4A 24 18
00010270  20 4E 00 00 4D 4A DC E7 34 3F 14 D2 EC 2D CC C0
00010280  24 18 B3 B5 00 00 E0 B1 DC E7 B3 B5 14 D2 CC C0
00010290  CC C0 14 D2 B3 B5 DC E7 E0 B1 00 00 B3 B5 24 18
000102A0  CC C0 EC 2D 14 D2 34 3F DC E7 4D 4A 00 00 20 4E
000102B0  24 18 4D 4A EC 2D 34 3F 34 3F EC 2D 4D 4A 24 18
000102C0  20 4E 00 00 4D 4A DC E7 34 3F 14 D2 EC 2D CC C0
000102D0  24 18 B3 B5 00 00 E0 B1 DC E7 B3 B5 14 D2 CC C0
000102E0  CC C0 14 D2 B3 B5 DC E7 E0 B1 00 00 B3 B5 24 18
000102F0  CC C0 EC 2D 14 D2 34 3F DC E7 4D 4A 00 00 20 4E
00010300  24 18 4D 4A EC 2D 34 3F 34 3F EC 2D 4D 4A 24 18
00010310  20 4E 00 00 4D 4A DC E7 34 3F 14 D2 EC 2D CC C0
00010320  24 18 B3 B5 00 00 E0 B1 DC E7 B3 B5 14 D2 CC C0
00010330  CC C0 14 D2 B3 B5 DC E7 E0 B1 00 00 B3 B5 24 18
00010340  CC C0 EC 2D 14 D2 34 3F DC E7 4D 4A 00 00 20 4E
00010350  24 18 4D 4A EC 2D 34 3F 34 3F EC 2D 4D 4A 24 18
00010360  20 4E 00 00 4D 4A DC E7 34 3F 14 D2 EC 2D CC C0
00010370  24 18 B3 B5 00 00 E0 B1 DC E7 B3 B5 14 D2 CC C0
00010380  CC C0 14 D2 B3 B5 DC E7 E0 B1 00 00 B3 B5 24 18
00010390  CC C0 EC 2D 14 D2 34 3F DC E7 4D 4A 00 00 20 4E
000103A0  24 18 4D 4A EC 2D 34 3F 34 3F EC 2D 4D 4A 24 18
000103B0  20 4E 00 00 4D 4A DC E7 34 3F 14 D2 EC 2D CC C0
000103C0  24 18 B3 B5 00 00 E0 B1 DC E7 B3 B5 14 D2 CC C0
000103D0  CC C0 14 D2 B3 B5 DC E7 E0 B1 00 00 B3 B5 24 18
000103E0  CC C0 EC 2D 14 D2 34 3F DC E7 4D 4A 00 00 20 4E
000103F0  24 18 4D 4A EC 2D 34 3F 34 3F EC 2D 4D 4A 24 18
00010400  20 4E 00 00 4D 4A DC E7 34 3F 14 D2 EC 2D CC C0
00010410  24 18 B3 B5 00 00 E0 B1 DC E7 B3 B5 14 D2 CC C0
00010420  CC C0 14 D2 B3 B5 DC E7 E0 B1 00 00 B3 B5 24 18
00010430  CC C0 EC 2D 14 D2 34 3F DC E7 4D 4A 00 00 20 4E
00010440  24 18 4D 4A EC 2D 34 3F 34 3F EC 2D 4D 4A 24 18
00010450  20 4E 00 00 4D 4A DC E7 34 3F 14 D2 EC 2D CC C0
00010460  24 18 B3 B5 00 00 E0 B1 DC E7 B3 B5 14 D2 CC C0
00010470  CC C0 14 D2 B3 B5 DC E7 E0 B1 00 00 B3 B5 24 18
00010480  CC C0 EC 2D 14 D2 34 3F DC E7 4D 4A 00 00 20 4E
00010490  24 18 4D 4A EC 2D 34 3F 34 3F EC 2D 4D 4A 24 18
000104A0  20 4E 00 00 4D 4A DC E7 34 3F 14 D2 EC 2D CC C0
000104B0  24 18 B3 B5 00 00 E0 B1 DC E7 B3 B5 14 D2 CC C0
000104C0  CC C0 14 D2 B3 B5 DC E7 E0 B1 00 00 B3 B5 24 18
000104D0  CC C0 EC 2D 14 D2 34 3F DC E7 4D 4A 00 00 20 4E
000104E0  24 18 4D 4A EC 2D 34 3F 34 3F EC 2D 4D 4A 24 18
000104F0  20 4E 00 00 4D 4A DC E7 34 3F 14 D2 EC 2D CC C0
00010500  24 18 B3 B5 00 00 E0 B1 DC E7 B3 B5 14 D2 CC C0
00010510  CC C0 14 D2 B3 B5 DC E7 E0 B1 00 00 B3 B5 24 18
00010520  CC C0 EC 2D 14 D2 34 3F DC E7 4D 4A 00 00 20 4E
00010530  24 18 4D 4A EC 2D 34 3F 34 3F EC 2D 4D 4A 24 18
00010540  20 4E 00 00 4D 4A DC E7 34 3F 14 D2 EC 2D CC C0
00010550  24 18 B3 B5 00 00 E0 B1 DC E7 B3 B5 14 D2 CC C0
00010560  CC C0 14 D2 B3 B5 DC E7 E0 B1 00 00 B3 B5 24 18
00010570  CC C0 EC 2D 14 D2 34 3F DC E7 4D 4A 00 00 20 4E
00010580  24 18 4D 4A EC 2D 34 3F 34 3F EC 2D 4D 4A 24 18
00010590  20 4E 00 00 4D 4A DC E7 34 3F 14 D2 EC 2D CC C0
000105A0  24 18 B3 B5 00 00 E0 B1 DC E7 B3 B5 14 D2 CC C0
000105B0  CC C0 14 D2 B3 B5 DC E7 E0 B1 00 00 B3 B5 24 18
000105C0  CC C0 EC 2D 14 D2 34 3F DC E7 4D 4A 00 00 20 4E
000105D0  24 18 4D 4A EC 2D 34 3F 34 3F EC 2D 4D 4A 24 18
000105E0  20 4E 00 00 4D 4A DC E7 34 3F 14 D2 EC 2D CC C0
000105F0  24 18 B3 B5 00 00 E0 B1 DC E7 B3 B5 14 D2 CC C0
00010600  CC C0 14 D2 B3 B5 DC E7 E0 B1 00 00 B3 B5 24 18
00010610  CC C0 EC 2D 14 D2 34 3F DC E7 4D 4A 00 00 20 4E
00010620  24 18 4D 4A EC 2D 34 3F 34 3F EC 2D 4D 4A 24 18
00010630  20 4E 00 00 4D 4A DC E7 34 3F 14 D2 EC 2D CC C0
00010640  24 18 B3 B5 00 00 E0 B1 DC E7 B3 B5 14 D2 CC C0
00010650  CC C0 14 D2 B3 B5 DC E7 E0 B1 00 00 B3 B5 24 18
00010660  CC C0 EC 2D 14 D2 34 3F DC E7 4D 4A 00 00 20 4E
00010670  24 18 4D 4A EC 2D 34 3F 34 3F EC 2D 4D 4A 24 18
00010680  20 4E 00 00 4D 4A DC E7 34 3F 14 D2 EC 2D CC C0
00010690  24 18 B3 B5 00 00 E0 B1 DC E7 B3 B5 14 D2 CC C0
000106A0  CC C0 14 D2 B3 B5 DC E7 E0 B1 00 00 B3 B5 24 18
000106B0  CC C0 EC 2D 14 D2 34 3F DC E7 4D 4A 00 00 20 4E
000106C0  24 18 4D 4A EC 2D 34 3F 34 3F EC 2D 4D 4A 24 18
000106D0  20 4E 00 00 4D 4A DC E7 34 3F 14 D2 EC 2D CC C0
000106E0  24 18 B3 B5 00 00 E0 B1 DC E7 B3 B5 14 D2 CC C0
000106F0  CC C0 14 D2 B3 B5 DC E7 E0 B1 00 00 B3 B5 24 18
00010700  CC C0 EC 2D 14 D2 34 3F DC E7 4D 4A 00 00 20 4E
00010710  24 18 4D 4A EC 2D 34 3F 34 3F EC 2D 4D 4A 24 18
00010720  20 4E 00 00 4D 4A DC E7 34 3F 14 D2 EC 2D CC C0
00010730  24 18 B3 B5 00 00 E0 B1 DC E7 B3 B5 14 D2 CC C0
00010740  CC C0 14 D2 B3 B5 DC E7 E0 B1 00 00 B3 B5 24 18
00010750  CC C0 EC 2D 14 D2 34 3F DC E7 4D 4A 00 00 20 4E
00010760  24 18 4D 4A EC 2D 34 3F 34 3F EC 2D 4D 4A 24 18
00010770  20 4E 00 00 4D 4A DC E7 34 3F 14 D2 EC 2D CC C0
00010780  24 18 B3 B5 00 00 E0 B1 DC E7 B3 B5 14 D2 CC C0
00010790  CC C0 14 D2 B3 B5 DC E7 E0 B1 00 00 B3 B5 24 18
000107A0  CC C0 EC 2D 14 D2 34 3F DC E7 4D 4A 00 00 20 4E
000107B0  24 18 4D 4A EC 2D 34 3F 34 3F EC 2D 4D 4A 24 18
000107C0  20 4E 00 00 4D 4A DC E7 34 3F 14 D2 EC 2D CC C0
000107D0  24 18 B3 B5 00 00 E0 B1 DC E7 B3 B5 14 D2 CC C0
000107E0  CC C0 14 D2 B3 B5 DC E7 E0 B1 00 00 B3 B5 24 18
000107F0  CC C0 EC 2D 14 D2 34 3F DC E7 4D 4A 00 00 20 4E
00010800  24 18 4D 4A EC 2D 34 3F 34 3F EC 2D 4D 4A 24 18
00010810  20 4E 00 00 4D 4A DC E7 34 3F 14 D2 EC 2D CC C0
00010820  24 18 B3 B5 00 00 E0 B1 DC E7 B3 B5 14 D2 CC C0
00010830  CC C0 14 D2 B3 B5 DC E7 E0 B1 00 00 B3 B5 24 18
00010840  CC C0 EC 2D 14 D2 34 3F DC E7 4D 4A 00 00 20 4E
00010850  24 18 4D 4A EC 2D 34 3F 34 3F EC 2D 4D 4A 24 18
00010860  20 4E 00 00 4D 4A DC E7 34 3F 14 D2 EC 2D CC C0
00010870  24 18 B3 B5 00 00 E0 B1 DC E7 B3 B5 14 D2 CC C0
00010880  CC C0 14 D2 B3 B5 DC E7 E0 B1 00 00 B3 B5 24 18
00010890  CC C0 EC 2D 14 D2 34 3F DC E7 4D 4A 00 00 20 4E
000108A0  24 18 4D 4A EC 2D 34 3F 34 3F EC 2D 4D 4A 24 18
000108B0  20 4E 00 00 4D 4A DC E7 34 3F 14 D2 EC 2D CC C0
000108C0  24 18 B3 B5 00 00 E0 B1 DC E7 B3 B5 14 D2 CC C0
000108D0  CC C0 14 D2 B3 B5 DC E7 E0 B1 00 00 B3 B5 24 18
000108E0  CC C0 EC 2D 14 D2 34 3F DC E7 4D 4A 00 00 20 4E
000108F0  24 18 4D 4A EC 2D 34 3F 34 3F EC 2D 4D 4A 24 18
00010900  20 4E 00 00 4D 4A DC E7 34 3F 14 D2 EC 2D CC C0
00010910  24 18 B3 B5 00 00 E0 B1 DC E7 B3 B5 14 D2 CC C0
00010920  CC C0 14 D2 B3 B5 DC E7 E0 B1 00 00 B3 B5 24 18
00010930  CC C0 EC 2D 14 D2 34 3F DC E7 4D 4A 00 00 20 4E
00010940  24 18 4D 4A EC 2D 34 3F 34 3F EC 2D 4D 4A 24 18
00010950  20 4E 00 00 4D 4A DC E7 34 3F 14 D2 EC 2D CC C0
00010960  24 18 B3 B5 00 00 E0 B1 DC E7 B3 B5 14 D2 CC C0
00010970  CC C0 14 D2 B3 B5 DC E7 E0 B1 00 00 B3 B5 24 18
00010980  CC C0 EC 2D 14 D2 34 3F DC E7 4D 4A 00 00 20 4E
00010990  24 18 4D 4A EC 2D 34 3F 34 3F EC 2D 4D 4A 24 18
000109A0  20 4E 00 00 4D 4A DC E7 34 3F 14 D2 EC 2D CC C0
000109B0  24 18 B3 B5 00 00 E0 B1 DC E7 B3 B5 14 D2 CC C0
000109C0  CC C0 14 D2 B3 B5 DC E7 E0 B1 00 00 B3 B5 24 18
000109D0  CC C0 EC 2D 14 D2 34 3F DC E7 4D 4A 00 00 20 4E
000109E0  24 18 4D 4A EC 2D 34 3F 34 3F EC 2D 4D 4A 24 18
000109F0  20 4E 00 00 4D 4A DC E7 34 3F 14 D2 EC 2D CC C0
00010A00  24 18 B3 B5 00 00 E0 B1 DC E7 B3 B5 14 D2 CC C0
00010A10  CC C0 14 D2 B3 B5 DC E7 E0 B1 00 00 B3 B5 24 18
00010A20  CC C0 EC 2D 14 D2 34 3F DC E7 4D 4A 00 00 20 4E
00010A30  24 18 4D 4A EC 2D 34 3F 34 3F EC 2D 4D 4A 24 18
00010A40  20 4E 00 00 4D 4A DC E7 34 3F 14 D2 EC 2D CC C0
00010A50  24 18 B3 B5 00 00 E0 B1 DC E7 B3 B5 14 D2 CC C0
00010A60  CC C0 14 D2 B3 B5 DC E7 E0 B1 00 00 B3 B5 24 18
00010A70  CC C0 EC 2D 14 D2 34 3F DC E7 4D 4A 00 00 20 4E
00010A80  24 18 4D 4A EC 2D 34 3F 34 3F EC 2D 4D 4A 24 18
00010A90  20 4E 00 00 4D 4A DC E7 34 3F 14 D2 EC 2D CC C0
00010AA0  24 18 B3 B5 00 00 E0 B1 DC E7 B3 B5 14 D2 CC C0
00010AB0  CC C0 14 D2 B3 B5 DC E7 E0 B1 00 00 B3 B5 24 18
00010AC0  CC C0 EC 2D 14 D2 34 3F DC E7 4D 4A 00 00 20 4E
00010AD0  24 18 4D 4A EC 2D 34 3F 34 3F EC 2D 4D 4A 24 18
00010AE0  20 4E 00 00 4D 4A DC E7 34 3F 14 D2 EC 2D CC C0
00010AF0  24 18 B3 B5 00 00 E0 B1 DC E7 B3 B5 14 D2 CC C0
00010B00  CC C0 14 D2 B3 B5 DC E7 E0 B1 00 00 B3 B5 24 18
00010B10  CC C0 EC 2D 14 D2 34 3F DC E7 4D 4A 00 00 20 4E
00010B20  24 18 4D 4A EC 2D 34 3F 34 3F EC 2D 4D 4A 24 18
00010B30  20 4E 00 00 4D 4A DC E7 34 3F 14 D2 EC 2D CC C0
00010B40  24 18 B3 B5 00 00 E0 B1 DC E7 B3 B5 14 D2 CC C0
00010B50  CC C0 14 D2 B3 B5 DC E7 E0 B1 00 00 B3 B5 24 18
00010B60  CC C0 EC 2D 14 D2 34 3F DC E7 4D 4A 00 00 20 4E
00010B70  24 18 4D 4A EC 2D 34 3F 34 3F EC 2D 4D 4A 24 18
00010B80  20 4E 00 00 4D 4A DC E7 34 3F 14 D2 EC 2D CC C0
00010B90  24 18 B3 B5 00 00 E0 B1 DC E7 B3 B5 14 D2 CC C0
00010BA0  CC C0 14 D2 B3 B5 DC E7 E0 B1 00 00 B3 B5 24 18
00010BB0  CC C0 EC 2D 14 D2 34 3F DC E7 4D 4A 00 00 20 4E
00010BC0  24 18 4D 4A EC 2D 34 3F 34 3F EC 2D 4D 4A 24 18
00010BD0  20 4E 00 00 4D 4A DC E7 34 3F 14 D2 EC 2D CC C0
00010BE0  24 18 B3 B5 00 00 E0 B1 DC E7 B3 B5 14 D2 CC C0
00010BF0  CC C0 14 D2 B3 B5 DC E7 E0 B1 00 00 B3 B5 24 18
00010C00  CC C0 EC 2D 14 D2 34 3F DC E7 4D 4A 00 00 20 4E
00010C10  24 18 4D 4A EC 2D 34 3F 34 3F EC 2D 4D 4A 24 18
00010C20  20 4E 00 00 4D 4A DC E7 34 3F 14 D2 EC 2D CC C0
00010C30  24 18 B3 B5 00 00 E0 B1 DC E7 B3 B5 14 D2 CC C0
00010C40  CC C0 14 D2 B3 B5 DC E7 E0 B1 00 00 B3 B5 24 18
00010C50  CC C0 EC 2D 14 D2 34 3F DC E7 4D 4A 00 00 20 4E
00010C60  24 18 4D 4A EC 2D 34 3F 34 3F EC 2D 4D 4A 24 18
00010C70  20 4E 00 00 4D 4A DC E7 34 3F 14 D2 EC 2D CC C0
00010C80  24 18 B3 B5 00 00 E0 B1 DC E7 B3 B5 14 D2 CC C0
00010C90  CC C0 14 D2 B3 B5 DC E7 E0 B1 00 00 B3 B5 24 18
00010CA0  CC C0 EC 2D 14 D2 34 3F DC E7 4D 4A 00 00 20 4E
00010CB0  24 18 4D 4A EC 2D 34 3F 34 3F EC 2D 4D 4A 24 18
00010CC0  20 4E 00 00 4D 4A DC E7 34 3F 14 D2 EC 2D CC C0
00010CD0  24 18 B3 B5 00 00 E0 B1 DC E7 B3 B5 14 D2 CC C0
00010CE0  CC C0 14 D2 B3 B5 DC E7 E0 B1 00 00 B3 B5 24 18
00010CF0  CC C0 EC 2D 14 D2 34 3F DC E7 4D 4A 00 00 20 4E
00010D00  24 18 4D 4A EC 2D 34 3F 34 3F EC 2D 4D 4A 24 18
00010D10  20 4E 00 00 4D 4A DC E7 34 3F 14 D2 EC 2D CC C0
00010D20  24 18 B3 B5 00 00 E0 B1 DC E7 B3 B5 14 D2 CC C0
00010D30  CC C0 14 D2 B3 B5 DC E7 E0 B1 00 00 B3 B5 24 18
00010D40  CC C0 EC 2D 14 D2 34 3F DC E7 4D 4A 00 00 20 4E
00010D50  24 18 4D 4A EC 2D 34 3F 34 3F EC 2D 4D 4A 24 18
00010D60  20 4E 00 00 4D 4A DC E7 34 3F 14 D2 EC 2D CC C0
00010D70  24 18 B3 B5 00 00 E0 B1 DC E7 B3 B5 14 D2 CC C0
00010D80  CC C0 14 D2 B3 B5 DC E7 E0 B1 00 00 B3 B5 24 18
00010D90  CC C0 EC 2D 14 D2 34 3F DC E7 4D 4A 00 00 20 4E
00010DA0  24 18 4D 4A EC 2D 34 3F 34 3F EC 2D 4D 4A 24 18
00010DB0  20 4E 00 00 4D 4A DC E7 34 3F 14 D2 EC 2D CC C0
00010DC0  24 18 B3 B5 00 00 E0 B1 DC E7 B3 B5 14 D2 CC C0
00010DD0  CC C0 14 D2 B3 B5 DC E7 E0 B1 00 00 B3 B5 24 18
00010DE0  CC C0 EC 2D 14 D2 34 3F DC E7 4D 4A 00 00 20 4E
00010DF0  24 18 4D 4A EC 2D 34 3F 34 3F EC 2D 4D 4A 24 18
00010E00  20 4E 00 00 4D 4A DC E7 34 3F 14 D2 EC 2D CC C0
00010E10  24 18 B3 B5 00 00 E0 B1 DC E7 B3 B5 14 D2 CC C0
00010E20  CC C0 14 D2 B3 B5 DC E7 E0 B1 00 00 B3 B5 24 18
00010E30  CC C0 EC 2D 14 D2 34 3F DC E7 4D 4A 00 00 20 4E
00010E40  24 18 4D 4A EC 2D 34 3F 34 3F EC 2D 4D 4A 24 18
00010E50  20 4E 00 00 4D 4A DC E7 34 3F 14 D2 EC 2D CC C0
00010E60  24 18 B3 B5 00 00 E0 B1 DC E7 B3 B5 14 D2 CC C0
00010E70  CC C0 14 D2 B3 B5 DC E7 E0 B1 00 00 B3 B5 24 18
00010E80  CC C0 EC 2D 14 D2 34 3F DC E7 4D 4A 00 00 20 4E
00010E90  24 18 4D 4A EC 2D 34 3F 34 3F EC 2D 4D 4A 24 18
00010EA0  20 4E 00 00 4D 4A DC E7 34 3F 14 D2 EC 2D CC C0
00010EB0  24 18 B3 B5 00 00 E0 B1 DC E7 B3 B5 14 D2 CC C0
00010EC0  CC C0 14 D2 B3 B5 DC E7 E0 B1 00 00 B3 B5 24 18
00010ED0  CC C0 EC 2D 14 D2 34 3F DC E7 4D 4A 00 00 20 4E
00010EE0  24 18 4D 4A EC 2D 34 3F 34 3F EC 2D 4D 4A 24 18
00010EF0  20 4E 00 00 4D 4A DC E7 34 3F 14 D2 EC 2D CC C0
00010F00  24 18 B3 B5 00 00 E0 B1 DC E7 B3 B5 14 D2 CC C0
00010F10  CC C0 14 D2 B3 B5 DC E7 E0 B1 00 00 B3 B5 24 18
00010F20  CC C0 EC 2D 14 D2 34 3F DC E7 4D 4A 00 00 20 4E
00010F30  24 18 4D 4A EC 2D 34 3F 34 3F EC 2D 4D 4A 24 18
00010F40  20 4E 00 00 4D 4A DC E7 34 3F 14 D2 EC 2D CC C0
00010F50  24 18 B3 B5 00 00 E0 B1 DC E7 B3 B5 14 D2 CC C0
00010F60  CC C0 14 D2 B3 B5 DC E7 E0 B1 00 00 B3 B5 24 18
00010F70  CC C0 EC 2D 14 D2 34 3F DC E7 4D 4A 00 00 20 4E
00010F80  24 18 4D 4A EC 2D 34 3F 34 3F EC 2D 4D 4A 24 18
00010F90  20 4E 00 00 4D 4A DC E7 34 3F 14 D2 EC 2D CC C0
00010FA0  24 18 B3 B5 00 00 E0 B1 DC E7 B3 B5 14 D2 CC C0
00010FB0  CC C0 14 D2 B3 B5 DC E7 E0 B1 00 00 B3 B5 24 18
00010FC0  CC C0 EC 2D 14 D2 34 3F DC E7 4D 4A 00 00 20 4E
00010FD0  24 18 4D 4A EC 2D 34 3F 34 3F EC 2D 4D 4A 24 18
00010FE0  20 4E 00 00 4D 4A DC E7 34 3F 14 D2 EC 2D CC C0
00010FF0  24 18 B3 B5 00 00 E0 B1 DC E7 B3 B5 14 D2 CC C0
00011000  CC C0 14 D2 B3 B5 DC E7 E0 B1 00 00 B3 B5 24 18
00011010  CC C0 EC 2D 14 D2 34 3F DC E7 4D 4A 00 00 20 4E
00011020  24 18 4D 4A EC 2D 34 3F 34 3F EC 2D 4D 4A 24 18
00011030  20 4E 00 00 4D 4A DC E7 34 3F 14 D2 EC 2D CC C0
00011040  24 18 B3 B5 00 00 E0 B1 DC E7 B3 B5 14 D2 CC C0
00011050  CC C0 14 D2 B3 B5 DC E7 E0 B1 00 00 B3 B5 24 18
00011060  CC C0 EC 2D 14 D2 34 3F DC E7 4D 4A 00 00 20 4E
00011070  24 18 4D 4A EC 2D 34 3F 34 3F EC 2D 4D 4A 24 18
00011080  20 4E 00 00 4D 4A DC E7 34 3F 14 D2 EC 2D CC C0
00011090  24 18 B3 B5 00 00 E0 B1 DC E7 B3 B5 14 D2 CC C0
000110A0  CC C0 14 D2 B3 B5 DC E7 E0 B1 00 00 B3 B5 24 18
000110B0  CC C0 EC 2D 14 D2 34 3F DC E7 4D 4A 00 00 20 4E
000110C0  24 18 4D 4A EC 2D 34 3F 34 3F EC 2D 4D 4A 24 18
000110D0  20 4E 00 00 4D 4A DC E7 34 3F 14 D2 EC 2D CC C0
000110E0  24 18 B3 B5 00 00 E0 B1 DC E7 B3 B5 14 D2 CC C0
000110F0  CC C0 14 D2 B3 B5 DC E7 E0 B1 00 00 B3 B5 24 18
00011100  CC C0 EC 2D 14 D2 34 3F DC E7 4D 4A 00 00 20 4E
00011110  24 18 4D 4A EC 2D 34 3F 34 3F EC 2D 4D 4A 24 18
00011120  20 4E 00 00 4D 4A DC E7 34 3F 14 D2 EC 2D CC C0
00011130  24 18 B3 B5 00 00 E0 B1 DC E7 B3 B5 14 D2 CC C0
00011140  CC C0 14 D2 B3 B5 DC E7 E0 B1 00 00 B3 B5 24 18
00011150  CC C0 EC 2D 14 D2 34 3F DC E7 4D 4A 00 00 20 4E
00011160  24 18 4D 4A EC 2D 34 3F 34 3F EC 2D 4D 4A 24 18
00011170  20 4E 00 00 4D 4A DC E7 34 3F 14 D2 EC 2D CC C0
00011180  24 18 B3 B5 00 00 E0 B1 DC E7 B3 B5 14 D2 CC C0
00011190  CC C0 14 D2 B3 B5 DC E7 E0 B1 00 00 B3 B5 24 18
000111A0  CC C0 EC 2D 14 D2 34 3F DC E7 4D 4A 00 00 20 4E
000111B0  24 18 4D 4A EC 2D 34 3F 34 3F EC 2D 4D 4A 24 18
000111C0  20 4E 00 00 4D 4A DC E7 34 3F 14 D2 EC 2D CC C0
000111D0  24 18 B3 B5 00 00 E0 B1 DC E7 B3 B5 14 D2 CC C0
000111E0  CC C0 14 D2 B3 B5 DC E7 E0 B1 00 00 B3 B5 24 18
000111F0  CC C0 EC 2D 14 D2 34 3F DC E7 4D 4A 00 00 20 4E
00011200  24 18 4D 4A EC 2D 34 3F 34 3F EC 2D 4D 4A 24 18
00011210  20 4E 00 00 4D 4A DC E7 34 3F 14 D2 EC 2D CC C0
00011220  24 18 B3 B5 00 00 E0 B1 DC E7 B3 B5 14 D2 CC C0
00011230  CC C0 14 D2 B3 B5 DC E7 E0 B1 00 00 B3 B5 24 18
00011240  CC C0 EC 2D 14 D2 34 3F DC E7 4D 4A 00 00 20 4E
00011250  24 18 4D 4A EC 2D 34 3F 34 3F EC 2D 4D 4A 24 18
00011260  20 4E 00 00 4D 4A DC E7 34 3F 14 D2 EC 2D CC C0
00011270  24 18 B3 B5 00 00 E0 B1 DC E7 B3 B5 14 D2 CC C0
00011280  CC C0 14 D2 B3 B5 DC E7 E0 B1 00 00 B3 B5 24 18
00011290  CC C0 EC 2D 14 D2 34 3F DC E7 4D 4A 00 00 20 4E
000112A0  24 18 4D 4A EC 2D 34 3F 34 3F EC 2D 4D 4A 24 18
000112B0  20 4E 00 00 4D 4A DC E7 34 3F 14 D2 EC 2D CC C0
000112C0  24 18 B3 B5 00 00 E0 B1 DC E7 B3 B5 14 D2 CC C0
000112D0  CC C0 14 D2 B3 B5 DC E7 E0 B1 00 00 B3 B5 24 18
000112E0  CC C0 EC 2D 14 D2 34 3F DC E7 4D 4A 00 00 20 4E
000112F0  24 18 4D 4A EC 2D 34 3F 34 3F EC 2D 4D 4A 24 18
00011300  20 4E 00 00 4D 4A DC E7 34 3F 14 D2 EC 2D CC C0
00011310  24 18 B3 B5 00 00 E0 B1 DC E7 B3 B5 14 D2 CC C0
00011320  CC C0 14 D2 B3 B5 DC E7 E0 B1 00 00 B3 B5 24 18
00011330  CC C0 EC 2D 14 D2 34 3F DC E7 4D 4A 00 00 20 4E
00011340  24 18 4D 4A EC 2D 34 3F 34 3F EC 2D 4D 4A 24 18
00011350  20 4E 00 00 4D 4A DC E7 34 3F 14 D2 EC 2D CC C0
00011360  24 18 B3 B5 00 00 E0 B1 DC E7 B3 B5 14 D2 CC C0
00011370  CC C0 14 D2 B3 B5 DC E7 E0 B1 00 00 B3 B5 24 18
00011380  CC C0 EC 2D 14 D2 34 3F DC E7 4D 4A 00 00 20 4E
00011390  24 18 4D 4A EC 2D 34 3F 34 3F EC 2D 4D 4A 24 18
000113A0  20 4E 00 00 4D 4A DC E7 34 3F 14 D2 EC 2D CC C0
000113B0  24 18 B3 B5 00 00 E0 B1 DC E7 B3 B5 14 D2 CC C0
000113C0  CC C0 14 D2 B3 B5 DC E7 E0 B1 00 00 B3 B5 24 18
000113D0  CC C0 EC 2D 14 D2 34 3F DC E7 4D 4A 00 00 20 4E
000113E0  24 18 4D 4A EC 2D 34 3F 34 3F EC 2D 4D 4A 24 18
000113F0  20 4E 00 00 4D 4A DC E7 34 3F 14 D2 EC 2D CC C0
00011400  24 18 B3 B5 00 00 E0 B1 DC E7 B3 B5 14 D2 CC C0
00011410  CC C0 14 D2 B3 B5 DC E7 E0 B1 00 00 B3 B5 24 18
00011420  CC C0 EC 2D 14 D2 34 3F DC E7 4D 4A 00 00 20 4E
00011430  24 18 4D 4A EC 2D 34 3F 34 3F EC 2D 4D 4A 24 18
00011440  20 4E 00 00 4D 4A DC E7 34 3F 14 D2 EC 2D CC C0
00011450  24 18 B3 B5 00 00 E0 B1 DC E7 B3 B5 14 D2 CC C0
00011460  CC C0 14 D2 B3 B5 DC E7 E0 B1 00 00 B3 B5 24 18
00011470  CC C0 EC 2D 14 D2 34 3F DC E7 4D 4A 00 00 20 4E
00011480  24 18 4D 4A EC 2D 34 3F 34 3F EC 2D 4D 4A 24 18
00011490  20 4E 00 00 4D 4A DC E7 34 3F 14 D2 EC 2D CC C0
000114A0  24 18 B3 B5 00 00 E0 B1 DC E7 B3 B5 14 D2 CC C0
000114B0  CC C0 14 D2 B3 B5 DC E7 E0 B1 00 00 B3 B5 24 18
000114C0  CC C0 EC 2D 14 D2 34 3F DC E7 4D 4A 00 00 20 4E
000114D0  24 18 4D 4A EC 2D 34 3F 34 3F EC 2D 4D 4A 24 18
000114E0  20 4E 00 00 4D 4A DC E7 34 3F 14 D2 EC 2D CC C0
000114F0  24 18 B3 B5 00 00 E0 B1 DC E7 B3 B5 14 D2 CC C0
00011500  CC C0 14 D2 B3 B5 DC E7 E0 B1 00 00 B3 B5 24 18
00011510  CC C0 EC 2D 14 D2 34 3F DC E7 4D 4A 00 00 20 4E
00011520  24 18 4D 4A EC 2D 34 3F 34 3F EC 2D 4D 4A 24 18
00011530  20 4E 00 00 4D 4A DC E7 34 3F 14 D2 EC 2D CC C0
00011540  24 18 B3 B5 00 00 E0 B1 DC E7 B3 B5 14 D2 CC C0
00011550  CC C0 14 D2 B3 B5 DC E7 E0 B1 00 00 B3 B5 24 18
00011560  CC C0 EC 2D 14 D2 34 3F DC E7 4D 4A 00 00 20 4E
00011570  24 18 4D 4A EC 2D 34 3F 34 3F EC 2D 4D 4A 24 18
00011580  20 4E 00 00 4D 4A DC E7 34 3F 14 D2 EC 2D CC C0
00011590  24 18 B3 B5 00 00 E0 B1 DC E7 B3 B5 14 D2 CC C0
000115A0  CC C0 14 D2 B3 B5 DC E7 E0 B1 00 00 B3 B5 24 18
000115B0  CC C0 EC 2D 14 D2 34 3F DC E7 4D 4A 00 00 20 4E
000115C0  24 18 4D 4A EC 2D 34 3F 34 3F EC 2D 4D 4A 24 18
000115D0  20 4E 00 00 4D 4A DC E7 34 3F 14 D2 EC 2D CC C0
000115E0  24 18 B3 B5 00 00 E0 B1 DC E7 B3 B5 14 D2 CC C0
000115F0  CC C0 14 D2 B3 B5 DC E7 E0 B1 00 00 B3 B5 24 18
00011600  CC C0 EC 2D 14 D2 34 3F DC E7 4D 4A 00 00 20 4E
00011610  24 18 4D 4A EC 2D 34 3F 34 3F EC 2D 4D 4A 24 18
00011620  20 4E 00 00 4D 4A DC E7 34 3F 14 D2 EC 2D CC C0
00011630  24 18 B3 B5 00 00 E0 B1 DC E7 B3 B5 14 D2 CC C0
00011640  CC C0 14 D2 B3 B5 DC E7 E0 B1 00 00 B3 B5 24 18
00011650  CC C0 EC 2D 14 D2 34 3F DC E7 4D 4A 00 00 20 4E
00011660  24 18 4D 4A EC 2D 34 3F 34 3F EC 2D 4D 4A 24 18
00011670  20 4E 00 00 4D 4A DC E7 34 3F 14 D2 EC 2D CC C0
00011680  24 18 B3 B5 00 00 E0 B1 DC E7 B3 B5 14 D2 CC C0
00011690  CC C0 14 D2 B3 B5 DC E7 E0 B1 00 00 B3 B5 24 18
000116A0  CC C0 EC 2D 14 D2 34 3F DC E7 4D 4A 00 00 20 4E
000116B0  24 18 4D 4A EC 2D 34 3F 34 3F EC 2D 4D 4A 24 18
000116C0  20 4E 00 00 4D 4A DC E7 34 3F 14 D2 EC 2D CC C0
000116D0  24 18 B3 B5 00 00 E0 B1 DC E7 B3 B5 14 D2 CC C0
000116E0  CC C0 14 D2 B3 B5 DC E7 E0 B1 00 00 B3 B5 24 18
000116F0  CC C0 EC 2D 14 D2 34 3F DC E7 4D 4A 00 00 20 4E
00011700  24 18 4D 4A EC 2D 34 3F 34 3F EC 2D 4D 4A 24 18
00011710  20 4E 00 00 4D 4A DC E7 34 3F 14 D2 EC 2D CC C0
00011720  24 18 B3 B5 00 00 E0 B1 DC E7 B3 B5 14 D2 CC C0
00011730  CC C0 14 D2 B3 B5 DC E7 E0 B1 00 00 B3 B5 24 18
00011740  CC C0 EC 2D 14 D2 34 3F DC E7 4D 4A 00 00 20 4E
00011750  24 18 4D 4A EC 2D 34 3F 34 3F EC 2D 4D 4A 24 18
00011760  20 4E 00 00 4D 4A DC E7 34 3F 14 D2 EC 2D CC C0
00011770  24 18 B3 B5 00 00 E0 B1 DC E7 B3 B5 14 D2 CC C0
00011780  CC C0 14 D2 B3 B5 DC E7 E0 B1 00 00 B3 B5 24 18
00011790  CC C0 EC 2D 14 D2 34 3F DC E7 4D 4A 00 00 20 4E
000117A0  24 18 4D 4A EC 2D 34 3F 34 3F EC 2D 4D 4A 24 18
000117B0  20 4E 00 00 4D 4A DC E7 34 3F 14 D2 EC 2D CC C0
000117C0  24 18 B3 B5 00 00 E0 B1 DC E7 B3 B5 14 D2 CC C0
000117D0  CC C0 14 D2 B3 B5 DC E7 E0 B1 00 00 B3 B5 24 18
000117E0  CC C0 EC 2D 14 D2 34 3F DC E7 4D 4A 00 00 20 4E
000117F0  24 18 4D 4A EC 2D 34 3F 34 3F EC 2D 4D 4A 24 18
00011800  20 4E 00 00 4D 4A DC E7 34 3F 14 D2 EC 2D CC C0
00011810  24 18 B3 B5 00 00 E0 B1 DC E7 B3 B5 14 D2 CC C0
00011820  CC C0 14 D2 B3 B5 DC E7 E0 B1 00 00 B3 B5 24 18
00011830  CC C0 EC 2D 14 D2 34 3F DC E7 4D 4A 00 00 20 4E
00011840  24 18 4D 4A EC 2D 34 3F 34 3F EC 2D 4D 4A 24 18
00011850  20 4E 00 00 4D 4A DC E7 34 3F 14 D2 EC 2D CC C0
00011860  24 18 B3 B5 00 00 E0 B1 DC E7 B3 B5 14 D2 CC C0
00011870  CC C0 14 D2 B3 B5 DC E7 E0 B1 00 00 B3 B5 24 18
00011880  CC C0 EC 2D 14 D2 34 3F DC E7 4D 4A 00 00 20 4E
00011890  24 18 4D 4A EC 2D 34 3F 34 3F EC 2D 4D 4A 24 18
000118A0  20 4E 00 00 4D 4A DC E7 34 3F 14 D2 EC 2D CC C0
000118B0  24 18 B3 B5 00 00 E0 B1 DC E7 B3 B5 14 D2 CC C0
000118C0  CC C0 14 D2 B3 B5 DC E7 E0 B1 00 00 B3 B5 24 18
000118D0  CC C0 EC 2D 14 D2 34 3F DC E7 4D 4A 00 00 20 4E
000118E0  24 18 4D 4A EC 2D 34 3F 34 3F EC 2D 4D 4A 24 18
000118F0  20 4E 00 00 4D 4A DC E7 34 3F 14 D2 EC 2D CC C0
00011900  24 18 B3 B5 00 00 E0 B1 DC E7 B3 B5 14 D2 CC C0
00011910  CC C0 14 D2 B3 B5 DC E7 E0 B1 00 00 B3 B5 24 18
00011920  CC C0 EC 2D 14 D2 34 3F DC E7 4D 4A 00 00 20 4E
00011930  24 18 4D 4A EC 2D 34 3F 34 3F EC 2D 4D 4A 24 18
00011940  20 4E 00 00 4D 4A DC E7 34 3F 14 D2 EC 2D CC C0
00011950  24 18 B3 B5 00 00 E0 B1 DC E7 B3 B5 14 D2 CC C0
00011960  CC C0 14 D2 B3 B5 DC E7 E0 B1 00 00 B3 B5 24 18
00011970  CC C0 EC 2D 14 D2 34 3F DC E7 4D 4A 00 00 20 4E
00011980  24 18 4D 4A EC 2D 34 3F 34 3F EC 2D 4D 4A 24 18
00011990  20 4E 00 00 4D 4A DC E7 34 3F 14 D2 EC 2D CC C0
000119A0  24 18 B3 B5 00 00 E0 B1 DC E7 B3 B5 14 D2 CC C0
000119B0  CC C0 14 D2 B3 B5 DC E7 E0 B1 00 00 B3 B5 24 18
000119C0  CC C0 EC 2D 14 D2 34 3F DC E7 4D 4A 00 00 20 4E
000119D0  24 18 4D 4A EC 2D 34 3F 34 3F EC 2D 4D 4A 24 18
000119E0  20 4E 00 00 4D 4A DC E7 34 3F 14 D2 EC 2D CC C0
000119F0  24 18 B3 B5 00 00 E0 B1 DC E7 B3 B5 14 D2 CC C0
00011A00  CC C0 14 D2 B3 B5 DC E7 E0 B1 00 00 B3 B5 24 18
00011A10  CC C0 EC 2D 14 D2 34 3F DC E7 4D 4A 00 00 20 4E
00011A20  24 18 4D 4A EC 2D 34 3F 34 3F EC 2D 4D 4A 24 18
00011A30  20 4E 00 00 4D 4A DC E7 34 3F 14 D2 EC 2D CC C0
00011A40  24 18 B3 B5 00 00 E0 B1 DC E7 B3 B5 14 D2 CC C0
00011A50  CC C0 14 D2 B3 B5 DC E7 E0 B1 00 00 B3 B5 24 18
00011A60  CC C0 EC 2D 14 D2 34 3F DC E7 4D 4A 00 00 20 4E
00011A70  24 18 4D 4A EC 2D 34 3F 34 3F EC 2D 4D 4A 24 18
00011A80  20 4E 00 00 4D 4A DC E7 34 3F 14 D2 EC 2D CC C0
00011A90  24 18 B3 B5 00 00 E0 B1 DC E7 B3 B5 14 D2 CC C0
00011AA0  CC C0 14 D2 B3 B5 DC E7 E0 B1 00 00 B3 B5 24 18
00011AB0  CC C0 EC 2D 14 D2 34 3F DC E7 4D 4A 00 00 20 4E
00011AC0  24 18 4D 4A EC 2D 34 3F 34 3F EC 2D 4D 4A 24 18
00011AD0  20 4E 00 00 4D 4A DC E7 34 3F 14 D2 EC 2D CC C0
00011AE0  24 18 B3 B5 00 00 E0 B1 DC E7 B3 B5 14 D2 CC C0
00011AF0  CC C0 14 D2 B3 B5 DC E7 E0 B1 00 00 B3 B5 24 18
00011B00  CC C0 EC 2D 14 D2 34 3F DC E7 4D 4A 00 00 20 4E
00011B10  24 18 4D 4A EC 2D 34 3F 34 3F EC 2D 4D 4A 24 18
00011B20  20 4E 00 00 4D 4A DC E7 34 3F 14 D2 EC 2D CC C0
00011B30  24 18 B3 B5 00 00 E0 B1 DC E7 B3 B5 14 D2 CC C0
00011B40  CC C0 14 D2 B3 B5 DC E7 E0 B1 00 00 B3 B5 24 18
00011B50  CC C0 EC 2D 14 D2 34 3F DC E7 4D 4A 00 00 20 4E
00011B60  24 18 4D 4A EC 2D 34 3F 34 3F EC 2D 4D 4A 24 18
00011B70  20 4E 00 00 4D 4A DC E7 34 3F 14 D2 EC 2D CC C0
00011B80  24 18 B3 B5 00 00 E0 B1 DC E7 B3 B5 14 D2 CC C0
00011B90  CC C0 14 D2 B3 B5 DC E7 E0 B1 00 00 B3 B5 24 18
00011BA0  CC C0 EC 2D 14 D2 34 3F DC E7 4D 4A 00 00 20 4E
00011BB0  24 18 4D 4A EC 2D 34 3F 34 3F EC 2D 4D 4A 24 18
00011BC0  20 4E 00 00 4D 4A DC E7 34 3F 14 D2 EC 2D CC C0
00011BD0  24 18 B3 B5 00 00 E0 B1 DC E7 B3 B5 14 D2 CC C0
00011BE0  CC C0 14 D2 B3 B5 DC E7 E0 B1 00 00 B3 B5 24 18
00011BF0  CC C0 EC 2D 14 D2 34 3F DC E7 4D 4A 00 00 20 4E
00011C00  24 18 4D 4A EC 2D 34 3F 34 3F EC 2D 4D 4A 24 18
00011C10  20 4E 00 00 4D 4A DC E7 34 3F 14 D2 EC 2D CC C0
00011C20  24 18 B3 B5 00 00 E0 B1 DC E7 B3 B5 14 D2 CC C0
00011C30  CC C0 14 D2 B3 B5 DC E7 E0 B1 00 00 B3 B5 24 18
00011C40  CC C0 EC 2D 14 D2 34 3F DC E7 4D 4A 00 00 20 4E
00011C50  24 18 4D 4A EC 2D 34 3F 34 3F EC 2D 4D 4A 24 18
00011C60  20 4E 00 00 4D 4A DC E7 34 3F 14 D2 EC 2D CC C0
00011C70  24 18 B3 B5 00 00 E0 B1 DC E7 B3 B5 14 D2 CC C0
00011C80  CC C0 14 D2 B3 B5 DC E7 E0 B1 00 00 B3 B5 24 18
00011C90  CC C0 EC 2D 14 D2 34 3F DC E7 4D 4A 00 00 20 4E
00011CA0  24 18 4D 4A EC 2D 34 3F 34 3F EC 2D 4D 4A 24 18
00011CB0  20 4E 00 00 4D 4A DC E7 34 3F 14 D2 EC 2D CC C0
00011CC0  24 18 B3 B5 00 00 E0 B1 DC E7 B3 B5 14 D2 CC C0
00011CD0  CC C0 14 D2 B3 B5 DC E7 E0 B1 00 00 B3 B5 24 18
00011CE0  CC C0 EC 2D 14 D2 34 3F DC E7 4D 4A 00 00 20 4E
00011CF0  24 18 4D 4A EC 2D 34 3F 34 3F EC 2D 4D 4A 24 18
00011D00  20 4E 00 00 4D 4A DC E7 34 3F 14 D2 EC 2D CC C0
00011D10  24 18 B3 B5 00 00 E0 B1 DC E7 B3 B5 14 D2 CC C0
00011D20  CC C0 14 D2 B3 B5 DC E7 E0 B1 00 00 B3 B5 24 18
00011D30  CC C0 EC 2D 14 D2 34 3F DC E7 4D 4A 00 00 20 4E
00011D40  24 18 4D 4A EC 2D 34 3F 34 3F EC 2D 4D 4A 24 18
00011D50  20 4E 00 00 4D 4A DC E7 34 3F 14 D2 EC 2D CC C0
00011D60  24 18 B3 B5 00 00 E0 B1 DC E7 B3 B5 14 D2 CC C0
00011D70  CC C0 14 D2 B3 B5 DC E7 E0 B1 00 00 B3 B5 24 18
00011D80  CC C0 EC 2D 14 D2 34 3F DC E7 4D 4A 00 00 20 4E
00011D90  24 18 4D 4A EC 2D 34 3F 34 3F EC 2D 4D 4A 24 18
00011DA0  20 4E 00 00 4D 4A DC E7 34 3F 14 D2 EC 2D CC C0
00011DB0  24 18 B3 B5 00 00 E0 B1 DC E7 B3 B5 14 D2 CC C0
00011DC0  CC C0 14 D2 B3 B5 DC E7 E0 B1 00 00 B3 B5 24 18
00011DD0  CC C0 EC 2D 14 D2 34 3F DC E7 4D 4A 00 00 20 4E
00011DE0  24 18 4D 4A EC 2D 34 3F 34 3F EC 2D 4D 4A 24 18
00011DF0  20 4E 00 00 4D 4A DC E7 34 3F 14 D2 EC 2D CC C0
00011E00  24 18 B3 B5 00 00 E0 B1 DC E7 B3 B5 14 D2 CC C0
00011E10  CC C0 14 D2 B3 B5 DC E7 E0 B1 00 00 B3 B5 24 18
00011E20  CC C0 EC 2D 14 D2 34 3F DC E7 4D 4A 00 00 20 4E
00011E30  24 18 4D 4A EC 2D 34 3F 34 3F EC 2D 4D 4A 24 18
00011E40  20 4E 00 00 4D 4A DC E7 34 3F 14 D2 EC 2D CC C0
00011E50  24 18 B3 B5 00 00 E0 B1 DC E7 B3 B5 14 D2 CC C0
00011E60  CC C0 14 D2 B3 B5 DC E7 E0 B1 00 00 B3 B5 24 18
00011E70  CC C0 EC 2D 14 D2 34 3F DC E7 4D 4A 00 00 20 4E
00011E80  24 18 4D 4A EC 2D 34 3F 34 3F EC 2D 4D 4A 24 18
00011E90  20 4E 00 00 4D 4A DC E7 34 3F 14 D2 EC 2D CC C0
00011EA0  24 18 B3 B5 00 00 E0 B1 DC E7 B3 B5 14 D2 CC C0
00011EB0  CC C0 14 D2 B3 B5 DC E7 E0 B1 00 00 B3 B5 24 18
00011EC0  CC C0 EC 2D 14 D2 34 3F DC E7 4D 4A 00 00 20 4E
00011ED0  24 18 4D 4A EC 2D 34 3F 34 3F EC 2D 4D 4A 24 18
00011EE0  20 4E 00 00 4D 4A DC E7 34 3F 14 D2 EC 2D CC C0
00011EF0  24 18 B3 B5 00 00 E0 B1 DC E7 B3 B5 14 D2 CC C0
00011F00  CC C0 14 D2 B3 B5 DC E7 E0 B1 00 00 B3 B5 24 18
00011F10  CC C0 EC 2D 14 D2 34 3F DC E7 4D 4A 00 00 20 4E
00011F20  24 18 4D 4A EC 2D 34 3F 34 3F EC 2D 4D 4A 24 18
00011F30  20 4E 00 00 4D 4A DC E7 34 3F 14 D2 EC 2D CC C0
00011F40  24 18 B3 B5 00 00 E0 B1 DC E7 B3 B5 14 D2 CC C0
00011F50  CC C0 14 D2 B3 B5 DC E7 E0 B1 00 00 B3 B5 24 18
00011F60  CC C0 EC 2D 14 D2 34 3F DC E7 4D 4A 00 00 20 4E
00011F70  24 18 4D 4A EC 2D 34 3F 34 3F EC 2D 4D 4A 24 18
00011F80  20 4E 00 00 4D 4A DC E7 34 3F 14 D2 EC 2D CC C0
00011F90  24 18 B3 B5 00 00 E0 B1 DC E7 B3 B5 14 D2 CC C0
00011FA0  CC C0 14 D2 B3 B5 DC E7 E0 B1 00 00 B3 B5 24 18
00011FB0  CC C0 EC 2D 14 D2 34 3F DC E7 4D 4A 00 00 20 4E
00011FC0  24 18 4D 4A EC 2D 34 3F 34 3F EC 2D 4D 4A 24 18
00011FD0  20 4E 00 00 4D 4A DC E7 34 3F 14 D2 EC 2D CC C0
00011FE0  24 18 B3 B5 00 00 E0 B1 DC E7 B3 B5 14 D2 CC C0
00011FF0  CC C0 14 D2 B3 B5 DC E7 E0 B1 00 00 B3 B5 24 18
00012000  CC C0 EC 2D 14 D2 34 3F DC E7 4D 4A 00 00 20 4E
00012010  24 18 4D 4A EC 2D 34 3F 34 3F EC 2D 4D 4A 24 18
00012020  20 4E 00 00 4D 4A DC E7 34 3F 14 D2 EC 2D CC C0
00012030  24 18 B3 B5 00 00 E0 B1 DC E7 B3 B5 14 D2 CC C0
00012040  CC C0 14 D2 B3 B5 DC E7 E0 B1 00 00 B3 B5 24 18
00012050  CC C0 EC 2D 14 D2 34 3F DC E7 4D 4A 00 00 20 4E
00012060  24 18 4D 4A EC 2D 34 3F 34 3F EC 2D 4D 4A 24 18
00012070  20 4E 00 00 4D 4A DC E7 34 3F 14 D2 EC 2D CC C0
00012080  24 18 B3 B5 00 00 E0 B1 DC E7 B3 B5 14 D2 CC C0
00012090  CC C0 14 D2 B3 B5 DC E7 E0 B1 00 00 B3 B5 24 18
000120A0  CC C0 EC 2D 14 D2 34 3F DC E7 4D 4A 00 00 20 4E
000120B0  24 18 4D 4A EC 2D 34 3F 34 3F EC 2D 4D 4A 24 18
000120C0  20 4E 00 00 4D 4A DC E7 34 3F 14 D2 EC 2D CC C0
000120D0  24 18 B3 B5 00 00 E0 B1 DC E7 B3 B5 14 D2 CC C0
000120E0  CC C0 14 D2 B3 B5 DC E7 E0 B1 00 00 B3 B5 24 18
000120F0  CC C0 EC 2D 14 D2 34 3F DC E7 4D 4A 00 00 20 4E
00012100  24 18 4D 4A EC 2D 34 3F 34 3F EC 2D 4D 4A 24 18
00012110  20 4E 00 00 4D 4A DC E7 34 3F 14 D2 EC 2D CC C0
00012120  24 18 B3 B5 00 00 E0 B1 DC E7 B3 B5 14 D2 CC C0
00012130  CC C0 14 D2 B3 B5 DC E7 E0 B1 00 00 B3 B5 24 18
00012140  CC C0 EC 2D 14 D2 34 3F DC E7 4D 4A 00 00 20 4E
00012150  24 18 4D 4A EC 2D 34 3F 34 3F EC 2D 4D 4A 24 18
00012160  20 4E 00 00 4D 4A DC E7 34 3F 14 D2 EC 2D CC C0
00012170  24 18 B3 B5 00 00 E0 B1 DC E7 B3 B5 14 D2 CC C0
00012180  CC C0 14 D2 B3 B5 DC E7 E0 B1 00 00 B3 B5 24 18
00012190  CC C0 EC 2D 14 D2 34 3F DC E7 4D 4A 00 00 20 4E
000121A0  24 18 4D 4A EC 2D 34 3F 34 3F EC 2D 4D 4A 24 18
000121B0  20 4E 00 00 4D 4A DC E7 34 3F 14 D2 EC 2D CC C0
000121C0  24 18 B3 B5 00 00 E0 B1 DC E7 B3 B5 14 D2 CC C0
000121D0  CC C0 14 D2 B3 B5 DC E7 E0 B1 00 00 B3 B5 24 18
000121E0  CC C0 EC 2D 14 D2 34 3F DC E7 4D 4A 00 00 20 4E
000121F0  24 18 4D 4A EC 2D 34 3F 34 3F EC 2D 4D 4A 24 18
00012200  20 4E 00 00 4D 4A DC E7 34 3F 14 D2 EC 2D CC C0
00012210  24 18 B3 B5 00 00 E0 B1 DC E7 B3 B5 14 D2 CC C0
00012220  CC C0 14 D2 B3 B5 DC E7 E0 B1 00 00 B3 B5 24 18
00012230  CC C0 EC 2D 14 D2 34 3F DC E7 4D 4A 00 00 20 4E
00012240  24 18 4D 4A EC 2D 34 3F 34 3F EC 2D 4D 4A 24 18
00012250  20 4E 00 00 4D 4A DC E7 34 3F 14 D2 EC 2D CC C0
00012260  24 18 B3 B5 00 00 E0 B1 DC E7 B3 B5 14 D2 CC C0
00012270  CC C0 14 D2 B3 B5 DC E7 E0 B1 00 00 B3 B5 24 18
00012280  CC C0 EC 2D 14 D2 34 3F DC E7 4D 4A 00 00 20 4E
00012290  24 18 4D 4A EC 2D 34 3F 34 3F EC 2D 4D 4A 24 18
000122A0  20 4E 00 00 4D 4A DC E7 34 3F 14 D2 EC 2D CC C0
000122B0  24 18 B3 B5 00 00 E0 B1 DC E7 B3 B5 14 D2 CC C0
000122C0  CC C0 14 D2 B3 B5 DC E7 E0 B1 00 00 B3 B5 24 18
000122D0  CC C0 EC 2D 14 D2 34 3F DC E7 4D 4A 00 00 20 4E
000122E0  24 18 4D 4A EC 2D 34 3F 34 3F EC 2D 4D 4A 24 18
000122F0  20 4E 00 00 4D 4A DC E7 34 3F 14 D2 EC 2D CC C0
00012300  24 18 B3 B5 00 00 E0 B1 DC E7 B3 B5 14 D2 CC C0
00012310  CC C0 14 D2 B3 B5 DC E7 E0 B1 00 00 B3 B5 24 18
00012320  CC C0 EC 2D 14 D2 34 3F DC E7 4D 4A 00 00 20 4E
00012330  24 18 4D 4A EC 2D 34 3F 34 3F EC 2D 4D 4A 24 18
00012340  20 4E 00 00 4D 4A DC E7 34 3F 14 D2 EC 2D CC C0
00012350  24 18 B3 B5 00 00 E0 B1 DC E7 B3 B5 14 D2 CC C0
00012360  CC C0 14 D2 B3 B5 DC E7 E0 B1 00 00 B3 B5 24 18
00012370  CC C0 EC 2D 14 D2 34 3F DC E7 4D 4A 00 00 20 4E
00012380  24 18 4D 4A EC 2D 34 3F 34 3F EC 2D 4D 4A 24 18
00012390  20 4E 00 00 4D 4A DC E7 34 3F 14 D2 EC 2D CC C0
000123A0  24 18 B3 B5 00 00 E0 B1 DC E7 B3 B5 14 D2 CC C0
000123B0  CC C0 14 D2 B3 B5 DC E7 E0 B1 00 00 B3 B5 24 18
000123C0  CC C0 EC 2D 14 D2 34 3F DC E7 4D 4A 00 00 20 4E
000123D0  24 18 4D 4A EC 2D 34 3F 34 3F EC 2D 4D 4A 24 18
000123E0  20 4E 00 00 4D 4A DC E7 34 3F 14 D2 EC 2D CC C0
000123F0  24 18 B3 B5 00 00 E0 B1 DC E7 B3 B5 14 D2 CC C0
00012400  CC C0 14 D2 B3 B5 DC E7 E0 B1 00 00 B3 B5 24 18
00012410  CC C0 EC 2D 14 D2 34 3F DC E7 4D 4A 00 00 20 4E
00012420  24 18 4D 4A EC 2D 34 3F 34 3F EC 2D 4D 4A 24 18
00012430  20 4E 00 00 4D 4A DC E7 34 3F 14 D2 EC 2D CC C0
00012440  24 18 B3 B5 00 00 E0 B1 DC E7 B3 B5 14 D2 CC C0
00012450  CC C0 14 D2 B3 B5 DC E7 E0 B1 00 00 B3 B5 24 18
00012460  CC C0 EC 2D 14 D2 34 3F DC E7 4D 4A 00 00 20 4E
00012470  24 18 4D 4A EC 2D 34 3F 34 3F EC 2D 4D 4A 24 18
00012480  20 4E 00 00 4D 4A DC E7 34 3F 14 D2 EC 2D CC C0
00012490  24 18 B3 B5 00 00 E0 B1 DC E7 B3 B5 14 D2 CC C0
000124A0  CC C0 14 D2 B3 B5 DC E7 E0 B1 00 00 B3 B5 24 18
000124B0  CC C0 EC 2D 14 D2 34 3F DC E7 4D 4A 00 00 20 4E
000124C0  24 18 4D 4A EC 2D 34 3F 34 3F EC 2D 4D 4A 24 18
000124D0  20 4E 00 00 4D 4A DC E7 34 3F 14 D2 EC 2D CC C0
000124E0  24 18 B3 B5 00 00 E0 B1 DC E7 B3 B5 14 D2 CC C0
000124F0  CC C0 14 D2 B3 B5 DC E7 E0 B1 00 00 B3 B5 24 18
00012500  CC C0 EC 2D 14 D2 34 3F DC E7 4D 4A 00 00 20 4E
00012510  24 18 4D 4A EC 2D 34 3F 34 3F EC 2D 4D 4A 24 18
00012520  20 4E 00 00 4D 4A DC E7 34 3F 14 D2 EC 2D CC C0
00012530  24 18 B3 B5 00 00 E0 B1 DC E7 B3 B5 14 D2 CC C0
00012540  CC C0 14 D2 B3 B5 DC E7 E0 B1 00 00 B3 B5 24 18
00012550  CC C0 EC 2D 14 D2 34 3F DC E7 4D 4A 00 00 20 4E
00012560  24 18 4D 4A EC 2D 34 3F 34 3F EC 2D 4D 4A 24 18
00012570  20 4E 00 00 4D 4A DC E7 34 3F 14 D2 EC 2D CC C0
00012580  24 18 B3 B5 00 00 E0 B1 DC E7 B3 B5 14 D2 CC C0
00012590  CC C0 14 D2 B3 B5 DC E7 E0 B1 00 00 B3 B5 24 18
000125A0  CC C0 EC 2D 14 D2 34 3F DC E7 4D 4A 00 00 20 4E
000125B0  24 18 4D 4A EC 2D 34 3F 34 3F EC 2D 4D 4A 24 18
000125C0  20 4E 00 00 4D 4A DC E7 34 3F 14 D2 EC 2D CC C0
000125D0  24 18 B3 B5 00 00 E0 B1 DC E7 B3 B5 14 D2 CC C0
000125E0  CC C0 14 D2 B3 B5 DC E7 E0 B1 00 00 B3 B5 24 18
000125F0  CC C0 EC 2D 14 D2 34 3F DC E7 4D 4A 00 00 20 4E
00012600  24 18 4D 4A EC 2D 34 3F 34 3F EC 2D 4D 4A 24 18
00012610  20 4E 00 00 4D 4A DC E7 34 3F 14 D2 EC 2D CC C0
00012620  24 18 B3 B5 00 00 E0 B1 DC E7 B3 B5 14 D2 CC C0
00012630  CC C0 14 D2 B3 B5 DC E7 E0 B1 00 00 B3 B5 24 18
00012640  CC C0 EC 2D 14 D2 34 3F DC E7 4D 4A 00 00 20 4E
00012650  24 18 4D 4A EC 2D 34 3F 34 3F EC 2D 4D 4A 24 18
00012660  20 4E 00 00 4D 4A DC E7 34 3F 14 D2 EC 2D CC C0
00012670  24 18 B3 B5 00 00 E0 B1 DC E7 B3 B5 14 D2 CC C0
00012680  CC C0 14 D2 B3 B5 DC E7 E0 B1 00 00 B3 B5 24 18
00012690  CC C0 EC 2D 14 D2 34 3F DC E7 4D 4A 00 00 20 4E
000126A0  24 18 4D 4A EC 2D 34 3F 34 3F EC 2D 4D 4A 24 18
000126B0  20 4E 00 00 4D 4A DC E7 34 3F 14 D2 EC 2D CC C0
000126C0  24 18 B3 B5 00 00 E0 B1 DC E7 B3 B5 14 D2 CC C0
000126D0  CC C0 14 D2 B3 B5 DC E7 E0 B1 00 00 B3 B5 24 18
000126E0  CC C0 EC 2D 14 D2 34 3F DC E7 4D 4A 00 00 20 4E
000126F0  24 18 4D 4A EC 2D 34 3F 34 3F EC 2D 4D 4A 24 18
00012700  20 4E 00 00 4D 4A DC E7 34 3F 14 D2 EC 2D CC C0
00012710  24 18 B3 B5 00 00 E0 B1 DC E7 B3 B5 14 D2 CC C0
00012720  CC C0 14 D2 B3 B5 DC E7 E0 B1 00 00 B3 B5 24 18
00012730  CC C0 EC 2D 14 D2 34 3F DC E7 4D 4A 00 00 20 4E
00012740  24 18 4D 4A EC 2D 34 3F 34 3F EC 2D 4D 4A 24 18
00012750  20 4E 00 00 4D 4A DC E7 34 3F 14 D2 EC 2D CC C0
00012760  24 18 B3 B5 00 00 E0 B1 DC E7 B3 B5 14 D2 CC C0
00012770  CC C0 14 D2 B3 B5 DC E7 E0 B1 00 00 B3 B5 24 18
00012780  CC C0 EC 2D 14 D2 34 3F DC E7 4D 4A 00 00 20 4E
00012790  24 18 4D 4A EC 2D 34 3F 34 3F EC 2D 4D 4A 24 18
000127A0  20 4E 00 00 4D 4A DC E7 34 3F 14 D2 EC 2D CC C0
000127B0  24 18 B3 B5 00 00 E0 B1 DC E7 B3 B5 14 D2 CC C0
000127C0  CC C0 14 D2 B3 B5 DC E7 E0 B1 00 00 B3 B5 24 18
000127D0  CC C0 EC 2D 14 D2 34 3F DC E7 4D 4A 00 00 20 4E
000127E0  24 18 4D 4A EC 2D 34 3F 34 3F EC 2D 4D 4A 24 18
000127F0  20 4E 00 00 4D 4A DC E7 34 3F 14 D2 EC 2D CC C0
00012800  24 18 B3 B5 00 00 E0 B1 DC E7 B3 B5 14 D2 CC C0
00012810  CC C0 14 D2 B3 B5 DC E7 E0 B1 00 00 B3 B5 24 18
00012820  CC C0 EC 2D 14 D2 34 3F DC E7 4D 4A 00 00 20 4E
00012830  24 18 4D 4A EC 2D 34 3F 34 3F EC 2D 4D 4A 24 18
00012840  20 4E 00 00 4D 4A DC E7 34 3F 14 D2 EC 2D CC C0
00012850  24 18 B3 B5 00 00 E0 B1 DC E7 B3 B5 14 D2 CC C0
00012860  CC C0 14 D2 B3 B5 DC E7 E0 B1 00 00 B3 B5 24 18
00012870  CC C0 EC 2D 14 D2 34 3F DC E7 4D 4A 00 00 20 4E
00012880  24 18 4D 4A EC 2D 34 3F 34 3F EC 2D 4D 4A 24 18
00012890  20 4E 00 00 4D 4A DC E7 34 3F 14 D2 EC 2D CC C0
000128A0  24 18 B3 B5 00 00 E0 B1 DC E7 B3 B5 14 D2 CC C0
000128B0  CC C0 14 D2 B3 B5 DC E7 E0 B1 00 00 B3 B5 24 18
000128C0  CC C0 EC 2D 14 D2 34 3F DC E7 4D 4A 00 00 20 4E
000128D0  24 18 4D 4A EC 2D 34 3F 34 3F EC 2D 4D 4A 24 18
000128E0  20 4E 00 00 4D 4A DC E7 34 3F 14 D2 EC 2D CC C0
000128F0  24 18 B3 B5 00 00 E0 B1 DC E7 B3 B5 14 D2 CC C0
00012900  CC C0 14 D2 B3 B5 DC E7 E0 B1 00 00 B3 B5 24 18
00012910  CC C0 EC 2D 14 D2 34 3F DC E7 4D 4A 00 00 20 4E
00012920  24 18 4D 4A EC 2D 34 3F 34 3F EC 2D 4D 4A 24 18
00012930  20 4E 00 00 4D 4A DC E7 34 3F 14 D2 EC 2D CC C0
00012940  24 18 B3 B5 00 00 E0 B1 DC E7 B3 B5 14 D2 CC C0
00012950  CC C0 14 D2 B3 B5 DC E7 E0 B1 00 00 B3 B5 24 18
00012960  CC C0 EC 2D 14 D2 34 3F DC E7 4D 4A 00 00 20 4E
00012970  24 18 4D 4A EC 2D 34 3F 34 3F EC 2D 4D 4A 24 18
00012980  20 4E 00 00 4D 4A DC E7 34 3F 14 D2 EC 2D CC C0
00012990  24 18 B3 B5 00 00 E0 B1 DC E7 B3 B5 14 D2 CC C0
000129A0  CC C0 14 D2 B3 B5 DC E7 E0 B1 00 00 B3 B5 24 18
000129B0  CC C0 EC 2D 14 D2 34 3F DC E7 4D 4A 00 00 20 4E
000129C0  24 18 4D 4A EC 2D 34 3F 34 3F EC 2D 4D 4A 24 18
000129D0  20 4E 00 00 4D 4A DC E7 34 3F 14 D2 EC 2D CC C0
000129E0  24 18 B3 B5 00 00 E0 B1 DC E7 B3 B5 14 D2 CC C0
000129F0  CC C0 14 D2 B3 B5 DC E7 E0 B1 00 00 B3 B5 24 18
00012A00  CC C0 EC 2D 14 D2 34 3F DC E7 4D 4A 00 00 20 4E
00012A10  24 18 4D 4A EC 2D 34 3F 34 3F EC 2D 4D 4A 24 18
00012A20  20 4E 00 00 4D 4A DC E7 34 3F 14 D2 EC 2D CC C0
00012A30  24 18 B3 B5 00 00 E0 B1 DC E7 B3 B5 14 D2 CC C0
00012A40  CC C0 14 D2 B3 B5 DC E7 E0 B1 00 00 B3 B5 24 18
00012A50  CC C0 EC 2D 14 D2 34 3F DC E7 4D 4A 00 00 20 4E
00012A60  24 18 4D 4A EC 2D 34 3F 34 3F EC 2D 4D 4A 24 18
00012A70  20 4E 00 00 4D 4A DC E7 34 3F 14 D2 EC 2D CC C0
00012A80  24 18 B3 B5 00 00 E0 B1 DC E7 B3 B5 14 D2 CC C0
00012A90  CC C0 14 D2 B3 B5 DC E7 E0 B1 00 00 B3 B5 24 18
00012AA0  CC C0 EC 2D 14 D2 34 3F DC E7 4D 4A 00 00 20 4E
00012AB0  24 18 4D 4A EC 2D 34 3F 34 3F EC 2D 4D 4A 24 18
00012AC0  20 4E 00 00 4D 4A DC E7 34 3F 14 D2 EC 2D CC C0
00012AD0  24 18 B3 B5 00 00 E0 B1 DC E7 B3 B5 14 D2 CC C0
00012AE0  CC C0 14 D2 B3 B5 DC E7 E0 B1 00 00 B3 B5 24 18
00012AF0  CC C0 EC 2D 14 D2 34 3F DC E7 4D 4A 00 00 20 4E
00012B00  24 18 4D 4A EC 2D 34 3F 34 3F EC 2D 4D 4A 24 18
00012B10  20 4E 00 00 4D 4A DC E7 34 3F 14 D2 EC 2D CC C0
00012B20  24 18 B3 B5 00 00 E0 B1 DC E7 B3 B5 14 D2 CC C0
00012B30  CC C0 14 D2 B3 B5 DC E7 E0 B1 00 00 B3 B5 24 18
00012B40  CC C0 EC 2D 14 D2 34 3F DC E7 4D 4A 00 00 20 4E
00012B50  24 18 4D 4A EC 2D 34 3F 34 3F EC 2D 4D 4A 24 18
00012B60  20 4E 00 00 4D 4A DC E7 34 3F 14 D2 EC 2D CC C0
00012B70  24 18 B3 B5 00 00 E0 B1 DC E7 B3 B5 14 D2 CC C0
00012B80  CC C0 14 D2 B3 B5 DC E7 E0 B1 00 00 B3 B5 24 18
00012B90  CC C0 EC 2D 14 D2 34 3F DC E7 4D 4A 00 00 20 4E
00012BA0  24 18 4D 4A EC 2D 34 3F 34 3F EC 2D 4D 4A 24 18
00012BB0  20 4E 00 00 4D 4A DC E7 34 3F 14 D2 EC 2D CC C0
00012BC0  24 18 B3 B5 00 00 E0 B1 DC E7 B3 B5 14 D2 CC C0
00012BD0  CC C0 14 D2 B3 B5 DC E7 E0 B1 00 00 B3 B5 24 18
00012BE0  CC C0 EC 2D 14 D2 34 3F DC E7 4D 4A 00 00 20 4E
00012BF0  24 18 4D 4A EC 2D 34 3F 34 3F EC 2D 4D 4A 24 18
00012C00  20 4E 00 00 4D 4A DC E7 34 3F 14 D2 EC 2D CC C0
00012C10  24 18 B3 B5 00 00 E0 B1 DC E7 B3 B5 14 D2 CC C0
00012C20  CC C0 14 D2 B3 B5 DC E7 E0 B1 00 00 B3 B5 24 18
00012C30  CC C0 EC 2D 14 D2 34 3F DC E7 4D 4A 00 00 20 4E
00012C40  24 18 4D 4A EC 2D 34 3F 34 3F EC 2D 4D 4A 24 18
00012C50  20 4E 00 00 4D 4A DC E7 34 3F 14 D2 EC 2D CC C0
00012C60  24 18 B3 B5 00 00 E0 B1 DC E7 B3 B5 14 D2 CC C0
00012C70  CC C0 14 D2 B3 B5 DC E7 E0 B1 00 00 B3 B5 24 18
00012C80  CC C0 EC 2D 14 D2 34 3F DC E7 4D 4A 00 00 20 4E
00012C90  24 18 4D 4A EC 2D 34 3F 34 3F EC 2D 4D 4A 24 18
00012CA0  20 4E 00 00 4D 4A DC E7 34 3F 14 D2 EC 2D CC C0
00012CB0  24 18 B3 B5 00 00 E0 B1 DC E7 B3 B5 14 D2 CC C0
00012CC0  CC C0 14 D2 B3 B5 DC E7 E0 B1 00 00 B3 B5 24 18
00012CD0  CC C0 EC 2D 14 D2 34 3F DC E7 4D 4A 00 00 20 4E
00012CE0  24 18 4D 4A EC 2D 34 3F 34 3F EC 2D 4D 4A 24 18
00012CF0  20 4E 00 00 4D 4A DC E7 34 3F 14 D2 EC 2D CC C0
00012D00  24 18 B3 B5 00 00 E0 B1 DC E7 B3 B5 14 D2 CC C0
00012D10  CC C0 14 D2 B3 B5 DC E7 E0 B1 00 00 B3 B5 24 18
00012D20  CC C0 EC 2D 14 D2 34 3F DC E7 4D 4A 00 00 20 4E
00012D30  24 18 4D 4A EC 2D 34 3F 34 3F EC 2D 4D 4A 24 18
00012D40  20 4E 00 00 4D 4A DC E7 34 3F 14 D2 EC 2D CC C0
00012D50  24 18 B3 B5 00 00 E0 B1 DC E7 B3 B5 14 D2 CC C0
00012D60  CC C0 14 D2 B3 B5 DC E7 E0 B1 00 00 B3 B5 24 18
00012D70  CC C0 EC 2D 14 D2 34 3F DC E7 4D 4A 00 00 20 4E
00012D80  24 18 4D 4A EC 2D 34 3F 34 3F EC 2D 4D 4A 24 18
00012D90  20 4E 00 00 4D 4A DC E7 34 3F 14 D2 EC 2D CC C0
00012DA0  24 18 B3 B5 00 00 E0 B1 DC E7 B3 B5 14 D2 CC C0
00012DB0  CC C0 14 D2 B3 B5 DC E7 E0 B1 00 00 B3 B5 24 18
00012DC0  CC C0 EC 2D 14 D2 34 3F DC E7 4D 4A 00 00 20 4E
00012DD0  24 18 4D 4A EC 2D 34 3F 34 3F EC 2D 4D 4A 24 18
00012DE0  20 4E 00 00 4D 4A DC E7 34 3F 14 D2 EC 2D CC C0
00012DF0  24 18 B3 B5 00 00 E0 B1 DC E7 B3 B5 14 D2 CC C0
00012E00  CC C0 14 D2 B3 B5 DC E7 E0 B1 00 00 B3 B5 24 18
00012E10  CC C0 EC 2D 14 D2 34 3F DC E7 4D 4A 00 00 20 4E
00012E20  24 18 4D 4A EC 2D 34 3F 34 3F EC 2D 4D 4A 24 18
00012E30  20 4E 00 00 4D 4A DC E7 34 3F 14 D2 EC 2D CC C0
00012E40  24 18 B3 B5 00 00 E0 B1 DC E7 B3 B5 14 D2 CC C0
00012E50  CC C0 14 D2 B3 B5 DC E7 E0 B1 00 00 B3 B5 24 18
00012E60  CC C0 EC 2D 14 D2 34 3F DC E7 4D 4A 00 00 20 4E
00012E70  24 18 4D 4A EC 2D 34 3F 34 3F EC 2D 4D 4A 24 18
00012E80  20 4E 00 00 4D 4A DC E7 34 3F 14 D2 EC 2D CC C0
00012E90  24 18 B3 B5 00 00 E0 B1 DC E7 B3 B5 14 D2 CC C0
00012EA0  CC C0 14 D2 B3 B5 DC E7 E0 B1 00 00 B3 B5 24 18
00012EB0  CC C0 EC 2D 14 D2 34 3F DC E7 4D 4A 00 00 20 4E
00012EC0  24 18 4D 4A EC 2D 34 3F 34 3F EC 2D 4D 4A 24 18
00012ED0  20 4E 00 00 4D 4A DC E7 34 3F 14 D2 EC 2D CC C0
00012EE0  24 18 B3 B5 00 00 E0 B1 DC E7 B3 B5 14 D2 CC C0
00012EF0  CC C0 14 D2 B3 B5 DC E7 E0 B1 00 00 B3 B5 24 18
00012F00  CC C0 EC 2D 14 D2 34 3F DC E7 4D 4A 00 00 20 4E
00012F10  24 18 4D 4A EC 2D 34 3F 34 3F EC 2D 4D 4A 24 18
00012F20  20 4E 00 00 4D 4A DC E7 34 3F 14 D2 EC 2D CC C0
00012F30  24 18 B3 B5 00 00 E0 B1 DC E7 B3 B5 14 D2 CC C0
00012F40  CC C0 14 D2 B3 B5 DC E7 E0 B1 00 00 B3 B5 24 18
00012F50  CC C0 EC 2D 14 D2 34 3F DC E7 4D 4A 00 00 20 4E
00012F60  24 18 4D 4A EC 2D 34 3F 34 3F EC 2D 4D 4A 24 18
00012F70  20 4E 00 00 4D 4A DC E7 34 3F 14 D2 EC 2D CC C0
00012F80  24 18 B3 B5 00 00 E0 B1 DC E7 B3 B5 14 D2 CC C0
00012F90  CC C0 14 D2 B3 B5 DC E7 E0 B1 00 00 B3 B5 24 18
00012FA0  CC C0 EC 2D 14 D2 34 3F DC E7 4D 4A 00 00 20 4E
00012FB0  24 18 4D 4A EC 2D 34 3F 34 3F EC 2D 4D 4A 24 18
00012FC0  20 4E 00 00 4D 4A DC E7 34 3F 14 D2 EC 2D CC C0
00012FD0  24 18 B3 B5 00 00 E0 B1 DC E7 B3 B5 14 D2 CC C0
00012FE0  CC C0 14 D2 B3 B5 DC E7 E0 B1 00 00 B3 B5 24 18
00012FF0  CC C0 EC 2D 14 D2 34 3F DC E7 4D 4A 00 00 20 4E
00013000  24 18 4D 4A EC 2D 34 3F 34 3F EC 2D 4D 4A 24 18
00013010  20 4E 00 00 4D 4A DC E7 34 3F 14 D2 EC 2D CC C0
00013020  24 18 B3 B5 00 00 E0 B1 DC E7 B3 B5 14 D2 CC C0
00013030  CC C0 14 D2 B3 B5 DC E7 E0 B1 00 00 B3 B5 24 18
00013040  CC C0 EC 2D 14 D2 34 3F DC E7 4D 4A 00 00 20 4E
00013050  24 18 4D 4A EC 2D 34 3F 34 3F EC 2D 4D 4A 24 18
00013060  20 4E 00 00 4D 4A DC E7 34 3F 14 D2 EC 2D CC C0
00013070  24 18 B3 B5 00 00 E0 B1 DC E7 B3 B5 14 D2 CC C0
00013080  CC C0 14 D2 B3 B5 DC E7 E0 B1 00 00 B3 B5 24 18
00013090  CC C0 EC 2D 14 D2 34 3F DC E7 4D 4A 00 00 20 4E
000130A0  24 18 4D 4A EC 2D 34 3F 34 3F EC 2D 4D 4A 24 18
000130B0  20 4E 00 00 4D 4A DC E7 34 3F 14 D2 EC 2D CC C0
000130C0  24 18 B3 B5 00 00 E0 B1 DC E7 B3 B5 14 D2 CC C0
000130D0  CC C0 14 D2 B3 B5 DC E7 E0 B1 00 00 B3 B5 24 18
000130E0  CC C0 EC 2D 14 D2 34 3F DC E7 4D 4A 00 00 20 4E
000130F0  24 18 4D 4A EC 2D 34 3F 34 3F EC 2D 4D 4A 24 18
00013100  20 4E 00 00 4D 4A DC E7 34 3F 14 D2 EC 2D CC C0
00013110  24 18 B3 B5 00 00 E0 B1 DC E7 B3 B5 14 D2 CC C0
00013120  CC C0 14 D2 B3 B5 DC E7 E0 B1 00 00 B3 B5 24 18
00013130  CC C0 EC 2D 14 D2 34 3F DC E7 4D 4A 00 00 20 4E
00013140  24 18 4D 4A EC 2D 34 3F 34 3F EC 2D 4D 4A 24 18
00013150  20 4E 00 00 4D 4A DC E7 34 3F 14 D2 EC 2D CC C0
00013160  24 18 B3 B5 00 00 E0 B1 DC E7 B3 B5 14 D2 CC C0
00013170  CC C0 14 D2 B3 B5 DC E7 E0 B1 00 00 B3 B5 24 18
00013180  CC C0 EC 2D 14 D2 34 3F DC E7 4D 4A 00 00 20 4E
00013190  24 18 4D 4A EC 2D 34 3F 34 3F EC 2D 4D 4A 24 18
000131A0  20 4E 00 00 4D 4A DC E7 34 3F 14 D2 EC 2D CC C0
000131B0  24 18 B3 B5 00 00 E0 B1 DC E7 B3 B5 14 D2 CC C0
000131C0  CC C0 14 D2 B3 B5 DC E7 E0 B1 00 00 B3 B5 24 18
000131D0  CC C0 EC 2D 14 D2 34 3F DC E7 4D 4A 00 00 20 4E
000131E0  24 18 4D 4A EC 2D 34 3F 34 3F EC 2D 4D 4A 24 18
000131F0  20 4E 00 00 4D 4A DC E7 34 3F 14 D2 EC 2D CC C0
00013200  24 18 B3 B5 00 00 E0 B1 DC E7 B3 B5 14 D2 CC C0
00013210  CC C0 14 D2 B3 B5 DC E7 E0 B1 00 00 B3 B5 24 18
00013220  CC C0 EC 2D 14 D2 34 3F DC E7 4D 4A 00 00 20 4E
00013230  24 18 4D 4A EC 2D 34 3F 34 3F EC 2D 4D 4A 24 18
00013240  20 4E 00 00 4D 4A DC E7 34 3F 14 D2 EC 2D CC C0
00013250  24 18 B3 B5 00 00 E0 B1 DC E7 B3 B5 14 D2 CC C0
00013260  CC C0 14 D2 B3 B5 DC E7 E0 B1 00 00 B3 B5 24 18
00013270  CC C0 EC 2D 14 D2 34 3F DC E7 4D 4A 00 00 20 4E
00013280  24 18 4D 4A EC 2D 34 3F 34 3F EC 2D 4D 4A 24 18
00013290  20 4E 00 00 4D 4A DC E7 34 3F 14 D2 EC 2D CC C0
000132A0  24 18 B3 B5 00 00 E0 B1 DC E7 B3 B5 14 D2 CC C0
000132B0  CC C0 14 D2 B3 B5 DC E7 E0 B1 00 00 B3 B5 24 18
000132C0  CC C0 EC 2D 14 D2 34 3F DC E7 4D 4A 00 00 20 4E
000132D0  24 18 4D 4A EC 2D 34 3F 34 3F EC 2D 4D 4A 24 18
000132E0  20 4E 00 00 4D 4A DC E7 34 3F 14 D2 EC 2D CC C0
000132F0  24 18 B3 B5 00 00 E0 B1 DC E7 B3 B5 14 D2 CC C0
00013300  CC C0 14 D2 B3 B5 DC E7 E0 B1 00 00 B3 B5 24 18
00013310  CC C0 EC 2D 14 D2 34 3F DC E7 4D 4A 00 00 20 4E
00013320  24 18 4D 4A EC 2D 34 3F 34 3F EC 2D 4D 4A 24 18
00013330  20 4E 00 00 4D 4A DC E7 34 3F 14 D2 EC 2D CC C0
00013340  24 18 B3 B5 00 00 E0 B1 DC E7 B3 B5 14 D2 CC C0
00013350  CC C0 14 D2 B3 B5 DC E7 E0 B1 00 00 B3 B5 24 18
00013360  CC C0 EC 2D 14 D2 34 3F DC E7 4D 4A 00 00 20 4E
00013370  24 18 4D 4A EC 2D 34 3F 34 3F EC 2D 4D 4A 24 18
00013380  20 4E 00 00 4D 4A DC E7 34 3F 14 D2 EC 2D CC C0
00013390  24 18 B3 B5 00 00 E0 B1 DC E7 B3 B5 14 D2 CC C0
000133A0  CC C0 14 D2 B3 B5 DC E7 E0 B1 00 00 B3 B5 24 18
000133B0  CC C0 EC 2D 14 D2 34 3F DC E7 4D 4A 00 00 20 4E
000133C0  24 18 4D 4A EC 2D 34 3F 34 3F EC 2D 4D 4A 24 18
000133D0  20 4E 00 00 4D 4A DC E7 34 3F 14 D2 EC 2D CC C0
000133E0  24 18 B3 B5 00 00 E0 B1 DC E7 B3 B5 14 D2 CC C0
000133F0  CC C0 14 D2 B3 B5 DC E7 E0 B1 00 00 B3 B5 24 18
00013400  CC C0 EC 2D 14 D2 34 3F DC E7 4D 4A 00 00 20 4E
00013410  24 18 4D 4A EC 2D 34 3F 34 3F EC 2D 4D 4A 24 18
00013420  20 4E 00 00 4D 4A DC E7 34 3F 14 D2 EC 2D CC C0
00013430  24 18 B3 B5 00 00 E0 B1 DC E7 B3 B5 14 D2 CC C0
00013440  CC C0 14 D2 B3 B5 DC E7 E0 B1 00 00 B3 B5 24 18
00013450  CC C0 EC 2D 14 D2 34 3F DC E7 4D 4A 00 00 20 4E
00013460  24 18 4D 4A EC 2D 34 3F 34 3F EC 2D 4D 4A 24 18
00013470  20 4E 00 00 4D 4A DC E7 34 3F 14 D2 EC 2D CC C0
00013480  24 18 B3 B5 00 00 E0 B1 DC E7 B3 B5 14 D2 CC C0
00013490  CC C0 14 D2 B3 B5 DC E7 E0 B1 00 00 B3 B5 24 18
000134A0  CC C0 EC 2D 14 D2 34 3F DC E7 4D 4A 00 00 20 4E
000134B0  24 18 4D 4A EC 2D 34 3F 34 3F EC 2D 4D 4A 24 18
000134C0  20 4E 00 00 4D 4A DC E7 34 3F 14 D2 EC 2D CC C0
000134D0  24 18 B3 B5 00 00 E0 B1 DC E7 B3 B5 14 D2 CC C0
000134E0  CC C0 14 D2 B3 B5 DC E7 E0 B1 00 00 B3 B5 24 18
000134F0  CC C0 EC 2D 14 D2 34 3F DC E7 4D 4A 00 00 20 4E
00013500  24 18 4D 4A EC 2D 34 3F 34 3F EC 2D 4D 4A 24 18
00013510  20 4E 00 00 4D 4A DC E7 34 3F 14 D2 EC 2D CC C0
00013520  24 18 B3 B5 00 00 E0 B1 DC E7 B3 B5 14 D2 CC C0
00013530  CC C0 14 D2 B3 B5 DC E7 E0 B1 00 00 B3 B5 24 18
00013540  CC C0 EC 2D 14 D2 34 3F DC E7 4D 4A 00 00 20 4E
00013550  24 18 4D 4A EC 2D 34 3F 34 3F EC 2D 4D 4A 24 18
00013560  20 4E 00 00 4D 4A DC E7 34 3F 14 D2 EC 2D CC C0
00013570  24 18 B3 B5 00 00 E0 B1 DC E7 B3 B5 14 D2 CC C0
00013580  CC C0 14 D2 B3 B5 DC E7 E0 B1 00 00 B3 B5 24 18
00013590  CC C0 EC 2D 14 D2 34 3F DC E7 4D 4A 00 00 20 4E
000135A0  24 18 4D 4A EC 2D 34 3F 34 3F EC 2D 4D 4A 24 18
000135B0  20 4E 00 00 4D 4A DC E7 34 3F 14 D2 EC 2D CC C0
000135C0  24 18 B3 B5 00 00 E0 B1 DC E7 B3 B5 14 D2 CC C0
000135D0  CC C0 14 D2 B3 B5 DC E7 E0 B1 00 00 B3 B5 24 18
000135E0  CC C0 EC 2D 14 D2 34 3F DC E7 4D 4A 00 00 20 4E
000135F0  24 18 4D 4A EC 2D 34 3F 34 3F EC 2D 4D 4A 24 18
00013600  20 4E 00 00 4D 4A DC E7 34 3F 14 D2 EC 2D CC C0
00013610  24 18 B3 B5 00 00 E0 B1 DC E7 B3 B5 14 D2 CC C0
00013620  CC C0 14 D2 B3 B5 DC E7 E0 B1 00 00 B3 B5 24 18
00013630  CC C0 EC 2D 14 D2 34 3F DC E7 4D 4A 00 00 20 4E
00013640  24 18 4D 4A EC 2D 34 3F 34 3F EC 2D 4D 4A 24 18
00013650  20 4E 00 00 4D 4A DC E7 34 3F 14 D2 EC 2D CC C0
00013660  24 18 B3 B5 00 00 E0 B1 DC E7 B3 B5 14 D2 CC C0
00013670  CC C0 14 D2 B3 B5 DC E7 E0 B1 00 00 B3 B5 24 18
00013680  CC C0 EC 2D 14 D2 34 3F DC E7 4D 4A 00 00 20 4E
00013690  24 18 4D 4A EC 2D 34 3F 34 3F EC 2D 4D 4A 24 18
000136A0  20 4E 00 00 4D 4A DC E7 34 3F 14 D2 EC 2D CC C0
000136B0  24 18 B3 B5 00 00 E0 B1 DC E7 B3 B5 14 D2 CC C0
000136C0  CC C0 14 D2 B3 B5 DC E7 E0 B1 00 00 B3 B5 24 18
000136D0  CC C0 EC 2D 14 D2 34 3F DC E7 4D 4A 00 00 20 4E
000136E0  24 18 4D 4A EC 2D 34 3F 34 3F EC 2D 4D 4A 24 18
000136F0  20 4E 00 00 4D 4A DC E7 34 3F 14 D2 EC 2D CC C0
00013700  24 18 B3 B5 00 00 E0 B1 DC E7 B3 B5 14 D2 CC C0
00013710  CC C0 14 D2 B3 B5 DC E7 E0 B1 00 00 B3 B5 24 18
00013720  CC C0 EC 2D 14 D2 34 3F DC E7 4D 4A 00 00 20 4E
00013730  24 18 4D 4A EC 2D 34 3F 34 3F EC 2D 4D 4A 24 18
00013740  20 4E 00 00 4D 4A DC E7 34 3F 14 D2 EC 2D CC C0
00013750  24 18 B3 B5 00 00 E0 B1 DC E7 B3 B5 14 D2 CC C0
00013760  CC C0 14 D2 B3 B5 DC E7 E0 B1 00 00 B3 B5 24 18
00013770  CC C0 EC 2D 14 D2 34 3F DC E7 4D 4A 00 00 20 4E
00013780  24 18 4D 4A EC 2D 34 3F 34 3F EC 2D 4D 4A 24 18
00013790  20 4E 00 00 4D 4A DC E7 34 3F 14 D2 EC 2D CC C0
000137A0  24 18 B3 B5 00 00 E0 B1 DC E7 B3 B5 14 D2 CC C0
000137B0  CC C0 14 D2 B3 B5 DC E7 E0 B1 00 00 B3 B5 24 18
000137C0  CC C0 EC 2D 14 D2 34 3F DC E7 4D 4A 00 00 20 4E
000137D0  24 18 4D 4A EC 2D 34 3F 34 3F EC 2D 4D 4A 24 18
000137E0  20 4E 00 00 4D 4A DC E7 34 3F 14 D2 EC 2D CC C0
000137F0  24 18 B3 B5 00 00 E0 B1 DC E7 B3 B5 14 D2 CC C0
00013800  CC C0 14 D2 B3 B5 DC E7 E0 B1 00 00 B3 B5 24 18
00013810  CC C0 EC 2D 14 D2 34 3F DC E7 4D 4A 00 00 20 4E
00013820  24 18 4D 4A EC 2D 34 3F 34 3F EC 2D 4D 4A 24 18
00013830  20 4E 00 00 4D 4A DC E7 34 3F 14 D2 EC 2D CC C0
00013840  24 18 B3 B5 00 00 E0 B1 DC E7 B3 B5 14 D2 CC C0
00013850  CC C0 14 D2 B3 B5 DC E7 E0 B1 00 00 B3 B5 24 18
00013860  CC C0 EC 2D 14 D2 34 3F DC E7 4D 4A 00 00 20 4E
00013870  24 18 4D 4A EC 2D 34 3F 34 3F EC 2D 4D 4A 24 18
00013880  20 4E 00 00 4D 4A DC E7 34 3F 14 D2 EC 2D CC C0
00013890  24 18 B3 B5 00 00 E0 B1 DC E7 B3 B5 14 D2 CC C0
000138A0  CC C0 14 D2 B3 B5 DC E7 E0 B1 00 00 B3 B5 24 18
000138B0  CC C0 EC 2D 14 D2 34 3F DC E7 4D 4A 00 00 20 4E
000138C0  24 18 4D 4A EC 2D 34 3F 34 3F EC 2D 4D 4A 24 18
000138D0  20 4E 00 00 4D 4A DC E7 34 3F 14 D2 EC 2D CC C0
000138E0  24 18 B3 B5 00 00 E0 B1 DC E7 B3 B5 14 D2 CC C0
000138F0  CC C0 14 D2 B3 B5 DC E7 E0 B1 00 00 B3 B5 24 18
00013900  CC C0 EC 2D 14 D2 34 3F DC E7 4D 4A 00 00 20 4E
00013910  24 18 4D 4A EC 2D 34 3F 34 3F EC 2D 4D 4A 24 18
00013920  20 4E 00 00 4D 4A DC E7 34 3F 14 D2 EC 2D CC C0
00013930  24 18 B3 B5 00 00 E0 B1 DC E7 B3 B5 14 D2 CC C0
00013940  CC C0 14 D2 B3 B5 DC E7 E0 B1 00 00 B3 B5 24 18
00013950  CC C0 EC 2D 14 D2 34 3F DC E7 4D 4A 00 00 20 4E
00013960  24 18 4D 4A EC 2D 34 3F 34 3F EC 2D 4D 4A 24 18
00013970  20 4E 00 00 4D 4A DC E7 34 3F 14 D2 EC 2D CC C0
00013980  24 18 B3 B5 00 00 E0 B1 DC E7 B3 B5 14 D2 CC C0
00013990  CC C0 14 D2 B3 B5 DC E7 E0 B1 00 00 B3 B5 24 18
000139A0  CC C0 EC 2D 14 D2 34 3F DC E7 4D 4A 00 00 20 4E
000139B0  24 18 4D 4A EC 2D 34 3F 34 3F EC 2D 4D 4A 24 18
000139C0  20 4E 00 00 4D 4A DC E7 34 3F 14 D2 EC 2D CC C0
000139D0  24 18 B3 B5 00 00 E0 B1 DC E7 B3 B5 14 D2 CC C0
000139E0  CC C0 14 D2 B3 B5 DC E7 E0 B1 00 00 B3 B5 24 18
000139F0  CC C0 EC 2D 14 D2 34 3F DC E7 4D 4A 00 00 20 4E
00013A00  24 18 4D 4A EC 2D 34 3F 34 3F EC 2D 4D 4A 24 18
00013A10  20 4E 00 00 4D 4A DC E7 34 3F 14 D2 EC 2D CC C0
00013A20  24 18 B3 B5 00 00 E0 B1 DC E7 B3 B5 14 D2 CC C0
00013A30  CC C0 14 D2 B3 B5 DC E7 E0 B1 00 00 B3 B5 24 18
00013A40  CC C0 EC 2D 14 D2 34 3F DC E7 4D 4A 00 00 20 4E
00013A50  24 18 4D 4A EC 2D 34 3F 34 3F EC 2D 4D 4A 24 18
00013A60  20 4E 00 00 4D 4A DC E7 34 3F 14 D2 EC 2D CC C0
00013A70  24 18 B3 B5 00 00 E0 B1 DC E7 B3 B5 14 D2 CC C0
00013A80  CC C0 14 D2 B3 B5 DC E7 E0 B1 00 00 B3 B5 24 18
00013A90  CC C0 EC 2D 14 D2 34 3F DC E7 4D 4A 00 00 20 4E
00013AA0  24 18 4D 4A EC 2D 34 3F 34 3F EC 2D 4D 4A 24 18
00013AB0  20 4E 00 00 4D 4A DC E7 34 3F 14 D2 EC 2D CC C0
00013AC0  24 18 B3 B5 00 00 E0 B1 DC E7 B3 B5 14 D2 CC C0
00013AD0  CC C0 14 D2 B3 B5 DC E7 E0 B1 00 00 B3 B5 24 18
00013AE0  CC C0 EC 2D 14 D2 34 3F DC E7 4D 4A 00 00 20 4E
00013AF0  24 18 4D 4A EC 2D 34 3F 34 3F EC 2D 4D 4A 24 18
00013B00  20 4E 00 00 4D 4A DC E7 34 3F 14 D2 EC 2D CC C0
00013B10  24 18 B3 B5 00 00 E0 B1 DC E7 B3 B5 14 D2 CC C0
00013B20  CC C0 14 D2 B3 B5 DC E7 E0 B1 00 00 B3 B5 24 18
00013B30  CC C0 EC 2D 14 D2 34 3F DC E7 4D 4A 00 00 20 4E
00013B40  24 18 4D 4A EC 2D 34 3F 34 3F EC 2D 4D 4A 24 18
00013B50  20 4E 00 00 4D 4A DC E7 34 3F 14 D2 EC 2D CC C0
00013B60  24 18 B3 B5 00 00 E0 B1 DC E7 B3 B5 14 D2 CC C0
00013B70  CC C0 14 D2 B3 B5 DC E7 E0 B1 00 00 B3 B5 24 18
00013B80  CC C0 EC 2D 14 D2 34 3F DC E7 4D 4A 00 00 20 4E
00013B90  24 18 4D 4A EC 2D 34 3F 34 3F EC 2D 4D 4A 24 18
00013BA0  20 4E 00 00 4D 4A DC E7 34 3F 14 D2 EC 2D CC C0
00013BB0  24 18 B3 B5 00 00 E0 B1 DC E7 B3 B5 14 D2 CC C0
00013BC0  CC C0 14 D2 B3 B5 DC E7 E0 B1 00 00 B3 B5 24 18
00013BD0  CC C0 EC 2D 14 D2 34 3F DC E7 4D 4A 00 00 20 4E
00013BE0  24 18 4D 4A EC 2D 34 3F 34 3F EC 2D 4D 4A 24 18
00013BF0  20 4E 00 00 4D 4A DC E7 34 3F 14 D2 EC 2D CC C0
00013C00  24 18 B3 B5 00 00 E0 B1 DC E7 B3 B5 14 D2 CC C0
00013C10  CC C0 14 D2 B3 B5 DC E7 E0 B1 00 00 B3 B5 24 18
00013C20  CC C0 EC 2D 14 D2 34 3F DC E7 4D 4A 00 00 20 4E
00013C30  24 18 4D 4A EC 2D 34 3F 34 3F EC 2D 4D 4A 24 18
00013C40  20 4E 00 00 4D 4A DC E7 34 3F 14 D2 EC 2D CC C0
00013C50  24 18 B3 B5 00 00 E0 B1 DC E7 B3 B5 14 D2 CC C0
00013C60  CC C0 14 D2 B3 B5 DC E7 E0 B1 00 00 B3 B5 24 18
00013C70  CC C0 EC 2D 14 D2 34 3F DC E7 4D 4A 00 00 20 4E
00013C80  24 18 4D 4A EC 2D 34 3F 34 3F EC 2D 4D 4A 24 18
00013C90  20 4E 00 00 4D 4A DC E7 34 3F 14 D2 EC 2D CC C0
00013CA0  24 18 B3 B5 00 00 E0 B1 DC E7 B3 B5 14 D2 CC C0
00013CB0  CC C0 14 D2 B3 B5 DC E7 E0 B1 00 00 B3 B5 24 18
00013CC0  CC C0 EC 2D 14 D2 34 3F DC E7 4D 4A 00 00 20 4E
00013CD0  24 18 4D 4A EC 2D 34 3F 34 3F EC 2D 4D 4A 24 18
00013CE0  20 4E 00 00 4D 4A DC E7 34 3F 14 D2 EC 2D CC C0
00013CF0  24 18 B3 B5 00 00 E0 B1 DC E7 B3 B5 14 D2 CC C0
00013D00  CC C0 14 D2 B3 B5 DC E7 E0 B1 00 00 B3 B5 24 18
00013D10  CC C0 EC 2D 14 D2 34 3F DC E7 4D 4A 00 00 20 4E
00013D20  24 18 4D 4A EC 2D 34 3F 34 3F EC 2D 4D 4A 24 18
00013D30  20 4E 00 00 4D 4A DC E7 34 3F 14 D2 EC 2D CC C0
00013D40  24 18 B3 B5 00 00 E0 B1 DC E7 B3 B5 14 D2 CC C0
00013D50  CC C0 14 D2 B3 B5 DC E7 E0 B1 00 00 B3 B5 24 18
00013D60  CC C0 EC 2D 14 D2 34 3F DC E7 4D 4A 00 00 20 4E
00013D70  24 18 4D 4A EC 2D 34 3F 34 3F EC 2D 4D 4A 24 18
00013D80  20 4E 00 00 4D 4A DC E7 34 3F 14 D2 EC 2D CC C0
00013D90  24 18 B3 B5 00 00 E0 B1 DC E7 B3 B5 14 D2 CC C0
00013DA0  CC C0 14 D2 B3 B5 DC E7 E0 B1 00 00 B3 B5 24 18
00013DB0  CC C0 EC 2D 14 D2 34 3F DC E7 4D 4A 00 00 20 4E
00013DC0  24 18 4D 4A EC 2D 34 3F 34 3F EC 2D 4D 4A 24 18
00013DD0  20 4E 00 00 4D 4A DC E7 34 3F 14 D2 EC 2D CC C0
00013DE0  24 18 B3 B5 00 00 E0 B1 DC E7 B3 B5 14 D2 CC C0
00013DF0  CC C0 14 D2 B3 B5 DC E7 E0 B1 00 00 B3 B5 24 18
00013E00  CC C0 EC 2D 14 D2 34 3F DC E7 4D 4A 00 00 20 4E
00013E10  24 18 4D 4A EC 2D 34 3F 34 3F EC 2D 4D 4A 24 18
00013E20  20 4E 00 00 4D 4A DC E7 34 3F 14 D2 EC 2D CC C0
00013E30  24 18 B3 B5 00 00 E0 B1 DC E7 B3 B5 14 D2 CC C0
00013E40  CC C0 14 D2 B3 B5 DC E7 E0 B1 00 00 B3 B5 24 18
00013E50  CC C0 EC 2D 14 D2 34 3F DC E7 4D 4A 00 00 20 4E
00013E60  24 18 4D 4A EC 2D 34 3F 34 3F EC 2D 4D 4A 24 18
00013E70  20 4E 00 00 4D 4A DC E7 34 3F 14 D2 EC 2D CC C0
00013E80  24 18 B3 B5 00 00 E0 B1 DC E7 B3 B5 14 D2 CC C0
00013E90  CC C0 14 D2 B3 B5 DC E7 E0 B1 00 00 B3 B5 24 18
00013EA0  CC C0 EC 2D 14 D2 34 3F DC E7 4D 4A 00 00 20 4E
00013EB0  24 18 4D 4A EC 2D 34 3F 34 3F EC 2D 4D 4A 24 18
00013EC0  20 4E 00 00 4D 4A DC E7 34 3F 14 D2 EC 2D CC C0
00013ED0  24 18 B3 B5 00 00 E0 B1 DC E7 B3 B5 14 D2 CC C0
00013EE0  CC C0 14 D2 B3 B5 DC E7 E0 B1 00 00 B3 B5 24 18
00013EF0  CC C0 EC 2D 14 D2 34 3F DC E7 4D 4A 00 00 20 4E
00013F00  24 18 4D 4A EC 2D 34 3F 34 3F EC 2D 4D 4A 24 18
00013F10  20 4E 00 00 4D 4A DC E7 34 3F 14 D2 EC 2D CC C0
00013F20  24 18 B3 B5 00 00 E0 B1 DC E7 B3 B5 14 D2 CC C0
00013F30  CC C0 14 D2 B3 B5 DC E7 E0 B1 00 00 B3 B5 24 18
00013F40  CC C0 EC 2D 14 D2 34 3F DC E7 4D 4A 00 00 20 4E
00013F50  24 18 4D 4A EC 2D 34 3F 34 3F EC 2D 4D 4A 24 18
00013F60  20 4E 00 00 4D 4A DC E7 34 3F 14 D2 EC 2D CC C0
00013F70  24 18 B3 B5 00 00 E0 B1 DC E7 B3 B5 14 D2 CC C0
00013F80  CC C0 14 D2 B3 B5 DC E7 E0 B1 00 00 B3 B5 24 18
00013F90  CC C0 EC 2D 14 D2 34 3F DC E7 4D 4A 00 00 20 4E
00013FA0  24 18 4D 4A EC 2D 34 3F 34 3F EC 2D 4D 4A 24 18
00013FB0  20 4E 00 00 4D 4A DC E7 34 3F 14 D2 EC 2D CC C0
00013FC0  24 18 B3 B5 00 00 E0 B1 DC E7 B3 B5 14 D2 CC C0
00013FD0  CC C0 14 D2 B3 B5 DC E7 E0 B1 00 00 B3 B5 24 18
00013FE0  CC C0 EC 2D 14 D2 34 3F DC E7 4D 4A 00 00 20 4E
00013FF0  24 18 4D 4A EC 2D 34 3F 34 3F EC 2D 4D 4A 24 18
00014000  20 4E 00 00 4D 4A DC E7 34 3F 14 D2 EC 2D CC C0
00014010  24 18 B3 B5 00 00 E0 B1 DC E7 B3 B5 14 D2 CC C0
00014020  CC C0 14 D2 B3 B5 DC E7 E0 B1 00 00 B3 B5 24 18
00014030  CC C0 EC 2D 14 D2 34 3F DC E7 4D 4A 00 00 20 4E
00014040  24 18 4D 4A EC 2D 34 3F 34 3F EC 2D 4D 4A 24 18
00014050  20 4E 00 00 4D 4A DC E7 34 3F 14 D2 EC 2D CC C0
00014060  24 18 B3 B5 00 00 E0 B1 DC E7 B3 B5 14 D2 CC C0
00014070  CC C0 14 D2 B3 B5 DC E7 E0 B1 00 00 B3 B5 24 18
00014080  CC C0 EC 2D 14 D2 34 3F DC E7 4D 4A 00 00 20 4E
00014090  24 18 4D 4A EC 2D 34 3F 34 3F EC 2D 4D 4A 24 18
000140A0  20 4E 00 00 4D 4A DC E7 34 3F 14 D2 EC 2D CC C0
000140B0  24 18 B3 B5 00 00 E0 B1 DC E7 B3 B5 14 D2 CC C0
000140C0  CC C0 14 D2 B3 B5 DC E7 E0 B1 00 00 B3 B5 24 18
000140D0  CC C0 EC 2D 14 D2 34 3F DC E7 4D 4A 00 00 20 4E
000140E0  24 18 4D 4A EC 2D 34 3F 34 3F EC 2D 4D 4A 24 18
000140F0  20 4E 00 00 4D 4A DC E7 34 3F 14 D2 EC 2D CC C0
00014100  24 18 B3 B5 00 00 E0 B1 DC E7 B3 B5 14 D2 CC C0
00014110  CC C0 14 D2 B3 B5 DC E7 E0 B1 00 00 B3 B5 24 18
00014120  CC C0 EC 2D 14 D2 34 3F DC E7 4D 4A 00 00 20 4E
00014130  24 18 4D 4A EC 2D 34 3F 34 3F EC 2D 4D 4A 24 18
00014140  20 4E 00 00 4D 4A DC E7 34 3F 14 D2 EC 2D CC C0
00014150  24 18 B3 B5 00 00 E0 B1 DC E7 B3 B5 14 D2 CC C0
00014160  CC C0 14 D2 B3 B5 DC E7 E0 B1 00 00 B3 B5 24 18
00014170  CC C0 EC 2D 14 D2 34 3F DC E7 4D 4A 00 00 20 4E
00014180  24 18 4D 4A EC 2D 34 3F 34 3F EC 2D 4D 4A 24 18
00014190  20 4E 00 00 4D 4A DC E7 34 3F 14 D2 EC 2D CC C0
000141A0  24 18 B3 B5 00 00 E0 B1 DC E7 B3 B5 14 D2 CC C0
000141B0  CC C0 14 D2 B3 B5 DC E7 E0 B1 00 00 B3 B5 24 18
000141C0  CC C0 EC 2D 14 D2 34 3F DC E7 4D 4A 00 00 20 4E
000141D0  24 18 4D 4A EC 2D 34 3F 34 3F EC 2D 4D 4A 24 18
000141E0  20 4E 00 00 4D 4A DC E7 34 3F 14 D2 EC 2D CC C0
000141F0  24 18 B3 B5 00 00 E0 B1 DC E7 B3 B5 14 D2 CC C0
00014200  CC C0 14 D2 B3 B5 DC E7 E0 B1 00 00 B3 B5 24 18
00014210  CC C0 EC 2D 14 D2 34 3F DC E7 4D 4A 00 00 20 4E
00014220  24 18 4D 4A EC 2D 34 3F 34 3F EC 2D 4D 4A 24 18
00014230  20 4E 00 00 4D 4A DC E7 34 3F 14 D2 EC 2D CC C0
00014240  24 18 B3 B5 00 00 E0 B1 DC E7 B3 B5 14 D2 CC C0
00014250  CC C0 14 D2 B3 B5 DC E7 E0 B1 00 00 B3 B5 24 18
00014260  CC C0 EC 2D 14 D2 34 3F DC E7 4D 4A 00 00 20 4E
00014270  24 18 4D 4A EC 2D 34 3F 34 3F EC 2D 4D 4A 24 18
00014280  20 4E 00 00 4D 4A DC E7 34 3F 14 D2 EC 2D CC C0
00014290  24 18 B3 B5 00 00 E0 B1 DC E7 B3 B5 14 D2 CC C0
000142A0  CC C0 14 D2 B3 B5 DC E7 E0 B1 00 00 B3 B5 24 18
000142B0  CC C0 EC 2D 14 D2 34 3F DC E7 4D 4A 00 00 20 4E
000142C0  24 18 4D 4A EC 2D 34 3F 34 3F EC 2D 4D 4A 24 18
000142D0  20 4E 00 00 4D 4A DC E7 34 3F 14 D2 EC 2D CC C0
000142E0  24 18 B3 B5 00 00 E0 B1 DC E7 B3 B5 14 D2 CC C0
000142F0  CC C0 14 D2 B3 B5 DC E7 E0 B1 00 00 B3 B5 24 18
00014300  CC C0 EC 2D 14 D2 34 3F DC E7 4D 4A 00 00 20 4E
00014310  24 18 4D 4A EC 2D 34 3F 34 3F EC 2D 4D 4A 24 18
00014320  20 4E 00 00 4D 4A DC E7 34 3F 14 D2 EC 2D CC C0
00014330  24 18 B3 B5 00 00 E0 B1 DC E7 B3 B5 14 D2 CC C0
00014340  CC C0 14 D2 B3 B5 DC E7 E0 B1 00 00 B3 B5 24 18
00014350  CC C0 EC 2D 14 D2 34 3F DC E7 4D 4A 00 00 20 4E
00014360  24 18 4D 4A EC 2D 34 3F 34 3F EC 2D 4D 4A 24 18
00014370  20 4E 00 00 4D 4A DC E7 34 3F 14 D2 EC 2D CC C0
00014380  24 18 B3 B5 00 00 E0 B1 DC E7 B3 B5 14 D2 CC C0
00014390  CC C0 14 D2 B3 B5 DC E7 E0 B1 00 00 B3 B5 24 18
000143A0  CC C0 EC 2D 14 D2 34 3F DC E7 4D 4A 00 00 20 4E
000143B0  24 18 4D 4A EC 2D 34 3F 34 3F EC 2D 4D 4A 24 18
000143C0  20 4E 00 00 4D 4A DC E7 34 3F 14 D2 EC 2D CC C0
000143D0  24 18 B3 B5 00 00 E0 B1 DC E7 B3 B5 14 D2 CC C0
000143E0  CC C0 14 D2 B3 B5 DC E7 E0 B1 00 00 B3 B5 24 18
000143F0  CC C0 EC 2D 14 D2 34 3F DC E7 4D 4A 00 00 20 4E
00014400  24 18 4D 4A EC 2D 34 3F 34 3F EC 2D 4D 4A 24 18
00014410  20 4E 00 00 4D 4A DC E7 34 3F 14 D2 EC 2D CC C0
00014420  24 18 B3 B5 00 00 E0 B1 DC E7 B3 B5 14 D2 CC C0
00014430  CC C0 14 D2 B3 B5 DC E7 E0 B1 00 00 B3 B5 24 18
00014440  CC C0 EC 2D 14 D2 34 3F DC E7 4D 4A 00 00 20 4E
00014450  24 18 4D 4A EC 2D 34 3F 34 3F EC 2D 4D 4A 24 18
00014460  20 4E 00 00 4D 4A DC E7 34 3F 14 D2 EC 2D CC C0
00014470  24 18 B3 B5 00 00 E0 B1 DC E7 B3 B5 14 D2 CC C0
00014480  CC C0 14 D2 B3 B5 DC E7 E0 B1 00 00 B3 B5 24 18
00014490  CC C0 EC 2D 14 D2 34 3F DC E7 4D 4A 00 00 20 4E
000144A0  24 18 4D 4A EC 2D 34 3F 34 3F EC 2D 4D 4A 24 18
000144B0  20 4E 00 00 4D 4A DC E7 34 3F 14 D2 EC 2D CC C0
000144C0  24 18 B3 B5 00 00 E0 B1 DC E7 B3 B5 14 D2 CC C0
000144D0  CC C0 14 D2 B3 B5 DC E7 E0 B1 00 00 B3 B5 24 18
000144E0  CC C0 EC 2D 14 D2 34 3F DC E7 4D 4A 00 00 20 4E
000144F0  24 18 4D 4A EC 2D 34 3F 34 3F EC 2D 4D 4A 24 18
00014500  20 4E 00 00 4D 4A DC E7 34 3F 14 D2 EC 2D CC C0
00014510  24 18 B3 B5 00 00 E0 B1 DC E7 B3 B5 14 D2 CC C0
00014520  CC C0 14 D2 B3 B5 DC E7 E0 B1 00 00 B3 B5 24 18
00014530  CC C0 EC 2D 14 D2 34 3F DC E7 4D 4A 00 00 20 4E
00014540  24 18 4D 4A EC 2D 34 3F 34 3F EC 2D 4D 4A 24 18
00014550  20 4E 00 00 4D 4A DC E7 34 3F 14 D2 EC 2D CC C0
00014560  24 18 B3 B5 00 00 E0 B1 DC E7 B3 B5 14 D2 CC C0
00014570  CC C0 14 D2 B3 B5 DC E7 E0 B1 00 00 B3 B5 24 18
00014580  CC C0 EC 2D 14 D2 34 3F DC E7 4D 4A 00 00 20 4E
00014590  24 18 4D 4A EC 2D 34 3F 34 3F EC 2D 4D 4A 24 18
000145A0  20 4E 00 00 4D 4A DC E7 34 3F 14 D2 EC 2D CC C0
000145B0  24 18 B3 B5 00 00 E0 B1 DC E7 B3 B5 14 D2 CC C0
000145C0  CC C0 14 D2 B3 B5 DC E7 E0 B1 00 00 B3 B5 24 18
000145D0  CC C0 EC 2D 14 D2 34 3F DC E7 4D 4A 00 00 20 4E
000145E0  24 18 4D 4A EC 2D 34 3F 34 3F EC 2D 4D 4A 24 18
000145F0  20 4E 00 00 4D 4A DC E7 34 3F 14 D2 EC 2D CC C0
00014600  24 18 B3 B5 00 00 E0 B1 DC E7 B3 B5 14 D2 CC C0
00014610  CC C0 14 D2 B3 B5 DC E7 E0 B1 00 00 B3 B5 24 18
00014620  CC C0 EC 2D 14 D2 34 3F DC E7 4D 4A 00 00 20 4E
00014630  24 18 4D 4A EC 2D 34 3F 34 3F EC 2D 4D 4A 24 18
00014640  20 4E 00 00 4D 4A DC E7 34 3F 14 D2 EC 2D CC C0
00014650  24 18 B3 B5 00 00 E0 B1 DC E7 B3 B5 14 D2 CC C0
00014660  CC C0 14 D2 B3 B5 DC E7 E0 B1 00 00 B3 B5 24 18
00014670  CC C0 EC 2D 14 D2 34 3F DC E7 4D 4A 00 00 20 4E
00014680  24 18 4D 4A EC 2D 34 3F 34 3F EC 2D 4D 4A 24 18
00014690  20 4E 00 00 4D 4A DC E7 34 3F 14 D2 EC 2D CC C0
000146A0  24 18 B3 B5 00 00 E0 B1 DC E7 B3 B5 14 D2 CC C0
000146B0  CC C0 14 D2 B3 B5 DC E7 E0 B1 00 00 B3 B5 24 18
000146C0  CC C0 EC 2D 14 D2 34 3F DC E7 4D 4A 00 00 20 4E
000146D0  24 18 4D 4A EC 2D 34 3F 34 3F EC 2D 4D 4A 24 18
000146E0  20 4E 00 00 4D 4A DC E7 34 3F 14 D2 EC 2D CC C0
000146F0  24 18 B3 B5 00 00 E0 B1 DC E7 B3 B5 14 D2 CC C0
00014700  CC C0 14 D2 B3 B5 DC E7 E0 B1 00 00 B3 B5 24 18
00014710  CC C0 EC 2D 14 D2 34 3F DC E7 4D 4A 00 00 20 4E
00014720  24 18 4D 4A EC 2D 34 3F 34 3F EC 2D 4D 4A 24 18
00014730  20 4E 00 00 4D 4A DC E7 34 3F 14 D2 EC 2D CC C0
00014740  24 18 B3 B5 00 00 E0 B1 DC E7 B3 B5 14 D2 CC C0
00014750  CC C0 14 D2 B3 B5 DC E7 E0 B1 00 00 B3 B5 24 18
00014760  CC C0 EC 2D 14 D2 34 3F DC E7 4D 4A 00 00 20 4E
00014770  24 18 4D 4A EC 2D 34 3F 34 3F EC 2D 4D 4A 24 18
00014780  20 4E 00 00 4D 4A DC E7 34 3F 14 D2 EC 2D CC C0
00014790  24 18 B3 B5 00 00 E0 B1 DC E7 B3 B5 14 D2 CC C0
000147A0  CC C0 14 D2 B3 B5 DC E7 E0 B1 00 00 B3 B5 24 18
000147B0  CC C0 EC 2D 14 D2 34 3F DC E7 4D 4A 00 00 20 4E
000147C0  24 18 4D 4A EC 2D 34 3F 34 3F EC 2D 4D 4A 24 18
000147D0  20 4E 00 00 4D 4A DC E7 34 3F 14 D2 EC 2D CC C0
000147E0  24 18 B3 B5 00 00 E0 B1 DC E7 B3 B5 14 D2 CC C0
000147F0  CC C0 14 D2 B3 B5 DC E7 E0 B1 00 00 B3 B5 24 18
00014800  CC C0 EC 2D 14 D2 34 3F DC E7 4D 4A 00 00 20 4E
00014810  24 18 4D 4A EC 2D 34 3F 34 3F EC 2D 4D 4A 24 18
00014820  20 4E 00 00 4D 4A DC E7 34 3F 14 D2 EC 2D CC C0
00014830  24 18 B3 B5 00 00 E0 B1 DC E7 B3 B5 14 D2 CC C0
00014840  CC C0 14 D2 B3 B5 DC E7 E0 B1 00 00 B3 B5 24 18
00014850  CC C0 EC 2D 14 D2 34 3F DC E7 4D 4A 00 00 20 4E
00014860  24 18 4D 4A EC 2D 34 3F 34 3F EC 2D 4D 4A 24 18
00014870  20 4E 00 00 4D 4A DC E7 34 3F 14 D2 EC 2D CC C0
00014880  24 18 B3 B5 00 00 E0 B1 DC E7 B3 B5 14 D2 CC C0
00014890  CC C0 14 D2 B3 B5 DC E7 E0 B1 00 00 B3 B5 24 18
000148A0  CC C0 EC 2D 14 D2 34 3F DC E7 4D 4A 00 00 20 4E
000148B0  24 18 4D 4A EC 2D 34 3F 34 3F EC 2D 4D 4A 24 18
000148C0  20 4E 00 00 4D 4A DC E7 34 3F 14 D2 EC 2D CC C0
000148D0  24 18 B3 B5 00 00 E0 B1 DC E7 B3 B5 14 D2 CC C0
000148E0  CC C0 14 D2 B3 B5 DC E7 E0 B1 00 00 B3 B5 24 18
000148F0  CC C0 EC 2D 14 D2 34 3F DC E7 4D 4A 00 00 20 4E
00014900  24 18 4D 4A EC 2D 34 3F 34 3F EC 2D 4D 4A 24 18
00014910  20 4E 00 00 4D 4A DC E7 34 3F 14 D2 EC 2D CC C0
00014920  24 18 B3 B5 00 00 E0 B1 DC E7 B3 B5 14 D2 CC C0
00014930  CC C0 14 D2 B3 B5 DC E7 E0 B1 00 00 B3 B5 24 18
00014940  CC C0 EC 2D 14 D2 34 3F DC E7 4D 4A 00 00 20 4E
00014950  24 18 4D 4A EC 2D 34 3F 34 3F EC 2D 4D 4A 24 18
00014960  20 4E 00 00 4D 4A DC E7 34 3F 14 D2 EC 2D CC C0
00014970  24 18 B3 B5 00 00 E0 B1 DC E7 B3 B5 14 D2 CC C0
00014980  CC C0 14 D2 B3 B5 DC E7 E0 B1 00 00 B3 B5 24 18
00014990  CC C0 EC 2D 14 D2 34 3F DC E7 4D 4A 00 00 20 4E
000149A0  24 18 4D 4A EC 2D 34 3F 34 3F EC 2D 4D 4A 24 18
000149B0  20 4E 00 00 4D 4A DC E7 34 3F 14 D2 EC 2D CC C0
000149C0  24 18 B3 B5 00 00 E0 B1 DC E7 B3 B5 14 D2 CC C0
000149D0  CC C0 14 D2 B3 B5 DC E7 E0 B1 00 00 B3 B5 24 18
000149E0  CC C0 EC 2D 14 D2 34 3F DC E7 4D 4A 00 00 20 4E
000149F0  24 18 4D 4A EC 2D 34 3F 34 3F EC 2D 4D 4A 24 18
00014A00  20 4E 00 00 4D 4A DC E7 34 3F 14 D2 EC 2D CC C0
00014A10  24 18 B3 B5 00 00 E0 B1 DC E7 B3 B5 14 D2 CC C0
00014A20  CC C0 14 D2 B3 B5 DC E7 E0 B1 00 00 B3 B5 24 18
00014A30  CC C0 EC 2D 14 D2 34 3F DC E7 4D 4A 00 00 20 4E
00014A40  24 18 4D 4A EC 2D 34 3F 34 3F EC 2D 4D 4A 24 18
00014A50  20 4E 00 00 4D 4A DC E7 34 3F 14 D2 EC 2D CC C0
00014A60  24 18 B3 B5 00 00 E0 B1 DC E7 B3 B5 14 D2 CC C0
00014A70  CC C0 14 D2 B3 B5 DC E7 E0 B1 00 00 B3 B5 24 18
00014A80  CC C0 EC 2D 14 D2 34 3F DC E7 4D 4A 00 00 20 4E
00014A90  24 18 4D 4A EC 2D 34 3F 34 3F EC 2D 4D 4A 24 18
00014AA0  20 4E 00 00 4D 4A DC E7 34 3F 14 D2 EC 2D CC C0
00014AB0  24 18 B3 B5 00 00 E0 B1 DC E7 B3 B5 14 D2 CC C0
00014AC0  CC C0 14 D2 B3 B5 DC E7 E0 B1 00 00 B3 B5 24 18
00014AD0  CC C0 EC 2D 14 D2 34 3F DC E7 4D 4A 00 00 20 4E
00014AE0  24 18 4D 4A EC 2D 34 3F 34 3F EC 2D 4D 4A 24 18
00014AF0  20 4E 00 00 4D 4A DC E7 34 3F 14 D2 EC 2D CC C0
00014B00  24 18 B3 B5 00 00 E0 B1 DC E7 B3 B5 14 D2 CC C0
00014B10  CC C0 14 D2 B3 B5 DC E7 E0 B1 00 00 B3 B5 24 18
00014B20  CC C0 EC 2D 14 D2 34 3F DC E7 4D 4A 00 00 20 4E
00014B30  24 18 4D 4A EC 2D 34 3F 34 3F EC 2D 4D 4A 24 18
00014B40  20 4E 00 00 4D 4A DC E7 34 3F 14 D2 EC 2D CC C0
00014B50  24 18 B3 B5 00 00 E0 B1 DC E7 B3 B5 14 D2 CC C0
00014B60  CC C0 14 D2 B3 B5 DC E7 E0 B1 00 00 B3 B5 24 18
00014B70  CC C0 EC 2D 14 D2 34 3F DC E7 4D 4A 00 00 20 4E
00014B80  24 18 4D 4A EC 2D 34 3F 34 3F EC 2D 4D 4A 24 18
00014B90  20 4E 00 00 4D 4A DC E7 34 3F 14 D2 EC 2D CC C0
00014BA0  24 18 B3 B5 00 00 E0 B1 DC E7 B3 B5 14 D2 CC C0
00014BB0  CC C0 14 D2 B3 B5 DC E7 E0 B1 00 00 B3 B5 24 18
00014BC0  CC C0 EC 2D 14 D2 34 3F DC E7 4D 4A 00 00 20 4E
00014BD0  24 18 4D 4A EC 2D 34 3F 34 3F EC 2D 4D 4A 24 18
00014BE0  20 4E 00 00 4D 4A DC E7 34 3F 14 D2 EC 2D CC C0
00014BF0  24 18 B3 B5 00 00 E0 B1 DC E7 B3 B5 14 D2 CC C0
00014C00  CC C0 14 D2 B3 B5 DC E7 E0 B1 00 00 B3 B5 24 18
00014C10  CC C0 EC 2D 14 D2 34 3F DC E7 4D 4A 00 00 20 4E
00014C20  24 18 4D 4A EC 2D 34 3F 34 3F EC 2D 4D 4A 24 18
00014C30  20 4E 00 00 4D 4A DC E7 34 3F 14 D2 EC 2D CC C0
00014C40  24 18 B3 B5 00 00 E0 B1 DC E7 B3 B5 14 D2 CC C0
00014C50  CC C0 14 D2 B3 B5 DC E7 E0 B1 00 00 B3 B5 24 18
00014C60  CC C0 EC 2D 14 D2 34 3F DC E7 4D 4A 00 00 20 4E
00014C70  24 18 4D 4A EC 2D 34 3F 34 3F EC 2D 4D 4A 24 18
00014C80  20 4E 00 00 4D 4A DC E7 34 3F 14 D2 EC 2D CC C0
00014C90  24 18 B3 B5 00 00 E0 B1 DC E7 B3 B5 14 D2 CC C0
00014CA0  CC C0 14 D2 B3 B5 DC E7 E0 B1 00 00 B3 B5 24 18
00014CB0  CC C0 EC 2D 14 D2 34 3F DC E7 4D 4A 00 00 20 4E
00014CC0  24 18 4D 4A EC 2D 34 3F 34 3F EC 2D 4D 4A 24 18
00014CD0  20 4E 00 00 4D 4A DC E7 34 3F 14 D2 EC 2D CC C0
00014CE0  24 18 B3 B5 00 00 E0 B1 DC E7 B3 B5 14 D2 CC C0
00014CF0  CC C0 14 D2 B3 B5 DC E7 E0 B1 00 00 B3 B5 24 18
00014D00  CC C0 EC 2D 14 D2 34 3F DC E7 4D 4A 00 00 20 4E
00014D10  24 18 4D 4A EC 2D 34 3F 34 3F EC 2D 4D 4A 24 18
00014D20  20 4E 00 00 4D 4A DC E7 34 3F 14 D2 EC 2D CC C0
00014D30  24 18 B3 B5 00 00 E0 B1 DC E7 B3 B5 14 D2 CC C0
00014D40  CC C0 14 D2 B3 B5 DC E7 E0 B1 00 00 B3 B5 24 18
00014D50  CC C0 EC 2D 14 D2 34 3F DC E7 4D 4A 00 00 20 4E
00014D60  24 18 4D 4A EC 2D 34 3F 34 3F EC 2D 4D 4A 24 18
00014D70  20 4E 00 00 4D 4A DC E7 34 3F 14 D2 EC 2D CC C0
00014D80  24 18 B3 B5 00 00 E0 B1 DC E7 B3 B5 14 D2 CC C0
00014D90  CC C0 14 D2 B3 B5 DC E7 E0 B1 00 00 B3 B5 24 18
00014DA0  CC C0 EC 2D 14 D2 34 3F DC E7 4D 4A 00 00 20 4E
00014DB0  24 18 4D 4A EC 2D 34 3F 34 3F EC 2D 4D 4A 24 18
00014DC0  20 4E 00 00 4D 4A DC E7 34 3F 14 D2 EC 2D CC C0
00014DD0  24 18 B3 B5 00 00 E0 B1 DC E7 B3 B5 14 D2 CC C0
00014DE0  CC C0 14 D2 B3 B5 DC E7 E0 B1 00 00 B3 B5 24 18
00014DF0  CC C0 EC 2D 14 D2 34 3F DC E7 4D 4A 00 00 20 4E
00014E00  24 18 4D 4A EC 2D 34 3F 34 3F EC 2D 4D 4A 24 18
00014E10  20 4E 00 00 4D 4A DC E7 34 3F 14 D2 EC 2D CC C0
00014E20  24 18 B3 B5 00 00 E0 B1 DC E7 B3 B5 14 D2 CC C0
00014E30  CC C0 14 D2 B3 B5 DC E7 E0 B1 00 00 B3 B5 24 18
00014E40  CC C0 EC 2D 14 D2 34 3F DC E7 4D 4A 00 00 20 4E
00014E50  24 18 4D 4A EC 2D 34 3F 34 3F EC 2D 4D 4A 24 18
00014E60  20 4E 00 00 4D 4A DC E7 34 3F 14 D2 EC 2D CC C0
00014E70  24 18 B3 B5 00 00 E0 B1 DC E7 B3 B5 14 D2 CC C0
00014E80  CC C0 14 D2 B3 B5 DC E7 E0 B1 00 00 B3 B5 24 18
00014E90  CC C0 EC 2D 14 D2 34 3F DC E7 4D 4A 00 00 20 4E
00014EA0  24 18 4D 4A EC 2D 34 3F 34 3F EC 2D 4D 4A 24 18
00014EB0  20 4E 00 00 4D 4A DC E7 34 3F 14 D2 EC 2D CC C0
00014EC0  24 18 B3 B5 00 00 E0 B1 DC E7 B3 B5 14 D2 CC C0
00014ED0  CC C0 14 D2 B3 B5 DC E7 E0 B1 00 00 B3 B5 24 18
00014EE0  CC C0 EC 2D 14 D2 34 3F DC E7 4D 4A 00 00 20 4E
00014EF0  24 18 4D 4A EC 2D 34 3F 34 3F EC 2D 4D 4A 24 18
00014F00  20 4E 00 00 4D 4A DC E7 34 3F 14 D2 EC 2D CC C0
00014F10  24 18 B3 B5 00 00 E0 B1 DC E7 B3 B5 14 D2 CC C0
00014F20  CC C0 14 D2 B3 B5 DC E7 E0 B1 00 00 B3 B5 24 18
00014F30  CC C0 EC 2D 14 D2 34 3F DC E7 4D 4A 00 00 20 4E
00014F40  24 18 4D 4A EC 2D 34 3F 34 3F EC 2D 4D 4A 24 18
00014F50  20 4E 00 00 4D 4A DC E7 34 3F 14 D2 EC 2D CC C0
00014F60  24 18 B3 B5 00 00 E0 B1 DC E7 B3 B5 14 D2 CC C0
00014F70  CC C0 14 D2 B3 B5 DC E7 E0 B1 00 00 B3 B5 24 18
00014F80  CC C0 EC 2D 14 D2 34 3F DC E7 4D 4A 00 00 20 4E
00014F90  24 18 4D 4A EC 2D 34 3F 34 3F EC 2D 4D 4A 24 18
00014FA0  20 4E 00 00 4D 4A DC E7 34 3F 14 D2 EC 2D CC C0
00014FB0  24 18 B3 B5 00 00 E0 B1 DC E7 B3 B5 14 D2 CC C0
00014FC0  CC C0 14 D2 B3 B5 DC E7 E0 B1 00 00 B3 B5 24 18
00014FD0  CC C0 EC 2D 14 D2 34 3F DC E7 4D 4A 00 00 20 4E
00014FE0  24 18 4D 4A EC 2D 34 3F 34 3F EC 2D 4D 4A 24 18
00014FF0  20 4E 00 00 4D 4A DC E7 34 3F 14 D2 EC 2D CC C0
00015000  24 18 B3 B5 00 00 E0 B1 DC E7 B3 B5 14 D2 CC C0
00015010  CC C0 14 D2 B3 B5 DC E7 E0 B1 00 00 B3 B5 24 18
00015020  CC C0 EC 2D 14 D2 34 3F DC E7 4D 4A 00 00 20 4E
00015030  24 18 4D 4A EC 2D 34 3F 34 3F EC 2D 4D 4A 24 18
00015040  20 4E 00 00 4D 4A DC E7 34 3F 14 D2 EC 2D CC C0
00015050  24 18 B3 B5 00 00 E0 B1 DC E7 B3 B5 14 D2 CC C0
00015060  CC C0 14 D2 B3 B5 DC E7 E0 B1 00 00 B3 B5 24 18
00015070  CC C0 EC 2D 14 D2 34 3F DC E7 4D 4A 00 00 20 4E
00015080  24 18 4D 4A EC 2D 34 3F 34 3F EC 2D 4D 4A 24 18
00015090  20 4E 00 00 4D 4A DC E7 34 3F 14 D2 EC 2D CC C0
000150A0  24 18 B3 B5 00 00 E0 B1 DC E7 B3 B5 14 D2 CC C0
000150B0  CC C0 14 D2 B3 B5 DC E7 E0 B1 00 00 B3 B5 24 18
000150C0  CC C0 EC 2D 14 D2 34 3F DC E7 4D 4A 00 00 20 4E
000150D0  24 18 4D 4A EC 2D 34 3F 34 3F EC 2D 4D 4A 24 18
000150E0  20 4E 00 00 4D 4A DC E7 34 3F 14 D2 EC 2D CC C0
000150F0  24 18 B3 B5 00 00 E0 B1 DC E7 B3 B5 14 D2 CC C0
00015100  CC C0 14 D2 B3 B5 DC E7 E0 B1 00 00 B3 B5 24 18
00015110  CC C0 EC 2D 14 D2 34 3F DC E7 4D 4A 00 00 20 4E
00015120  24 18 4D 4A EC 2D 34 3F 34 3F EC 2D 4D 4A 24 18
00015130  20 4E 00 00 4D 4A DC E7 34 3F 14 D2 EC 2D CC C0
00015140  24 18 B3 B5 00 00 E0 B1 DC E7 B3 B5 14 D2 CC C0
00015150  CC C0 14 D2 B3 B5 DC E7 E0 B1 00 00 B3 B5 24 18
00015160  CC C0 EC 2D 14 D2 34 3F DC E7 4D 4A 00 00 20 4E
00015170  24 18 4D 4A EC 2D 34 3F 34 3F EC 2D 4D 4A 24 18
00015180  20 4E 00 00 4D 4A DC E7 34 3F 14 D2 EC 2D CC C0
00015190  24 18 B3 B5 00 00 E0 B1 DC E7 B3 B5 14 D2 CC C0
000151A0  CC C0 14 D2 B3 B5 DC E7 E0 B1 00 00 B3 B5 24 18
000151B0  CC C0 EC 2D 14 D2 34 3F DC E7 4D 4A 00 00 20 4E
000151C0  24 18 4D 4A EC 2D 34 3F 34 3F EC 2D 4D 4A 24 18
000151D0  20 4E 00 00 4D 4A DC E7 34 3F 14 D2 EC 2D CC C0
000151E0  24 18 B3 B5 00 00 E0 B1 DC E7 B3 B5 14 D2 CC C0
000151F0  CC C0 14 D2 B3 B5 DC E7 E0 B1 00 00 B3 B5 24 18
00015200  CC C0 EC 2D 14 D2 34 3F DC E7 4D 4A 00 00 20 4E
00015210  24 18 4D 4A EC 2D 34 3F 34 3F EC 2D 4D 4A 24 18
00015220  20 4E 00 00 4D 4A DC E7 34 3F 14 D2 EC 2D CC C0
00015230  24 18 B3 B5 00 00 E0 B1 DC E7 B3 B5 14 D2 CC C0
00015240  CC C0 14 D2 B3 B5 DC E7 E0 B1 00 00 B3 B5 24 18
00015250  CC C0 EC 2D 14 D2 34 3F DC E7 4D 4A 00 00 20 4E
00015260  24 18 4D 4A EC 2D 34 3F 34 3F EC 2D 4D 4A 24 18
00015270  20 4E 00 00 4D 4A DC E7 34 3F 14 D2 EC 2D CC C0
00015280  24 18 B3 B5 00 00 E0 B1 DC E7 B3 B5 14 D2 CC C0
00015290  CC C0 14 D2 B3 B5 DC E7 E0 B1 00 00 B3 B5 24 18
000152A0  CC C0 EC 2D 14 D2 34 3F DC E7 4D 4A 00 00 20 4E
000152B0  24 18 4D 4A EC 2D 34 3F 34 3F EC 2D 4D 4A 24 18
000152C0  20 4E 00 00 4D 4A DC E7 34 3F 14 D2 EC 2D CC C0
000152D0  24 18 B3 B5 00 00 E0 B1 DC E7 B3 B5 14 D2 CC C0
000152E0  CC C0 14 D2 B3 B5 DC E7 E0 B1 00 00 B3 B5 24 18
000152F0  CC C0 EC 2D 14 D2 34 3F DC E7 4D 4A 00 00 20 4E
00015300  24 18 4D 4A EC 2D 34 3F 34 3F EC 2D 4D 4A 24 18
00015310  20 4E 00 00 4D 4A DC E7 34 3F 14 D2 EC 2D CC C0
00015320  24 18 B3 B5 00 00 E0 B1 DC E7 B3 B5 14 D2 CC C0
00015330  CC C0 14 D2 B3 B5 DC E7 E0 B1 00 00 B3 B5 24 18
00015340  CC C0 EC 2D 14 D2 34 3F DC E7 4D 4A 00 00 20 4E
00015350  24 18 4D 4A EC 2D 34 3F 34 3F EC 2D 4D 4A 24 18
00015360  20 4E 00 00 4D 4A DC E7 34 3F 14 D2 EC 2D CC C0
00015370  24 18 B3 B5 00 00 E0 B1 DC E7 B3 B5 14 D2 CC C0
00015380  CC C0 14 D2 B3 B5 DC E7 E0 B1 00 00 B3 B5 24 18
00015390  CC C0 EC 2D 14 D2 34 3F DC E7 4D 4A 00 00 20 4E
000153A0  24 18 4D 4A EC 2D 34 3F 34 3F EC 2D 4D 4A 24 18
000153B0  20 4E 00 00 4D 4A DC E7 34 3F 14 D2 EC 2D CC C0
000153C0  24 18 B3 B5 00 00 E0 B1 DC E7 B3 B5 14 D2 CC C0
000153D0  CC C0 14 D2 B3 B5 DC E7 E0 B1 00 00 B3 B5 24 18
000153E0  CC C0 EC 2D 14 D2 34 3F DC E7 4D 4A 00 00 20 4E
000153F0  24 18 4D 4A EC 2D 34 3F 34 3F EC 2D 4D 4A 24 18
00015400  20 4E 00 00 4D 4A DC E7 34 3F 14 D2 EC 2D CC C0
00015410  24 18 B3 B5 00 00 E0 B1 DC E7 B3 B5 14 D2 CC C0
00015420  CC C0 14 D2 B3 B5 DC E7 E0 B1 00 00 B3 B5 24 18
00015430  CC C0 EC 2D 14 D2 34 3F DC E7 4D 4A 00 00 20 4E
00015440  24 18 4D 4A EC 2D 34 3F 34 3F EC 2D 4D 4A 24 18
00015450  20 4E 00 00 4D 4A DC E7 34 3F 14 D2 EC 2D CC C0
00015460  24 18 B3 B5 00 00 E0 B1 DC E7 B3 B5 14 D2 CC C0
00015470  CC C0 14 D2 B3 B5 DC E7 E0 B1 00 00 B3 B5 24 18
00015480  CC C0 EC 2D 14 D2 34 3F DC E7 4D 4A 00 00 20 4E
00015490  24 18 4D 4A EC 2D 34 3F 34 3F EC 2D 4D 4A 24 18
000154A0  20 4E 00 00 4D 4A DC E7 34 3F 14 D2 EC 2D CC C0
000154B0  24 18 B3 B5 00 00 E0 B1 DC E7 B3 B5 14 D2 CC C0
000154C0  CC C0 14 D2 B3 B5 DC E7 E0 B1 00 00 B3 B5 24 18
000154D0  CC C0 EC 2D 14 D2 34 3F DC E7 4D 4A 00 00 20 4E
000154E0  24 18 4D 4A EC 2D 34 3F 34 3F EC 2D 4D 4A 24 18
000154F0  20 4E 00 00 4D 4A DC E7 34 3F 14 D2 EC 2D CC C0
00015500  24 18 B3 B5 00 00 E0 B1 DC E7 B3 B5 14 D2 CC C0
00015510  CC C0 14 D2 B3 B5 DC E7 E0 B1 00 00 B3 B5 24 18
00015520  CC C0 EC 2D 14 D2 34 3F DC E7 4D 4A 00 00 20 4E
00015530  24 18 4D 4A EC 2D 34 3F 34 3F EC 2D 4D 4A 24 18
00015540  20 4E 00 00 4D 4A DC E7 34 3F 14 D2 EC 2D CC C0
00015550  24 18 B3 B5 00 00 E0 B1 DC E7 B3 B5 14 D2 CC C0
00015560  CC C0 14 D2 B3 B5 DC E7 E0 B1 00 00 B3 B5 24 18
00015570  CC C0 EC 2D 14 D2 34 3F DC E7 4D 4A 00 00 20 4E
00015580  24 18 4D 4A EC 2D 34 3F 34 3F EC 2D 4D 4A 24 18
00015590  20 4E 00 00 4D 4A DC E7 34 3F 14 D2 EC 2D CC C0
000155A0  24 18 B3 B5 00 00 E0 B1 DC E7 B3 B5 14 D2 CC C0
000155B0  CC C0 14 D2 B3 B5 DC E7 E0 B1 00 00 B3 B5 24 18
000155C0  CC C0 EC 2D 14 D2 34 3F DC E7 4D 4A 00 00 20 4E
000155D0  24 18 4D 4A EC 2D 34 3F 34 3F EC 2D 4D 4A 24 18
000155E0  20 4E 00 00 4D 4A DC E7 34 3F 14 D2 EC 2D CC C0
000155F0  24 18 B3 B5 00 00 E0 B1 DC E7 B3 B5 14 D2 CC C0
00015600  CC C0 14 D2 B3 B5 DC E7 E0 B1 00 00 B3 B5 24 18
00015610  CC C0 EC 2D 14 D2 34 3F DC E7 4D 4A 00 00 20 4E
00015620  24 18 4D 4A EC 2D 34 3F 34 3F EC 2D 4D 4A 24 18
00015630  20 4E 00 00 4D 4A DC E7 34 3F 14 D2 EC 2D CC C0
00015640  24 18 B3 B5 00 00 E0 B1 DC E7 B3 B5 14 D2 CC C0
00015650  CC C0 14 D2 B3 B5 DC E7 E0 B1 00 00 B3 B5 24 18
00015660  CC C0 EC 2D 14 D2 34 3F DC E7 4D 4A 00 00 20 4E
00015670  24 18 4D 4A EC 2D 34 3F 34 3F EC 2D 4D 4A 24 18
00015680  20 4E 00 00 4D 4A DC E7 34 3F 14 D2 EC 2D CC C0
00015690  24 18 B3 B5 00 00 E0 B1 DC E7 B3 B5 14 D2 CC C0
000156A0  CC C0 14 D2 B3 B5 DC E7 E0 B1 00 00 B3 B5 24 18
000156B0  CC C0 EC 2D 14 D2 34 3F DC E7 4D 4A 00 00 20 4E
000156C0  24 18 4D 4A EC 2D 34 3F 34 3F EC 2D 4D 4A 24 18
000156D0  20 4E 00 00 4D 4A DC E7 34 3F 14 D2 EC 2D CC C0
000156E0  24 18 B3 B5 00 00 E0 B1 DC E7 B3 B5 14 D2 CC C0
000156F0  CC C0 14 D2 B3 B5 DC E7 E0 B1 00 00 B3 B5 24 18
00015700  CC C0 EC 2D 14 D2 34 3F DC E7 4D 4A 00 00 20 4E
00015710  24 18 4D 4A EC 2D 34 3F 34 3F EC 2D 4D 4A 24 18
00015720  20 4E 00 00 4D 4A DC E7 34 3F 14 D2 EC 2D CC C0
00015730  24 18 B3 B5 00 00 E0 B1 DC E7 B3 B5 14 D2 CC C0
00015740  CC C0 14 D2 B3 B5 DC E7 E0 B1 00 00 B3 B5 24 18
00015750  CC C0 EC 2D 14 D2 34 3F DC E7 4D 4A 00 00 20 4E
00015760  24 18 4D 4A EC 2D 34 3F 34 3F EC 2D 4D 4A 24 18
00015770  20 4E 00 00 4D 4A DC E7 34 3F 14 D2 EC 2D CC C0
00015780  24 18 B3 B5 00 00 E0 B1 DC E7 B3 B5 14 D2 CC C0
00015790  CC C0 14 D2 B3 B5 DC E7 E0 B1 00 00 B3 B5 24 18
000157A0  CC C0 EC 2D 14 D2 34 3F DC E7 4D 4A 00 00 20 4E
000157B0  24 18 4D 4A EC 2D 34 3F 34 3F EC 2D 4D 4A 24 18
000157C0  20 4E 00 00 4D 4A DC E7 34 3F 14 D2 EC 2D CC C0
000157D0  24 18 B3 B5 00 00 E0 B1 DC E7 B3 B5 14 D2 CC C0
000157E0  CC C0 14 D2 B3 B5 DC E7 E0 B1 00 00 B3 B5 24 18
000157F0  CC C0 EC 2D 14 D2 34 3F DC E7 4D 4A 00 00 20 4E
00015800  24 18 4D 4A EC 2D 34 3F 34 3F EC 2D 4D 4A 24 18
00015810  20 4E 00 00 4D 4A DC E7 34 3F 14 D2 EC 2D CC C0
00015820  24 18 B3 B5 00 00 E0 B1 DC E7 B3 B5 14 D2 CC C0
00015830  CC C0 14 D2 B3 B5 DC E7 E0 B1 00 00 B3 B5 24 18
00015840  CC C0 EC 2D 14 D2 34 3F DC E7 4D 4A 00 00 20 4E
00015850  24 18 4D 4A EC 2D 34 3F 34 3F EC 2D 4D 4A 24 18
00015860  20 4E 00 00 4D 4A DC E7 34 3F 14 D2 EC 2D CC C0
00015870  24 18 B3 B5 00 00 E0 B1 DC E7 B3 B5 14 D2 CC C0
00015880  CC C0 14 D2 B3 B5 DC E7 E0 B1 00 00 B3 B5 24 18
00015890  CC C0 EC 2D 14 D2 34 3F DC E7 4D 4A 00 00 20 4E
000158A0  24 18 4D 4A EC 2D 34 3F 34 3F EC 2D 4D 4A 24 18
000158B0  20 4E 00 00 4D 4A DC E7 34 3F 14 D2 EC 2D CC C0
000158C0  24 18 B3 B5 00 00 E0 B1 DC E7 B3 B5 14 D2 CC C0
000158D0  CC C0 14 D2 B3 B5 DC E7 E0 B1 00 00 B3 B5 24 18
000158E0  CC C0 EC 2D 14 D2 34 3F DC E7 4D 4A 00 00 20 4E
000158F0  24 18 4D 4A EC 2D 34 3F 34 3F EC 2D 4D 4A 24 18
00015900  20 4E 00 00 4D 4A DC E7 34 3F 14 D2 EC 2D CC C0
00015910  24 18 B3 B5 00 00 E0 B1 DC E7 B3 B5 14 D2 CC C0
00015920  CC C0 14 D2 B3 B5 DC E7 E0 B1 00 00 B3 B5 24 18
00015930  CC C0 EC 2D 14 D2 34 3F DC E7 4D 4A 00 00 20 4E
00015940  24 18 4D 4A EC 2D 34 3F 34 3F EC 2D 4D 4A 24 18
00015950  20 4E 00 00 4D 4A DC E7 34 3F 14 D2 EC 2D CC C0
00015960  24 18 B3 B5 00 00 E0 B1 DC E7 B3 B5 14 D2 CC C0
00015970  CC C0 14 D2 B3 B5 DC E7 E0 B1 00 00 B3 B5 24 18
00015980  CC C0 EC 2D 14 D2 34 3F DC E7 4D 4A 00 00 20 4E
00015990  24 18 4D 4A EC 2D 34 3F 34 3F EC 2D 4D 4A 24 18
000159A0  20 4E 00 00 4D 4A DC E7 34 3F 14 D2 EC 2D CC C0
000159B0  24 18 B3 B5 00 00 E0 B1 DC E7 B3 B5 14 D2 CC C0
000159C0  CC C0 14 D2 B3 B5 DC E7 E0 B1 00 00 B3 B5 24 18
000159D0  CC C0 EC 2D 14 D2 34 3F DC E7 4D 4A 00 00 20 4E
000159E0  24 18 4D 4A EC 2D 34 3F 34 3F EC 2D 4D 4A 24 18
000159F0  20 4E 00 00 4D 4A DC E7 34 3F 14 D2 EC 2D CC C0
00015A00  24 18 B3 B5 00 00 E0 B1 DC E7 B3 B5 14 D2 CC C0
00015A10  CC C0 14 D2 B3 B5 DC E7 E0 B1 00 00 B3 B5 24 18
00015A20  CC C0 EC 2D 14 D2 34 3F DC E7 4D 4A 00 00 20 4E
00015A30  24 18 4D 4A EC 2D 34 3F 34 3F EC 2D 4D 4A 24 18
00015A40  20 4E 00 00 4D 4A DC E7 34 3F 14 D2 EC 2D CC C0
00015A50  24 18 B3 B5 00 00 E0 B1 DC E7 B3 B5 14 D2 CC C0
00015A60  CC C0 14 D2 B3 B5 DC E7 E0 B1 00 00 B3 B5 24 18
00015A70  CC C0 EC 2D 14 D2 34 3F DC E7 4D 4A 00 00 20 4E
00015A80  24 18 4D 4A EC 2D 34 3F 34 3F EC 2D 4D 4A 24 18
00015A90  20 4E 00 00 4D 4A DC E7 34 3F 14 D2 EC 2D CC C0
00015AA0  24 18 B3 B5 00 00 E0 B1 DC E7 B3 B5 14 D2 CC C0
00015AB0  CC C0 14 D2 B3 B5 DC E7 E0 B1 00 00 B3 B5 24 18
00015AC0  CC C0 EC 2D 14 D2 34 3F DC E7 4D 4A 00 00 20 4E
00015AD0  24 18 4D 4A EC 2D 34 3F 34 3F EC 2D 4D 4A 24 18
00015AE0  20 4E 00 00 4D 4A DC E7 34 3F 14 D2 EC 2D CC C0
00015AF0  24 18 B3 B5 00 00 E0 B1 DC E7 B3 B5 14 D2 CC C0
00015B00  CC C0 14 D2 B3 B5 DC E7 E0 B1 00 00 B3 B5 24 18
00015B10  CC C0 EC 2D 14 D2 34 3F DC E7 4D 4A 00 00 20 4E
00015B20  24 18 4D 4A EC 2D 34 3F 34 3F EC 2D 4D 4A 24 18
00015B30  20 4E 00 00 4D 4A DC E7 34 3F 14 D2 EC 2D CC C0
00015B40  24 18 B3 B5 00 00 E0 B1 DC E7 B3 B5 14 D2 CC C0
00015B50  CC C0 14 D2 B3 B5 DC E7 E0 B1 00 00 B3 B5 24 18
00015B60  CC C0 EC 2D 14 D2 34 3F DC E7 4D 4A 00 00 20 4E
00015B70  24 18 4D 4A EC 2D 34 3F 34 3F EC 2D 4D 4A 24 18
00015B80  20 4E 00 00 4D 4A DC E7 34 3F 14 D2 EC 2D CC C0
00015B90  24 18 B3 B5 00 00 E0 B1 DC E7 B3 B5 14 D2 CC C0
00015BA0  CC C0 14 D2 B3 B5 DC E7 E0 B1 00 00 B3 B5 24 18
00015BB0  CC C0 EC 2D 14 D2 34 3F DC E7 4D 4A 00 00 20 4E
00015BC0  24 18 4D 4A EC 2D 34 3F 34 3F EC 2D 4D 4A 24 18
00015BD0  20 4E 00 00 4D 4A DC E7 34 3F 14 D2 EC 2D CC C0
00015BE0  24 18 B3 B5 00 00 E0 B1 DC E7 B3 B5 14 D2 CC C0
00015BF0  CC C0 14 D2 B3 B5 DC E7 E0 B1 00 00 B3 B5 24 18
00015C00  CC C0 EC 2D 14 D2 34 3F DC E7 4D 4A 00 00 20 4E
00015C10  24 18 4D 4A EC 2D 34 3F 34 3F EC 2D 4D 4A 24 18
00015C20  20 4E 00 00 4D 4A DC E7 34 3F 14 D2 EC 2D CC C0
00015C30  24 18 B3 B5 00 00 E0 B1 DC E7 B3 B5 14 D2 CC C0
00015C40  CC C0 14 D2 B3 B5 DC E7 E0 B1 00 00 B3 B5 24 18
00015C50  CC C0 EC 2D 14 D2 34 3F DC E7 4D 4A 00 00 20 4E
00015C60  24 18 4D 4A EC 2D 34 3F 34 3F EC 2D 4D 4A 24 18
00015C70  20 4E 00 00 4D 4A DC E7 34 3F 14 D2 EC 2D CC C0
00015C80  24 18 B3 B5 00 00 E0 B1 DC E7 B3 B5 14 D2 CC C0
00015C90  CC C0 14 D2 B3 B5 DC E7 E0 B1 00 00 B3 B5 24 18
00015CA0  CC C0 EC 2D 14 D2 34 3F DC E7 4D 4A 00 00 20 4E
00015CB0  24 18 4D 4A EC 2D 34 3F 34 3F EC 2D 4D 4A 24 18
00015CC0  20 4E 00 00 4D 4A DC E7 34 3F 14 D2 EC 2D CC C0
00015CD0  24 18 B3 B5 00 00 E0 B1 DC E7 B3 B5 14 D2 CC C0
00015CE0  CC C0 14 D2 B3 B5 DC E7 E0 B1 00 00 B3 B5 24 18
00015CF0  CC C0 EC 2D 14 D2 34 3F DC E7 4D 4A 00 00 20 4E
00015D00  24 18 4D 4A EC 2D 34 3F 34 3F EC 2D 4D 4A 24 18
00015D10  20 4E 00 00 4D 4A DC E7 34 3F 14 D2 EC 2D CC C0
00015D20  24 18 B3 B5 00 00 E0 B1 DC E7 B3 B5 14 D2 CC C0
00015D30  CC C0 14 D2 B3 B5 DC E7 E0 B1 00 00 B3 B5 24 18
00015D40  CC C0 EC 2D 14 D2 34 3F DC E7 4D 4A 00 00 20 4E
00015D50  24 18 4D 4A EC 2D 34 3F 34 3F EC 2D 4D 4A 24 18
00015D60  20 4E 00 00 4D 4A DC E7 34 3F 14 D2 EC 2D CC C0
00015D70  24 18 B3 B5 00 00 E0 B1 DC E7 B3 B5 14 D2 CC C0
00015D80  CC C0 14 D2 B3 B5 DC E7 E0 B1 00 00 B3 B5 24 18
00015D90  CC C0 EC 2D 14 D2 34 3F DC E7 4D 4A 00 00 20 4E
00015DA0  24 18 4D 4A EC 2D 34 3F 34 3F EC 2D 4D 4A 24 18
00015DB0  20 4E 00 00 4D 4A DC E7 34 3F 14 D2 EC 2D CC C0
00015DC0  24 18 B3 B5 00 00 E0 B1 DC E7 B3 B5 14 D2 CC C0
00015DD0  CC C0 14 D2 B3 B5 DC E7 E0 B1 00 00 B3 B5 24 18
00015DE0  CC C0 EC 2D 14 D2 34 3F DC E7 4D 4A 00 00 20 4E
00015DF0  24 18 4D 4A EC 2D 34 3F 34 3F EC 2D 4D 4A 24 18
00015E00  20 4E 00 00 4D 4A DC E7 34 3F 14 D2 EC 2D CC C0
00015E10  24 18 B3 B5 00 00 E0 B1 DC E7 B3 B5 14 D2 CC C0
00015E20  CC C0 14 D2 B3 B5 DC E7 E0 B1 00 00 B3 B5 24 18
00015E30  CC C0 EC 2D 14 D2 34 3F DC E7 4D 4A 00 00 20 4E
00015E40  24 18 4D 4A EC 2D 34 3F 34 3F EC 2D 4D 4A 24 18
00015E50  20 4E 00 00 4D 4A DC E7 34 3F 14 D2 EC 2D CC C0
00015E60  24 18 B3 B5 00 00 E0 B1 DC E7 B3 B5 14 D2 CC C0
00015E70  CC C0 14 D2 B3 B5 DC E7 E0 B1 00 00 B3 B5 24 18
00015E80  CC C0 EC 2D 14 D2 34 3F DC E7 4D 4A 00 00 20 4E
00015E90  24 18 4D 4A EC 2D 34 3F 34 3F EC 2D 4D 4A 24 18
00015EA0  20 4E 00 00 4D 4A DC E7 34 3F 14 D2 EC 2D CC C0
00015EB0  24 18 B3 B5 00 00 E0 B1 DC E7 B3 B5 14 D2 CC C0
00015EC0  CC C0 14 D2 B3 B5 DC E7 E0 B1 00 00 B3 B5 24 18
00015ED0  CC C0 EC 2D 14 D2 34 3F DC E7 4D 4A 00 00 20 4E
00015EE0  24 18 4D 4A EC 2D 34 3F 34 3F EC 2D 4D 4A 24 18
00015EF0  20 4E 00 00 4D 4A DC E7 34 3F 14 D2 EC 2D CC C0
00015F00  24 18 B3 B5 00 00 E0 B1 DC E7 B3 B5 14 D2 CC C0
00015F10  CC C0 14 D2 B3 B5 DC E7 E0 B1 00 00 B3 B5 24 18
00015F20  CC C0 EC 2D 14 D2 34 3F DC E7 4D 4A 00 00 20 4E
00015F30  24 18 4D 4A EC 2D 34 3F 34 3F EC 2D 4D 4A 24 18
00015F40  20 4E 00 00 4D 4A DC E7 34 3F 14 D2 EC 2D CC C0
00015F50  24 18 B3 B5 00 00 E0 B1 DC E7 B3 B5 14 D2 CC C0
00015F60  CC C0 14 D2 B3 B5 DC E7 E0 B1 00 00 B3 B5 24 18
00015F70  CC C0 EC 2D 14 D2 34 3F DC E7 4D 4A 00 00 20 4E
00015F80  24 18 4D 4A EC 2D 34 3F 34 3F EC 2D 4D 4A 24 18
00015F90  20 4E 00 00 4D 4A DC E7 34 3F 14 D2 EC 2D CC C0
00015FA0  24 18 B3 B5 00 00 E0 B1 DC E7 B3 B5 14 D2 CC C0
00015FB0  CC C0 14 D2 B3 B5 DC E7 E0 B1 00 00 B3 B5 24 18
00015FC0  CC C0 EC 2D 14 D2 34 3F DC E7 4D 4A 00 00 20 4E
00015FD0  24 18 4D 4A EC 2D 34 3F 34 3F EC 2D 4D 4A 24 18
00015FE0  20 4E 00 00 4D 4A DC E7 34 3F 14 D2 EC 2D CC C0
00015FF0  24 18 B3 B5 00 00 E0 B1 DC E7 B3 B5 14 D2 CC C0
00016000  CC C0 14 D2 B3 B5 DC E7 E0 B1 00 00 B3 B5 24 18
00016010  CC C0 EC 2D 14 D2 34 3F DC E7 4D 4A 00 00 20 4E
00016020  24 18 4D 4A EC 2D 34 3F 34 3F EC 2D 4D 4A 24 18
00016030  20 4E 00 00 4D 4A DC E7 34 3F 14 D2 EC 2D CC C0
00016040  24 18 B3 B5 00 00 E0 B1 DC E7 B3 B5 14 D2 CC C0
00016050  CC C0 14 D2 B3 B5 DC E7 E0 B1 00 00 B3 B5 24 18
00016060  CC C0 EC 2D 14 D2 34 3F DC E7 4D 4A 00 00 20 4E
00016070  24 18 4D 4A EC 2D 34 3F 34 3F EC 2D 4D 4A 24 18
00016080  20 4E 00 00 4D 4A DC E7 34 3F 14 D2 EC 2D CC C0
00016090  24 18 B3 B5 00 00 E0 B1 DC E7 B3 B5 14 D2 CC C0
000160A0  CC C0 14 D2 B3 B5 DC E7 E0 B1 00 00 B3 B5 24 18
000160B0  CC C0 EC 2D 14 D2 34 3F DC E7 4D 4A 00 00 20 4E
000160C0  24 18 4D 4A EC 2D 34 3F 34 3F EC 2D 4D 4A 24 18
000160D0  20 4E 00 00 4D 4A DC E7 34 3F 14 D2 EC 2D CC C0
000160E0  24 18 B3 B5 00 00 E0 B1 DC E7 B3 B5 14 D2 CC C0
000160F0  CC C0 14 D2 B3 B5 DC E7 E0 B1 00 00 B3 B5 24 18
00016100  CC C0 EC 2D 14 D2 34 3F DC E7 4D 4A 00 00 20 4E
00016110  24 18 4D 4A EC 2D 34 3F 34 3F EC 2D 4D 4A 24 18
00016120  20 4E 00 00 4D 4A DC E7 34 3F 14 D2 EC 2D CC C0
00016130  24 18 B3 B5 00 00 E0 B1 DC E7 B3 B5 14 D2 CC C0
00016140  CC C0 14 D2 B3 B5 DC E7 E0 B1 00 00 B3 B5 24 18
00016150  CC C0 EC 2D 14 D2 34 3F DC E7 4D 4A 00 00 20 4E
00016160  24 18 4D 4A EC 2D 34 3F 34 3F EC 2D 4D 4A 24 18
00016170  20 4E 00 00 4D 4A DC E7 34 3F 14 D2 EC 2D CC C0
00016180  24 18 B3 B5 00 00 E0 B1 DC E7 B3 B5 14 D2 CC C0
00016190  CC C0 14 D2 B3 B5 DC E7 E0 B1 00 00 B3 B5 24 18
000161A0  CC C0 EC 2D 14 D2 34 3F DC E7 4D 4A 00 00 20 4E
000161B0  24 18 4D 4A EC 2D 34 3F 34 3F EC 2D 4D 4A 24 18
000161C0  20 4E 00 00 4D 4A DC E7 34 3F 14 D2 EC 2D CC C0
000161D0  24 18 B3 B5 00 00 E0 B1 DC E7 B3 B5 14 D2 CC C0
000161E0  CC C0 14 D2 B3 B5 DC E7 E0 B1 00 00 B3 B5 24 18
000161F0  CC C0 EC 2D 14 D2 34 3F DC E7 4D 4A 00 00 20 4E
00016200  24 18 4D 4A EC 2D 34 3F 34 3F EC 2D 4D 4A 24 18
00016210  20 4E 00 00 4D 4A DC E7 34 3F 14 D2 EC 2D CC C0
00016220  24 18 B3 B5 00 00 E0 B1 DC E7 B3 B5 14 D2 CC C0
00016230  CC C0 14 D2 B3 B5 DC E7 E0 B1 00 00 B3 B5 24 18
00016240  CC C0 EC 2D 14 D2 34 3F DC E7 4D 4A 00 00 20 4E
00016250  24 18 4D 4A EC 2D 34 3F 34 3F EC 2D 4D 4A 24 18
00016260  20 4E 00 00 4D 4A DC E7 34 3F 14 D2 EC 2D CC C0
00016270  24 18 B3 B5 00 00 E0 B1 DC E7 B3 B5 14 D2 CC C0
00016280  CC C0 14 D2 B3 B5 DC E7 E0 B1 00 00 B3 B5 24 18
00016290  CC C0 EC 2D 14 D2 34 3F DC E7 4D 4A 00 00 20 4E
000162A0  24 18 4D 4A EC 2D 34 3F 34 3F EC 2D 4D 4A 24 18
000162B0  20 4E 00 00 4D 4A DC E7 34 3F 14 D2 EC 2D CC C0
000162C0  24 18 B3 B5 00 00 E0 B1 DC E7 B3 B5 14 D2 CC C0
000162D0  CC C0 14 D2 B3 B5 DC E7 E0 B1 00 00 B3 B5 24 18
000162E0  CC C0 EC 2D 14 D2 34 3F DC E7 4D 4A 00 00 20 4E
000162F0  24 18 4D 4A EC 2D 34 3F 34 3F EC 2D 4D 4A 24 18
00016300  20 4E 00 00 4D 4A DC E7 34 3F 14 D2 EC 2D CC C0
00016310  24 18 B3 B5 00 00 E0 B1 DC E7 B3 B5 14 D2 CC C0
00016320  CC C0 14 D2 B3 B5 DC E7 E0 B1 00 00 B3 B5 24 18
00016330  CC C0 EC 2D 14 D2 34 3F DC E7 4D 4A 00 00 20 4E
00016340  24 18 4D 4A EC 2D 34 3F 34 3F EC 2D 4D 4A 24 18
00016350  20 4E 00 00 4D 4A DC E7 34 3F 14 D2 EC 2D CC C0
00016360  24 18 B3 B5 00 00 E0 B1 DC E7 B3 B5 14 D2 CC C0
00016370  CC C0 14 D2 B3 B5 DC E7 E0 B1 00 00 B3 B5 24 18
00016380  CC C0 EC 2D 14 D2 34 3F DC E7 4D 4A 00 00 20 4E
00016390  24 18 4D 4A EC 2D 34 3F 34 3F EC 2D 4D 4A 24 18
000163A0  20 4E 00 00 4D 4A DC E7 34 3F 14 D2 EC 2D CC C0
000163B0  24 18 B3 B5 00 00 E0 B1 DC E7 B3 B5 14 D2 CC C0
000163C0  CC C0 14 D2 B3 B5 DC E7 E0 B1 00 00 B3 B5 24 18
000163D0  CC C0 EC 2D 14 D2 34 3F DC E7 4D 4A 00 00 20 4E
000163E0  24 18 4D 4A EC 2D 34 3F 34 3F EC 2D 4D 4A 24 18
000163F0  20 4E 00 00 4D 4A DC E7 34 3F 14 D2 EC 2D CC C0
00016400  24 18 B3 B5 00 00 E0 B1 DC E7 B3 B5 14 D2 CC C0
00016410  CC C0 14 D2 B3 B5 DC E7 E0 B1 00 00 B3 B5 24 18
00016420  CC C0 EC 2D 14 D2 34 3F DC E7 4D 4A 00 00 20 4E
00016430  24 18 4D 4A EC 2D 34 3F 34 3F EC 2D 4D 4A 24 18
00016440  20 4E 00 00 4D 4A DC E7 34 3F 14 D2 EC 2D CC C0
00016450  24 18 B3 B5 00 00 E0 B1 DC E7 B3 B5 14 D2 CC C0
00016460  CC C0 14 D2 B3 B5 DC E7 E0 B1 00 00 B3 B5 24 18
00016470  CC C0 EC 2D 14 D2 34 3F DC E7 4D 4A 00 00 20 4E
00016480  24 18 4D 4A EC 2D 34 3F 34 3F EC 2D 4D 4A 24 18
00016490  20 4E 00 00 4D 4A DC E7 34 3F 14 D2 EC 2D CC C0
000164A0  24 18 B3 B5 00 00 E0 B1 DC E7 B3 B5 14 D2 CC C0
000164B0  CC C0 14 D2 B3 B5 DC E7 E0 B1 00 00 B3 B5 24 18
000164C0  CC C0 EC 2D 14 D2 34 3F DC E7 4D 4A 00 00 20 4E
000164D0  24 18 4D 4A EC 2D 34 3F 34 3F EC 2D 4D 4A 24 18
000164E0  20 4E 00 00 4D 4A DC E7 34 3F 14 D2 EC 2D CC C0
000164F0  24 18 B3 B5 00 00 E0 B1 DC E7 B3 B5 14 D2 CC C0
00016500  CC C0 14 D2 B3 B5 DC E7 E0 B1 00 00 B3 B5 24 18
00016510  CC C0 EC 2D 14 D2 34 3F DC E7 4D 4A 00 00 20 4E
00016520  24 18 4D 4A EC 2D 34 3F 34 3F EC 2D 4D 4A 24 18
00016530  20 4E 00 00 4D 4A DC E7 34 3F 14 D2 EC 2D CC C0
00016540  24 18 B3 B5 00 00 E0 B1 DC E7 B3 B5 14 D2 CC C0
00016550  CC C0 14 D2 B3 B5 DC E7 E0 B1 00 00 B3 B5 24 18
00016560  CC C0 EC 2D 14 D2 34 3F DC E7 4D 4A 00 00 20 4E
00016570  24 18 4D 4A EC 2D 34 3F 34 3F EC 2D 4D 4A 24 18
00016580  20 4E 00 00 4D 4A DC E7 34 3F 14 D2 EC 2D CC C0
00016590  24 18 B3 B5 00 00 E0 B1 DC E7 B3 B5 14 D2 CC C0
000165A0  CC C0 14 D2 B3 B5 DC E7 E0 B1 00 00 B3 B5 24 18
000165B0  CC C0 EC 2D 14 D2 34 3F DC E7 4D 4A 00 00 20 4E
000165C0  24 18 4D 4A EC 2D 34 3F 34 3F EC 2D 4D 4A 24 18
000165D0  20 4E 00 00 4D 4A DC E7 34 3F 14 D2 EC 2D CC C0
000165E0  24 18 B3 B5 00 00 E0 B1 DC E7 B3 B5 14 D2 CC C0
000165F0  CC C0 14 D2 B3 B5 DC E7 E0 B1 00 00 B3 B5 24 18
00016600  CC C0 EC 2D 14 D2 34 3F DC E7 4D 4A 00 00 20 4E
00016610  24 18 4D 4A EC 2D 34 3F 34 3F EC 2D 4D 4A 24 18
00016620  20 4E 00 00 4D 4A DC E7 34 3F 14 D2 EC 2D CC C0
00016630  24 18 B3 B5 00 00 E0 B1 DC E7 B3 B5 14 D2 CC C0
00016640  CC C0 14 D2 B3 B5 DC E7 E0 B1 00 00 B3 B5 24 18
00016650  CC C0 EC 2D 14 D2 34 3F DC E7 4D 4A 00 00 20 4E
00016660  24 18 4D 4A EC 2D 34 3F 34 3F EC 2D 4D 4A 24 18
00016670  20 4E 00 00 4D 4A DC E7 34 3F 14 D2 EC 2D CC C0
00016680  24 18 B3 B5 00 00 E0 B1 DC E7 B3 B5 14 D2 CC C0
00016690  CC C0 14 D2 B3 B5 DC E7 E0 B1 00 00 B3 B5 24 18
000166A0  CC C0 EC 2D 14 D2 34 3F DC E7 4D 4A 00 00 20 4E
000166B0  24 18 4D 4A EC 2D 34 3F 34 3F EC 2D 4D 4A 24 18
000166C0  20 4E 00 00 4D 4A DC E7 34 3F 14 D2 EC 2D CC C0
000166D0  24 18 B3 B5 00 00 E0 B1 DC E7 B3 B5 14 D2 CC C0
000166E0  CC C0 14 D2 B3 B5 DC E7 E0 B1 00 00 B3 B5 24 18
000166F0  CC C0 EC 2D 14 D2 34 3F DC E7 4D 4A 00 00 20 4E
00016700  24 18 4D 4A EC 2D 34 3F 34 3F EC 2D 4D 4A 24 18
00016710  20 4E 00 00 4D 4A DC E7 34 3F 14 D2 EC 2D CC C0
00016720  24 18 B3 B5 00 00 E0 B1 DC E7 B3 B5 14 D2 CC C0
00016730  CC C0 14 D2 B3 B5 DC E7 E0 B1 00 00 B3 B5 24 18
00016740  CC C0 EC 2D 14 D2 34 3F DC E7 4D 4A 00 00 20 4E
00016750  24 18 4D 4A EC 2D 34 3F 34 3F EC 2D 4D 4A 24 18
00016760  20 4E 00 00 4D 4A DC E7 34 3F 14 D2 EC 2D CC C0
00016770  24 18 B3 B5 00 00 E0 B1 DC E7 B3 B5 14 D2 CC C0
00016780  CC C0 14 D2 B3 B5 DC E7 E0 B1 00 00 B3 B5 24 18
00016790  CC C0 EC 2D 14 D2 34 3F DC E7 4D 4A 00 00 20 4E
000167A0  24 18 4D 4A EC 2D 34 3F 34 3F EC 2D 4D 4A 24 18
000167B0  20 4E 00 00 4D 4A DC E7 34 3F 14 D2 EC 2D CC C0
000167C0  24 18 B3 B5 00 00 E0 B1 DC E7 B3 B5 14 D2 CC C0
000167D0  CC C0 14 D2 B3 B5 DC E7 E0 B1 00 00 B3 B5 24 18
000167E0  CC C0 EC 2D 14 D2 34 3F DC E7 4D 4A 00 00 20 4E
000167F0  24 18 4D 4A EC 2D 34 3F 34 3F EC 2D 4D 4A 24 18
00016800  20 4E 00 00 4D 4A DC E7 34 3F 14 D2 EC 2D CC C0
00016810  24 18 B3 B5 00 00 E0 B1 DC E7 B3 B5 14 D2 CC C0
00016820  CC C0 14 D2 B3 B5 DC E7 E0 B1 00 00 B3 B5 24 18
00016830  CC C0 EC 2D 14 D2 34 3F DC E7 4D 4A 00 00 20 4E
00016840  24 18 4D 4A EC 2D 34 3F 34 3F EC 2D 4D 4A 24 18
00016850  20 4E 00 00 4D 4A DC E7 34 3F 14 D2 EC 2D CC C0
00016860  24 18 B3 B5 00 00 E0 B1 DC E7 B3 B5 14 D2 CC C0
00016870  CC C0 14 D2 B3 B5 DC E7 E0 B1 00 00 B3 B5 24 18
00016880  CC C0 EC 2D 14 D2 34 3F DC E7 4D 4A 00 00 20 4E
00016890  24 18 4D 4A EC 2D 34 3F 34 3F EC 2D 4D 4A 24 18
000168A0  20 4E 00 00 4D 4A DC E7 34 3F 14 D2 EC 2D CC C0
000168B0  24 18 B3 B5 00 00 E0 B1 DC E7 B3 B5 14 D2 CC C0
000168C0  CC C0 14 D2 B3 B5 DC E7 E0 B1 00 00 B3 B5 24 18
000168D0  CC C0 EC 2D 14 D2 34 3F DC E7 4D 4A 00 00 20 4E
000168E0  24 18 4D 4A EC 2D 34 3F 34 3F EC 2D 4D 4A 24 18
000168F0  20 4E 00 00 4D 4A DC E7 34 3F 14 D2 EC 2D CC C0
00016900  24 18 B3 B5 00 00 E0 B1 DC E7 B3 B5 14 D2 CC C0
00016910  CC C0 14 D2 B3 B5 DC E7 E0 B1 00 00 B3 B5 24 18
00016920  CC C0 EC 2D 14 D2 34 3F DC E7 4D 4A 00 00 20 4E
00016930  24 18 4D 4A EC 2D 34 3F 34 3F EC 2D 4D 4A 24 18
00016940  20 4E 00 00 4D 4A DC E7 34 3F 14 D2 EC 2D CC C0
00016950  24 18 B3 B5 00 00 E0 B1 DC E7 B3 B5 14 D2 CC C0
00016960  CC C0 14 D2 B3 B5 DC E7 E0 B1 00 00 B3 B5 24 18
00016970  CC C0 EC 2D 14 D2 34 3F DC E7 4D 4A 00 00 20 4E
00016980  24 18 4D 4A EC 2D 34 3F 34 3F EC 2D 4D 4A 24 18
00016990  20 4E 00 00 4D 4A DC E7 34 3F 14 D2 EC 2D CC C0
000169A0  24 18 B3 B5 00 00 E0 B1 DC E7 B3 B5 14 D2 CC C0
000169B0  CC C0 14 D2 B3 B5 DC E7 E0 B1 00 00 B3 B5 24 18
000169C0  CC C0 EC 2D 14 D2 34 3F DC E7 4D 4A 00 00 20 4E
000169D0  24 18 4D 4A EC 2D 34 3F 34 3F EC 2D 4D 4A 24 18
000169E0  20 4E 00 00 4D 4A DC E7 34 3F 14 D2 EC 2D CC C0
000169F0  24 18 B3 B5 00 00 E0 B1 DC E7 B3 B5 14 D2 CC C0
00016A00  CC C0 14 D2 B3 B5 DC E7 E0 B1 00 00 B3 B5 24 18
00016A10  CC C0 EC 2D 14 D2 34 3F DC E7 4D 4A 00 00 20 4E
00016A20  24 18 4D 4A EC 2D 34 3F 34 3F EC 2D 4D 4A 24 18
00016A30  20 4E 00 00 4D 4A DC E7 34 3F 14 D2 EC 2D CC C0
00016A40  24 18 B3 B5 00 00 E0 B1 DC E7 B3 B5 14 D2 CC C0
00016A50  CC C0 14 D2 B3 B5 DC E7 E0 B1 00 00 B3 B5 24 18
00016A60  CC C0 EC 2D 14 D2 34 3F DC E7 4D 4A 00 00 20 4E
00016A70  24 18 4D 4A EC 2D 34 3F 34 3F EC 2D 4D 4A 24 18
00016A80  20 4E 00 00 4D 4A DC E7 34 3F 14 D2 EC 2D CC C0
00016A90  24 18 B3 B5 00 00 E0 B1 DC E7 B3 B5 14 D2 CC C0
00016AA0  CC C0 14 D2 B3 B5 DC E7 E0 B1 00 00 B3 B5 24 18
00016AB0  CC C0 EC 2D 14 D2 34 3F DC E7 4D 4A 00 00 20 4E
00016AC0  24 18 4D 4A EC 2D 34 3F 34 3F EC 2D 4D 4A 24 18
00016AD0  20 4E 00 00 4D 4A DC E7 34 3F 14 D2 EC 2D CC C0
00016AE0  24 18 B3 B5 00 00 E0 B1 DC E7 B3 B5 14 D2 CC C0
00016AF0  CC C0 14 D2 B3 B5 DC E7 E0 B1 00 00 B3 B5 24 18
00016B00  CC C0 EC 2D 14 D2 34 3F DC E7 4D 4A 00 00 20 4E
00016B10  24 18 4D 4A EC 2D 34 3F 34 3F EC 2D 4D 4A 24 18
00016B20  20 4E 00 00 4D 4A DC E7 34 3F 14 D2 EC 2D CC C0
00016B30  24 18 B3 B5 00 00 E0 B1 DC E7 B3 B5 14 D2 CC C0
00016B40  CC C0 14 D2 B3 B5 DC E7 E0 B1 00 00 B3 B5 24 18
00016B50  CC C0 EC 2D 14 D2 34 3F DC E7 4D 4A 00 00 20 4E
00016B60  24 18 4D 4A EC 2D 34 3F 34 3F EC 2D 4D 4A 24 18
00016B70  20 4E 00 00 4D 4A DC E7 34 3F 14 D2 EC 2D CC C0
00016B80  24 18 B3 B5 00 00 E0 B1 DC E7 B3 B5 14 D2 CC C0
00016B90  CC C0 14 D2 B3 B5 DC E7 E0 B1 00 00 B3 B5 24 18
00016BA0  CC C0 EC 2D 14 D2 34 3F DC E7 4D 4A 00 00 20 4E
00016BB0  24 18 4D 4A EC 2D 34 3F 34 3F EC 2D 4D 4A 24 18
00016BC0  20 4E 00 00 4D 4A DC E7 34 3F 14 D2 EC 2D CC C0
00016BD0  24 18 B3 B5 00 00 E0 B1 DC E7 B3 B5 14 D2 CC C0
00016BE0  CC C0 14 D2 B3 B5 DC E7 E0 B1 00 00 B3 B5 24 18
00016BF0  CC C0 EC 2D 14 D2 34 3F DC E7 4D 4A 00 00 20 4E
00016C00  24 18 4D 4A EC 2D 34 3F 34 3F EC 2D 4D 4A 24 18
00016C10  20 4E 00 00 4D 4A DC E7 34 3F 14 D2 EC 2D CC C0
00016C20  24 18 B3 B5 00 00 E0 B1 DC E7 B3 B5 14 D2 CC C0
00016C30  CC C0 14 D2 B3 B5 DC E7 E0 B1 00 00 B3 B5 24 18
00016C40  CC C0 EC 2D 14 D2 34 3F DC E7 4D 4A 00 00 20 4E
00016C50  24 18 4D 4A EC 2D 34 3F 34 3F EC 2D 4D 4A 24 18
00016C60  20 4E 00 00 4D 4A DC E7 34 3F 14 D2 EC 2D CC C0
00016C70  24 18 B3 B5 00 00 E0 B1 DC E7 B3 B5 14 D2 CC C0
00016C80  CC C0 14 D2 B3 B5 DC E7 E0 B1 00 00 B3 B5 24 18
00016C90  CC C0 EC 2D 14 D2 34 3F DC E7 4D 4A 00 00 20 4E
00016CA0  24 18 4D 4A EC 2D 34 3F 34 3F EC 2D 4D 4A 24 18
00016CB0  20 4E 00 00 4D 4A DC E7 34 3F 14 D2 EC 2D CC C0
00016CC0  24 18 B3 B5 00 00 E0 B1 DC E7 B3 B5 14 D2 CC C0
00016CD0  CC C0 14 D2 B3 B5 DC E7 E0 B1 00 00 B3 B5 24 18
00016CE0  CC C0 EC 2D 14 D2 34 3F DC E7 4D 4A 00 00 20 4E
00016CF0  24 18 4D 4A EC 2D 34 3F 34 3F EC 2D 4D 4A 24 18
00016D00  20 4E 00 00 4D 4A DC E7 34 3F 14 D2 EC 2D CC C0
00016D10  24 18 B3 B5 00 00 E0 B1 DC E7 B3 B5 14 D2 CC C0
00016D20  CC C0 14 D2 B3 B5 DC E7 E0 B1 00 00 B3 B5 24 18
00016D30  CC C0 EC 2D 14 D2 34 3F DC E7 4D 4A 00 00 20 4E
00016D40  24 18 4D 4A EC 2D 34 3F 34 3F EC 2D 4D 4A 24 18
00016D50  20 4E 00 00 4D 4A DC E7 34 3F 14 D2 EC 2D CC C0
00016D60  24 18 B3 B5 00 00 E0 B1 DC E7 B3 B5 14 D2 CC C0
00016D70  CC C0 14 D2 B3 B5 DC E7 E0 B1 00 00 B3 B5 24 18
00016D80  CC C0 EC 2D 14 D2 34 3F DC E7 4D 4A 00 00 20 4E
00016D90  24 18 4D 4A EC 2D 34 3F 34 3F EC 2D 4D 4A 24 18
00016DA0  20 4E 00 00 4D 4A DC E7 34 3F 14 D2 EC 2D CC C0
00016DB0  24 18 B3 B5 00 00 E0 B1 DC E7 B3 B5 14 D2 CC C0
00016DC0  CC C0 14 D2 B3 B5 DC E7 E0 B1 00 00 B3 B5 24 18
00016DD0  CC C0 EC 2D 14 D2 34 3F DC E7 4D 4A 00 00 20 4E
00016DE0  24 18 4D 4A EC 2D 34 3F 34 3F EC 2D 4D 4A 24 18
00016DF0  20 4E 00 00 4D 4A DC E7 34 3F 14 D2 EC 2D CC C0
00016E00  24 18 B3 B5 00 00 E0 B1 DC E7 B3 B5 14 D2 CC C0
00016E10  CC C0 14 D2 B3 B5 DC E7 E0 B1 00 00 B3 B5 24 18
00016E20  CC C0 EC 2D 14 D2 34 3F DC E7 4D 4A 00 00 20 4E
00016E30  24 18 4D 4A EC 2D 34 3F 34 3F EC 2D 4D 4A 24 18
00016E40  20 4E 00 00 4D 4A DC E7 34 3F 14 D2 EC 2D CC C0
00016E50  24 18 B3 B5 00 00 E0 B1 DC E7 B3 B5 14 D2 CC C0
00016E60  CC C0 14 D2 B3 B5 DC E7 E0 B1 00 00 B3 B5 24 18
00016E70  CC C0 EC 2D 14 D2 34 3F DC E7 4D 4A 00 00 20 4E
00016E80  24 18 4D 4A EC 2D 34 3F 34 3F EC 2D 4D 4A 24 18
00016E90  20 4E 00 00 4D 4A DC E7 34 3F 14 D2 EC 2D CC C0
00016EA0  24 18 B3 B5 00 00 E0 B1 DC E7 B3 B5 14 D2 CC C0
00016EB0  CC C0 14 D2 B3 B5 DC E7 E0 B1 00 00 B3 B5 24 18
00016EC0  CC C0 EC 2D 14 D2 34 3F DC E7 4D 4A 00 00 20 4E
00016ED0  24 18 4D 4A EC 2D 34 3F 34 3F EC 2D 4D 4A 24 18
00016EE0  20 4E 00 00 4D 4A DC E7 34 3F 14 D2 EC 2D CC C0
00016EF0  24 18 B3 B5 00 00 E0 B1 DC E7 B3 B5 14 D2 CC C0
00016F00  CC C0 14 D2 B3 B5 DC E7 E0 B1 00 00 B3 B5 24 18
00016F10  CC C0 EC 2D 14 D2 34 3F DC E7 4D 4A 00 00 20 4E
00016F20  24 18 4D 4A EC 2D 34 3F 34 3F EC 2D 4D 4A 24 18
00016F30  20 4E 00 00 4D 4A DC E7 34 3F 14 D2 EC 2D CC C0
00016F40  24 18 B3 B5 00 00 E0 B1 DC E7 B3 B5 14 D2 CC C0
00016F50  CC C0 14 D2 B3 B5 DC E7 E0 B1 00 00 B3 B5 24 18
00016F60  CC C0 EC 2D 14 D2 34 3F DC E7 4D 4A 00 00 20 4E
00016F70  24 18 4D 4A EC 2D 34 3F 34 3F EC 2D 4D 4A 24 18
00016F80  20 4E 00 00 4D 4A DC E7 34 3F 14 D2 EC 2D CC C0
00016F90  24 18 B3 B5 00 00 E0 B1 DC E7 B3 B5 14 D2 CC C0
00016FA0  CC C0 14 D2 B3 B5 DC E7 E0 B1 00 00 B3 B5 24 18
00016FB0  CC C0 EC 2D 14 D2 34 3F DC E7 4D 4A 00 00 20 4E
00016FC0  24 18 4D 4A EC 2D 34 3F 34 3F EC 2D 4D 4A 24 18
00016FD0  20 4E 00 00 4D 4A DC E7 34 3F 14 D2 EC 2D CC C0
00016FE0  24 18 B3 B5 00 00 E0 B1 DC E7 B3 B5 14 D2 CC C0
00016FF0  CC C0 14 D2 B3 B5 DC E7 E0 B1 00 00 B3 B5 24 18
00017000  CC C0 EC 2D 14 D2 34 3F DC E7 4D 4A 00 00 20 4E
00017010  24 18 4D 4A EC 2D 34 3F 34 3F EC 2D 4D 4A 24 18
00017020  20 4E 00 00 4D 4A DC E7 34 3F 14 D2 EC 2D CC C0
00017030  24 18 B3 B5 00 00 E0 B1 DC E7 B3 B5 14 D2 CC C0
00017040  CC C0 14 D2 B3 B5 DC E7 E0 B1 00 00 B3 B5 24 18
00017050  CC C0 EC 2D 14 D2 34 3F DC E7 4D 4A 00 00 20 4E
00017060  24 18 4D 4A EC 2D 34 3F 34 3F EC 2D 4D 4A 24 18
00017070  20 4E 00 00 4D 4A DC E7 34 3F 14 D2 EC 2D CC C0
00017080  24 18 B3 B5 00 00 E0 B1 DC E7 B3 B5 14 D2 CC C0
00017090  CC C0 14 D2 B3 B5 DC E7 E0 B1 00 00 B3 B5 24 18
000170A0  CC C0 EC 2D 14 D2 34 3F DC E7 4D 4A 00 00 20 4E
000170B0  24 18 4D 4A EC 2D 34 3F 34 3F EC 2D 4D 4A 24 18
000170C0  20 4E 00 00 4D 4A DC E7 34 3F 14 D2 EC 2D CC C0
000170D0  24 18 B3 B5 00 00 E0 B1 DC E7 B3 B5 14 D2 CC C0
000170E0  CC C0 14 D2 B3 B5 DC E7 E0 B1 00 00 B3 B5 24 18
000170F0  CC C0 EC 2D 14 D2 34 3F DC E7 4D 4A 00 00 20 4E
00017100  24 18 4D 4A EC 2D 34 3F 34 3F EC 2D 4D 4A 24 18
00017110  20 4E 00 00 4D 4A DC E7 34 3F 14 D2 EC 2D CC C0
00017120  24 18 B3 B5 00 00 E0 B1 DC E7 B3 B5 14 D2 CC C0
00017130  CC C0 14 D2 B3 B5 DC E7 E0 B1 00 00 B3 B5 24 18
00017140  CC C0 EC 2D 14 D2 34 3F DC E7 4D 4A 00 00 20 4E
00017150  24 18 4D 4A EC 2D 34 3F 34 3F EC 2D 4D 4A 24 18
00017160  20 4E 00 00 4D 4A DC E7 34 3F 14 D2 EC 2D CC C0
00017170  24 18 B3 B5 00 00 E0 B1 DC E7 B3 B5 14 D2 CC C0
00017180  CC C0 14 D2 B3 B5 DC E7 E0 B1 00 00 B3 B5 24 18
00017190  CC C0 EC 2D 14 D2 34 3F DC E7 4D 4A 00 00 20 4E
000171A0  24 18 4D 4A EC 2D 34 3F 34 3F EC 2D 4D 4A 24 18
000171B0  20 4E 00 00 4D 4A DC E7 34 3F 14 D2 EC 2D CC C0
000171C0  24 18 B3 B5 00 00 E0 B1 DC E7 B3 B5 14 D2 CC C0
000171D0  CC C0 14 D2 B3 B5 DC E7 E0 B1 00 00 B3 B5 24 18
000171E0  CC C0 EC 2D 14 D2 34 3F DC E7 4D 4A 00 00 20 4E
000171F0  24 18 4D 4A EC 2D 34 3F 34 3F EC 2D 4D 4A 24 18
00017200  20 4E 00 00 4D 4A DC E7 34 3F 14 D2 EC 2D CC C0
00017210  24 18 B3 B5 00 00 E0 B1 DC E7 B3 B5 14 D2 CC C0
00017220  CC C0 14 D2 B3 B5 DC E7 E0 B1 00 00 B3 B5 24 18
00017230  CC C0 EC 2D 14 D2 34 3F DC E7 4D 4A 00 00 20 4E
00017240  24 18 4D 4A EC 2D 34 3F 34 3F EC 2D 4D 4A 24 18
00017250  20 4E 00 00 4D 4A DC E7 34 3F 14 D2 EC 2D CC C0
00017260  24 18 B3 B5 00 00 E0 B1 DC E7 B3 B5 14 D2 CC C0
00017270  CC C0 14 D2 B3 B5 DC E7 E0 B1 00 00 B3 B5 24 18
00017280  CC C0 EC 2D 14 D2 34 3F DC E7 4D 4A 00 00 20 4E
00017290  24 18 4D 4A EC 2D 34 3F 34 3F EC 2D 4D 4A 24 18
000172A0  20 4E 00 00 4D 4A DC E7 34 3F 14 D2 EC 2D CC C0
000172B0  24 18 B3 B5 00 00 E0 B1 DC E7 B3 B5 14 D2 CC C0
000172C0  CC C0 14 D2 B3 B5 DC E7 E0 B1 00 00 B3 B5 24 18
000172D0  CC C0 EC 2D 14 D2 34 3F DC E7 4D 4A 00 00 20 4E
000172E0  24 18 4D 4A EC 2D 34 3F 34 3F EC 2D 4D 4A 24 18
000172F0  20 4E 00 00 4D 4A DC E7 34 3F 14 D2 EC 2D CC C0
00017300  24 18 B3 B5 00 00 E0 B1 DC E7 B3 B5 14 D2 CC C0
00017310  CC C0 14 D2 B3 B5 DC E7 E0 B1 00 00 B3 B5 24 18
00017320  CC C0 EC 2D 14 D2 34 3F DC E7 4D 4A 00 00 20 4E
00017330  24 18 4D 4A EC 2D 34 3F 34 3F EC 2D 4D 4A 24 18
00017340  20 4E 00 00 4D 4A DC E7 34 3F 14 D2 EC 2D CC C0
00017350  24 18 B3 B5 00 00 E0 B1 DC E7 B3 B5 14 D2 CC C0
00017360  CC C0 14 D2 B3 B5 DC E7 E0 B1 00 00 B3 B5 24 18
00017370  CC C0 EC 2D 14 D2 34 3F DC E7 4D 4A 00 00 20 4E
00017380  24 18 4D 4A EC 2D 34 3F 34 3F EC 2D 4D 4A 24 18
00017390  20 4E 00 00 4D 4A DC E7 34 3F 14 D2 EC 2D CC C0
000173A0  24 18 B3 B5 00 00 E0 B1 DC E7 B3 B5 14 D2 CC C0
000173B0  CC C0 14 D2 B3 B5 DC E7 E0 B1 00 00 B3 B5 24 18
000173C0  CC C0 EC 2D 14 D2 34 3F DC E7 4D 4A 00 00 20 4E
000173D0  24 18 4D 4A EC 2D 34 3F 34 3F EC 2D 4D 4A 24 18
000173E0  20 4E 00 00 4D 4A DC E7 34 3F 14 D2 EC 2D CC C0
000173F0  24 18 B3 B5 00 00 E0 B1 DC E7 B3 B5 14 D2 CC C0
00017400  CC C0 14 D2 B3 B5 DC E7 E0 B1 00 00 B3 B5 24 18
00017410  CC C0 EC 2D 14 D2 34 3F DC E7 4D 4A 00 00 20 4E
00017420  24 18 4D 4A EC 2D 34 3F 34 3F EC 2D 4D 4A 24 18
00017430  20 4E 00 00 4D 4A DC E7 34 3F 14 D2 EC 2D CC C0
00017440  24 18 B3 B5 00 00 E0 B1 DC E7 B3 B5 14 D2 CC C0
00017450  CC C0 14 D2 B3 B5 DC E7 E0 B1 00 00 B3 B5 24 18
00017460  CC C0 EC 2D 14 D2 34 3F DC E7 4D 4A 00 00 20 4E
00017470  24 18 4D 4A EC 2D 34 3F 34 3F EC 2D 4D 4A 24 18
00017480  20 4E 00 00 4D 4A DC E7 34 3F 14 D2 EC 2D CC C0
00017490  24 18 B3 B5 00 00 E0 B1 DC E7 B3 B5 14 D2 CC C0
000174A0  CC C0 14 D2 B3 B5 DC E7 E0 B1 00 00 B3 B5 24 18
000174B0  CC C0 EC 2D 14 D2 34 3F DC E7 4D 4A 00 00 20 4E
000174C0  24 18 4D 4A EC 2D 34 3F 34 3F EC 2D 4D 4A 24 18
000174D0  20 4E 00 00 4D 4A DC E7 34 3F 14 D2 EC 2D CC C0
000174E0  24 18 B3 B5 00 00 E0 B1 DC E7 B3 B5 14 D2 CC C0
000174F0  CC C0 14 D2 B3 B5 DC E7 E0 B1 00 00 B3 B5 24 18
00017500  CC C0 EC 2D 14 D2 34 3F DC E7 4D 4A 00 00 20 4E
00017510  24 18 4D 4A EC 2D 34 3F 34 3F EC 2D 4D 4A 24 18
00017520  20 4E 00 00 4D 4A DC E7 34 3F 14 D2 EC 2D CC C0
00017530  24 18 B3 B5 00 00 E0 B1 DC E7 B3 B5 14 D2 CC C0
00017540  CC C0 14 D2 B3 B5 DC E7 E0 B1 00 00 B3 B5 24 18
00017550  CC C0 EC 2D 14 D2 34 3F DC E7 4D 4A 00 00 20 4E
00017560  24 18 4D 4A EC 2D 34 3F 34 3F EC 2D 4D 4A 24 18
00017570  20 4E 00 00 4D 4A DC E7 34 3F 14 D2 EC 2D CC C0
00017580  24 18 B3 B5 00 00 E0 B1 DC E7 B3 B5 14 D2 CC C0
00017590  CC C0 14 D2 B3 B5 DC E7 E0 B1 00 00 B3 B5 24 18
000175A0  CC C0 EC 2D 14 D2 34 3F DC E7 4D 4A 00 00 20 4E
000175B0  24 18 4D 4A EC 2D 34 3F 34 3F EC 2D 4D 4A 24 18
000175C0  20 4E 00 00 4D 4A DC E7 34 3F 14 D2 EC 2D CC C0
000175D0  24 18 B3 B5 00 00 E0 B1 DC E7 B3 B5 14 D2 CC C0
000175E0  CC C0 14 D2 B3 B5 DC E7 E0 B1 00 00 B3 B5 24 18
000175F0  CC C0 EC 2D 14 D2 34 3F DC E7 4D 4A 00 00 20 4E
00017600  24 18 4D 4A EC 2D 34 3F 34 3F EC 2D 4D 4A 24 18
00017610  20 4E 00 00 4D 4A DC E7 34 3F 14 D2 EC 2D CC C0
00017620  24 18 B3 B5 00 00 E0 B1 DC E7 B3 B5 14 D2 CC C0
00017630  CC C0 14 D2 B3 B5 DC E7 E0 B1 00 00 B3 B5 24 18
00017640  CC C0 EC 2D 14 D2 34 3F DC E7 4D 4A 00 00 20 4E
00017650  24 18 4D 4A EC 2D 34 3F 34 3F EC 2D 4D 4A 24 18
00017660  20 4E 00 00 4D 4A DC E7 34 3F 14 D2 EC 2D CC C0
00017670  24 18 B3 B5 00 00 E0 B1 DC E7 B3 B5 14 D2 CC C0
00017680  CC C0 14 D2 B3 B5 DC E7 E0 B1 00 00 B3 B5 24 18
00017690  CC C0 EC 2D 14 D2 34 3F DC E7 4D 4A 00 00 20 4E
000176A0  24 18 4D 4A EC 2D 34 3F 34 3F EC 2D 4D 4A 24 18
000176B0  20 4E 00 00 4D 4A DC E7 34 3F 14 D2 EC 2D CC C0
000176C0  24 18 B3 B5 00 00 E0 B1 DC E7 B3 B5 14 D2 CC C0
000176D0  CC C0 14 D2 B3 B5 DC E7 E0 B1 00 00 B3 B5 24 18
000176E0  CC C0 EC 2D 14 D2 34 3F DC E7 4D 4A 00 00 20 4E
000176F0  24 18 4D 4A EC 2D 34 3F 34 3F EC 2D 4D 4A 24 18
00017700  20 4E 00 00 4D 4A DC E7 34 3F 14 D2 EC 2D CC C0
00017710  24 18 B3 B5 00 00 E0 B1 DC E7 B3 B5 14 D2 CC C0
00017720  CC C0 14 D2 B3 B5 DC E7 E0 B1 00 00 B3 B5 24 18
00017730  CC C0 EC 2D 14 D2 34 3F DC E7 4D 4A 00 00 20 4E
00017740  24 18 4D 4A EC 2D 34 3F 34 3F EC 2D 4D 4A 24 18
00017750  20 4E 00 00 4D 4A DC E7 34 3F 14 D2 EC 2D CC C0
00017760  24 18 B3 B5 00 00 E0 B1 DC E7 B3 B5 14 D2 CC C0
00017770  CC C0 14 D2 B3 B5 DC E7 E0 B1 00 00 B3 B5 24 18
00017780  CC C0 EC 2D 14 D2 34 3F DC E7 4D 4A 00 00 20 4E
00017790  24 18 4D 4A EC 2D 34 3F 34 3F EC 2D 4D 4A 24 18
000177A0  20 4E 00 00 4D 4A DC E7 34 3F 14 D2 EC 2D CC C0
000177B0  24 18 B3 B5 00 00 E0 B1 DC E7 B3 B5 14 D2 CC C0
000177C0  CC C0 14 D2 B3 B5 DC E7 E0 B1 00 00 B3 B5 24 18
000177D0  CC C0 EC 2D 14 D2 34 3F DC E7 4D 4A 00 00 20 4E
000177E0  24 18 4D 4A EC 2D 34 3F 34 3F EC 2D 4D 4A 24 18
000177F0  20 4E 00 00 4D 4A DC E7 34 3F 14 D2 EC 2D CC C0
00017800  24 18 B3 B5 00 00 E0 B1 DC E7 B3 B5 14 D2 CC C0
00017810  CC C0 14 D2 B3 B5 DC E7 E0 B1 00 00 B3 B5 24 18
00017820  CC C0 EC 2D 14 D2 34 3F DC E7 4D 4A 00 00 20 4E
00017830  24 18 4D 4A EC 2D 34 3F 34 3F EC 2D 4D 4A 24 18
00017840  20 4E 00 00 4D 4A DC E7 34 3F 14 D2 EC 2D CC C0
00017850  24 18 B3 B5 00 00 E0 B1 DC E7 B3 B5 14 D2 CC C0
00017860  CC C0 14 D2 B3 B5 DC E7 E0 B1 00 00 B3 B5 24 18
00017870  CC C0 EC 2D 14 D2 34 3F DC E7 4D 4A 00 00 20 4E
00017880  24 18 4D 4A EC 2D 34 3F 34 3F EC 2D 4D 4A 24 18
00017890  20 4E 00 00 4D 4A DC E7 34 3F 14 D2 EC 2D CC C0
000178A0  24 18 B3 B5 00 00 E0 B1 DC E7 B3 B5 14 D2 CC C0
000178B0  CC C0 14 D2 B3 B5 DC E7 E0 B1 00 00 B3 B5 24 18
000178C0  CC C0 EC 2D 14 D2 34 3F DC E7 4D 4A 00 00 20 4E
000178D0  24 18 4D 4A EC 2D 34 3F 34 3F EC 2D 4D 4A 24 18
000178E0  20 4E 00 00 4D 4A DC E7 34 3F 14 D2 EC 2D CC C0
000178F0  24 18 B3 B5 00 00 E0 B1 DC E7 B3 B5 14 D2 CC C0
00017900  CC C0 14 D2 B3 B5 DC E7 E0 B1 00 00 B3 B5 24 18
00017910  CC C0 EC 2D 14 D2 34 3F DC E7 4D 4A 00 00 20 4E
00017920  24 18 4D 4A EC 2D 34 3F 34 3F EC 2D 4D 4A 24 18
00017930  20 4E 00 00 4D 4A DC E7 34 3F 14 D2 EC 2D CC C0
00017940  24 18 B3 B5 00 00 E0 B1 DC E7 B3 B5 14 D2 CC C0
00017950  CC C0 14 D2 B3 B5 DC E7 E0 B1 00 00 B3 B5 24 18
00017960  CC C0 EC 2D 14 D2 34 3F DC E7 4D 4A 00 00 20 4E
00017970  24 18 4D 4A EC 2D 34 3F 34 3F EC 2D 4D 4A 24 18
00017980  20 4E 00 00 4D 4A DC E7 34 3F 14 D2 EC 2D CC C0
00017990  24 18 B3 B5 00 00 E0 B1 DC E7 B3 B5 14 D2 CC C0
000179A0  CC C0 14 D2 B3 B5 DC E7 E0 B1 00 00 B3 B5 24 18
000179B0  CC C0 EC 2D 14 D2 34 3F DC E7 4D 4A 00 00 20 4E
000179C0  24 18 4D 4A EC 2D 34 3F 34 3F EC 2D 4D 4A 24 18
000179D0  20 4E 00 00 4D 4A DC E7 34 3F 14 D2 EC 2D CC C0
000179E0  24 18 B3 B5 00 00 E0 B1 DC E7 B3 B5 14 D2 CC C0
000179F0  CC C0 14 D2 B3 B5 DC E7 E0 B1 00 00 B3 B5 24 18
00017A00  CC C0 EC 2D 14 D2 34 3F DC E7 4D 4A 00 00 20 4E
00017A10  24 18 4D 4A EC 2D 34 3F 34 3F EC 2D 4D 4A 24 18
00017A20  20 4E 00 00 4D 4A DC E7 34 3F 14 D2 EC 2D CC C0
00017A30  24 18 B3 B5 00 00 E0 B1 DC E7 B3 B5 14 D2 CC C0
00017A40  CC C0 14 D2 B3 B5 DC E7 E0 B1 00 00 B3 B5 24 18
00017A50  CC C0 EC 2D 14 D2 34 3F DC E7 4D 4A 00 00 20 4E
00017A60  24 18 4D 4A EC 2D 34 3F 34 3F EC 2D 4D 4A 24 18
00017A70  20 4E 00 00 4D 4A DC E7 34 3F 14 D2 EC 2D CC C0
00017A80  24 18 B3 B5 00 00 E0 B1 DC E7 B3 B5 14 D2 CC C0
00017A90  CC C0 14 D2 B3 B5 DC E7 E0 B1 00 00 B3 B5 24 18
00017AA0  CC C0 EC 2D 14 D2 34 3F DC E7 4D 4A 00 00 20 4E
00017AB0  24 18 4D 4A EC 2D 34 3F 34 3F EC 2D 4D 4A 24 18
00017AC0  20 4E 00 00 4D 4A DC E7 34 3F 14 D2 EC 2D CC C0
00017AD0  24 18 B3 B5 00 00 E0 B1 DC E7 B3 B5 14 D2 CC C0
00017AE0  CC C0 14 D2 B3 B5 DC E7 E0 B1 00 00 B3 B5 24 18
00017AF0  CC C0 EC 2D 14 D2 34 3F DC E7 4D 4A 00 00 20 4E
00017B00  24 18 4D 4A EC 2D 34 3F 34 3F EC 2D 4D 4A 24 18
00017B10  20 4E 00 00 4D 4A DC E7 34 3F 14 D2 EC 2D CC C0
00017B20  24 18 B3 B5 00 00 E0 B1 DC E7 B3 B5 14 D2 CC C0
00017B30  CC C0 14 D2 B3 B5 DC E7 E0 B1 00 00 B3 B5 24 18
00017B40  CC C0 EC 2D 14 D2 34 3F DC E7 4D 4A 00 00 20 4E
00017B50  24 18 4D 4A EC 2D 34 3F 34 3F EC 2D 4D 4A 24 18
00017B60  20 4E 00 00 4D 4A DC E7 34 3F 14 D2 EC 2D CC C0
00017B70  24 18 B3 B5 00 00 E0 B1 DC E7 B3 B5 14 D2 CC C0
00017B80  CC C0 14 D2 B3 B5 DC E7 E0 B1 00 00 B3 B5 24 18
00017B90  CC C0 EC 2D 14 D2 34 3F DC E7 4D 4A 00 00 20 4E
00017BA0  24 18 4D 4A EC 2D 34 3F 34 3F EC 2D 4D 4A 24 18
00017BB0  20 4E 00 00 4D 4A DC E7 34 3F 14 D2 EC 2D CC C0
00017BC0  24 18 B3 B5 00 00 E0 B1 DC E7 B3 B5 14 D2 CC C0
00017BD0  CC C0 14 D2 B3 B5 DC E7 E0 B1 00 00 B3 B5 24 18
00017BE0  CC C0 EC 2D 14 D2 34 3F DC E7 4D 4A 00 00 20 4E
00017BF0  24 18 4D 4A EC 2D 34 3F 34 3F EC 2D 4D 4A 24 18
00017C00  20 4E 00 00 4D 4A DC E7 34 3F 14 D2 EC 2D CC C0
00017C10  24 18 B3 B5 00 00 E0 B1 DC E7 B3 B5 14 D2 CC C0
00017C20  CC C0 14 D2 B3 B5 DC E7 E0 B1 00 00 B3 B5 24 18
00017C30  CC C0 EC 2D 14 D2 34 3F DC E7 4D 4A 00 00 20 4E
00017C40  24 18 4D 4A EC 2D 34 3F 34 3F EC 2D 4D 4A 24 18
00017C50  20 4E 00 00 4D 4A DC E7 34 3F 14 D2 EC 2D CC C0
00017C60  24 18 B3 B5 00 00 E0 B1 DC E7 B3 B5 14 D2 CC C0
00017C70  CC C0 14 D2 B3 B5 DC E7 E0 B1 00 00 B3 B5 24 18
00017C80  CC C0 EC 2D 14 D2 34 3F DC E7 4D 4A 00 00 20 4E
00017C90  24 18 4D 4A EC 2D 34 3F 34 3F EC 2D 4D 4A 24 18
00017CA0  20 4E 00 00 4D 4A DC E7 34 3F 14 D2 EC 2D CC C0
00017CB0  24 18 B3 B5 00 00 E0 B1 DC E7 B3 B5 14 D2 CC C0
00017CC0  CC C0 14 D2 B3 B5 DC E7 E0 B1 00 00 B3 B5 24 18
00017CD0  CC C0 EC 2D 14 D2 34 3F DC E7 4D 4A 00 00 20 4E
00017CE0  24 18 4D 4A EC 2D 34 3F 34 3F EC 2D 4D 4A 24 18
00017CF0  20 4E 00 00 4D 4A DC E7 34 3F 14 D2 EC 2D CC C0
00017D00  24 18 B3 B5 00 00 E0 B1 DC E7 B3 B5 14 D2 CC C0
00017D10  CC C0 14 D2 B3 B5 DC E7 E0 B1 00 00 B3 B5 24 18
00017D20  CC C0 EC 2D 14 D2 34 3F DC E7 4D 4A 00 00 20 4E
00017D30  24 18 4D 4A EC 2D 34 3F 34 3F EC 2D 4D 4A 24 18
00017D40  20 4E 00 00 4D 4A DC E7 34 3F 14 D2 EC 2D CC C0
00017D50  24 18 B3 B5 00 00 E0 B1 DC E7 B3 B5 14 D2 CC C0
00017D60  CC C0 14 D2 B3 B5 DC E7 E0 B1 00 00 B3 B5 24 18
00017D70  CC C0 EC 2D 14 D2 34 3F DC E7 4D 4A 00 00 20 4E
00017D80  24 18 4D 4A EC 2D 34 3F 34 3F EC 2D 4D 4A 24 18
00017D90  20 4E 00 00 4D 4A DC E7 34 3F 14 D2 EC 2D CC C0
00017DA0  24 18 B3 B5 00 00 E0 B1 DC E7 B3 B5 14 D2 CC C0
00017DB0  CC C0 14 D2 B3 B5 DC E7 E0 B1 00 00 B3 B5 24 18
00017DC0  CC C0 EC 2D 14 D2 34 3F DC E7 4D 4A 00 00 20 4E
00017DD0  24 18 4D 4A EC 2D 34 3F 34 3F EC 2D 4D 4A 24 18
00017DE0  20 4E 00 00 4D 4A DC E7 34 3F 14 D2 EC 2D CC C0
00017DF0  24 18 B3 B5 00 00 E0 B1 DC E7 B3 B5 14 D2 CC C0
00017E00  CC C0 14 D2 B3 B5 DC E7 E0 B1 00 00 B3 B5 24 18
00017E10  CC C0 EC 2D 14 D2 34 3F DC E7 4D 4A 00 00 20 4E
00017E20  24 18 4D 4A EC 2D 34 3F 34 3F EC 2D 4D 4A 24 18
00017E30  20 4E 00 00 4D 4A DC E7 34 3F 14 D2 EC 2D CC C0
00017E40  24 18 B3 B5 00 00 E0 B1 DC E7 B3 B5 14 D2 CC C0
00017E50  CC C0 14 D2 B3 B5 DC E7 E0 B1 00 00 B3 B5 24 18
00017E60  CC C0 EC 2D 14 D2 34 3F DC E7 4D 4A 00 00 20 4E
00017E70  24 18 4D 4A EC 2D 34 3F 34 3F EC 2D 4D 4A 24 18
00017E80  20 4E 00 00 4D 4A DC E7 34 3F 14 D2 EC 2D CC C0
00017E90  24 18 B3 B5 00 00 E0 B1 DC E7 B3 B5 14 D2 CC C0
00017EA0  CC C0 14 D2 B3 B5 DC E7 E0 B1 00 00 B3 B5 24 18
00017EB0  CC C0 EC 2D 14 D2 34 3F DC E7 4D 4A 00 00 20 4E
00017EC0  24 18 4D 4A EC 2D 34 3F 34 3F EC 2D 4D 4A 24 18
00017ED0  20 4E 00 00 4D 4A DC E7 34 3F 14 D2 EC 2D CC C0
00017EE0  24 18 B3 B5 00 00 E0 B1 DC E7 B3 B5 14 D2 CC C0
00017EF0  CC C0 14 D2 B3 B5 DC E7 E0 B1 00 00 B3 B5 24 18
00017F00  CC C0 EC 2D 14 D2 34 3F DC E7 4D 4A 00 00 20 4E
00017F10  24 18 4D 4A EC 2D 34 3F 34 3F EC 2D 4D 4A 24 18
00017F20  20 4E 00 00 4D 4A DC E7 34 3F 14 D2 EC 2D CC C0
00017F30  24 18 B3 B5 00 00 E0 B1 DC E7 B3 B5 14 D2 CC C0
00017F40  CC C0 14 D2 B3 B5 DC E7 E0 B1 00 00 B3 B5 24 18
00017F50  CC C0 EC 2D 14 D2 34 3F DC E7 4D 4A 00 00 20 4E
00017F60  24 18 4D 4A EC 2D 34 3F 34 3F EC 2D 4D 4A 24 18
00017F70  20 4E 00 00 4D 4A DC E7 34 3F 14 D2 EC 2D CC C0
00017F80  24 18 B3 B5 00 00 E0 B1 DC E7 B3 B5 14 D2 CC C0
00017F90  CC C0 14 D2 B3 B5 DC E7 E0 B1 00 00 B3 B5 24 18
00017FA0  CC C0 EC 2D 14 D2 34 3F DC E7 4D 4A 00 00 20 4E
00017FB0  24 18 4D 4A EC 2D 34 3F 34 3F EC 2D 4D 4A 24 18
00017FC0  20 4E 00 00 4D 4A DC E7 34 3F 14 D2 EC 2D CC C0
00017FD0  24 18 B3 B5 00 00 E0 B1 DC E7 B3 B5 14 D2 CC C0
00017FE0  CC C0 14 D2 B3 B5 DC E7 E0 B1 00 00 B3 B5 24 18
00017FF0  CC C0 EC 2D 14 D2 34 3F DC E7 4D 4A 00 00 20 4E
00018000  24 18 4D 4A EC 2D 34 3F 34 3F EC 2D 4D 4A 24 18
00018010  20 4E 00 00 4D 4A DC E7 34 3F 14 D2 EC 2D CC C0
00018020  24 18 B3 B5 00 00 E0 B1 DC E7 B3 B5 14 D2 CC C0
00018030  CC C0 14 D2 B3 B5 DC E7 E0 B1 00 00 B3 B5 24 18
00018040  CC C0 EC 2D 14 D2 34 3F DC E7 4D 4A 00 00 20 4E
00018050  24 18 4D 4A EC 2D 34 3F 34 3F EC 2D 4D 4A 24 18
00018060  20 4E 00 00 4D 4A DC E7 34 3F 14 D2 EC 2D CC C0
00018070  24 18 B3 B5 00 00 E0 B1 DC E7 B3 B5 14 D2 CC C0
00018080  CC C0 14 D2 B3 B5 DC E7 E0 B1 00 00 B3 B5 24 18
00018090  CC C0 EC 2D 14 D2 34 3F DC E7 4D 4A 00 00 20 4E
000180A0  24 18 4D 4A EC 2D 34 3F 34 3F EC 2D 4D 4A 24 18
000180B0  20 4E 00 00 4D 4A DC E7 34 3F 14 D2 EC 2D CC C0
000180C0  24 18 B3 B5 00 00 E0 B1 DC E7 B3 B5 14 D2 CC C0
000180D0  CC C0 14 D2 B3 B5 DC E7 E0 B1 00 00 B3 B5 24 18
000180E0  CC C0 EC 2D 14 D2 34 3F DC E7 4D 4A 00 00 20 4E
000180F0  24 18 4D 4A EC 2D 34 3F 34 3F EC 2D 4D 4A 24 18
00018100  20 4E 00 00 4D 4A DC E7 34 3F 14 D2 EC 2D CC C0
00018110  24 18 B3 B5 00 00 E0 B1 DC E7 B3 B5 14 D2 CC C0
00018120  CC C0 14 D2 B3 B5 DC E7 E0 B1 00 00 B3 B5 24 18
00018130  CC C0 EC 2D 14 D2 34 3F DC E7 4D 4A 00 00 20 4E
00018140  24 18 4D 4A EC 2D 34 3F 34 3F EC 2D 4D 4A 24 18
00018150  20 4E 00 00 4D 4A DC E7 34 3F 14 D2 EC 2D CC C0
00018160  24 18 B3 B5 00 00 E0 B1 DC E7 B3 B5 14 D2 CC C0
00018170  CC C0 14 D2 B3 B5 DC E7 E0 B1 00 00 B3 B5 24 18
00018180  CC C0 EC 2D 14 D2 34 3F DC E7 4D 4A 00 00 20 4E
00018190  24 18 4D 4A EC 2D 34 3F 34 3F EC 2D 4D 4A 24 18
000181A0  20 4E 00 00 4D 4A DC E7 34 3F 14 D2 EC 2D CC C0
000181B0  24 18 B3 B5 00 00 E0 B1 DC E7 B3 B5 14 D2 CC C0
000181C0  CC C0 14 D2 B3 B5 DC E7 E0 B1 00 00 B3 B5 24 18
000181D0  CC C0 EC 2D 14 D2 34 3F DC E7 4D 4A 00 00 20 4E
000181E0  24 18 4D 4A EC 2D 34 3F 34 3F EC 2D 4D 4A 24 18
000181F0  20 4E 00 00 4D 4A DC E7 34 3F 14 D2 EC 2D CC C0
00018200  24 18 B3 B5 00 00 E0 B1 DC E7 B3 B5 14 D2 CC C0
00018210  CC C0 14 D2 B3 B5 DC E7 E0 B1 00 00 B3 B5 24 18
00018220  CC C0 EC 2D 14 D2 34 3F DC E7 4D 4A 00 00 20 4E
00018230  24 18 4D 4A EC 2D 34 3F 34 3F EC 2D 4D 4A 24 18
00018240  20 4E 00 00 4D 4A DC E7 34 3F 14 D2 EC 2D CC C0
00018250  24 18 B3 B5 00 00 E0 B1 DC E7 B3 B5 14 D2 CC C0
00018260  CC C0 14 D2 B3 B5 DC E7 E0 B1 00 00 B3 B5 24 18
00018270  CC C0 EC 2D 14 D2 34 3F DC E7 4D 4A 00 00 20 4E
00018280  24 18 4D 4A EC 2D 34 3F 34 3F EC 2D 4D 4A 24 18
00018290  20 4E 00 00 4D 4A DC E7 34 3F 14 D2 EC 2D CC C0
000182A0  24 18 B3 B5 00 00 E0 B1 DC E7 B3 B5 14 D2 CC C0
000182B0  CC C0 14 D2 B3 B5 DC E7 E0 B1 00 00 B3 B5 24 18
000182C0  CC C0 EC 2D 14 D2 34 3F DC E7 4D 4A 00 00 20 4E
000182D0  24 18 4D 4A EC 2D 34 3F 34 3F EC 2D 4D 4A 24 18
000182E0  20 4E 00 00 4D 4A DC E7 34 3F 14 D2 EC 2D CC C0
000182F0  24 18 B3 B5 00 00 E0 B1 DC E7 B3 B5 14 D2 CC C0
00018300  CC C0 14 D2 B3 B5 DC E7 E0 B1 00 00 B3 B5 24 18
00018310  CC C0 EC 2D 14 D2 34 3F DC E7 4D 4A 00 00 20 4E
00018320  24 18 4D 4A EC 2D 34 3F 34 3F EC 2D 4D 4A 24 18
00018330  20 4E 00 00 4D 4A DC E7 34 3F 14 D2 EC 2D CC C0
00018340  24 18 B3 B5 00 00 E0 B1 DC E7 B3 B5 14 D2 CC C0
00018350  CC C0 14 D2 B3 B5 DC E7 E0 B1 00 00 B3 B5 24 18
00018360  CC C0 EC 2D 14 D2 34 3F DC E7 4D 4A 00 00 20 4E
00018370  24 18 4D 4A EC 2D 34 3F 34 3F EC 2D 4D 4A 24 18
00018380  20 4E 00 00 4D 4A DC E7 34 3F 14 D2 EC 2D CC C0
00018390  24 18 B3 B5 00 00 E0 B1 DC E7 B3 B5 14 D2 CC C0
000183A0  CC C0 14 D2 B3 B5 DC E7 E0 B1 00 00 B3 B5 24 18
000183B0  CC C0 EC 2D 14 D2 34 3F DC E7 4D 4A 00 00 20 4E
000183C0  24 18 4D 4A EC 2D 34 3F 34 3F EC 2D 4D 4A 24 18
000183D0  20 4E 00 00 4D 4A DC E7 34 3F 14 D2 EC 2D CC C0
000183E0  24 18 B3 B5 00 00 E0 B1 DC E7 B3 B5 14 D2 CC C0
000183F0  CC C0 14 D2 B3 B5 DC E7 E0 B1 00 00 B3 B5 24 18
00018400  CC C0 EC 2D 14 D2 34 3F DC E7 4D 4A 00 00 20 4E
00018410  24 18 4D 4A EC 2D 34 3F 34 3F EC 2D 4D 4A 24 18
00018420  20 4E 00 00 4D 4A DC E7 34 3F 14 D2 EC 2D CC C0
00018430  24 18 B3 B5 00 00 E0 B1 DC E7 B3 B5 14 D2 CC C0
00018440  CC C0 14 D2 B3 B5 DC E7 E0 B1 00 00 B3 B5 24 18
00018450  CC C0 EC 2D 14 D2 34 3F DC E7 4D 4A 00 00 20 4E
00018460  24 18 4D 4A EC 2D 34 3F 34 3F EC 2D 4D 4A 24 18
00018470  20 4E 00 00 4D 4A DC E7 34 3F 14 D2 EC 2D CC C0
00018480  24 18 B3 B5 00 00 E0 B1 DC E7 B3 B5 14 D2 CC C0
00018490  CC C0 14 D2 B3 B5 DC E7 E0 B1 00 00 B3 B5 24 18
000184A0  CC C0 EC 2D 14 D2 34 3F DC E7 4D 4A 00 00 20 4E
000184B0  24 18 4D 4A EC 2D 34 3F 34 3F EC 2D 4D 4A 24 18
000184C0  20 4E 00 00 4D 4A DC E7 34 3F 14 D2 EC 2D CC C0
000184D0  24 18 B3 B5 00 00 E0 B1 DC E7 B3 B5 14 D2 CC C0
000184E0  CC C0 14 D2 B3 B5 DC E7 E0 B1 00 00 B3 B5 24 18
000184F0  CC C0 EC 2D 14 D2 34 3F DC E7 4D 4A 00 00 20 4E
00018500  24 18 4D 4A EC 2D 34 3F 34 3F EC 2D 4D 4A 24 18
00018510  20 4E 00 00 4D 4A DC E7 34 3F 14 D2 EC 2D CC C0
00018520  24 18 B3 B5 00 00 E0 B1 DC E7 B3 B5 14 D2 CC C0
00018530  CC C0 14 D2 B3 B5 DC E7 E0 B1 00 00 B3 B5 24 18
00018540  CC C0 EC 2D 14 D2 34 3F DC E7 4D 4A 00 00 20 4E
00018550  24 18 4D 4A EC 2D 34 3F 34 3F EC 2D 4D 4A 24 18
00018560  20 4E 00 00 4D 4A DC E7 34 3F 14 D2 EC 2D CC C0
00018570  24 18 B3 B5 00 00 E0 B1 DC E7 B3 B5 14 D2 CC C0
00018580  CC C0 14 D2 B3 B5 DC E7 E0 B1 00 00 B3 B5 24 18
00018590  CC C0 EC 2D 14 D2 34 3F DC E7 4D 4A 00 00 20 4E
000185A0  24 18 4D 4A EC 2D 34 3F 34 3F EC 2D 4D 4A 24 18
000185B0  20 4E 00 00 4D 4A DC E7 34 3F 14 D2 EC 2D CC C0
000185C0  24 18 B3 B5 00 00 E0 B1 DC E7 B3 B5 14 D2 CC C0
000185D0  CC C0 14 D2 B3 B5 DC E7 E0 B1 00 00 B3 B5 24 18
000185E0  CC C0 EC 2D 14 D2 34 3F DC E7 4D 4A 00 00 20 4E
000185F0  24 18 4D 4A EC 2D 34 3F 34 3F EC 2D 4D 4A 24 18
00018600  20 4E 00 00 4D 4A DC E7 34 3F 14 D2 EC 2D CC C0
00018610  24 18 B3 B5 00 00 E0 B1 DC E7 B3 B5 14 D2 CC C0
00018620  CC C0 14 D2 B3 B5 DC E7 E0 B1 00 00 B3 B5 24 18
00018630  CC C0 EC 2D 14 D2 34 3F DC E7 4D 4A 00 00 20 4E
00018640  24 18 4D 4A EC 2D 34 3F 34 3F EC 2D 4D 4A 24 18
00018650  20 4E 00 00 4D 4A DC E7 34 3F 14 D2 EC 2D CC C0
00018660  24 18 B3 B5 00 00 E0 B1 DC E7 B3 B5 14 D2 CC C0
00018670  CC C0 14 D2 B3 B5 DC E7 E0 B1 00 00 B3 B5 24 18
00018680  CC C0 EC 2D 14 D2 34 3F DC E7 4D 4A 00 00 20 4E
00018690  24 18 4D 4A EC 2D 34 3F 34 3F EC 2D 4D 4A 24 18
000186A0  20 4E 00 00 4D 4A DC E7 34 3F 14 D2 EC 2D CC C0
000186B0  24 18 B3 B5 00 00 E0 B1 DC E7 B3 B5 14 D2 CC C0
000186C0  CC C0 14 D2 B3 B5 DC E7 E0 B1 00 00 B3 B5 24 18
000186D0  CC C0 EC 2D 14 D2 34 3F DC E7 4D 4A 00 00 20 4E
000186E0  24 18 4D 4A EC 2D 34 3F 34 3F EC 2D 4D 4A 24 18
000186F0  20 4E 00 00 4D 4A DC E7 34 3F 14 D2 EC 2D CC C0
00018700  24 18 B3 B5 00 00 E0 B1 DC E7 B3 B5 14 D2 CC C0
00018710  CC C0 14 D2 B3 B5 DC E7 E0 B1 00 00 B3 B5 24 18
00018720  CC C0 EC 2D 14 D2 34 3F DC E7 4D 4A 00 00 20 4E
00018730  24 18 4D 4A EC 2D 34 3F 34 3F EC 2D 4D 4A 24 18
00018740  20 4E 00 00 4D 4A DC E7 34 3F 14 D2 EC 2D CC C0
00018750  24 18 B3 B5 00 00 E0 B1 DC E7 B3 B5 14 D2 CC C0
00018760  CC C0 14 D2 B3 B5 DC E7 E0 B1 00 00 B3 B5 24 18
00018770  CC C0 EC 2D 14 D2 34 3F DC E7 4D 4A 00 00 20 4E
00018780  24 18 4D 4A EC 2D 34 3F 34 3F EC 2D 4D 4A 24 18
00018790  20 4E 00 00 4D 4A DC E7 34 3F 14 D2 EC 2D CC C0
000187A0  24 18 B3 B5 00 00 E0 B1 DC E7 B3 B5 14 D2 CC C0
000187B0  CC C0 14 D2 B3 B5 DC E7 E0 B1 00 00 B3 B5 24 18
000187C0  CC C0 EC 2D 14 D2 34 3F DC E7 4D 4A 00 00 20 4E
000187D0  24 18 4D 4A EC 2D 34 3F 34 3F EC 2D 4D 4A 24 18
000187E0  20 4E 00 00 4D 4A DC E7 34 3F 14 D2 EC 2D CC C0
000187F0  24 18 B3 B5 00 00 E0 B1 DC E7 B3 B5 14 D2 CC C0
00018800  CC C0 14 D2 B3 B5 DC E7 E0 B1 00 00 B3 B5 24 18
00018810  CC C0 EC 2D 14 D2 34 3F DC E7 4D 4A 00 00 20 4E
00018820  24 18 4D 4A EC 2D 34 3F 34 3F EC 2D 4D 4A 24 18
00018830  20 4E 00 00 4D 4A DC E7 34 3F 14 D2 EC 2D CC C0
00018840  24 18 B3 B5 00 00 E0 B1 DC E7 B3 B5 14 D2 CC C0
00018850  CC C0 14 D2 B3 B5 DC E7 E0 B1 00 00 B3 B5 24 18
00018860  CC C0 EC 2D 14 D2 34 3F DC E7 4D 4A 00 00 20 4E
00018870  24 18 4D 4A EC 2D 34 3F 34 3F EC 2D 4D 4A 24 18
00018880  20 4E 00 00 4D 4A DC E7 34 3F 14 D2 EC 2D CC C0
00018890  24 18 B3 B5 00 00 E0 B1 DC E7 B3 B5 14 D2 CC C0
000188A0  CC C0 14 D2 B3 B5 DC E7 E0 B1 00 00 B3 B5 24 18
000188B0  CC C0 EC 2D 14 D2 34 3F DC E7 4D 4A 00 00 20 4E
000188C0  24 18 4D 4A EC 2D 34 3F 34 3F EC 2D 4D 4A 24 18
000188D0  20 4E 00 00 4D 4A DC E7 34 3F 14 D2 EC 2D CC C0
000188E0  24 18 B3 B5 00 00 E0 B1 DC E7 B3 B5 14 D2 CC C0
000188F0  CC C0 14 D2 B3 B5 DC E7 E0 B1 00 00 B3 B5 24 18
00018900  CC C0 EC 2D 14 D2 34 3F DC E7 4D 4A 00 00 20 4E
00018910  24 18 4D 4A EC 2D 34 3F 34 3F EC 2D 4D 4A 24 18
00018920  20 4E 00 00 4D 4A DC E7 34 3F 14 D2 EC 2D CC C0
00018930  24 18 B3 B5 00 00 E0 B1 DC E7 B3 B5 14 D2 CC C0
00018940  CC C0 14 D2 B3 B5 DC E7 E0 B1 00 00 B3 B5 24 18
00018950  CC C0 EC 2D 14 D2 34 3F DC E7 4D 4A 00 00 20 4E
00018960  24 18 4D 4A EC 2D 34 3F 34 3F EC 2D 4D 4A 24 18
00018970  20 4E 00 00 4D 4A DC E7 34 3F 14 D2 EC 2D CC C0
00018980  24 18 B3 B5 00 00 E0 B1 DC E7 B3 B5 14 D2 CC C0
00018990  CC C0 14 D2 B3 B5 DC E7 E0 B1 00 00 B3 B5 24 18
000189A0  CC C0 EC 2D 14 D2 34 3F DC E7 4D 4A 00 00 20 4E
000189B0  24 18 4D 4A EC 2D 34 3F 34 3F EC 2D 4D 4A 24 18
000189C0  20 4E 00 00 4D 4A DC E7 34 3F 14 D2 EC 2D CC C0
000189D0  24 18 B3 B5 00 00 E0 B1 DC E7 B3 B5 14 D2 CC C0
000189E0  CC C0 14 D2 B3 B5 DC E7 E0 B1 00 00 B3 B5 24 18
000189F0  CC C0 EC 2D 14 D2 34 3F DC E7 4D 4A 00 00 20 4E
00018A00  24 18 4D 4A EC 2D 34 3F 34 3F EC 2D 4D 4A 24 18
00018A10  20 4E 00 00 4D 4A DC E7 34 3F 14 D2 EC 2D CC C0
00018A20  24 18 B3 B5 00 00 E0 B1 DC E7 B3 B5 14 D2 CC C0
00018A30  CC C0 14 D2 B3 B5 DC E7 E0 B1 00 00 B3 B5 24 18
00018A40  CC C0 EC 2D 14 D2 34 3F DC E7 4D 4A 00 00 20 4E
00018A50  24 18 4D 4A EC 2D 34 3F 34 3F EC 2D 4D 4A 24 18
00018A60  20 4E 00 00 4D 4A DC E7 34 3F 14 D2 EC 2D CC C0
00018A70  24 18 B3 B5 00 00 E0 B1 DC E7 B3 B5 14 D2 CC C0
00018A80  CC C0 14 D2 B3 B5 DC E7 E0 B1 00 00 B3 B5 24 18
00018A90  CC C0 EC 2D 14 D2 34 3F DC E7 4D 4A 00 00 20 4E
00018AA0  24 18 4D 4A EC 2D 34 3F 34 3F EC 2D 4D 4A 24 18
00018AB0  20 4E 00 00 4D 4A DC E7 34 3F 14 D2 EC 2D CC C0
00018AC0  24 18 B3 B5 00 00 E0 B1 DC E7 B3 B5 14 D2 CC C0
00018AD0  CC C0 14 D2 B3 B5 DC E7 E0 B1 00 00 B3 B5 24 18
00018AE0  CC C0 EC 2D 14 D2 34 3F DC E7 4D 4A 00 00 20 4E
00018AF0  24 18 4D 4A EC 2D 34 3F 34 3F EC 2D 4D 4A 24 18
00018B00  20 4E 00 00 4D 4A DC E7 34 3F 14 D2 EC 2D CC C0
00018B10  24 18 B3 B5 00 00 E0 B1 DC E7 B3 B5 14 D2 CC C0
00018B20  CC C0 14 D2 B3 B5 DC E7 E0 B1 00 00 B3 B5 24 18
00018B30  CC C0 EC 2D 14 D2 34 3F DC E7 4D 4A 00 00 20 4E
00018B40  24 18 4D 4A EC 2D 34 3F 34 3F EC 2D 4D 4A 24 18
00018B50  20 4E 00 00 4D 4A DC E7 34 3F 14 D2 EC 2D CC C0
00018B60  24 18 B3 B5 00 00 E0 B1 DC E7 B3 B5 14 D2 CC C0
00018B70  CC C0 14 D2 B3 B5 DC E7 E0 B1 00 00 B3 B5 24 18
00018B80  CC C0 EC 2D 14 D2 34 3F DC E7 4D 4A 00 00 20 4E
00018B90  24 18 4D 4A EC 2D 34 3F 34 3F EC 2D 4D 4A 24 18
00018BA0  20 4E 00 00 4D 4A DC E7 34 3F 14 D2 EC 2D CC C0
00018BB0  24 18 B3 B5 00 00 E0 B1 DC E7 B3 B5 14 D2 CC C0
00018BC0  CC C0 14 D2 B3 B5 DC E7 E0 B1 00 00 B3 B5 24 18
00018BD0  CC C0 EC 2D 14 D2 34 3F DC E7 4D 4A 00 00 20 4E
00018BE0  24 18 4D 4A EC 2D 34 3F 34 3F EC 2D 4D 4A 24 18
00018BF0  20 4E 00 00 4D 4A DC E7 34 3F 14 D2 EC 2D CC C0
00018C00  24 18 B3 B5 00 00 E0 B1 DC E7 B3 B5 14 D2 CC C0
00018C10  CC C0 14 D2 B3 B5 DC E7 E0 B1 00 00 B3 B5 24 18
00018C20  CC C0 EC 2D 14 D2 34 3F DC E7 4D 4A 00 00 20 4E
00018C30  24 18 4D 4A EC 2D 34 3F 34 3F EC 2D 4D 4A 24 18
00018C40  20 4E 00 00 4D 4A DC E7 34 3F 14 D2 EC 2D CC C0
00018C50  24 18 B3 B5 00 00 E0 B1 DC E7 B3 B5 14 D2 CC C0
00018C60  CC C0 14 D2 B3 B5 DC E7 E0 B1 00 00 B3 B5 24 18
00018C70  CC C0 EC 2D 14 D2 34 3F DC E7 4D 4A 00 00 20 4E
00018C80  24 18 4D 4A EC 2D 34 3F 34 3F EC 2D 4D 4A 24 18
00018C90  20 4E 00 00 4D 4A DC E7 34 3F 14 D2 EC 2D CC C0
00018CA0  24 18 B3 B5 00 00 E0 B1 DC E7 B3 B5 14 D2 CC C0
00018CB0  CC C0 14 D2 B3 B5 DC E7 E0 B1 00 00 B3 B5 24 18
00018CC0  CC C0 EC 2D 14 D2 34 3F DC E7 4D 4A 00 00 20 4E
00018CD0  24 18 4D 4A EC 2D 34 3F 34 3F EC 2D 4D 4A 24 18
00018CE0  20 4E 00 00 4D 4A DC E7 34 3F 14 D2 EC 2D CC C0
00018CF0  24 18 B3 B5 00 00 E0 B1 DC E7 B3 B5 14 D2 CC C0
00018D00  CC C0 14 D2 B3 B5 DC E7 E0 B1 00 00 B3 B5 24 18
00018D10  CC C0 EC 2D 14 D2 34 3F DC E7 4D 4A 00 00 20 4E
00018D20  24 18 4D 4A EC 2D 34 3F 34 3F EC 2D 4D 4A 24 18
00018D30  20 4E 00 00 4D 4A DC E7 34 3F 14 D2 EC 2D CC C0
00018D40  24 18 B3 B5 00 00 E0 B1 DC E7 B3 B5 14 D2 CC C0
00018D50  CC C0 14 D2 B3 B5 DC E7 E0 B1 00 00 B3 B5 24 18
00018D60  CC C0 EC 2D 14 D2 34 3F DC E7 4D 4A 00 00 20 4E
00018D70  24 18 4D 4A EC 2D 34 3F 34 3F EC 2D 4D 4A 24 18
00018D80  20 4E 00 00 4D 4A DC E7 34 3F 14 D2 EC 2D CC C0
00018D90  24 18 B3 B5 00 00 E0 B1 DC E7 B3 B5 14 D2 CC C0
00018DA0  CC C0 14 D2 B3 B5 DC E7 E0 B1 00 00 B3 B5 24 18
00018DB0  CC C0 EC 2D 14 D2 34 3F DC E7 4D 4A 00 00 20 4E
00018DC0  24 18 4D 4A EC 2D 34 3F 34 3F EC 2D 4D 4A 24 18
00018DD0  20 4E 00 00 4D 4A DC E7 34 3F 14 D2 EC 2D CC C0
00018DE0  24 18 B3 B5 00 00 E0 B1 DC E7 B3 B5 14 D2 CC C0
00018DF0  CC C0 14 D2 B3 B5 DC E7 E0 B1 00 00 B3 B5 24 18
00018E00  CC C0 EC 2D 14 D2 34 3F DC E7 4D 4A 00 00 20 4E
00018E10  24 18 4D 4A EC 2D 34 3F 34 3F EC 2D 4D 4A 24 18
00018E20  20 4E 00 00 4D 4A DC E7 34 3F 14 D2 EC 2D CC C0
00018E30  24 18 B3 B5 00 00 E0 B1 DC E7 B3 B5 14 D2 CC C0
00018E40  CC C0 14 D2 B3 B5 DC E7 E0 B1 00 00 B3 B5 24 18
00018E50  CC C0 EC 2D 14 D2 34 3F DC E7 4D 4A 00 00 20 4E
00018E60  24 18 4D 4A EC 2D 34 3F 34 3F EC 2D 4D 4A 24 18
00018E70  20 4E 00 00 4D 4A DC E7 34 3F 14 D2 EC 2D CC C0
00018E80  24 18 B3 B5 00 00 E0 B1 DC E7 B3 B5 14 D2 CC C0
00018E90  CC C0 14 D2 B3 B5 DC E7 E0 B1 00 00 B3 B5 24 18
00018EA0  CC C0 EC 2D 14 D2 34 3F DC E7 4D 4A 00 00 20 4E
00018EB0  24 18 4D 4A EC 2D 34 3F 34 3F EC 2D 4D 4A 24 18
00018EC0  20 4E 00 00 4D 4A DC E7 34 3F 14 D2 EC 2D CC C0
00018ED0  24 18 B3 B5 00 00 E0 B1 DC E7 B3 B5 14 D2 CC C0
00018EE0  CC C0 14 D2 B3 B5 DC E7 E0 B1 00 00 B3 B5 24 18
00018EF0  CC C0 EC 2D 14 D2 34 3F DC E7 4D 4A 00 00 20 4E
00018F00  24 18 4D 4A EC 2D 34 3F 34 3F EC 2D 4D 4A 24 18
00018F10  20 4E 00 00 4D 4A DC E7 34 3F 14 D2 EC 2D CC C0
00018F20  24 18 B3 B5 00 00 E0 B1 DC E7 B3 B5 14 D2 CC C0
00018F30  CC C0 14 D2 B3 B5 DC E7 E0 B1 00 00 B3 B5 24 18
00018F40  CC C0 EC 2D 14 D2 34 3F DC E7 4D 4A 00 00 20 4E
00018F50  24 18 4D 4A EC 2D 34 3F 34 3F EC 2D 4D 4A 24 18
00018F60  20 4E 00 00 4D 4A DC E7 34 3F 14 D2 EC 2D CC C0
00018F70  24 18 B3 B5 00 00 E0 B1 DC E7 B3 B5 14 D2 CC C0
00018F80  CC C0 14 D2 B3 B5 DC E7 E0 B1 00 00 B3 B5 24 18
00018F90  CC C0 EC 2D 14 D2 34 3F DC E7 4D 4A 00 00 20 4E
00018FA0  24 18 4D 4A EC 2D 34 3F 34 3F EC 2D 4D 4A 24 18
00018FB0  20 4E 00 00 4D 4A DC E7 34 3F 14 D2 EC 2D CC C0
00018FC0  24 18 B3 B5 00 00 E0 B1 DC E7 B3 B5 14 D2 CC C0
00018FD0  CC C0 14 D2 B3 B5 DC E7 E0 B1 00 00 B3 B5 24 18
00018FE0  CC C0 EC 2D 14 D2 34 3F DC E7 4D 4A 00 00 20 4E
00018FF0  24 18 4D 4A EC 2D 34 3F 34 3F EC 2D 4D 4A 24 18
00019000  20 4E 00 00 4D 4A DC E7 34 3F 14 D2 EC 2D CC C0
00019010  24 18 B3 B5 00 00 E0 B1 DC E7 B3 B5 14 D2 CC C0
00019020  CC C0 14 D2 B3 B5 DC E7 E0 B1 00 00 B3 B5 24 18
00019030  CC C0 EC 2D 14 D2 34 3F DC E7 4D 4A 00 00 20 4E
00019040  24 18 4D 4A EC 2D 34 3F 34 3F EC 2D 4D 4A 24 18
00019050  20 4E 00 00 4D 4A DC E7 34 3F 14 D2 EC 2D CC C0
00019060  24 18 B3 B5 00 00 E0 B1 DC E7 B3 B5 14 D2 CC C0
00019070  CC C0 14 D2 B3 B5 DC E7 E0 B1 00 00 B3 B5 24 18
00019080  CC C0 EC 2D 14 D2 34 3F DC E7 4D 4A 00 00 20 4E
00019090  24 18 4D 4A EC 2D 34 3F 34 3F EC 2D 4D 4A 24 18
000190A0  20 4E 00 00 4D 4A DC E7 34 3F 14 D2 EC 2D CC C0
000190B0  24 18 B3 B5 00 00 E0 B1 DC E7 B3 B5 14 D2 CC C0
000190C0  CC C0 14 D2 B3 B5 DC E7 E0 B1 00 00 B3 B5 24 18
000190D0  CC C0 EC 2D 14 D2 34 3F DC E7 4D 4A 00 00 20 4E
000190E0  24 18 4D 4A EC 2D 34 3F 34 3F EC 2D 4D 4A 24 18
000190F0  20 4E 00 00 4D 4A DC E7 34 3F 14 D2 EC 2D CC C0
00019100  24 18 B3 B5 00 00 E0 B1 DC E7 B3 B5 14 D2 CC C0
00019110  CC C0 14 D2 B3 B5 DC E7 E0 B1 00 00 B3 B5 24 18
00019120  CC C0 EC 2D 14 D2 34 3F DC E7 4D 4A 00 00 20 4E
00019130  24 18 4D 4A EC 2D 34 3F 34 3F EC 2D 4D 4A 24 18
00019140  20 4E 00 00 4D 4A DC E7 34 3F 14 D2 EC 2D CC C0
00019150  24 18 B3 B5 00 00 E0 B1 DC E7 B3 B5 14 D2 CC C0
00019160  CC C0 14 D2 B3 B5 DC E7 E0 B1 00 00 B3 B5 24 18
00019170  CC C0 EC 2D 14 D2 34 3F DC E7 4D 4A 00 00 20 4E
00019180  24 18 4D 4A EC 2D 34 3F 34 3F EC 2D 4D 4A 24 18
00019190  20 4E 00 00 4D 4A DC E7 34 3F 14 D2 EC 2D CC C0
000191A0  24 18 B3 B5 00 00 E0 B1 DC E7 B3 B5 14 D2 CC C0
000191B0  CC C0 14 D2 B3 B5 DC E7 E0 B1 00 00 B3 B5 24 18
000191C0  CC C0 EC 2D 14 D2 34 3F DC E7 4D 4A 00 00 20 4E
000191D0  24 18 4D 4A EC 2D 34 3F 34 3F EC 2D 4D 4A 24 18
000191E0  20 4E 00 00 4D 4A DC E7 34 3F 14 D2 EC 2D CC C0
000191F0  24 18 B3 B5 00 00 E0 B1 DC E7 B3 B5 14 D2 CC C0
00019200  CC C0 14 D2 B3 B5 DC E7 E0 B1 00 00 B3 B5 24 18
00019210  CC C0 EC 2D 14 D2 34 3F DC E7 4D 4A 00 00 20 4E
00019220  24 18 4D 4A EC 2D 34 3F 34 3F EC 2D 4D 4A 24 18
00019230  20 4E 00 00 4D 4A DC E7 34 3F 14 D2 EC 2D CC C0
00019240  24 18 B3 B5 00 00 E0 B1 DC E7 B3 B5 14 D2 CC C0
00019250  CC C0 14 D2 B3 B5 DC E7 E0 B1 00 00 B3 B5 24 18
00019260  CC C0 EC 2D 14 D2 34 3F DC E7 4D 4A 00 00 20 4E
00019270  24 18 4D 4A EC 2D 34 3F 34 3F EC 2D 4D 4A 24 18
00019280  20 4E 00 00 4D 4A DC E7 34 3F 14 D2 EC 2D CC C0
00019290  24 18 B3 B5 00 00 E0 B1 DC E7 B3 B5 14 D2 CC C0
000192A0  CC C0 14 D2 B3 B5 DC E7 E0 B1 00 00 B3 B5 24 18
000192B0  CC C0 EC 2D 14 D2 34 3F DC E7 4D 4A 00 00 20 4E
000192C0  24 18 4D 4A EC 2D 34 3F 34 3F EC 2D 4D 4A 24 18
000192D0  20 4E 00 00 4D 4A DC E7 34 3F 14 D2 EC 2D CC C0
000192E0  24 18 B3 B5 00 00 E0 B1 DC E7 B3 B5 14 D2 CC C0
000192F0  CC C0 14 D2 B3 B5 DC E7 E0 B1 00 00 B3 B5 24 18
00019300  CC C0 EC 2D 14 D2 34 3F DC E7 4D 4A 00 00 20 4E
00019310  24 18 4D 4A EC 2D 34 3F 34 3F EC 2D 4D 4A 24 18
00019320  20 4E 00 00 4D 4A DC E7 34 3F 14 D2 EC 2D CC C0
00019330  24 18 B3 B5 00 00 E0 B1 DC E7 B3 B5 14 D2 CC C0
00019340  CC C0 14 D2 B3 B5 DC E7 E0 B1 00 00 B3 B5 24 18
00019350  CC C0 EC 2D 14 D2 34 3F DC E7 4D 4A 00 00 20 4E
00019360  24 18 4D 4A EC 2D 34 3F 34 3F EC 2D 4D 4A 24 18
00019370  20 4E 00 00 4D 4A DC E7 34 3F 14 D2 EC 2D CC C0
00019380  24 18 B3 B5 00 00 E0 B1 DC E7 B3 B5 14 D2 CC C0
00019390  CC C0 14 D2 B3 B5 DC E7 E0 B1 00 00 B3 B5 24 18
000193A0  CC C0 EC 2D 14 D2 34 3F DC E7 4D 4A 00 00 20 4E
000193B0  24 18 4D 4A EC 2D 34 3F 34 3F EC 2D 4D 4A 24 18
000193C0  20 4E 00 00 4D 4A DC E7 34 3F 14 D2 EC 2D CC C0
000193D0  24 18 B3 B5 00 00 E0 B1 DC E7 B3 B5 14 D2 CC C0
000193E0  CC C0 14 D2 B3 B5 DC E7 E0 B1 00 00 B3 B5 24 18
000193F0  CC C0 EC 2D 14 D2 34 3F DC E7 4D 4A 00 00 20 4E
00019400  24 18 4D 4A EC 2D 34 3F 34 3F EC 2D 4D 4A 24 18
00019410  20 4E 00 00 4D 4A DC E7 34 3F 14 D2 EC 2D CC C0
00019420  24 18 B3 B5 00 00 E0 B1 DC E7 B3 B5 14 D2 CC C0
00019430  CC C0 14 D2 B3 B5 DC E7 E0 B1 00 00 B3 B5 24 18
00019440  CC C0 EC 2D 14 D2 34 3F DC E7 4D 4A 00 00 20 4E
00019450  24 18 4D 4A EC 2D 34 3F 34 3F EC 2D 4D 4A 24 18
00019460  20 4E 00 00 4D 4A DC E7 34 3F 14 D2 EC 2D CC C0
00019470  24 18 B3 B5 00 00 E0 B1 DC E7 B3 B5 14 D2 CC C0
00019480  CC C0 14 D2 B3 B5 DC E7 E0 B1 00 00 B3 B5 24 18
00019490  CC C0 EC 2D 14 D2 34 3F DC E7 4D 4A 00 00 20 4E
000194A0  24 18 4D 4A EC 2D 34 3F 34 3F EC 2D 4D 4A 24 18
000194B0  20 4E 00 00 4D 4A DC E7 34 3F 14 D2 EC 2D CC C0
000194C0  24 18 B3 B5 00 00 E0 B1 DC E7 B3 B5 14 D2 CC C0
000194D0  CC C0 14 D2 B3 B5 DC E7 E0 B1 00 00 B3 B5 24 18
000194E0  CC C0 EC 2D 14 D2 34 3F DC E7 4D 4A 00 00 20 4E
000194F0  24 18 4D 4A EC 2D 34 3F 34 3F EC 2D 4D 4A 24 18
00019500  20 4E 00 00 4D 4A DC E7 34 3F 14 D2 EC 2D CC C0
00019510  24 18 B3 B5 00 00 E0 B1 DC E7 B3 B5 14 D2 CC C0
00019520  CC C0 14 D2 B3 B5 DC E7 E0 B1 00 00 B3 B5 24 18
00019530  CC C0 EC 2D 14 D2 34 3F DC E7 4D 4A 00 00 20 4E
00019540  24 18 4D 4A EC 2D 34 3F 34 3F EC 2D 4D 4A 24 18
00019550  20 4E 00 00 4D 4A DC E7 34 3F 14 D2 EC 2D CC C0
00019560  24 18 B3 B5 00 00 E0 B1 DC E7 B3 B5 14 D2 CC C0
00019570  CC C0 14 D2 B3 B5 DC E7 E0 B1 00 00 B3 B5 24 18
00019580  CC C0 EC 2D 14 D2 34 3F DC E7 4D 4A 00 00 20 4E
00019590  24 18 4D 4A EC 2D 34 3F 34 3F EC 2D 4D 4A 24 18
000195A0  20 4E 00 00 4D 4A DC E7 34 3F 14 D2 EC 2D CC C0
000195B0  24 18 B3 B5 00 00 E0 B1 DC E7 B3 B5 14 D2 CC C0
000195C0  CC C0 14 D2 B3 B5 DC E7 E0 B1 00 00 B3 B5 24 18
000195D0  CC C0 EC 2D 14 D2 34 3F DC E7 4D 4A 00 00 20 4E
000195E0  24 18 4D 4A EC 2D 34 3F 34 3F EC 2D 4D 4A 24 18
000195F0  20 4E 00 00 4D 4A DC E7 34 3F 14 D2 EC 2D CC C0
00019600  24 18 B3 B5 00 00 E0 B1 DC E7 B3 B5 14 D2 CC C0
00019610  CC C0 14 D2 B3 B5 DC E7 E0 B1 00 00 B3 B5 24 18
00019620  CC C0 EC 2D 14 D2 34 3F DC E7 4D 4A 00 00 20 4E
00019630  24 18 4D 4A EC 2D 34 3F 34 3F EC 2D 4D 4A 24 18
00019640  20 4E 00 00 4D 4A DC E7 34 3F 14 D2 EC 2D CC C0
00019650  24 18 B3 B5 00 00 E0 B1 DC E7 B3 B5 14 D2 CC C0
00019660  CC C0 14 D2 B3 B5 DC E7 E0 B1 00 00 B3 B5 24 18
00019670  CC C0 EC 2D 14 D2 34 3F DC E7 4D 4A 00 00 20 4E
00019680  24 18 4D 4A EC 2D 34 3F 34 3F EC 2D 4D 4A 24 18
00019690  20 4E 00 00 4D 4A DC E7 34 3F 14 D2 EC 2D CC C0
000196A0  24 18 B3 B5 00 00 E0 B1 DC E7 B3 B5 14 D2 CC C0
000196B0  CC C0 14 D2 B3 B5 DC E7 E0 B1 00 00 B3 B5 24 18
000196C0  CC C0 EC 2D 14 D2 34 3F DC E7 4D 4A 00 00 20 4E
000196D0  24 18 4D 4A EC 2D 34 3F 34 3F EC 2D 4D 4A 24 18
000196E0  20 4E 00 00 4D 4A DC E7 34 3F 14 D2 EC 2D CC C0
000196F0  24 18 B3 B5 00 00 E0 B1 DC E7 B3 B5 14 D2 CC C0
00019700  CC C0 14 D2 B3 B5 DC E7 E0 B1 00 00 B3 B5 24 18
00019710  CC C0 EC 2D 14 D2 34 3F DC E7 4D 4A 00 00 20 4E
00019720  24 18 4D 4A EC 2D 34 3F 34 3F EC 2D 4D 4A 24 18
00019730  20 4E 00 00 4D 4A DC E7 34 3F 14 D2 EC 2D CC C0
00019740  24 18 B3 B5 00 00 E0 B1 DC E7 B3 B5 14 D2 CC C0
00019750  CC C0 14 D2 B3 B5 DC E7 E0 B1 00 00 B3 B5 24 18
00019760  CC C0 EC 2D 14 D2 34 3F DC E7 4D 4A 00 00 20 4E
00019770  24 18 4D 4A EC 2D 34 3F 34 3F EC 2D 4D 4A 24 18
00019780  20 4E 00 00 4D 4A DC E7 34 3F 14 D2 EC 2D CC C0
00019790  24 18 B3 B5 00 00 E0 B1 DC E7 B3 B5 14 D2 CC C0
000197A0  CC C0 14 D2 B3 B5 DC E7 E0 B1 00 00 B3 B5 24 18
000197B0  CC C0 EC 2D 14 D2 34 3F DC E7 4D 4A 00 00 20 4E
000197C0  24 18 4D 4A EC 2D 34 3F 34 3F EC 2D 4D 4A 24 18
000197D0  20 4E 00 00 4D 4A DC E7 34 3F 14 D2 EC 2D CC C0
000197E0  24 18 B3 B5 00 00 E0 B1 DC E7 B3 B5 14 D2 CC C0
000197F0  CC C0 14 D2 B3 B5 DC E7 E0 B1 00 00 B3 B5 24 18
00019800  CC C0 EC 2D 14 D2 34 3F DC E7 4D 4A 00 00 20 4E
00019810  24 18 4D 4A EC 2D 34 3F 34 3F EC 2D 4D 4A 24 18
00019820  20 4E 00 00 4D 4A DC E7 34 3F 14 D2 EC 2D CC C0
00019830  24 18 B3 B5 00 00 E0 B1 DC E7 B3 B5 14 D2 CC C0
00019840  CC C0 14 D2 B3 B5 DC E7 E0 B1 00 00 B3 B5 24 18
00019850  CC C0 EC 2D 14 D2 34 3F DC E7 4D 4A 00 00 20 4E
00019860  24 18 4D 4A EC 2D 34 3F 34 3F EC 2D 4D 4A 24 18
00019870  20 4E 00 00 4D 4A DC E7 34 3F 14 D2 EC 2D CC C0
00019880  24 18 B3 B5 00 00 E0 B1 DC E7 B3 B5 14 D2 CC C0
00019890  CC C0 14 D2 B3 B5 DC E7 E0 B1 00 00 B3 B5 24 18
000198A0  CC C0 EC 2D 14 D2 34 3F DC E7 4D 4A 00 00 20 4E
000198B0  24 18 4D 4A EC 2D 34 3F 34 3F EC 2D 4D 4A 24 18
000198C0  20 4E 00 00 4D 4A DC E7 34 3F 14 D2 EC 2D CC C0
000198D0  24 18 B3 B5 00 00 E0 B1 DC E7 B3 B5 14 D2 CC C0
000198E0  CC C0 14 D2 B3 B5 DC E7 E0 B1 00 00 B3 B5 24 18
000198F0  CC C0 EC 2D 14 D2 34 3F DC E7 4D 4A 00 00 20 4E
00019900  24 18 4D 4A EC 2D 34 3F 34 3F EC 2D 4D 4A 24 18
00019910  20 4E 00 00 4D 4A DC E7 34 3F 14 D2 EC 2D CC C0
00019920  24 18 B3 B5 00 00 E0 B1 DC E7 B3 B5 14 D2 CC C0
00019930  CC C0 14 D2 B3 B5 DC E7 E0 B1 00 00 B3 B5 24 18
00019940  CC C0 EC 2D 14 D2 34 3F DC E7 4D 4A 00 00 20 4E
00019950  24 18 4D 4A EC 2D 34 3F 34 3F EC 2D 4D 4A 24 18
00019960  20 4E 00 00 4D 4A DC E7 34 3F 14 D2 EC 2D CC C0
00019970  24 18 B3 B5 00 00 E0 B1 DC E7 B3 B5 14 D2 CC C0
00019980  CC C0 14 D2 B3 B5 DC E7 E0 B1 00 00 B3 B5 24 18
00019990  CC C0 EC 2D 14 D2 34 3F DC E7 4D 4A 00 00 20 4E
000199A0  24 18 4D 4A EC 2D 34 3F 34 3F EC 2D 4D 4A 24 18
000199B0  20 4E 00 00 4D 4A DC E7 34 3F 14 D2 EC 2D CC C0
000199C0  24 18 B3 B5 00 00 E0 B1 DC E7 B3 B5 14 D2 CC C0
000199D0  CC C0 14 D2 B3 B5 DC E7 E0 B1 00 00 B3 B5 24 18
000199E0  CC C0 EC 2D 14 D2 34 3F DC E7 4D 4A 00 00 20 4E
000199F0  24 18 4D 4A EC 2D 34 3F 34 3F EC 2D 4D 4A 24 18
00019A00  20 4E 00 00 4D 4A DC E7 34 3F 14 D2 EC 2D CC C0
00019A10  24 18 B3 B5 00 00 E0 B1 DC E7 B3 B5 14 D2 CC C0
00019A20  CC C0 14 D2 B3 B5 DC E7 E0 B1 00 00 B3 B5 24 18
00019A30  CC C0 EC 2D 14 D2 34 3F DC E7 4D 4A 00 00 20 4E
00019A40  24 18 4D 4A EC 2D 34 3F 34 3F EC 2D 4D 4A 24 18
00019A50  20 4E 00 00 4D 4A DC E7 34 3F 14 D2 EC 2D CC C0
00019A60  24 18 B3 B5 00 00 E0 B1 DC E7 B3 B5 14 D2 CC C0
00019A70  CC C0 14 D2 B3 B5 DC E7 E0 B1 00 00 B3 B5 24 18
00019A80  CC C0 EC 2D 14 D2 34 3F DC E7 4D 4A 00 00 20 4E
00019A90  24 18 4D 4A EC 2D 34 3F 34 3F EC 2D 4D 4A 24 18
00019AA0  20 4E 00 00 4D 4A DC E7 34 3F 14 D2 EC 2D CC C0
00019AB0  24 18 B3 B5 00 00 E0 B1 DC E7 B3 B5 14 D2 CC C0
00019AC0  CC C0 14 D2 B3 B5 DC E7 E0 B1 00 00 B3 B5 24 18
00019AD0  CC C0 EC 2D 14 D2 34 3F DC E7 4D 4A 00 00 20 4E
00019AE0  24 18 4D 4A EC 2D 34 3F 34 3F EC 2D 4D 4A 24 18
00019AF0  20 4E 00 00 4D 4A DC E7 34 3F 14 D2 EC 2D CC C0
00019B00  24 18 B3 B5 00 00 E0 B1 DC E7 B3 B5 14 D2 CC C0
00019B10  CC C0 14 D2 B3 B5 DC E7 E0 B1 00 00 B3 B5 24 18
00019B20  CC C0 EC 2D 14 D2 34 3F DC E7 4D 4A 00 00 20 4E
00019B30  24 18 4D 4A EC 2D 34 3F 34 3F EC 2D 4D 4A 24 18
00019B40  20 4E 00 00 4D 4A DC E7 34 3F 14 D2 EC 2D CC C0
00019B50  24 18 B3 B5 00 00 E0 B1 DC E7 B3 B5 14 D2 CC C0
00019B60  CC C0 14 D2 B3 B5 DC E7 E0 B1 00 00 B3 B5 24 18
00019B70  CC C0 EC 2D 14 D2 34 3F DC E7 4D 4A 00 00 20 4E
00019B80  24 18 4D 4A EC 2D 34 3F 34 3F EC 2D 4D 4A 24 18
00019B90  20 4E 00 00 4D 4A DC E7 34 3F 14 D2 EC 2D CC C0
00019BA0  24 18 B3 B5 00 00 E0 B1 DC E7 B3 B5 14 D2 CC C0
00019BB0  CC C0 14 D2 B3 B5 DC E7 E0 B1 00 00 B3 B5 24 18
00019BC0  CC C0 EC 2D 14 D2 34 3F DC E7 4D 4A 00 00 20 4E
00019BD0  24 18 4D 4A EC 2D 34 3F 34 3F EC 2D 4D 4A 24 18
00019BE0  20 4E 00 00 4D 4A DC E7 34 3F 14 D2 EC 2D CC C0
00019BF0  24 18 B3 B5 00 00 E0 B1 DC E7 B3 B5 14 D2 CC C0
00019C00  CC C0 14 D2 B3 B5 DC E7 E0 B1 00 00 B3 B5 24 18
00019C10  CC C0 EC 2D 14 D2 34 3F DC E7 4D 4A 00 00 20 4E
00019C20  24 18 4D 4A EC 2D 34 3F 34 3F EC 2D 4D 4A 24 18
00019C30  20 4E 00 00 4D 4A DC E7 34 3F 14 D2 EC 2D CC C0
00019C40  24 18 B3 B5 00 00 E0 B1 DC E7 B3 B5 14 D2 CC C0
00019C50  CC C0 14 D2 B3 B5 DC E7 E0 B1 00 00 B3 B5 24 18
00019C60  CC C0 EC 2D 14 D2 34 3F DC E7 4D 4A 00 00 20 4E
00019C70  24 18 4D 4A EC 2D 34 3F 34 3F EC 2D 4D 4A 24 18
00019C80  20 4E 00 00 4D 4A DC E7 34 3F 14 D2 EC 2D CC C0
00019C90  24 18 B3 B5 00 00 E0 B1 DC E7 B3 B5 14 D2 CC C0
00019CA0  CC C0 14 D2 B3 B5 DC E7 E0 B1 00 00 B3 B5 24 18
00019CB0  CC C0 EC 2D 14 D2 34 3F DC E7 4D 4A 00 00 20 4E
00019CC0  24 18 4D 4A EC 2D 34 3F 34 3F EC 2D 4D 4A 24 18
00019CD0  20 4E 00 00 4D 4A DC E7 34 3F 14 D2 EC 2D CC C0
00019CE0  24 18 B3 B5 00 00 E0 B1 DC E7 B3 B5 14 D2 CC C0
00019CF0  CC C0 14 D2 B3 B5 DC E7 E0 B1 00 00 B3 B5 24 18
00019D00  CC C0 EC 2D 14 D2 34 3F DC E7 4D 4A 00 00 20 4E
00019D10  24 18 4D 4A EC 2D 34 3F 34 3F EC 2D 4D 4A 24 18
00019D20  20 4E 00 00 4D 4A DC E7 34 3F 14 D2 EC 2D CC C0
00019D30  24 18 B3 B5 00 00 E0 B1 DC E7 B3 B5 14 D2 CC C0
00019D40  CC C0 14 D2 B3 B5 DC E7 E0 B1 00 00 B3 B5 24 18
00019D50  CC C0 EC 2D 14 D2 34 3F DC E7 4D 4A 00 00 20 4E
00019D60  24 18 4D 4A EC 2D 34 3F 34 3F EC 2D 4D 4A 24 18
00019D70  20 4E 00 00 4D 4A DC E7 34 3F 14 D2 EC 2D CC C0
00019D80  24 18 B3 B5 00 00 E0 B1 DC E7 B3 B5 14 D2 CC C0
00019D90  CC C0 14 D2 B3 B5 DC E7 E0 B1 00 00 B3 B5 24 18
00019DA0  CC C0 EC 2D 14 D2 34 3F DC E7 4D 4A 00 00 20 4E
00019DB0  24 18 4D 4A EC 2D 34 3F 34 3F EC 2D 4D 4A 24 18
00019DC0  20 4E 00 00 4D 4A DC E7 34 3F 14 D2 EC 2D CC C0
00019DD0  24 18 B3 B5 00 00 E0 B1 DC E7 B3 B5 14 D2 CC C0
00019DE0  CC C0 14 D2 B3 B5 DC E7 E0 B1 00 00 B3 B5 24 18
00019DF0  CC C0 EC 2D 14 D2 34 3F DC E7 4D 4A 00 00 20 4E
00019E00  24 18 4D 4A EC 2D 34 3F 34 3F EC 2D 4D 4A 24 18
00019E10  20 4E 00 00 4D 4A DC E7 34 3F 14 D2 EC 2D CC C0
00019E20  24 18 B3 B5 00 00 E0 B1 DC E7 B3 B5 14 D2 CC C0
00019E30  CC C0 14 D2 B3 B5 DC E7 E0 B1 00 00 B3 B5 24 18
00019E40  CC C0 EC 2D 14 D2 34 3F DC E7 4D 4A 00 00 20 4E
00019E50  24 18 4D 4A EC 2D 34 3F 34 3F EC 2D 4D 4A 24 18
00019E60  20 4E 00 00 4D 4A DC E7 34 3F 14 D2 EC 2D CC C0
00019E70  24 18 B3 B5 00 00 E0 B1 DC E7 B3 B5 14 D2 CC C0
00019E80  CC C0 14 D2 B3 B5 DC E7 E0 B1 00 00 B3 B5 24 18
00019E90  CC C0 EC 2D 14 D2 34 3F DC E7 4D 4A 00 00 20 4E
00019EA0  24 18 4D 4A EC 2D 34 3F 34 3F EC 2D 4D 4A 24 18
00019EB0  20 4E 00 00 4D 4A DC E7 34 3F 14 D2 EC 2D CC C0
00019EC0  24 18 B3 B5 00 00 E0 B1 DC E7 B3 B5 14 D2 CC C0
00019ED0  CC C0 14 D2 B3 B5 DC E7 E0 B1 00 00 B3 B5 24 18
00019EE0  CC C0 EC 2D 14 D2 34 3F DC E7 4D 4A 00 00 20 4E
00019EF0  24 18 4D 4A EC 2D 34 3F 34 3F EC 2D 4D 4A 24 18
00019F00  20 4E 00 00 4D 4A DC E7 34 3F 14 D2 EC 2D CC C0
00019F10  24 18 B3 B5 00 00 E0 B1 DC E7 B3 B5 14 D2 CC C0
00019F20  CC C0 14 D2 B3 B5 DC E7 E0 B1 00 00 B3 B5 24 18
00019F30  CC C0 EC 2D 14 D2 34 3F DC E7 4D 4A 00 00 20 4E
00019F40  24 18 4D 4A EC 2D 34 3F 34 3F EC 2D 4D 4A 24 18
00019F50  20 4E 00 00 4D 4A DC E7 34 3F 14 D2 EC 2D CC C0
00019F60  24 18 B3 B5 00 00 E0 B1 DC E7 B3 B5 14 D2 CC C0
00019F70  CC C0 14 D2 B3 B5 DC E7 E0 B1 00 00 B3 B5 24 18
00019F80  CC C0 EC 2D 14 D2 34 3F DC E7 4D 4A 00 00 20 4E
00019F90  24 18 4D 4A EC 2D 34 3F 34 3F EC 2D 4D 4A 24 18
00019FA0  20 4E 00 00 4D 4A DC E7 34 3F 14 D2 EC 2D CC C0
00019FB0  24 18 B3 B5 00 00 E0 B1 DC E7 B3 B5 14 D2 CC C0
00019FC0  CC C0 14 D2 B3 B5 DC E7 E0 B1 00 00 B3 B5 24 18
00019FD0  CC C0 EC 2D 14 D2 34 3F DC E7 4D 4A 00 00 20 4E
00019FE0  24 18 4D 4A EC 2D 34 3F 34 3F EC 2D 4D 4A 24 18
00019FF0  20 4E 00 00 4D 4A DC E7 34 3F 14 D2 EC 2D CC C0
0001A000  24 18 B3 B5 00 00 E0 B1 DC E7 B3 B5 14 D2 CC C0
0001A010  CC C0 14 D2 B3 B5 DC E7 E0 B1 00 00 B3 B5 24 18
0001A020  CC C0 EC 2D 14 D2 34 3F DC E7 4D 4A 00 00 20 4E
0001A030  24 18 4D 4A EC 2D 34 3F 34 3F EC 2D 4D 4A 24 18
0001A040  20 4E 00 00 4D 4A DC E7 34 3F 14 D2 EC 2D CC C0
0001A050  24 18 B3 B5 00 00 E0 B1 DC E7 B3 B5 14 D2 CC C0
0001A060  CC C0 14 D2 B3 B5 DC E7 E0 B1 00 00 B3 B5 24 18
0001A070  CC C0 EC 2D 14 D2 34 3F DC E7 4D 4A 00 00 20 4E
0001A080  24 18 4D 4A EC 2D 34 3F 34 3F EC 2D 4D 4A 24 18
0001A090  20 4E 00 00 4D 4A DC E7 34 3F 14 D2 EC 2D CC C0
0001A0A0  24 18 B3 B5 00 00 E0 B1 DC E7 B3 B5 14 D2 CC C0
0001A0B0  CC C0 14 D2 B3 B5 DC E7 E0 B1 00 00 B3 B5 24 18
0001A0C0  CC C0 EC 2D 14 D2 34 3F DC E7 4D 4A 00 00 20 4E
0001A0D0  24 18 4D 4A EC 2D 34 3F 34 3F EC 2D 4D 4A 24 18
0001A0E0  20 4E 00 00 4D 4A DC E7 34 3F 14 D2 EC 2D CC C0
0001A0F0  24 18 B3 B5 00 00 E0 B1 DC E7 B3 B5 14 D2 CC C0
0001A100  CC C0 14 D2 B3 B5 DC E7 E0 B1 00 00 B3 B5 24 18
0001A110  CC C0 EC 2D 14 D2 34 3F DC E7 4D 4A 00 00 20 4E
0001A120  24 18 4D 4A EC 2D 34 3F 34 3F EC 2D 4D 4A 24 18
0001A130  20 4E 00 00 4D 4A DC E7 34 3F 14 D2 EC 2D CC C0
0001A140  24 18 B3 B5 00 00 E0 B1 DC E7 B3 B5 14 D2 CC C0
0001A150  CC C0 14 D2 B3 B5 DC E7 E0 B1 00 00 B3 B5 24 18
0001A160  CC C0 EC 2D 14 D2 34 3F DC E7 4D 4A 00 00 20 4E
0001A170  24 18 4D 4A EC 2D 34 3F 34 3F EC 2D 4D 4A 24 18
0001A180  20 4E 00 00 4D 4A DC E7 34 3F 14 D2 EC 2D CC C0
0001A190  24 18 B3 B5 00 00 E0 B1 DC E7 B3 B5 14 D2 CC C0
0001A1A0  CC C0 14 D2 B3 B5 DC E7 E0 B1 00 00 B3 B5 24 18
0001A1B0  CC C0 EC 2D 14 D2 34 3F DC E7 4D 4A 00 00 20 4E
0001A1C0  24 18 4D 4A EC 2D 34 3F 34 3F EC 2D 4D 4A 24 18
0001A1D0  20 4E 00 00 4D 4A DC E7 34 3F 14 D2 EC 2D CC C0
0001A1E0  24 18 B3 B5 00 00 E0 B1 DC E7 B3 B5 14 D2 CC C0
0001A1F0  CC C0 14 D2 B3 B5 DC E7 E0 B1 00 00 B3 B5 24 18
0001A200  CC C0 EC 2D 14 D2 34 3F DC E7 4D 4A 00 00 20 4E
0001A210  24 18 4D 4A EC 2D 34 3F 34 3F EC 2D 4D 4A 24 18
0001A220  20 4E 00 00 4D 4A DC E7 34 3F 14 D2 EC 2D CC C0
0001A230  24 18 B3 B5 00 00 E0 B1 DC E7 B3 B5 14 D2 CC C0
0001A240  CC C0 14 D2 B3 B5 DC E7 E0 B1 00 00 B3 B5 24 18
0001A250  CC C0 EC 2D 14 D2 34 3F DC E7 4D 4A 00 00 20 4E
0001A260  24 18 4D 4A EC 2D 34 3F 34 3F EC 2D 4D 4A 24 18
0001A270  20 4E 00 00 4D 4A DC E7 34 3F 14 D2 EC 2D CC C0
0001A280  24 18 B3 B5 00 00 E0 B1 DC E7 B3 B5 14 D2 CC C0
0001A290  CC C0 14 D2 B3 B5 DC E7 E0 B1 00 00 B3 B5 24 18
0001A2A0  CC C0 EC 2D 14 D2 34 3F DC E7 4D 4A 00 00 20 4E
0001A2B0  24 18 4D 4A EC 2D 34 3F 34 3F EC 2D 4D 4A 24 18
0001A2C0  20 4E 00 00 4D 4A DC E7 34 3F 14 D2 EC 2D CC C0
0001A2D0  24 18 B3 B5 00 00 E0 B1 DC E7 B3 B5 14 D2 CC C0
0001A2E0  CC C0 14 D2 B3 B5 DC E7 E0 B1 00 00 B3 B5 24 18
0001A2F0  CC C0 EC 2D 14 D2 34 3F DC E7 4D 4A 00 00 20 4E
0001A300  24 18 4D 4A EC 2D 34 3F 34 3F EC 2D 4D 4A 24 18
0001A310  20 4E 00 00 4D 4A DC E7 34 3F 14 D2 EC 2D CC C0
0001A320  24 18 B3 B5 00 00 E0 B1 DC E7 B3 B5 14 D2 CC C0
0001A330  CC C0 14 D2 B3 B5 DC E7 E0 B1 00 00 B3 B5 24 18
0001A340  CC C0 EC 2D 14 D2 34 3F DC E7 4D 4A 00 00 20 4E
0001A350  24 18 4D 4A EC 2D 34 3F 34 3F EC 2D 4D 4A 24 18
0001A360  20 4E 00 00 4D 4A DC E7 34 3F 14 D2 EC 2D CC C0
0001A370  24 18 B3 B5 00 00 E0 B1 DC E7 B3 B5 14 D2 CC C0
0001A380  CC C0 14 D2 B3 B5 DC E7 E0 B1 00 00 B3 B5 24 18
0001A390  CC C0 EC 2D 14 D2 34 3F DC E7 4D 4A 00 00 20 4E
0001A3A0  24 18 4D 4A EC 2D 34 3F 34 3F EC 2D 4D 4A 24 18
0001A3B0  20 4E 00 00 4D 4A DC E7 34 3F 14 D2 EC 2D CC C0
0001A3C0  24 18 B3 B5 00 00 E0 B1 DC E7 B3 B5 14 D2 CC C0
0001A3D0  CC C0 14 D2 B3 B5 DC E7 E0 B1 00 00 B3 B5 24 18
0001A3E0  CC C0 EC 2D 14 D2 34 3F DC E7 4D 4A 00 00 20 4E
0001A3F0  24 18 4D 4A EC 2D 34 3F 34 3F EC 2D 4D 4A 24 18
0001A400  20 4E 00 00 4D 4A DC E7 34 3F 14 D2 EC 2D CC C0
0001A410  24 18 B3 B5 00 00 E0 B1 DC E7 B3 B5 14 D2 CC C0
0001A420  CC C0 14 D2 B3 B5 DC E7 E0 B1 00 00 B3 B5 24 18
0001A430  CC C0 EC 2D 14 D2 34 3F DC E7 4D 4A 00 00 20 4E
0001A440  24 18 4D 4A EC 2D 34 3F 34 3F EC 2D 4D 4A 24 18
0001A450  20 4E 00 00 4D 4A DC E7 34 3F 14 D2 EC 2D CC C0
0001A460  24 18 B3 B5 00 00 E0 B1 DC E7 B3 B5 14 D2 CC C0
0001A470  CC C0 14 D2 B3 B5 DC E7 E0 B1 00 00 B3 B5 24 18
0001A480  CC C0 EC 2D 14 D2 34 3F DC E7 4D 4A 00 00 20 4E
0001A490  24 18 4D 4A EC 2D 34 3F 34 3F EC 2D 4D 4A 24 18
0001A4A0  20 4E 00 00 4D 4A DC E7 34 3F 14 D2 EC 2D CC C0
0001A4B0  24 18 B3 B5 00 00 E0 B1 DC E7 B3 B5 14 D2 CC C0
0001A4C0  CC C0 14 D2 B3 B5 DC E7 E0 B1 00 00 B3 B5 24 18
0001A4D0  CC C0 EC 2D 14 D2 34 3F DC E7 4D 4A 00 00 20 4E
0001A4E0  24 18 4D 4A EC 2D 34 3F 34 3F EC 2D 4D 4A 24 18
0001A4F0  20 4E 00 00 4D 4A DC E7 34 3F 14 D2 EC 2D CC C0
0001A500  24 18 B3 B5 00 00 E0 B1 DC E7 B3 B5 14 D2 CC C0
0001A510  CC C0 14 D2 B3 B5 DC E7 E0 B1 00 00 B3 B5 24 18
0001A520  CC C0 EC 2D 14 D2 34 3F DC E7 4D 4A 00 00 20 4E
0001A530  24 18 4D 4A EC 2D 34 3F 34 3F EC 2D 4D 4A 24 18
0001A540  20 4E 00 00 4D 4A DC E7 34 3F 14 D2 EC 2D CC C0
0001A550  24 18 B3 B5 00 00 E0 B1 DC E7 B3 B5 14 D2 CC C0
0001A560  CC C0 14 D2 B3 B5 DC E7 E0 B1 00 00 B3 B5 24 18
0001A570  CC C0 EC 2D 14 D2 34 3F DC E7 4D 4A 00 00 20 4E
0001A580  24 18 4D 4A EC 2D 34 3F 34 3F EC 2D 4D 4A 24 18
0001A590  20 4E 00 00 4D 4A DC E7 34 3F 14 D2 EC 2D CC C0
0001A5A0  24 18 B3 B5 00 00 E0 B1 DC E7 B3 B5 14 D2 CC C0
0001A5B0  CC C0 14 D2 B3 B5 DC E7 E0 B1 00 00 B3 B5 24 18
0001A5C0  CC C0 EC 2D 14 D2 34 3F DC E7 4D 4A 00 00 20 4E
0001A5D0  24 18 4D 4A EC 2D 34 3F 34 3F EC 2D 4D 4A 24 18
0001A5E0  20 4E 00 00 4D 4A DC E7 34 3F 14 D2 EC 2D CC C0
0001A5F0  24 18 B3 B5 00 00 E0 B1 DC E7 B3 B5 14 D2 CC C0
0001A600  CC C0 14 D2 B3 B5 DC E7 E0 B1 00 00 B3 B5 24 18
0001A610  CC C0 EC 2D 14 D2 34 3F DC E7 4D 4A 00 00 20 4E
0001A620  24 18 4D 4A EC 2D 34 3F 34 3F EC 2D 4D 4A 24 18
0001A630  20 4E 00 00 4D 4A DC E7 34 3F 14 D2 EC 2D CC C0
0001A640  24 18 B3 B5 00 00 E0 B1 DC E7 B3 B5 14 D2 CC C0
0001A650  CC C0 14 D2 B3 B5 DC E7 E0 B1 00 00 B3 B5 24 18
0001A660  CC C0 EC 2D 14 D2 34 3F DC E7 4D 4A 00 00 20 4E
0001A670  24 18 4D 4A EC 2D 34 3F 34 3F EC 2D 4D 4A 24 18
0001A680  20 4E 00 00 4D 4A DC E7 34 3F 14 D2 EC 2D CC C0
0001A690  24 18 B3 B5 00 00 E0 B1 DC E7 B3 B5 14 D2 CC C0
0001A6A0  CC C0 14 D2 B3 B5 DC E7 E0 B1 00 00 B3 B5 24 18
0001A6B0  CC C0 EC 2D 14 D2 34 3F DC E7 4D 4A 00 00 20 4E
0001A6C0  24 18 4D 4A EC 2D 34 3F 34 3F EC 2D 4D 4A 24 18
0001A6D0  20 4E 00 00 4D 4A DC E7 34 3F 14 D2 EC 2D CC C0
0001A6E0  24 18 B3 B5 00 00 E0 B1 DC E7 B3 B5 14 D2 CC C0
0001A6F0  CC C0 14 D2 B3 B5 DC E7 E0 B1 00 00 B3 B5 24 18
0001A700  CC C0 EC 2D 14 D2 34 3F DC E7 4D 4A 00 00 20 4E
0001A710  24 18 4D 4A EC 2D 34 3F 34 3F EC 2D 4D 4A 24 18
0001A720  20 4E 00 00 4D 4A DC E7 34 3F 14 D2 EC 2D CC C0
0001A730  24 18 B3 B5 00 00 E0 B1 DC E7 B3 B5 14 D2 CC C0
0001A740  CC C0 14 D2 B3 B5 DC E7 E0 B1 00 00 B3 B5 24 18
0001A750  CC C0 EC 2D 14 D2 34 3F DC E7 4D 4A 00 00 20 4E
0001A760  24 18 4D 4A EC 2D 34 3F 34 3F EC 2D 4D 4A 24 18
0001A770  20 4E 00 00 4D 4A DC E7 34 3F 14 D2 EC 2D CC C0
0001A780  24 18 B3 B5 00 00 E0 B1 DC E7 B3 B5 14 D2 CC C0
0001A790  CC C0 14 D2 B3 B5 DC E7 E0 B1 00 00 B3 B5 24 18
0001A7A0  CC C0 EC 2D 14 D2 34 3F DC E7 4D 4A 00 00 20 4E
0001A7B0  24 18 4D 4A EC 2D 34 3F 34 3F EC 2D 4D 4A 24 18
0001A7C0  20 4E 00 00 4D 4A DC E7 34 3F 14 D2 EC 2D CC C0
0001A7D0  24 18 B3 B5 00 00 E0 B1 DC E7 B3 B5 14 D2 CC C0
0001A7E0  CC C0 14 D2 B3 B5 DC E7 E0 B1 00 00 B3 B5 24 18
0001A7F0  CC C0 EC 2D 14 D2 34 3F DC E7 4D 4A 00 00 20 4E
0001A800  24 18 4D 4A EC 2D 34 3F 34 3F EC 2D 4D 4A 24 18
0001A810  20 4E 00 00 4D 4A DC E7 34 3F 14 D2 EC 2D CC C0
0001A820  24 18 B3 B5 00 00 E0 B1 DC E7 B3 B5 14 D2 CC C0
0001A830  CC C0 14 D2 B3 B5 DC E7 E0 B1 00 00 B3 B5 24 18
0001A840  CC C0 EC 2D 14 D2 34 3F DC E7 4D 4A 00 00 20 4E
0001A850  24 18 4D 4A EC 2D 34 3F 34 3F EC 2D 4D 4A 24 18
0001A860  20 4E 00 00 4D 4A DC E7 34 3F 14 D2 EC 2D CC C0
0001A870  24 18 B3 B5 00 00 E0 B1 DC E7 B3 B5 14 D2 CC C0
0001A880  CC C0 14 D2 B3 B5 DC E7 E0 B1 00 00 B3 B5 24 18
0001A890  CC C0 EC 2D 14 D2 34 3F DC E7 4D 4A 00 00 20 4E
0001A8A0  24 18 4D 4A EC 2D 34 3F 34 3F EC 2D 4D 4A 24 18
0001A8B0  20 4E 00 00 4D 4A DC E7 34 3F 14 D2 EC 2D CC C0
0001A8C0  24 18 B3 B5 00 00 E0 B1 DC E7 B3 B5 14 D2 CC C0
0001A8D0  CC C0 14 D2 B3 B5 DC E7 E0 B1 00 00 B3 B5 24 18
0001A8E0  CC C0 EC 2D 14 D2 34 3F DC E7 4D 4A 00 00 20 4E
0001A8F0  24 18 4D 4A EC 2D 34 3F 34 3F EC 2D 4D 4A 24 18
0001A900  20 4E 00 00 4D 4A DC E7 34 3F 14 D2 EC 2D CC C0
0001A910  24 18 B3 B5 00 00 E0 B1 DC E7 B3 B5 14 D2 CC C0
0001A920  CC C0 14 D2 B3 B5 DC E7 E0 B1 00 00 B3 B5 24 18
0001A930  CC C0 EC 2D 14 D2 34 3F DC E7 4D 4A 00 00 20 4E
0001A940  24 18 4D 4A EC 2D 34 3F 34 3F EC 2D 4D 4A 24 18
0001A950  20 4E 00 00 4D 4A DC E7 34 3F 14 D2 EC 2D CC C0
0001A960  24 18 B3 B5 00 00 E0 B1 DC E7 B3 B5 14 D2 CC C0
0001A970  CC C0 14 D2 B3 B5 DC E7 E0 B1 00 00 B3 B5 24 18
0001A980  CC C0 EC 2D 14 D2 34 3F DC E7 4D 4A 00 00 20 4E
0001A990  24 18 4D 4A EC 2D 34 3F 34 3F EC 2D 4D 4A 24 18
0001A9A0  20 4E 00 00 4D 4A DC E7 34 3F 14 D2 EC 2D CC C0
0001A9B0  24 18 B3 B5 00 00 E0 B1 DC E7 B3 B5 14 D2 CC C0
0001A9C0  CC C0 14 D2 B3 B5 DC E7 E0 B1 00 00 B3 B5 24 18
0001A9D0  CC C0 EC 2D 14 D2 34 3F DC E7 4D 4A 00 00 20 4E
0001A9E0  24 18 4D 4A EC 2D 34 3F 34 3F EC 2D 4D 4A 24 18
0001A9F0  20 4E 00 00 4D 4A DC E7 34 3F 14 D2 EC 2D CC C0
0001AA00  24 18 B3 B5 00 00 E0 B1 DC E7 B3 B5 14 D2 CC C0
0001AA10  CC C0 14 D2 B3 B5 DC E7 E0 B1 00 00 B3 B5 24 18
0001AA20  CC C0 EC 2D 14 D2 34 3F DC E7 4D 4A 00 00 20 4E
0001AA30  24 18 4D 4A EC 2D 34 3F 34 3F EC 2D 4D 4A 24 18
0001AA40  20 4E 00 00 4D 4A DC E7 34 3F 14 D2 EC 2D CC C0
0001AA50  24 18 B3 B5 00 00 E0 B1 DC E7 B3 B5 14 D2 CC C0
0001AA60  CC C0 14 D2 B3 B5 DC E7 E0 B1 00 00 B3 B5 24 18
0001AA70  CC C0 EC 2D 14 D2 34 3F DC E7 4D 4A 00 00 20 4E
0001AA80  24 18 4D 4A EC 2D 34 3F 34 3F EC 2D 4D 4A 24 18
0001AA90  20 4E 00 00 4D 4A DC E7 34 3F 14 D2 EC 2D CC C0
0001AAA0  24 18 B3 B5 00 00 E0 B1 DC E7 B3 B5 14 D2 CC C0
0001AAB0  CC C0 14 D2 B3 B5 DC E7 E0 B1 00 00 B3 B5 24 18
0001AAC0  CC C0 EC 2D 14 D2 34 3F DC E7 4D 4A 00 00 20 4E
0001AAD0  24 18 4D 4A EC 2D 34 3F 34 3F EC 2D 4D 4A 24 18
0001AAE0  20 4E 00 00 4D 4A DC E7 34 3F 14 D2 EC 2D CC C0
0001AAF0  24 18 B3 B5 00 00 E0 B1 DC E7 B3 B5 14 D2 CC C0
0001AB00  CC C0 14 D2 B3 B5 DC E7 E0 B1 00 00 B3 B5 24 18
0001AB10  CC C0 EC 2D 14 D2 34 3F DC E7 4D 4A 00 00 20 4E
0001AB20  24 18 4D 4A EC 2D 34 3F 34 3F EC 2D 4D 4A 24 18
0001AB30  20 4E 00 00 4D 4A DC E7 34 3F 14 D2 EC 2D CC C0
0001AB40  24 18 B3 B5 00 00 E0 B1 DC E7 B3 B5 14 D2 CC C0
0001AB50  CC C0 14 D2 B3 B5 DC E7 E0 B1 00 00 B3 B5 24 18
0001AB60  CC C0 EC 2D 14 D2 34 3F DC E7 4D 4A 00 00 20 4E
0001AB70  24 18 4D 4A EC 2D 34 3F 34 3F EC 2D 4D 4A 24 18
0001AB80  20 4E 00 00 4D 4A DC E7 34 3F 14 D2 EC 2D CC C0
0001AB90  24 18 B3 B5 00 00 E0 B1 DC E7 B3 B5 14 D2 CC C0
0001ABA0  CC C0 14 D2 B3 B5 DC E7 E0 B1 00 00 B3 B5 24 18
0001ABB0  CC C0 EC 2D 14 D2 34 3F DC E7 4D 4A 00 00 20 4E
0001ABC0  24 18 4D 4A EC 2D 34 3F 34 3F EC 2D 4D 4A 24 18
0001ABD0  20 4E 00 00 4D 4A DC E7 34 3F 14 D2 EC 2D CC C0
0001ABE0  24 18 B3 B5 00 00 E0 B1 DC E7 B3 B5 14 D2 CC C0
0001ABF0  CC C0 14 D2 B3 B5 DC E7 E0 B1 00 00 B3 B5 24 18
0001AC00  CC C0 EC 2D 14 D2 34 3F DC E7 4D 4A 00 00 20 4E
0001AC10  24 18 4D 4A EC 2D 34 3F 34 3F EC 2D 4D 4A 24 18
0001AC20  20 4E 00 00 4D 4A DC E7 34 3F 14 D2 EC 2D CC C0
0001AC30  24 18 B3 B5 00 00 E0 B1 DC E7 B3 B5 14 D2 CC C0
0001AC40  CC C0 14 D2 B3 B5 DC E7 E0 B1 00 00 B3 B5 24 18
0001AC50  CC C0 EC 2D 14 D2 34 3F DC E7 4D 4A 00 00 20 4E
0001AC60  24 18 4D 4A EC 2D 34 3F 34 3F EC 2D 4D 4A 24 18
0001AC70  20 4E 00 00 4D 4A DC E7 34 3F 14 D2 EC 2D CC C0
0001AC80  24 18 B3 B5 00 00 E0 B1 DC E7 B3 B5 14 D2 CC C0
0001AC90  CC C0 14 D2 B3 B5 DC E7 E0 B1 00 00 B3 B5 24 18
0001ACA0  CC C0 EC 2D 14 D2 34 3F DC E7 4D 4A 00 00 20 4E
0001ACB0  24 18 4D 4A EC 2D 34 3F 34 3F EC 2D 4D 4A 24 18
0001ACC0  20 4E 00 00 4D 4A DC E7 34 3F 14 D2 EC 2D CC C0
0001ACD0  24 18 B3 B5 00 00 E0 B1 DC E7 B3 B5 14 D2 CC C0
0001ACE0  CC C0 14 D2 B3 B5 DC E7 E0 B1 00 00 B3 B5 24 18
0001ACF0  CC C0 EC 2D 14 D2 34 3F DC E7 4D 4A 00 00 20 4E
0001AD00  24 18 4D 4A EC 2D 34 3F 34 3F EC 2D 4D 4A 24 18
0001AD10  20 4E 00 00 4D 4A DC E7 34 3F 14 D2 EC 2D CC C0
0001AD20  24 18 B3 B5 00 00 E0 B1 DC E7 B3 B5 14 D2 CC C0
0001AD30  CC C0 14 D2 B3 B5 DC E7 E0 B1 00 00 B3 B5 24 18
0001AD40  CC C0 EC 2D 14 D2 34 3F DC E7 4D 4A 00 00 20 4E
0001AD50  24 18 4D 4A EC 2D 34 3F 34 3F EC 2D 4D 4A 24 18
0001AD60  20 4E 00 00 4D 4A DC E7 34 3F 14 D2 EC 2D CC C0
0001AD70  24 18 B3 B5 00 00 E0 B1 DC E7 B3 B5 14 D2 CC C0
0001AD80  CC C0 14 D2 B3 B5 DC E7 E0 B1 00 00 B3 B5 24 18
0001AD90  CC C0 EC 2D 14 D2 34 3F DC E7 4D 4A 00 00 20 4E
0001ADA0  24 18 4D 4A EC 2D 34 3F 34 3F EC 2D 4D 4A 24 18
0001ADB0  20 4E 00 00 4D 4A DC E7 34 3F 14 D2 EC 2D CC C0
0001ADC0  24 18 B3 B5 00 00 E0 B1 DC E7 B3 B5 14 D2 CC C0
0001ADD0  CC C0 14 D2 B3 B5 DC E7 E0 B1 00 00 B3 B5 24 18
0001ADE0  CC C0 EC 2D 14 D2 34 3F DC E7 4D 4A 00 00 20 4E
0001ADF0  24 18 4D 4A EC 2D 34 3F 34 3F EC 2D 4D 4A 24 18
0001AE00  20 4E 00 00 4D 4A DC E7 34 3F 14 D2 EC 2D CC C0
0001AE10  24 18 B3 B5 00 00 E0 B1 DC E7 B3 B5 14 D2 CC C0
0001AE20  CC C0 14 D2 B3 B5 DC E7 E0 B1 00 00 B3 B5 24 18
0001AE30  CC C0 EC 2D 14 D2 34 3F DC E7 4D 4A 00 00 20 4E
0001AE40  24 18 4D 4A EC 2D 34 3F 34 3F EC 2D 4D 4A 24 18
0001AE50  20 4E 00 00 4D 4A DC E7 34 3F 14 D2 EC 2D CC C0
0001AE60  24 18 B3 B5 00 00 E0 B1 DC E7 B3 B5 14 D2 CC C0
0001AE70  CC C0 14 D2 B3 B5 DC E7 E0 B1 00 00 B3 B5 24 18
0001AE80  CC C0 EC 2D 14 D2 34 3F DC E7 4D 4A 00 00 20 4E
0001AE90  24 18 4D 4A EC 2D 34 3F 34 3F EC 2D 4D 4A 24 18
0001AEA0  20 4E 00 00 4D 4A DC E7 34 3F 14 D2 EC 2D CC C0
0001AEB0  24 18 B3 B5 00 00 E0 B1 DC E7 B3 B5 14 D2 CC C0
0001AEC0  CC C0 14 D2 B3 B5 DC E7 E0 B1 00 00 B3 B5 24 18
0001AED0  CC C0 EC 2D 14 D2 34 3F DC E7 4D 4A 00 00 20 4E
0001AEE0  24 18 4D 4A EC 2D 34 3F 34 3F EC 2D 4D 4A 24 18
0001AEF0  20 4E 00 00 4D 4A DC E7 34 3F 14 D2 EC 2D CC C0
0001AF00  24 18 B3 B5 00 00 E0 B1 DC E7 B3 B5 14 D2 CC C0
0001AF10  CC C0 14 D2 B3 B5 DC E7 E0 B1 00 00 B3 B5 24 18
0001AF20  CC C0 EC 2D 14 D2 34 3F DC E7 4D 4A 00 00 20 4E
0001AF30  24 18 4D 4A EC 2D 34 3F 34 3F EC 2D 4D 4A 24 18
0001AF40  20 4E 00 00 4D 4A DC E7 34 3F 14 D2 EC 2D CC C0
0001AF50  24 18 B3 B5 00 00 E0 B1 DC E7 B3 B5 14 D2 CC C0
0001AF60  CC C0 14 D2 B3 B5 DC E7 E0 B1 00 00 B3 B5 24 18
0001AF70  CC C0 EC 2D 14 D2 34 3F DC E7 4D 4A 00 00 20 4E
0001AF80  24 18 4D 4A EC 2D 34 3F 34 3F EC 2D 4D 4A 24 18
0001AF90  20 4E 00 00 4D 4A DC E7 34 3F 14 D2 EC 2D CC C0
0001AFA0  24 18 B3 B5 00 00 E0 B1 DC E7 B3 B5 14 D2 CC C0
0001AFB0  CC C0 14 D2 B3 B5 DC E7 E0 B1 00 00 B3 B5 24 18
0001AFC0  CC C0 EC 2D 14 D2 34 3F DC E7 4D 4A 00 00 20 4E
0001AFD0  24 18 4D 4A EC 2D 34 3F 34 3F EC 2D 4D 4A 24 18
0001AFE0  20 4E 00 00 4D 4A DC E7 34 3F 14 D2 EC 2D CC C0
0001AFF0  24 18 B3 B5 00 00 E0 B1 DC E7 B3 B5 14 D2 CC C0
0001B000  CC C0 14 D2 B3 B5 DC E7 E0 B1 00 00 B3 B5 24 18
0001B010  CC C0 EC 2D 14 D2 34 3F DC E7 4D 4A 00 00 20 4E
0001B020  24 18 4D 4A EC 2D 34 3F 34 3F EC 2D 4D 4A 24 18
0001B030  20 4E 00 00 4D 4A DC E7 34 3F 14 D2 EC 2D CC C0
0001B040  24 18 B3 B5 00 00 E0 B1 DC E7 B3 B5 14 D2 CC C0
0001B050  CC C0 14 D2 B3 B5 DC E7 E0 B1 00 00 B3 B5 24 18
0001B060  CC C0 EC 2D 14 D2 34 3F DC E7 4D 4A 00 00 20 4E
0001B070  24 18 4D 4A EC 2D 34 3F 34 3F EC 2D 4D 4A 24 18
0001B080  20 4E 00 00 4D 4A DC E7 34 3F 14 D2 EC 2D CC C0
0001B090  24 18 B3 B5 00 00 E0 B1 DC E7 B3 B5 14 D2 CC C0
0001B0A0  CC C0 14 D2 B3 B5 DC E7 E0 B1 00 00 B3 B5 24 18
0001B0B0  CC C0 EC 2D 14 D2 34 3F DC E7 4D 4A 00 00 20 4E
0001B0C0  24 18 4D 4A EC 2D 34 3F 34 3F EC 2D 4D 4A 24 18
0001B0D0  20 4E 00 00 4D 4A DC E7 34 3F 14 D2 EC 2D CC C0
0001B0E0  24 18 B3 B5 00 00 E0 B1 DC E7 B3 B5 14 D2 CC C0
0001B0F0  CC C0 14 D2 B3 B5 DC E7 E0 B1 00 00 B3 B5 24 18
0001B100  CC C0 EC 2D 14 D2 34 3F DC E7 4D 4A 00 00 20 4E
0001B110  24 18 4D 4A EC 2D 34 3F 34 3F EC 2D 4D 4A 24 18
0001B120  20 4E 00 00 4D 4A DC E7 34 3F 14 D2 EC 2D CC C0
0001B130  24 18 B3 B5 00 00 E0 B1 DC E7 B3 B5 14 D2 CC C0
0001B140  CC C0 14 D2 B3 B5 DC E7 E0 B1 00 00 B3 B5 24 18
0001B150  CC C0 EC 2D 14 D2 34 3F DC E7 4D 4A 00 00 20 4E
0001B160  24 18 4D 4A EC 2D 34 3F 34 3F EC 2D 4D 4A 24 18
0001B170  20 4E 00 00 4D 4A DC E7 34 3F 14 D2 EC 2D CC C0
0001B180  24 18 B3 B5 00 00 E0 B1 DC E7 B3 B5 14 D2 CC C0
0001B190  CC C0 14 D2 B3 B5 DC E7 E0 B1 00 00 B3 B5 24 18
0001B1A0  CC C0 EC 2D 14 D2 34 3F DC E7 4D 4A 00 00 20 4E
0001B1B0  24 18 4D 4A EC 2D 34 3F 34 3F EC 2D 4D 4A 24 18
0001B1C0  20 4E 00 00 4D 4A DC E7 34 3F 14 D2 EC 2D CC C0
0001B1D0  24 18 B3 B5 00 00 E0 B1 DC E7 B3 B5 14 D2 CC C0
0001B1E0  CC C0 14 D2 B3 B5 DC E7 E0 B1 00 00 B3 B5 24 18
0001B1F0  CC C0 EC 2D 14 D2 34 3F DC E7 4D 4A 00 00 20 4E
0001B200  24 18 4D 4A EC 2D 34 3F 34 3F EC 2D 4D 4A 24 18
0001B210  20 4E 00 00 4D 4A DC E7 34 3F 14 D2 EC 2D CC C0
0001B220  24 18 B3 B5 00 00 E0 B1 DC E7 B3 B5 14 D2 CC C0
0001B230  CC C0 14 D2 B3 B5 DC E7 E0 B1 00 00 B3 B5 24 18
0001B240  CC C0 EC 2D 14 D2 34 3F DC E7 4D 4A 00 00 20 4E
0001B250  24 18 4D 4A EC 2D 34 3F 34 3F EC 2D 4D 4A 24 18
0001B260  20 4E 00 00 4D 4A DC E7 34 3F 14 D2 EC 2D CC C0
0001B270  24 18 B3 B5 00 00 E0 B1 DC E7 B3 B5 14 D2 CC C0
0001B280  CC C0 14 D2 B3 B5 DC E7 E0 B1 00 00 B3 B5 24 18
0001B290  CC C0 EC 2D 14 D2 34 3F DC E7 4D 4A 00 00 20 4E
0001B2A0  24 18 4D 4A EC 2D 34 3F 34 3F EC 2D 4D 4A 24 18
0001B2B0  20 4E 00 00 4D 4A DC E7 34 3F 14 D2 EC 2D CC C0
0001B2C0  24 18 B3 B5 00 00 E0 B1 DC E7 B3 B5 14 D2 CC C0
0001B2D0  CC C0 14 D2 B3 B5 DC E7 E0 B1 00 00 B3 B5 24 18
0001B2E0  CC C0 EC 2D 14 D2 34 3F DC E7 4D 4A 00 00 20 4E
0001B2F0  24 18 4D 4A EC 2D 34 3F 34 3F EC 2D 4D 4A 24 18
0001B300  20 4E 00 00 4D 4A DC E7 34 3F 14 D2 EC 2D CC C0
0001B310  24 18 B3 B5 00 00 E0 B1 DC E7 B3 B5 14 D2 CC C0
0001B320  CC C0 14 D2 B3 B5 DC E7 E0 B1 00 00 B3 B5 24 18
0001B330  CC C0 EC 2D 14 D2 34 3F DC E7 4D 4A 00 00 20 4E
0001B340  24 18 4D 4A EC 2D 34 3F 34 3F EC 2D 4D 4A 24 18
0001B350  20 4E 00 00 4D 4A DC E7 34 3F 14 D2 EC 2D CC C0
0001B360  24 18 B3 B5 00 00 E0 B1 DC E7 B3 B5 14 D2 CC C0
0001B370  CC C0 14 D2 B3 B5 DC E7 E0 B1 00 00 B3 B5 24 18
0001B380  CC C0 EC 2D 14 D2 34 3F DC E7 4D 4A 00 00 20 4E
0001B390  24 18 4D 4A EC 2D 34 3F 34 3F EC 2D 4D 4A 24 18
0001B3A0  20 4E 00 00 4D 4A DC E7 34 3F 14 D2 EC 2D CC C0
0001B3B0  24 18 B3 B5 00 00 E0 B1 DC E7 B3 B5 14 D2 CC C0
0001B3C0  CC C0 14 D2 B3 B5 DC E7 E0 B1 00 00 B3 B5 24 18
0001B3D0  CC C0 EC 2D 14 D2 34 3F DC E7 4D 4A 00 00 20 4E
0001B3E0  24 18 4D 4A EC 2D 34 3F 34 3F EC 2D 4D 4A 24 18
0001B3F0  20 4E 00 00 4D 4A DC E7 34 3F 14 D2 EC 2D CC C0
0001B400  24 18 B3 B5 00 00 E0 B1 DC E7 B3 B5 14 D2 CC C0
0001B410  CC C0 14 D2 B3 B5 DC E7 E0 B1 00 00 B3 B5 24 18
0001B420  CC C0 EC 2D 14 D2 34 3F DC E7 4D 4A 00 00 20 4E
0001B430  24 18 4D 4A EC 2D 34 3F 34 3F EC 2D 4D 4A 24 18
0001B440  20 4E 00 00 4D 4A DC E7 34 3F 14 D2 EC 2D CC C0
0001B450  24 18 B3 B5 00 00 E0 B1 DC E7 B3 B5 14 D2 CC C0
0001B460  CC C0 14 D2 B3 B5 DC E7 E0 B1 00 00 B3 B5 24 18
0001B470  CC C0 EC 2D 14 D2 34 3F DC E7 4D 4A 00 00 20 4E
0001B480  24 18 4D 4A EC 2D 34 3F 34 3F EC 2D 4D 4A 24 18
0001B490  20 4E 00 00 4D 4A DC E7 34 3F 14 D2 EC 2D CC C0
0001B4A0  24 18 B3 B5 00 00 E0 B1 DC E7 B3 B5 14 D2 CC C0
0001B4B0  CC C0 14 D2 B3 B5 DC E7 E0 B1 00 00 B3 B5 24 18
0001B4C0  CC C0 EC 2D 14 D2 34 3F DC E7 4D 4A 00 00 20 4E
0001B4D0  24 18 4D 4A EC 2D 34 3F 34 3F EC 2D 4D 4A 24 18
0001B4E0  20 4E 00 00 4D 4A DC E7 34 3F 14 D2 EC 2D CC C0
0001B4F0  24 18 B3 B5 00 00 E0 B1 DC E7 B3 B5 14 D2 CC C0
0001B500  CC C0 14 D2 B3 B5 DC E7 E0 B1 00 00 B3 B5 24 18
0001B510  CC C0 EC 2D 14 D2 34 3F DC E7 4D 4A 00 00 20 4E
0001B520  24 18 4D 4A EC 2D 34 3F 34 3F EC 2D 4D 4A 24 18
0001B530  20 4E 00 00 4D 4A DC E7 34 3F 14 D2 EC 2D CC C0
0001B540  24 18 B3 B5 00 00 E0 B1 DC E7 B3 B5 14 D2 CC C0
0001B550  CC C0 14 D2 B3 B5 DC E7 E0 B1 00 00 B3 B5 24 18
0001B560  CC C0 EC 2D 14 D2 34 3F DC E7 4D 4A 00 00 20 4E
0001B570  24 18 4D 4A EC 2D 34 3F 34 3F EC 2D 4D 4A 24 18
0001B580  20 4E 00 00 4D 4A DC E7 34 3F 14 D2 EC 2D CC C0
0001B590  24 18 B3 B5 00 00 E0 B1 DC E7 B3 B5 14 D2 CC C0
0001B5A0  CC C0 14 D2 B3 B5 DC E7 E0 B1 00 00 B3 B5 24 18
0001B5B0  CC C0 EC 2D 14 D2 34 3F DC E7 4D 4A 00 00 20 4E
0001B5C0  24 18 4D 4A EC 2D 34 3F 34 3F EC 2D 4D 4A 24 18
0001B5D0  20 4E 00 00 4D 4A DC E7 34 3F 14 D2 EC 2D CC C0
0001B5E0  24 18 B3 B5 00 00 E0 B1 DC E7 B3 B5 14 D2 CC C0
0001B5F0  CC C0 14 D2 B3 B5 DC E7 E0 B1 00 00 B3 B5 24 18
0001B600  CC C0 EC 2D 14 D2 34 3F DC E7 4D 4A 00 00 20 4E
0001B610  24 18 4D 4A EC 2D 34 3F 34 3F EC 2D 4D 4A 24 18
0001B620  20 4E 00 00 4D 4A DC E7 34 3F 14 D2 EC 2D CC C0
0001B630  24 18 B3 B5 00 00 E0 B1 DC E7 B3 B5 14 D2 CC C0
0001B640  CC C0 14 D2 B3 B5 DC E7 E0 B1 00 00 B3 B5 24 18
0001B650  CC C0 EC 2D 14 D2 34 3F DC E7 4D 4A 00 00 20 4E
0001B660  24 18 4D 4A EC 2D 34 3F 34 3F EC 2D 4D 4A 24 18
0001B670  20 4E 00 00 4D 4A DC E7 34 3F 14 D2 EC 2D CC C0
0001B680  24 18 B3 B5 00 00 E0 B1 DC E7 B3 B5 14 D2 CC C0
0001B690  CC C0 14 D2 B3 B5 DC E7 E0 B1 00 00 B3 B5 24 18
0001B6A0  CC C0 EC 2D 14 D2 34 3F DC E7 4D 4A 00 00 20 4E
0001B6B0  24 18 4D 4A EC 2D 34 3F 34 3F EC 2D 4D 4A 24 18
0001B6C0  20 4E 00 00 4D 4A DC E7 34 3F 14 D2 EC 2D CC C0
0001B6D0  24 18 B3 B5 00 00 E0 B1 DC E7 B3 B5 14 D2 CC C0
0001B6E0  CC C0 14 D2 B3 B5 DC E7 E0 B1 00 00 B3 B5 24 18
0001B6F0  CC C0 EC 2D 14 D2 34 3F DC E7 4D 4A 00 00 20 4E
0001B700  24 18 4D 4A EC 2D 34 3F 34 3F EC 2D 4D 4A 24 18
0001B710  20 4E 00 00 4D 4A DC E7 34 3F 14 D2 EC 2D CC C0
0001B720  24 18 B3 B5 00 00 E0 B1 DC E7 B3 B5 14 D2 CC C0
0001B730  CC C0 14 D2 B3 B5 DC E7 E0 B1 00 00 B3 B5 24 18
0001B740  CC C0 EC 2D 14 D2 34 3F DC E7 4D 4A 00 00 20 4E
0001B750  24 18 4D 4A EC 2D 34 3F 34 3F EC 2D 4D 4A 24 18
0001B760  20 4E 00 00 4D 4A DC E7 34 3F 14 D2 EC 2D CC C0
0001B770  24 18 B3 B5 00 00 E0 B1 DC E7 B3 B5 14 D2 CC C0
0001B780  CC C0 14 D2 B3 B5 DC E7 E0 B1 00 00 B3 B5 24 18
0001B790  CC C0 EC 2D 14 D2 34 3F DC E7 4D 4A 00 00 20 4E
0001B7A0  24 18 4D 4A EC 2D 34 3F 34 3F EC 2D 4D 4A 24 18
0001B7B0  20 4E 00 00 4D 4A DC E7 34 3F 14 D2 EC 2D CC C0
0001B7C0  24 18 B3 B5 00 00 E0 B1 DC E7 B3 B5 14 D2 CC C0
0001B7D0  CC C0 14 D2 B3 B5 DC E7 E0 B1 00 00 B3 B5 24 18
0001B7E0  CC C0 EC 2D 14 D2 34 3F DC E7 4D 4A 00 00 20 4E
0001B7F0  24 18 4D 4A EC 2D 34 3F 34 3F EC 2D 4D 4A 24 18
0001B800  20 4E 00 00 4D 4A DC E7 34 3F 14 D2 EC 2D CC C0
0001B810  24 18 B3 B5 00 00 E0 B1 DC E7 B3 B5 14 D2 CC C0
0001B820  CC C0 14 D2 B3 B5 DC E7 E0 B1 00 00 B3 B5 24 18
0001B830  CC C0 EC 2D 14 D2 34 3F DC E7 4D 4A 00 00 20 4E
0001B840  24 18 4D 4A EC 2D 34 3F 34 3F EC 2D 4D 4A 24 18
0001B850  20 4E 00 00 4D 4A DC E7 34 3F 14 D2 EC 2D CC C0
0001B860  24 18 B3 B5 00 00 E0 B1 DC E7 B3 B5 14 D2 CC C0
0001B870  CC C0 14 D2 B3 B5 DC E7 E0 B1 00 00 B3 B5 24 18
0001B880  CC C0 EC 2D 14 D2 34 3F DC E7 4D 4A 00 00 20 4E
0001B890  24 18 4D 4A EC 2D 34 3F 34 3F EC 2D 4D 4A 24 18
0001B8A0  20 4E 00 00 4D 4A DC E7 34 3F 14 D2 EC 2D CC C0
0001B8B0  24 18 B3 B5 00 00 E0 B1 DC E7 B3 B5 14 D2 CC C0
0001B8C0  CC C0 14 D2 B3 B5 DC E7 E0 B1 00 00 B3 B5 24 18
0001B8D0  CC C0 EC 2D 14 D2 34 3F DC E7 4D 4A 00 00 20 4E
0001B8E0  24 18 4D 4A EC 2D 34 3F 34 3F EC 2D 4D 4A 24 18
0001B8F0  20 4E 00 00 4D 4A DC E7 34 3F 14 D2 EC 2D CC C0
0001B900  24 18 B3 B5 00 00 E0 B1 DC E7 B3 B5 14 D2 CC C0
0001B910  CC C0 14 D2 B3 B5 DC E7 E0 B1 00 00 B3 B5 24 18
0001B920  CC C0 EC 2D 14 D2 34 3F DC E7 4D 4A 00 00 20 4E
0001B930  24 18 4D 4A EC 2D 34 3F 34 3F EC 2D 4D 4A 24 18
0001B940  20 4E 00 00 4D 4A DC E7 34 3F 14 D2 EC 2D CC C0
0001B950  24 18 B3 B5 00 00 E0 B1 DC E7 B3 B5 14 D2 CC C0
0001B960  CC C0 14 D2 B3 B5 DC E7 E0 B1 00 00 B3 B5 24 18
0001B970  CC C0 EC 2D 14 D2 34 3F DC E7 4D 4A 00 00 20 4E
0001B980  24 18 4D 4A EC 2D 34 3F 34 3F EC 2D 4D 4A 24 18
0001B990  20 4E 00 00 4D 4A DC E7 34 3F 14 D2 EC 2D CC C0
0001B9A0  24 18 B3 B5 00 00 E0 B1 DC E7 B3 B5 14 D2 CC C0
0001B9B0  CC C0 14 D2 B3 B5 DC E7 E0 B1 00 00 B3 B5 24 18
0001B9C0  CC C0 EC 2D 14 D2 34 3F DC E7 4D 4A 00 00 20 4E
0001B9D0  24 18 4D 4A EC 2D 34 3F 34 3F EC 2D 4D 4A 24 18
0001B9E0  20 4E 00 00 4D 4A DC E7 34 3F 14 D2 EC 2D CC C0
0001B9F0  24 18 B3 B5 00 00 E0 B1 DC E7 B3 B5 14 D2 CC C0
0001BA00  CC C0 14 D2 B3 B5 DC E7 E0 B1 00 00 B3 B5 24 18
0001BA10  CC C0 EC 2D 14 D2 34 3F DC E7 4D 4A 00 00 20 4E
0001BA20  24 18 4D 4A EC 2D 34 3F 34 3F EC 2D 4D 4A 24 18
0001BA30  20 4E 00 00 4D 4A DC E7 34 3F 14 D2 EC 2D CC C0
0001BA40  24 18 B3 B5 00 00 E0 B1 DC E7 B3 B5 14 D2 CC C0
0001BA50  CC C0 14 D2 B3 B5 DC E7 E0 B1 00 00 B3 B5 24 18
0001BA60  CC C0 EC 2D 14 D2 34 3F DC E7 4D 4A 00 00 20 4E
0001BA70  24 18 4D 4A EC 2D 34 3F 34 3F EC 2D 4D 4A 24 18
0001BA80  20 4E 00 00 4D 4A DC E7 34 3F 14 D2 EC 2D CC C0
0001BA90  24 18 B3 B5 00 00 E0 B1 DC E7 B3 B5 14 D2 CC C0
0001BAA0  CC C0 14 D2 B3 B5 DC E7 E0 B1 00 00 B3 B5 24 18
0001BAB0  CC C0 EC 2D 14 D2 34 3F DC E7 4D 4A 00 00 20 4E
0001BAC0  24 18 4D 4A EC 2D 34 3F 34 3F EC 2D 4D 4A 24 18
0001BAD0  20 4E 00 00 4D 4A DC E7 34 3F 14 D2 EC 2D CC C0
0001BAE0  24 18 B3 B5 00 00 E0 B1 DC E7 B3 B5 14 D2 CC C0
0001BAF0  CC C0 14 D2 B3 B5 DC E7 E0 B1 00 00 B3 B5 24 18
0001BB00  CC C0 EC 2D 14 D2 34 3F DC E7 4D 4A 00 00 20 4E
0001BB10  24 18 4D 4A EC 2D 34 3F 34 3F EC 2D 4D 4A 24 18
0001BB20  20 4E 00 00 4D 4A DC E7 34 3F 14 D2 EC 2D CC C0
0001BB30  24 18 B3 B5 00 00 E0 B1 DC E7 B3 B5 14 D2 CC C0
0001BB40  CC C0 14 D2 B3 B5 DC E7 E0 B1 00 00 B3 B5 24 18
0001BB50  CC C0 EC 2D 14 D2 34 3F DC E7 4D 4A 00 00 20 4E
0001BB60  24 18 4D 4A EC 2D 34 3F 34 3F EC 2D 4D 4A 24 18
0001BB70  20 4E 00 00 4D 4A DC E7 34 3F 14 D2 EC 2D CC C0
0001BB80  24 18 B3 B5 00 00 E0 B1 DC E7 B3 B5 14 D2 CC C0
0001BB90  CC C0 14 D2 B3 B5 DC E7 E0 B1 00 00 B3 B5 24 18
0001BBA0  CC C0 EC 2D 14 D2 34 3F DC E7 4D 4A 00 00 20 4E
0001BBB0  24 18 4D 4A EC 2D 34 3F 34 3F EC 2D 4D 4A 24 18
0001BBC0  20 4E 00 00 4D 4A DC E7 34 3F 14 D2 EC 2D CC C0
0001BBD0  24 18 B3 B5 00 00 E0 B1 DC E7 B3 B5 14 D2 CC C0
0001BBE0  CC C0 14 D2 B3 B5 DC E7 E0 B1 00 00 B3 B5 24 18
0001BBF0  CC C0 EC 2D 14 D2 34 3F DC E7 4D 4A 00 00 20 4E
0001BC00  24 18 4D 4A EC 2D 34 3F 34 3F EC 2D 4D 4A 24 18
0001BC10  20 4E 00 00 4D 4A DC E7 34 3F 14 D2 EC 2D CC C0
0001BC20  24 18 B3 B5 00 00 E0 B1 DC E7 B3 B5 14 D2 CC C0
0001BC30  CC C0 14 D2 B3 B5 DC E7 E0 B1 00 00 B3 B5 24 18
0001BC40  CC C0 EC 2D 14 D2 34 3F DC E7 4D 4A 00 00 20 4E
0001BC50  24 18 4D 4A EC 2D 34 3F 34 3F EC 2D 4D 4A 24 18
0001BC60  20 4E 00 00 4D 4A DC E7 34 3F 14 D2 EC 2D CC C0
0001BC70  24 18 B3 B5 00 00 E0 B1 DC E7 B3 B5 14 D2 CC C0
0001BC80  CC C0 14 D2 B3 B5 DC E7 E0 B1 00 00 B3 B5 24 18
0001BC90  CC C0 EC 2D 14 D2 34 3F DC E7 4D 4A 00 00 20 4E
0001BCA0  24 18 4D 4A EC 2D 34 3F 34 3F EC 2D 4D 4A 24 18
0001BCB0  20 4E 00 00 4D 4A DC E7 34 3F 14 D2 EC 2D CC C0
0001BCC0  24 18 B3 B5 00 00 E0 B1 DC E7 B3 B5 14 D2 CC C0
0001BCD0  CC C0 14 D2 B3 B5 DC E7 E0 B1 00 00 B3 B5 24 18
0001BCE0  CC C0 EC 2D 14 D2 34 3F DC E7 4D 4A 00 00 20 4E
0001BCF0  24 18 4D 4A EC 2D 34 3F 34 3F EC 2D 4D 4A 24 18
0001BD00  20 4E 00 00 4D 4A DC E7 34 3F 14 D2 EC 2D CC C0
0001BD10  24 18 B3 B5 00 00 E0 B1 DC E7 B3 B5 14 D2 CC C0
0001BD20  CC C0 14 D2 B3 B5 DC E7 E0 B1 00 00 B3 B5 24 18
0001BD30  CC C0 EC 2D 14 D2 34 3F DC E7 4D 4A 00 00 20 4E
0001BD40  24 18 4D 4A EC 2D 34 3F 34 3F EC 2D 4D 4A 24 18
0001BD50  20 4E 00 00 4D 4A DC E7 34 3F 14 D2 EC 2D CC C0
0001BD60  24 18 B3 B5 00 00 E0 B1 DC E7 B3 B5 14 D2 CC C0
0001BD70  CC C0 14 D2 B3 B5 DC E7 E0 B1 00 00 B3 B5 24 18
0001BD80  CC C0 EC 2D 14 D2 34 3F DC E7 4D 4A 00 00 20 4E
0001BD90  24 18 4D 4A EC 2D 34 3F 34 3F EC 2D 4D 4A 24 18
0001BDA0  20 4E 00 00 4D 4A DC E7 34 3F 14 D2 EC 2D CC C0
0001BDB0  24 18 B3 B5 00 00 E0 B1 DC E7 B3 B5 14 D2 CC C0
0001BDC0  CC C0 14 D2 B3 B5 DC E7 E0 B1 00 00 B3 B5 24 18
0001BDD0  CC C0 EC 2D 14 D2 34 3F DC E7 4D 4A 00 00 20 4E
0001BDE0  24 18 4D 4A EC 2D 34 3F 34 3F EC 2D 4D 4A 24 18
0001BDF0  20 4E 00 00 4D 4A DC E7 34 3F 14 D2 EC 2D CC C0
0001BE00  24 18 B3 B5 00 00 E0 B1 DC E7 B3 B5 14 D2 CC C0
0001BE10  CC C0 14 D2 B3 B5 DC E7 E0 B1 00 00 B3 B5 24 18
0001BE20  CC C0 EC 2D 14 D2 34 3F DC E7 4D 4A 00 00 20 4E
0001BE30  24 18 4D 4A EC 2D 34 3F 34 3F EC 2D 4D 4A 24 18
0001BE40  20 4E 00 00 4D 4A DC E7 34 3F 14 D2 EC 2D CC C0
0001BE50  24 18 B3 B5 00 00 E0 B1 DC E7 B3 B5 14 D2 CC C0
0001BE60  CC C0 14 D2 B3 B5 DC E7 E0 B1 00 00 B3 B5 24 18
0001BE70  CC C0 EC 2D 14 D2 34 3F DC E7 4D 4A 00 00 20 4E
0001BE80  24 18 4D 4A EC 2D 34 3F 34 3F EC 2D 4D 4A 24 18
0001BE90  20 4E 00 00 4D 4A DC E7 34 3F 14 D2 EC 2D CC C0
0001BEA0  24 18 B3 B5 00 00 E0 B1 DC E7 B3 B5 14 D2 CC C0
0001BEB0  CC C0 14 D2 B3 B5 DC E7 E0 B1 00 00 B3 B5 24 18
0001BEC0  CC C0 EC 2D 14 D2 34 3F DC E7 4D 4A 00 00 20 4E
0001BED0  24 18 4D 4A EC 2D 34 3F 34 3F EC 2D 4D 4A 24 18
0001BEE0  20 4E 00 00 4D 4A DC E7 34 3F 14 D2 EC 2D CC C0
0001BEF0  24 18 B3 B5 00 00 E0 B1 DC E7 B3 B5 14 D2 CC C0
0001BF00  CC C0 14 D2 B3 B5 DC E7 E0 B1 00 00 B3 B5 24 18
0001BF10  CC C0 EC 2D 14 D2 34 3F DC E7 4D 4A 00 00 20 4E
0001BF20  24 18 4D 4A EC 2D 34 3F 34 3F EC 2D 4D 4A 24 18
0001BF30  20 4E 00 00 4D 4A DC E7 34 3F 14 D2 EC 2D CC C0
0001BF40  24 18 B3 B5 00 00 E0 B1 DC E7 B3 B5 14 D2 CC C0
0001BF50  CC C0 14 D2 B3 B5 DC E7 E0 B1 00 00 B3 B5 24 18
0001BF60  CC C0 EC 2D 14 D2 34 3F DC E7 4D 4A 00 00 20 4E
0001BF70  24 18 4D 4A EC 2D 34 3F 34 3F EC 2D 4D 4A 24 18
0001BF80  20 4E 00 00 4D 4A DC E7 34 3F 14 D2 EC 2D CC C0
0001BF90  24 18 B3 B5 00 00 E0 B1 DC E7 B3 B5 14 D2 CC C0
0001BFA0  CC C0 14 D2 B3 B5 DC E7 E0 B1 00 00 B3 B5 24 18
0001BFB0  CC C0 EC 2D 14 D2 34 3F DC E7 4D 4A 00 00 20 4E
0001BFC0  24 18 4D 4A EC 2D 34 3F 34 3F EC 2D 4D 4A 24 18
0001BFD0  20 4E 00 00 4D 4A DC E7 34 3F 14 D2 EC 2D CC C0
0001BFE0  24 18 B3 B5 00 00 E0 B1 DC E7 B3 B5 14 D2 CC C0
0001BFF0  CC C0 14 D2 B3 B5 DC E7 E0 B1 00 00 B3 B5 24 18
0001C000  CC C0 EC 2D 14 D2 34 3F DC E7 4D 4A 00 00 20 4E
0001C010  24 18 4D 4A EC 2D 34 3F 34 3F EC 2D 4D 4A 24 18
0001C020  20 4E 00 00 4D 4A DC E7 34 3F 14 D2 EC 2D CC C0
0001C030  24 18 B3 B5 00 00 E0 B1 DC E7 B3 B5 14 D2 CC C0
0001C040  CC C0 14 D2 B3 B5 DC E7 E0 B1 00 00 B3 B5 24 18
0001C050  CC C0 EC 2D 14 D2 34 3F DC E7 4D 4A 00 00 20 4E
0001C060  24 18 4D 4A EC 2D 34 3F 34 3F EC 2D 4D 4A 24 18
0001C070  20 4E 00 00 4D 4A DC E7 34 3F 14 D2 EC 2D CC C0
0001C080  24 18 B3 B5 00 00 E0 B1 DC E7 B3 B5 14 D2 CC C0
0001C090  CC C0 14 D2 B3 B5 DC E7 E0 B1 00 00 B3 B5 24 18
0001C0A0  CC C0 EC 2D 14 D2 34 3F DC E7 4D 4A 00 00 20 4E
0001C0B0  24 18 4D 4A EC 2D 34 3F 34 3F EC 2D 4D 4A 24 18
0001C0C0  20 4E 00 00 4D 4A DC E7 34 3F 14 D2 EC 2D CC C0
0001C0D0  24 18 B3 B5 00 00 E0 B1 DC E7 B3 B5 14 D2 CC C0
0001C0E0  CC C0 14 D2 B3 B5 DC E7 E0 B1 00 00 B3 B5 24 18
0001C0F0  CC C0 EC 2D 14 D2 34 3F DC E7 4D 4A 00 00 20 4E
0001C100  24 18 4D 4A EC 2D 34 3F 34 3F EC 2D 4D 4A 24 18
0001C110  20 4E 00 00 4D 4A DC E7 34 3F 14 D2 EC 2D CC C0
0001C120  24 18 B3 B5 00 00 E0 B1 DC E7 B3 B5 14 D2 CC C0
0001C130  CC C0 14 D2 B3 B5 DC E7 E0 B1 00 00 B3 B5 24 18
0001C140  CC C0 EC 2D 14 D2 34 3F DC E7 4D 4A 00 00 20 4E
0001C150  24 18 4D 4A EC 2D 34 3F 34 3F EC 2D 4D 4A 24 18
0001C160  20 4E 00 00 4D 4A DC E7 34 3F 14 D2 EC 2D CC C0
0001C170  24 18 B3 B5 00 00 E0 B1 DC E7 B3 B5 14 D2 CC C0
0001C180  CC C0 14 D2 B3 B5 DC E7 E0 B1 00 00 B3 B5 24 18
0001C190  CC C0 EC 2D 14 D2 34 3F DC E7 4D 4A 00 00 20 4E
0001C1A0  24 18 4D 4A EC 2D 34 3F 34 3F EC 2D 4D 4A 24 18
0001C1B0  20 4E 00 00 4D 4A DC E7 34 3F 14 D2 EC 2D CC C0
0001C1C0  24 18 B3 B5 00 00 E0 B1 DC E7 B3 B5 14 D2 CC C0
0001C1D0  CC C0 14 D2 B3 B5 DC E7 E0 B1 00 00 B3 B5 24 18
0001C1E0  CC C0 EC 2D 14 D2 34 3F DC E7 4D 4A 00 00 20 4E
0001C1F0  24 18 4D 4A EC 2D 34 3F 34 3F EC 2D 4D 4A 24 18
0001C200  20 4E 00 00 4D 4A DC E7 34 3F 14 D2 EC 2D CC C0
0001C210  24 18 B3 B5 00 00 E0 B1 DC E7 B3 B5 14 D2 CC C0
0001C220  CC C0 14 D2 B3 B5 DC E7 E0 B1 00 00 B3 B5 24 18
0001C230  CC C0 EC 2D 14 D2 34 3F DC E7 4D 4A 00 00 20 4E
0001C240  24 18 4D 4A EC 2D 34 3F 34 3F EC 2D 4D 4A 24 18
0001C250  20 4E 00 00 4D 4A DC E7 34 3F 14 D2 EC 2D CC C0
0001C260  24 18 B3 B5 00 00 E0 B1 DC E7 B3 B5 14 D2 CC C0
0001C270  CC C0 14 D2 B3 B5 DC E7 E0 B1 00 00 B3 B5 24 18
0001C280  CC C0 EC 2D 14 D2 34 3F DC E7 4D 4A 00 00 20 4E
0001C290  24 18 4D 4A EC 2D 34 3F 34 3F EC 2D 4D 4A 24 18
0001C2A0  20 4E 00 00 4D 4A DC E7 34 3F 14 D2 EC 2D CC C0
0001C2B0  24 18 B3 B5 00 00 E0 B1 DC E7 B3 B5 14 D2 CC C0
0001C2C0  CC C0 14 D2 B3 B5 DC E7 E0 B1 00 00 B3 B5 24 18
0001C2D0  CC C0 EC 2D 14 D2 34 3F DC E7 4D 4A 00 00 20 4E
0001C2E0  24 18 4D 4A EC 2D 34 3F 34 3F EC 2D 4D 4A 24 18
0001C2F0  20 4E 00 00 4D 4A DC E7 34 3F 14 D2 EC 2D CC C0
0001C300  24 18 B3 B5 00 00 E0 B1 DC E7 B3 B5 14 D2 CC C0
0001C310  CC C0 14 D2 B3 B5 DC E7 E0 B1 00 00 B3 B5 24 18
0001C320  CC C0 EC 2D 14 D2 34 3F DC E7 4D 4A 00 00 20 4E
0001C330  24 18 4D 4A EC 2D 34 3F 34 3F EC 2D 4D 4A 24 18
0001C340  20 4E 00 00 4D 4A DC E7 34 3F 14 D2 EC 2D CC C0
0001C350  24 18 B3 B5 00 00 E0 B1 DC E7 B3 B5 14 D2 CC C0
0001C360  CC C0 14 D2 B3 B5 DC E7 E0 B1 00 00 B3 B5 24 18
0001C370  CC C0 EC 2D 14 D2 34 3F DC E7 4D 4A 00 00 20 4E
0001C380  24 18 4D 4A EC 2D 34 3F 34 3F EC 2D 4D 4A 24 18
0001C390  20 4E 00 00 4D 4A DC E7 34 3F 14 D2 EC 2D CC C0
0001C3A0  24 18 B3 B5 00 00 E0 B1 DC E7 B3 B5 14 D2 CC C0
0001C3B0  CC C0 14 D2 B3 B5 DC E7 E0 B1 00 00 B3 B5 24 18
0001C3C0  CC C0 EC 2D 14 D2 34 3F DC E7 4D 4A 00 00 20 4E
0001C3D0  24 18 4D 4A EC 2D 34 3F 34 3F EC 2D 4D 4A 24 18
0001C3E0  20 4E 00 00 4D 4A DC E7 34 3F 14 D2 EC 2D CC C0
0001C3F0  24 18 B3 B5 00 00 E0 B1 DC E7 B3 B5 14 D2 CC C0
0001C400  CC C0 14 D2 B3 B5 DC E7 E0 B1 00 00 B3 B5 24 18
0001C410  CC C0 EC 2D 14 D2 34 3F DC E7 4D 4A 00 00 20 4E
0001C420  24 18 4D 4A EC 2D 34 3F 34 3F EC 2D 4D 4A 24 18
0001C430  20 4E 00 00 4D 4A DC E7 34 3F 14 D2 EC 2D CC C0
0001C440  24 18 B3 B5 00 00 E0 B1 DC E7 B3 B5 14 D2 CC C0
0001C450  CC C0 14 D2 B3 B5 DC E7 E0 B1 00 00 B3 B5 24 18
0001C460  CC C0 EC 2D 14 D2 34 3F DC E7 4D 4A 00 00 20 4E
0001C470  24 18 4D 4A EC 2D 34 3F 34 3F EC 2D 4D 4A 24 18
0001C480  20 4E 00 00 4D 4A DC E7 34 3F 14 D2 EC 2D CC C0
0001C490  24 18 B3 B5 00 00 E0 B1 DC E7 B3 B5 14 D2 CC C0
0001C4A0  CC C0 14 D2 B3 B5 DC E7 E0 B1 00 00 B3 B5 24 18
0001C4B0  CC C0 EC 2D 14 D2 34 3F DC E7 4D 4A 00 00 20 4E
0001C4C0  24 18 4D 4A EC 2D 34 3F 34 3F EC 2D 4D 4A 24 18
0001C4D0  20 4E 00 00 4D 4A DC E7 34 3F 14 D2 EC 2D CC C0
0001C4E0  24 18 B3 B5 00 00 E0 B1 DC E7 B3 B5 14 D2 CC C0
0001C4F0  CC C0 14 D2 B3 B5 DC E7 E0 B1 00 00 B3 B5 24 18
0001C500  CC C0 EC 2D 14 D2 34 3F DC E7 4D 4A 00 00 20 4E
0001C510  24 18 4D 4A EC 2D 34 3F 34 3F EC 2D 4D 4A 24 18
0001C520  20 4E 00 00 4D 4A DC E7 34 3F 14 D2 EC 2D CC C0
0001C530  24 18 B3 B5 00 00 E0 B1 DC E7 B3 B5 14 D2 CC C0
0001C540  CC C0 14 D2 B3 B5 DC E7 E0 B1 00 00 B3 B5 24 18
0001C550  CC C0 EC 2D 14 D2 34 3F DC E7 4D 4A 00 00 20 4E
0001C560  24 18 4D 4A EC 2D 34 3F 34 3F EC 2D 4D 4A 24 18
0001C570  20 4E 00 00 4D 4A DC E7 34 3F 14 D2 EC 2D CC C0
0001C580  24 18 B3 B5 00 00 E0 B1 DC E7 B3 B5 14 D2 CC C0
0001C590  CC C0 14 D2 B3 B5 DC E7 E0 B1 00 00 B3 B5 24 18
0001C5A0  CC C0 EC 2D 14 D2 34 3F DC E7 4D 4A 00 00 20 4E
0001C5B0  24 18 4D 4A EC 2D 34 3F 34 3F EC 2D 4D 4A 24 18
0001C5C0  20 4E 00 00 4D 4A DC E7 34 3F 14 D2 EC 2D CC C0
0001C5D0  24 18 B3 B5 00 00 E0 B1 DC E7 B3 B5 14 D2 CC C0
0001C5E0  CC C0 14 D2 B3 B5 DC E7 E0 B1 00 00 B3 B5 24 18
0001C5F0  CC C0 EC 2D 14 D2 34 3F DC E7 4D 4A 00 00 20 4E
0001C600  24 18 4D 4A EC 2D 34 3F 34 3F EC 2D 4D 4A 24 18
0001C610  20 4E 00 00 4D 4A DC E7 34 3F 14 D2 EC 2D CC C0
0001C620  24 18 B3 B5 00 00 E0 B1 DC E7 B3 B5 14 D2 CC C0
0001C630  CC C0 14 D2 B3 B5 DC E7 E0 B1 00 00 B3 B5 24 18
0001C640  CC C0 EC 2D 14 D2 34 3F DC E7 4D 4A 00 00 20 4E
0001C650  24 18 4D 4A EC 2D 34 3F 34 3F EC 2D 4D 4A 24 18
0001C660  20 4E 00 00 4D 4A DC E7 34 3F 14 D2 EC 2D CC C0
0001C670  24 18 B3 B5 00 00 E0 B1 DC E7 B3 B5 14 D2 CC C0
0001C680  CC C0 14 D2 B3 B5 DC E7 E0 B1 00 00 B3 B5 24 18
0001C690  CC C0 EC 2D 14 D2 34 3F DC E7 4D 4A 00 00 20 4E
0001C6A0  24 18 4D 4A EC 2D 34 3F 34 3F EC 2D 4D 4A 24 18
0001C6B0  20 4E 00 00 4D 4A DC E7 34 3F 14 D2 EC 2D CC C0
0001C6C0  24 18 B3 B5 00 00 E0 B1 DC E7 B3 B5 14 D2 CC C0
0001C6D0  CC C0 14 D2 B3 B5 DC E7 E0 B1 00 00 B3 B5 24 18
0001C6E0  CC C0 EC 2D 14 D2 34 3F DC E7 4D 4A 00 00 20 4E
0001C6F0  24 18 4D 4A EC 2D 34 3F 34 3F EC 2D 4D 4A 24 18
0001C700  20 4E 00 00 4D 4A DC E7 34 3F 14 D2 EC 2D CC C0
0001C710  24 18 B3 B5 00 00 E0 B1 DC E7 B3 B5 14 D2 CC C0
0001C720  CC C0 14 D2 B3 B5 DC E7 E0 B1 00 00 B3 B5 24 18
0001C730  CC C0 EC 2D 14 D2 34 3F DC E7 4D 4A 00 00 20 4E
0001C740  24 18 4D 4A EC 2D 34 3F 34 3F EC 2D 4D 4A 24 18
0001C750  20 4E 00 00 4D 4A DC E7 34 3F 14 D2 EC 2D CC C0
0001C760  24 18 B3 B5 00 00 E0 B1 DC E7 B3 B5 14 D2 CC C0
0001C770  CC C0 14 D2 B3 B5 DC E7 E0 B1 00 00 B3 B5 24 18
0001C780  CC C0 EC 2D 14 D2 34 3F DC E7 4D 4A 00 00 20 4E
0001C790  24 18 4D 4A EC 2D 34 3F 34 3F EC 2D 4D 4A 24 18
0001C7A0  20 4E 00 00 4D 4A DC E7 34 3F 14 D2 EC 2D CC C0
0001C7B0  24 18 B3 B5 00 00 E0 B1 DC E7 B3 B5 14 D2 CC C0
0001C7C0  CC C0 14 D2 B3 B5 DC E7 E0 B1 00 00 B3 B5 24 18
0001C7D0  CC C0 EC 2D 14 D2 34 3F DC E7 4D 4A 00 00 20 4E
0001C7E0  24 18 4D 4A EC 2D 34 3F 34 3F EC 2D 4D 4A 24 18
0001C7F0  20 4E 00 00 4D 4A DC E7 34 3F 14 D2 EC 2D CC C0
0001C800  24 18 B3 B5 00 00 E0 B1 DC E7 B3 B5 14 D2 CC C0
0001C810  CC C0 14 D2 B3 B5 DC E7 E0 B1 00 00 B3 B5 24 18
0001C820  CC C0 EC 2D 14 D2 34 3F DC E7 4D 4A 00 00 20 4E
0001C830  24 18 4D 4A EC 2D 34 3F 34 3F EC 2D 4D 4A 24 18
0001C840  20 4E 00 00 4D 4A DC E7 34 3F 14 D2 EC 2D CC C0
0001C850  24 18 B3 B5 00 00 E0 B1 DC E7 B3 B5 14 D2 CC C0
0001C860  CC C0 14 D2 B3 B5 DC E7 E0 B1 00 00 B3 B5 24 18
0001C870  CC C0 EC 2D 14 D2 34 3F DC E7 4D 4A 00 00 20 4E
0001C880  24 18 4D 4A EC 2D 34 3F 34 3F EC 2D 4D 4A 24 18
0001C890  20 4E 00 00 4D 4A DC E7 34 3F 14 D2 EC 2D CC C0
0001C8A0  24 18 B3 B5 00 00 E0 B1 DC E7 B3 B5 14 D2 CC C0
0001C8B0  CC C0 14 D2 B3 B5 DC E7 E0 B1 00 00 B3 B5 24 18
0001C8C0  CC C0 EC 2D 14 D2 34 3F DC E7 4D 4A 00 00 20 4E
0001C8D0  24 18 4D 4A EC 2D 34 3F 34 3F EC 2D 4D 4A 24 18
0001C8E0  20 4E 00 00 4D 4A DC E7 34 3F 14 D2 EC 2D CC C0
0001C8F0  24 18 B3 B5 00 00 E0 B1 DC E7 B3 B5 14 D2 CC C0
0001C900  CC C0 14 D2 B3 B5 DC E7 E0 B1 00 00 B3 B5 24 18
0001C910  CC C0 EC 2D 14 D2 34 3F DC E7 4D 4A 00 00 20 4E
0001C920  24 18 4D 4A EC 2D 34 3F 34 3F EC 2D 4D 4A 24 18
0001C930  20 4E 00 00 4D 4A DC E7 34 3F 14 D2 EC 2D CC C0
0001C940  24 18 B3 B5 00 00 E0 B1 DC E7 B3 B5 14 D2 CC C0
0001C950  CC C0 14 D2 B3 B5 DC E7 E0 B1 00 00 B3 B5 24 18
0001C960  CC C0 EC 2D 14 D2 34 3F DC E7 4D 4A 00 00 20 4E
0001C970  24 18 4D 4A EC 2D 34 3F 34 3F EC 2D 4D 4A 24 18
0001C980  20 4E 00 00 4D 4A DC E7 34 3F 14 D2 EC 2D CC C0
0001C990  24 18 B3 B5 00 00 E0 B1 DC E7 B3 B5 14 D2 CC C0
0001C9A0  CC C0 14 D2 B3 B5 DC E7 E0 B1 00 00 B3 B5 24 18
0001C9B0  CC C0 EC 2D 14 D2 34 3F DC E7 4D 4A 00 00 20 4E
0001C9C0  24 18 4D 4A EC 2D 34 3F 34 3F EC 2D 4D 4A 24 18
0001C9D0  20 4E 00 00 4D 4A DC E7 34 3F 14 D2 EC 2D CC C0
0001C9E0  24 18 B3 B5 00 00 E0 B1 DC E7 B3 B5 14 D2 CC C0
0001C9F0  CC C0 14 D2 B3 B5 DC E7 E0 B1 00 00 B3 B5 24 18
0001CA00  CC C0 EC 2D 14 D2 34 3F DC E7 4D 4A 00 00 20 4E
0001CA10  24 18 4D 4A EC 2D 34 3F 34 3F EC 2D 4D 4A 24 18
0001CA20  20 4E 00 00 4D 4A DC E7 34 3F 14 D2 EC 2D CC C0
0001CA30  24 18 B3 B5 00 00 E0 B1 DC E7 B3 B5 14 D2 CC C0
0001CA40  CC C0 14 D2 B3 B5 DC E7 E0 B1 00 00 B3 B5 24 18
0001CA50  CC C0 EC 2D 14 D2 34 3F DC E7 4D 4A 00 00 20 4E
0001CA60  24 18 4D 4A EC 2D 34 3F 34 3F EC 2D 4D 4A 24 18
0001CA70  20 4E 00 00 4D 4A DC E7 34 3F 14 D2 EC 2D CC C0
0001CA80  24 18 B3 B5 00 00 E0 B1 DC E7 B3 B5 14 D2 CC C0
0001CA90  CC C0 14 D2 B3 B5 DC E7 E0 B1 00 00 B3 B5 24 18
0001CAA0  CC C0 EC 2D 14 D2 34 3F DC E7 4D 4A 00 00 20 4E
0001CAB0  24 18 4D 4A EC 2D 34 3F 34 3F EC 2D 4D 4A 24 18
0001CAC0  20 4E 00 00 4D 4A DC E7 34 3F 14 D2 EC 2D CC C0
0001CAD0  24 18 B3 B5 00 00 E0 B1 DC E7 B3 B5 14 D2 CC C0
0001CAE0  CC C0 14 D2 B3 B5 DC E7 E0 B1 00 00 B3 B5 24 18
0001CAF0  CC C0 EC 2D 14 D2 34 3F DC E7 4D 4A 00 00 20 4E
0001CB00  24 18 4D 4A EC 2D 34 3F 34 3F EC 2D 4D 4A 24 18
0001CB10  20 4E 00 00 4D 4A DC E7 34 3F 14 D2 EC 2D CC C0
0001CB20  24 18 B3 B5 00 00 E0 B1 DC E7 B3 B5 14 D2 CC C0
0001CB30  CC C0 14 D2 B3 B5 DC E7 E0 B1 00 00 B3 B5 24 18
0001CB40  CC C0 EC 2D 14 D2 34 3F DC E7 4D 4A 00 00 20 4E
0001CB50  24 18 4D 4A EC 2D 34 3F 34 3F EC 2D 4D 4A 24 18
0001CB60  20 4E 00 00 4D 4A DC E7 34 3F 14 D2 EC 2D CC C0
0001CB70  24 18 B3 B5 00 00 E0 B1 DC E7 B3 B5 14 D2 CC C0
0001CB80  CC C0 14 D2 B3 B5 DC E7 E0 B1 00 00 B3 B5 24 18
0001CB90  CC C0 EC 2D 14 D2 34 3F DC E7 4D 4A 00 00 20 4E
0001CBA0  24 18 4D 4A EC 2D 34 3F 34 3F EC 2D 4D 4A 24 18
0001CBB0  20 4E 00 00 4D 4A DC E7 34 3F 14 D2 EC 2D CC C0
0001CBC0  24 18 B3 B5 00 00 E0 B1 DC E7 B3 B5 14 D2 CC C0
0001CBD0  CC C0 14 D2 B3 B5 DC E7 E0 B1 00 00 B3 B5 24 18
0001CBE0  CC C0 EC 2D 14 D2 34 3F DC E7 4D 4A 00 00 20 4E
0001CBF0  24 18 4D 4A EC 2D 34 3F 34 3F EC 2D 4D 4A 24 18
0001CC00  20 4E 00 00 4D 4A DC E7 34 3F 14 D2 EC 2D CC C0
0001CC10  24 18 B3 B5 00 00 E0 B1 DC E7 B3 B5 14 D2 CC C0
0001CC20  CC C0 14 D2 B3 B5 DC E7 E0 B1 00 00 B3 B5 24 18
0001CC30  CC C0 EC 2D 14 D2 34 3F DC E7 4D 4A 00 00 20 4E
0001CC40  24 18 4D 4A EC 2D 34 3F 34 3F EC 2D 4D 4A 24 18
0001CC50  20 4E 00 00 4D 4A DC E7 34 3F 14 D2 EC 2D CC C0
0001CC60  24 18 B3 B5 00 00 E0 B1 DC E7 B3 B5 14 D2 CC C0
0001CC70  CC C0 14 D2 B3 B5 DC E7 E0 B1 00 00 B3 B5 24 18
0001CC80  CC C0 EC 2D 14 D2 34 3F DC E7 4D 4A 00 00 20 4E
0001CC90  24 18 4D 4A EC 2D 34 3F 34 3F EC 2D 4D 4A 24 18
0001CCA0  20 4E 00 00 4D 4A DC E7 34 3F 14 D2 EC 2D CC C0
0001CCB0  24 18 B3 B5 00 00 E0 B1 DC E7 B3 B5 14 D2 CC C0
0001CCC0  CC C0 14 D2 B3 B5 DC E7 E0 B1 00 00 B3 B5 24 18
0001CCD0  CC C0 EC 2D 14 D2 34 3F DC E7 4D 4A 00 00 20 4E
0001CCE0  24 18 4D 4A EC 2D 34 3F 34 3F EC 2D 4D 4A 24 18
0001CCF0  20 4E 00 00 4D 4A DC E7 34 3F 14 D2 EC 2D CC C0
0001CD00  24 18 B3 B5 00 00 E0 B1 DC E7 B3 B5 14 D2 CC C0
0001CD10  CC C0 14 D2 B3 B5 DC E7 E0 B1 00 00 B3 B5 24 18
0001CD20  CC C0 EC 2D 14 D2 34 3F DC E7 4D 4A 00 00 20 4E
0001CD30  24 18 4D 4A EC 2D 34 3F 34 3F EC 2D 4D 4A 24 18
0001CD40  20 4E 00 00 4D 4A DC E7 34 3F 14 D2 EC 2D CC C0
0001CD50  24 18 B3 B5 00 00 E0 B1 DC E7 B3 B5 14 D2 CC C0
0001CD60  CC C0 14 D2 B3 B5 DC E7 E0 B1 00 00 B3 B5 24 18
0001CD70  CC C0 EC 2D 14 D2 34 3F DC E7 4D 4A 00 00 20 4E
0001CD80  24 18 4D 4A EC 2D 34 3F 34 3F EC 2D 4D 4A 24 18
0001CD90  20 4E 00 00 4D 4A DC E7 34 3F 14 D2 EC 2D CC C0
0001CDA0  24 18 B3 B5 00 00 E0 B1 DC E7 B3 B5 14 D2 CC C0
0001CDB0  CC C0 14 D2 B3 B5 DC E7 E0 B1 00 00 B3 B5 24 18
0001CDC0  CC C0 EC 2D 14 D2 34 3F DC E7 4D 4A 00 00 20 4E
0001CDD0  24 18 4D 4A EC 2D 34 3F 34 3F EC 2D 4D 4A 24 18
0001CDE0  20 4E 00 00 4D 4A DC E7 34 3F 14 D2 EC 2D CC C0
0001CDF0  24 18 B3 B5 00 00 E0 B1 DC E7 B3 B5 14 D2 CC C0
0001CE00  CC C0 14 D2 B3 B5 DC E7 E0 B1 00 00 B3 B5 24 18
0001CE10  CC C0 EC 2D 14 D2 34 3F DC E7 4D 4A 00 00 20 4E
0001CE20  24 18 4D 4A EC 2D 34 3F 34 3F EC 2D 4D 4A 24 18
0001CE30  20 4E 00 00 4D 4A DC E7 34 3F 14 D2 EC 2D CC C0
0001CE40  24 18 B3 B5 00 00 E0 B1 DC E7 B3 B5 14 D2 CC C0
0001CE50  CC C0 14 D2 B3 B5 DC E7 E0 B1 00 00 B3 B5 24 18
0001CE60  CC C0 EC 2D 14 D2 34 3F DC E7 4D 4A 00 00 20 4E
0001CE70  24 18 4D 4A EC 2D 34 3F 34 3F EC 2D 4D 4A 24 18
0001CE80  20 4E 00 00 4D 4A DC E7 34 3F 14 D2 EC 2D CC C0
0001CE90  24 18 B3 B5 00 00 E0 B1 DC E7 B3 B5 14 D2 CC C0
0001CEA0  CC C0 14 D2 B3 B5 DC E7 E0 B1 00 00 B3 B5 24 18
0001CEB0  CC C0 EC 2D 14 D2 34 3F DC E7 4D 4A 00 00 20 4E
0001CEC0  24 18 4D 4A EC 2D 34 3F 34 3F EC 2D 4D 4A 24 18
0001CED0  20 4E 00 00 4D 4A DC E7 34 3F 14 D2 EC 2D CC C0
0001CEE0  24 18 B3 B5 00 00 E0 B1 DC E7 B3 B5 14 D2 CC C0
0001CEF0  CC C0 14 D2 B3 B5 DC E7 E0 B1 00 00 B3 B5 24 18
0001CF00  CC C0 EC 2D 14 D2 34 3F DC E7 4D 4A 00 00 20 4E
0001CF10  24 18 4D 4A EC 2D 34 3F 34 3F EC 2D 4D 4A 24 18
0001CF20  20 4E 00 00 4D 4A DC E7 34 3F 14 D2 EC 2D CC C0
0001CF30  24 18 B3 B5 00 00 E0 B1 DC E7 B3 B5 14 D2 CC C0
0001CF40  CC C0 14 D2 B3 B5 DC E7 E0 B1 00 00 B3 B5 24 18
0001CF50  CC C0 EC 2D 14 D2 34 3F DC E7 4D 4A 00 00 20 4E
0001CF60  24 18 4D 4A EC 2D 34 3F 34 3F EC 2D 4D 4A 24 18
0001CF70  20 4E 00 00 4D 4A DC E7 34 3F 14 D2 EC 2D CC C0
0001CF80  24 18 B3 B5 00 00 E0 B1 DC E7 B3 B5 14 D2 CC C0
0001CF90  CC C0 14 D2 B3 B5 DC E7 E0 B1 00 00 B3 B5 24 18
0001CFA0  CC C0 EC 2D 14 D2 34 3F DC E7 4D 4A 00 00 20 4E
0001CFB0  24 18 4D 4A EC 2D 34 3F 34 3F EC 2D 4D 4A 24 18
0001CFC0  20 4E 00 00 4D 4A DC E7 34 3F 14 D2 EC 2D CC C0
0001CFD0  24 18 B3 B5 00 00 E0 B1 DC E7 B3 B5 14 D2 CC C0
0001CFE0  CC C0 14 D2 B3 B5 DC E7 E0 B1 00 00 B3 B5 24 18
0001CFF0  CC C0 EC 2D 14 D2 34 3F DC E7 4D 4A 00 00 20 4E
0001D000  24 18 4D 4A EC 2D 34 3F 34 3F EC 2D 4D 4A 24 18
0001D010  20 4E 00 00 4D 4A DC E7 34 3F 14 D2 EC 2D CC C0
0001D020  24 18 B3 B5 00 00 E0 B1 DC E7 B3 B5 14 D2 CC C0
0001D030  CC C0 14 D2 B3 B5 DC E7 E0 B1 00 00 B3 B5 24 18
0001D040  CC C0 EC 2D 14 D2 34 3F DC E7 4D 4A 00 00 20 4E
0001D050  24 18 4D 4A EC 2D 34 3F 34 3F EC 2D 4D 4A 24 18
0001D060  20 4E 00 00 4D 4A DC E7 34 3F 14 D2 EC 2D CC C0
0001D070  24 18 B3 B5 00 00 E0 B1 DC E7 B3 B5 14 D2 CC C0
0001D080  CC C0 14 D2 B3 B5 DC E7 E0 B1 00 00 B3 B5 24 18
0001D090  CC C0 EC 2D 14 D2 34 3F DC E7 4D 4A 00 00 20 4E
0001D0A0  24 18 4D 4A EC 2D 34 3F 34 3F EC 2D 4D 4A 24 18
0001D0B0  20 4E 00 00 4D 4A DC E7 34 3F 14 D2 EC 2D CC C0
0001D0C0  24 18 B3 B5 00 00 E0 B1 DC E7 B3 B5 14 D2 CC C0
0001D0D0  CC C0 14 D2 B3 B5 DC E7 E0 B1 00 00 B3 B5 24 18
0001D0E0  CC C0 EC 2D 14 D2 34 3F DC E7 4D 4A 00 00 20 4E
0001D0F0  24 18 4D 4A EC 2D 34 3F 34 3F EC 2D 4D 4A 24 18
0001D100  20 4E 00 00 4D 4A DC E7 34 3F 14 D2 EC 2D CC C0
0001D110  24 18 B3 B5 00 00 E0 B1 DC E7 B3 B5 14 D2 CC C0
0001D120  CC C0 14 D2 B3 B5 DC E7 E0 B1 00 00 B3 B5 24 18
0001D130  CC C0 EC 2D 14 D2 34 3F DC E7 4D 4A 00 00 20 4E
0001D140  24 18 4D 4A EC 2D 34 3F 34 3F EC 2D 4D 4A 24 18
0001D150  20 4E 00 00 4D 4A DC E7 34 3F 14 D2 EC 2D CC C0
0001D160  24 18 B3 B5 00 00 E0 B1 DC E7 B3 B5 14 D2 CC C0
0001D170  CC C0 14 D2 B3 B5 DC E7 E0 B1 00 00 B3 B5 24 18
0001D180  CC C0 EC 2D 14 D2 34 3F DC E7 4D 4A 00 00 20 4E
0001D190  24 18 4D 4A EC 2D 34 3F 34 3F EC 2D 4D 4A 24 18
0001D1A0  20 4E 00 00 4D 4A DC E7 34 3F 14 D2 EC 2D CC C0
0001D1B0  24 18 B3 B5 00 00 E0 B1 DC E7 B3 B5 14 D2 CC C0
0001D1C0  CC C0 14 D2 B3 B5 DC E7 E0 B1 00 00 B3 B5 24 18
0001D1D0  CC C0 EC 2D 14 D2 34 3F DC E7 4D 4A 00 00 20 4E
0001D1E0  24 18 4D 4A EC 2D 34 3F 34 3F EC 2D 4D 4A 24 18
0001D1F0  20 4E 00 00 4D 4A DC E7 34 3F 14 D2 EC 2D CC C0
0001D200  24 18 B3 B5 00 00 E0 B1 DC E7 B3 B5 14 D2 CC C0
0001D210  CC C0 14 D2 B3 B5 DC E7 E0 B1 00 00 B3 B5 24 18
0001D220  CC C0 EC 2D 14 D2 34 3F DC E7 4D 4A 00 00 20 4E
0001D230  24 18 4D 4A EC 2D 34 3F 34 3F EC 2D 4D 4A 24 18
0001D240  20 4E 00 00 4D 4A DC E7 34 3F 14 D2 EC 2D CC C0
0001D250  24 18 B3 B5 00 00 E0 B1 DC E7 B3 B5 14 D2 CC C0
0001D260  CC C0 14 D2 B3 B5 DC E7 E0 B1 00 00 B3 B5 24 18
0001D270  CC C0 EC 2D 14 D2 34 3F DC E7 4D 4A 00 00 20 4E
0001D280  24 18 4D 4A EC 2D 34 3F 34 3F EC 2D 4D 4A 24 18
0001D290  20 4E 00 00 4D 4A DC E7 34 3F 14 D2 EC 2D CC C0
0001D2A0  24 18 B3 B5 00 00 E0 B1 DC E7 B3 B5 14 D2 CC C0
0001D2B0  CC C0 14 D2 B3 B5 DC E7 E0 B1 00 00 B3 B5 24 18
0001D2C0  CC C0 EC 2D 14 D2 34 3F DC E7 4D 4A 00 00 20 4E
0001D2D0  24 18 4D 4A EC 2D 34 3F 34 3F EC 2D 4D 4A 24 18
0001D2E0  20 4E 00 00 4D 4A DC E7 34 3F 14 D2 EC 2D CC C0
0001D2F0  24 18 B3 B5 00 00 E0 B1 DC E7 B3 B5 14 D2 CC C0
0001D300  CC C0 14 D2 B3 B5 DC E7 E0 B1 00 00 B3 B5 24 18
0001D310  CC C0 EC 2D 14 D2 34 3F DC E7 4D 4A 00 00 20 4E
0001D320  24 18 4D 4A EC 2D 34 3F 34 3F EC 2D 4D 4A 24 18
0001D330  20 4E 00 00 4D 4A DC E7 34 3F 14 D2 EC 2D CC C0
0001D340  24 18 B3 B5 00 00 E0 B1 DC E7 B3 B5 14 D2 CC C0
0001D350  CC C0 14 D2 B3 B5 DC E7 E0 B1 00 00 B3 B5 24 18
0001D360  CC C0 EC 2D 14 D2 34 3F DC E7 4D 4A 00 00 20 4E
0001D370  24 18 4D 4A EC 2D 34 3F 34 3F EC 2D 4D 4A 24 18
0001D380  20 4E 00 00 4D 4A DC E7 34 3F 14 D2 EC 2D CC C0
0001D390  24 18 B3 B5 00 00 E0 B1 DC E7 B3 B5 14 D2 CC C0
0001D3A0  CC C0 14 D2 B3 B5 DC E7 E0 B1 00 00 B3 B5 24 18
0001D3B0  CC C0 EC 2D 14 D2 34 3F DC E7 4D 4A 00 00 20 4E
0001D3C0  24 18 4D 4A EC 2D 34 3F 34 3F EC 2D 4D 4A 24 18
0001D3D0  20 4E 00 00 4D 4A DC E7 34 3F 14 D2 EC 2D CC C0
0001D3E0  24 18 B3 B5 00 00 E0 B1 DC E7 B3 B5 14 D2 CC C0
0001D3F0  CC C0 14 D2 B3 B5 DC E7 E0 B1 00 00 B3 B5 24 18
0001D400  CC C0 EC 2D 14 D2 34 3F DC E7 4D 4A 00 00 20 4E
0001D410  24 18 4D 4A EC 2D 34 3F 34 3F EC 2D 4D 4A 24 18
0001D420  20 4E 00 00 4D 4A DC E7 34 3F 14 D2 EC 2D CC C0
0001D430  24 18 B3 B5 00 00 E0 B1 DC E7 B3 B5 14 D2 CC C0
0001D440  CC C0 14 D2 B3 B5 DC E7 E0 B1 00 00 B3 B5 24 18
0001D450  CC C0 EC 2D 14 D2 34 3F DC E7 4D 4A 00 00 20 4E
0001D460  24 18 4D 4A EC 2D 34 3F 34 3F EC 2D 4D 4A 24 18
0001D470  20 4E 00 00 4D 4A DC E7 34 3F 14 D2 EC 2D CC C0
0001D480  24 18 B3 B5 00 00 E0 B1 DC E7 B3 B5 14 D2 CC C0
0001D490  CC C0 14 D2 B3 B5 DC E7 E0 B1 00 00 B3 B5 24 18
0001D4A0  CC C0 EC 2D 14 D2 34 3F DC E7 4D 4A 00 00 20 4E
0001D4B0  24 18 4D 4A EC 2D 34 3F 34 3F EC 2D 4D 4A 24 18
0001D4C0  20 4E 00 00 4D 4A DC E7 34 3F 14 D2 EC 2D CC C0
0001D4D0  24 18 B3 B5 00 00 E0 B1 DC E7 B3 B5 14 D2 CC C0
0001D4E0  CC C0 14 D2 B3 B5 DC E7 E0 B1 00 00 B3 B5 24 18
0001D4F0  CC C0 EC 2D 14 D2 34 3F DC E7 4D 4A 00 00 20 4E
0001D500  24 18 4D 4A EC 2D 34 3F 34 3F EC 2D 4D 4A 24 18
0001D510  20 4E 00 00 4D 4A DC E7 34 3F 14 D2 EC 2D CC C0
0001D520  24 18 B3 B5 00 00 E0 B1 DC E7 B3 B5 14 D2 CC C0
0001D530  CC C0 14 D2 B3 B5 DC E7 E0 B1 00 00 B3 B5 24 18
0001D540  CC C0 EC 2D 14 D2 34 3F DC E7 4D 4A 00 00 20 4E
0001D550  24 18 4D 4A EC 2D 34 3F 34 3F EC 2D 4D 4A 24 18
0001D560  20 4E 00 00 4D 4A DC E7 34 3F 14 D2 EC 2D CC C0
0001D570  24 18 B3 B5 00 00 E0 B1 DC E7 B3 B5 14 D2 CC C0
0001D580  CC C0 14 D2 B3 B5 DC E7 E0 B1 00 00 B3 B5 24 18
0001D590  CC C0 EC 2D 14 D2 34 3F DC E7 4D 4A 00 00 20 4E
0001D5A0  24 18 4D 4A EC 2D 34 3F 34 3F EC 2D 4D 4A 24 18
0001D5B0  20 4E 00 00 4D 4A DC E7 34 3F 14 D2 EC 2D CC C0
0001D5C0  24 18 B3 B5 00 00 E0 B1 DC E7 B3 B5 14 D2 CC C0
0001D5D0  CC C0 14 D2 B3 B5 DC E7 E0 B1 00 00 B3 B5 24 18
0001D5E0  CC C0 EC 2D 14 D2 34 3F DC E7 4D 4A 00 00 20 4E
0001D5F0  24 18 4D 4A EC 2D 34 3F 34 3F EC 2D 4D 4A 24 18
0001D600  20 4E 00 00 4D 4A DC E7 34 3F 14 D2 EC 2D CC C0
0001D610  24 18 B3 B5 00 00 E0 B1 DC E7 B3 B5 14 D2 CC C0
0001D620  CC C0 14 D2 B3 B5 DC E7 E0 B1 00 00 B3 B5 24 18
0001D630  CC C0 EC 2D 14 D2 34 3F DC E7 4D 4A 00 00 20 4E
0001D640  24 18 4D 4A EC 2D 34 3F 34 3F EC 2D 4D 4A 24 18
0001D650  20 4E 00 00 4D 4A DC E7 34 3F 14 D2 EC 2D CC C0
0001D660  24 18 B3 B5 00 00 E0 B1 DC E7 B3 B5 14 D2 CC C0
0001D670  CC C0 14 D2 B3 B5 DC E7 E0 B1 00 00 B3 B5 24 18
0001D680  CC C0 EC 2D 14 D2 34 3F DC E7 4D 4A 00 00 20 4E
0001D690  24 18 4D 4A EC 2D 34 3F 34 3F EC 2D 4D 4A 24 18
0001D6A0  20 4E 00 00 4D 4A DC E7 34 3F 14 D2 EC 2D CC C0
0001D6B0  24 18 B3 B5 00 00 E0 B1 DC E7 B3 B5 14 D2 CC C0
0001D6C0  CC C0 14 D2 B3 B5 DC E7 E0 B1 00 00 B3 B5 24 18
0001D6D0  CC C0 EC 2D 14 D2 34 3F DC E7 4D 4A 00 00 20 4E
0001D6E0  24 18 4D 4A EC 2D 34 3F 34 3F EC 2D 4D 4A 24 18
0001D6F0  20 4E 00 00 4D 4A DC E7 34 3F 14 D2 EC 2D CC C0
0001D700  24 18 B3 B5 00 00 E0 B1 DC E7 B3 B5 14 D2 CC C0
0001D710  CC C0 14 D2 B3 B5 DC E7 E0 B1 00 00 B3 B5 24 18
0001D720  CC C0 EC 2D 14 D2 34 3F DC E7 4D 4A 00 00 20 4E
0001D730  24 18 4D 4A EC 2D 34 3F 34 3F EC 2D 4D 4A 24 18
0001D740  20 4E 00 00 4D 4A DC E7 34 3F 14 D2 EC 2D CC C0
0001D750  24 18 B3 B5 00 00 E0 B1 DC E7 B3 B5 14 D2 CC C0
0001D760  CC C0 14 D2 B3 B5 DC E7 E0 B1 00 00 B3 B5 24 18
0001D770  CC C0 EC 2D 14 D2 34 3F DC E7 4D 4A 00 00 20 4E
0001D780  24 18 4D 4A EC 2D 34 3F 34 3F EC 2D 4D 4A 24 18
0001D790  20 4E 00 00 4D 4A DC E7 34 3F 14 D2 EC 2D CC C0
0001D7A0  24 18 B3 B5 00 00 E0 B1 DC E7 B3 B5 14 D2 CC C0
0001D7B0  CC C0 14 D2 B3 B5 DC E7 E0 B1 00 00 B3 B5 24 18
0001D7C0  CC C0 EC 2D 14 D2 34 3F DC E7 4D 4A 00 00 20 4E
0001D7D0  24 18 4D 4A EC 2D 34 3F 34 3F EC 2D 4D 4A 24 18
0001D7E0  20 4E 00 00 4D 4A DC E7 34 3F 14 D2 EC 2D CC C0
0001D7F0  24 18 B3 B5 00 00 E0 B1 DC E7 B3 B5 14 D2 CC C0
0001D800  CC C0 14 D2 B3 B5 DC E7 E0 B1 00 00 B3 B5 24 18
0001D810  CC C0 EC 2D 14 D2 34 3F DC E7 4D 4A 00 00 20 4E
0001D820  24 18 4D 4A EC 2D 34 3F 34 3F EC 2D 4D 4A 24 18
0001D830  20 4E 00 00 4D 4A DC E7 34 3F 14 D2 EC 2D CC C0
0001D840  24 18 B3 B5 00 00 E0 B1 DC E7 B3 B5 14 D2 CC C0
0001D850  CC C0 14 D2 B3 B5 DC E7 E0 B1 00 00 B3 B5 24 18
0001D860  CC C0 EC 2D 14 D2 34 3F DC E7 4D 4A 00 00 20 4E
0001D870  24 18 4D 4A EC 2D 34 3F 34 3F EC 2D 4D 4A 24 18
0001D880  20 4E 00 00 4D 4A DC E7 34 3F 14 D2 EC 2D CC C0
0001D890  24 18 B3 B5 00 00 E0 B1 DC E7 B3 B5 14 D2 CC C0
0001D8A0  CC C0 14 D2 B3 B5 DC E7 E0 B1 00 00 B3 B5 24 18
0001D8B0  CC C0 EC 2D 14 D2 34 3F DC E7 4D 4A 00 00 20 4E
0001D8C0  24 18 4D 4A EC 2D 34 3F 34 3F EC 2D 4D 4A 24 18
0001D8D0  20 4E 00 00 4D 4A DC E7 34 3F 14 D2 EC 2D CC C0
0001D8E0  24 18 B3 B5 00 00 E0 B1 DC E7 B3 B5 14 D2 CC C0
0001D8F0  CC C0 14 D2 B3 B5 DC E7 E0 B1 00 00 B3 B5 24 18
0001D900  CC C0 EC 2D 14 D2 34 3F DC E7 4D 4A 00 00 20 4E
0001D910  24 18 4D 4A EC 2D 34 3F 34 3F EC 2D 4D 4A 24 18
0001D920  20 4E 00 00 4D 4A DC E7 34 3F 14 D2 EC 2D CC C0
0001D930  24 18 B3 B5 00 00 E0 B1 DC E7 B3 B5 14 D2 CC C0
0001D940  CC C0 14 D2 B3 B5 DC E7 E0 B1 00 00 B3 B5 24 18
0001D950  CC C0 EC 2D 14 D2 34 3F DC E7 4D 4A 00 00 20 4E
0001D960  24 18 4D 4A EC 2D 34 3F 34 3F EC 2D 4D 4A 24 18
0001D970  20 4E 00 00 4D 4A DC E7 34 3F 14 D2 EC 2D CC C0
0001D980  24 18 B3 B5 00 00 E0 B1 DC E7 B3 B5 14 D2 CC C0
0001D990  CC C0 14 D2 B3 B5 DC E7 E0 B1 00 00 B3 B5 24 18
0001D9A0  CC C0 EC 2D 14 D2 34 3F DC E7 4D 4A 00 00 20 4E
0001D9B0  24 18 4D 4A EC 2D 34 3F 34 3F EC 2D 4D 4A 24 18
0001D9C0  20 4E 00 00 4D 4A DC E7 34 3F 14 D2 EC 2D CC C0
0001D9D0  24 18 B3 B5 00 00 E0 B1 DC E7 B3 B5 14 D2 CC C0
0001D9E0  CC C0 14 D2 B3 B5 DC E7 E0 B1 00 00 B3 B5 24 18
0001D9F0  CC C0 EC 2D 14 D2 34 3F DC E7 4D 4A 00 00 20 4E
0001DA00  24 18 4D 4A EC 2D 34 3F 34 3F EC 2D 4D 4A 24 18
0001DA10  20 4E 00 00 4D 4A DC E7 34 3F 14 D2 EC 2D CC C0
0001DA20  24 18 B3 B5 00 00 E0 B1 DC E7 B3 B5 14 D2 CC C0
0001DA30  CC C0 14 D2 B3 B5 DC E7 E0 B1 00 00 B3 B5 24 18
0001DA40  CC C0 EC 2D 14 D2 34 3F DC E7 4D 4A 00 00 20 4E
0001DA50  24 18 4D 4A EC 2D 34 3F 34 3F EC 2D 4D 4A 24 18
0001DA60  20 4E 00 00 4D 4A DC E7 34 3F 14 D2 EC 2D CC C0
0001DA70  24 18 B3 B5 00 00 E0 B1 DC E7 B3 B5 14 D2 CC C0
0001DA80  CC C0 14 D2 B3 B5 DC E7 E0 B1 00 00 B3 B5 24 18
0001DA90  CC C0 EC 2D 14 D2 34 3F DC E7 4D 4A 00 00 20 4E
0001DAA0  24 18 4D 4A EC 2D 34 3F 34 3F EC 2D 4D 4A 24 18
0001DAB0  20 4E 00 00 4D 4A DC E7 34 3F 14 D2 EC 2D CC C0
0001DAC0  24 18 B3 B5 00 00 E0 B1 DC E7 B3 B5 14 D2 CC C0
0001DAD0  CC C0 14 D2 B3 B5 DC E7 E0 B1 00 00 B3 B5 24 18
0001DAE0  CC C0 EC 2D 14 D2 34 3F DC E7 4D 4A 00 00 20 4E
0001DAF0  24 18 4D 4A EC 2D 34 3F 34 3F EC 2D 4D 4A 24 18
0001DB00  20 4E 00 00 4D 4A DC E7 34 3F 14 D2 EC 2D CC C0
0001DB10  24 18 B3 B5 00 00 E0 B1 DC E7 B3 B5 14 D2 CC C0
0001DB20  CC C0 14 D2 B3 B5 DC E7 E0 B1 00 00 B3 B5 24 18
0001DB30  CC C0 EC 2D 14 D2 34 3F DC E7 4D 4A 00 00 20 4E
0001DB40  24 18 4D 4A EC 2D 34 3F 34 3F EC 2D 4D 4A 24 18
0001DB50  20 4E 00 00 4D 4A DC E7 34 3F 14 D2 EC 2D CC C0
0001DB60  24 18 B3 B5 00 00 E0 B1 DC E7 B3 B5 14 D2 CC C0
0001DB70  CC C0 14 D2 B3 B5 DC E7 E0 B1 00 00 B3 B5 24 18
0001DB80  CC C0 EC 2D 14 D2 34 3F DC E7 4D 4A 00 00 20 4E
0001DB90  24 18 4D 4A EC 2D 34 3F 34 3F EC 2D 4D 4A 24 18
0001DBA0  20 4E 00 00 4D 4A DC E7 34 3F 14 D2 EC 2D CC C0
0001DBB0  24 18 B3 B5 00 00 E0 B1 DC E7 B3 B5 14 D2 CC C0
0001DBC0  CC C0 14 D2 B3 B5 DC E7 E0 B1 00 00 B3 B5 24 18
0001DBD0  CC C0 EC 2D 14 D2 34 3F DC E7 4D 4A 00 00 20 4E
0001DBE0  24 18 4D 4A EC 2D 34 3F 34 3F EC 2D 4D 4A 24 18
0001DBF0  20 4E 00 00 4D 4A DC E7 34 3F 14 D2 EC 2D CC C0
0001DC00  24 18 B3 B5 00 00 E0 B1 DC E7 B3 B5 14 D2 CC C0
0001DC10  CC C0 14 D2 B3 B5 DC E7 E0 B1 00 00 B3 B5 24 18
0001DC20  CC C0 EC 2D 14 D2 34 3F DC E7 4D 4A 00 00 20 4E
0001DC30  24 18 4D 4A EC 2D 34 3F 34 3F EC 2D 4D 4A 24 18
0001DC40  20 4E 00 00 4D 4A DC E7 34 3F 14 D2 EC 2D CC C0
0001DC50  24 18 B3 B5 00 00 E0 B1 DC E7 B3 B5 14 D2 CC C0
0001DC60  CC C0 14 D2 B3 B5 DC E7 E0 B1 00 00 B3 B5 24 18
0001DC70  CC C0 EC 2D 14 D2 34 3F DC E7 4D 4A 00 00 20 4E
0001DC80  24 18 4D 4A EC 2D 34 3F 34 3F EC 2D 4D 4A 24 18
0001DC90  20 4E 00 00 4D 4A DC E7 34 3F 14 D2 EC 2D CC C0
0001DCA0  24 18 B3 B5 00 00 E0 B1 DC E7 B3 B5 14 D2 CC C0
0001DCB0  CC C0 14 D2 B3 B5 DC E7 E0 B1 00 00 B3 B5 24 18
0001DCC0  CC C0 EC 2D 14 D2 34 3F DC E7 4D 4A 00 00 20 4E
0001DCD0  24 18 4D 4A EC 2D 34 3F 34 3F EC 2D 4D 4A 24 18
0001DCE0  20 4E 00 00 4D 4A DC E7 34 3F 14 D2 EC 2D CC C0
0001DCF0  24 18 B3 B5 00 00 E0 B1 DC E7 B3 B5 14 D2 CC C0
0001DD00  CC C0 14 D2 B3 B5 DC E7 E0 B1 00 00 B3 B5 24 18
0001DD10  CC C0 EC 2D 14 D2 34 3F DC E7 4D 4A 00 00 20 4E
0001DD20  24 18 4D 4A EC 2D 34 3F 34 3F EC 2D 4D 4A 24 18
0001DD30  20 4E 00 00 4D 4A DC E7 34 3F 14 D2 EC 2D CC C0
0001DD40  24 18 B3 B5 00 00 E0 B1 DC E7 B3 B5 14 D2 CC C0
0001DD50  CC C0 14 D2 B3 B5 DC E7 E0 B1 00 00 B3 B5 24 18
0001DD60  CC C0 EC 2D 14 D2 34 3F DC E7 4D 4A 00 00 20 4E
0001DD70  24 18 4D 4A EC 2D 34 3F 34 3F EC 2D 4D 4A 24 18
0001DD80  20 4E 00 00 4D 4A DC E7 34 3F 14 D2 EC 2D CC C0
0001DD90  24 18 B3 B5 00 00 E0 B1 DC E7 B3 B5 14 D2 CC C0
0001DDA0  CC C0 14 D2 B3 B5 DC E7 E0 B1 00 00 B3 B5 24 18
0001DDB0  CC C0 EC 2D 14 D2 34 3F DC E7 4D 4A 00 00 20 4E
0001DDC0  24 18 4D 4A EC 2D 34 3F 34 3F EC 2D 4D 4A 24 18
0001DDD0  20 4E 00 00 4D 4A DC E7 34 3F 14 D2 EC 2D CC C0
0001DDE0  24 18 B3 B5 00 00 E0 B1 DC E7 B3 B5 14 D2 CC C0
0001DDF0  CC C0 14 D2 B3 B5 DC E7 E0 B1 00 00 B3 B5 24 18
0001DE00  CC C0 EC 2D 14 D2 34 3F DC E7 4D 4A 00 00 20 4E
0001DE10  24 18 4D 4A EC 2D 34 3F 34 3F EC 2D 4D 4A 24 18
0001DE20  20 4E 00 00 4D 4A DC E7 34 3F 14 D2 EC 2D CC C0
0001DE30  24 18 B3 B5 00 00 E0 B1 DC E7 B3 B5 14 D2 CC C0
0001DE40  CC C0 14 D2 B3 B5 DC E7 E0 B1 00 00 B3 B5 24 18
0001DE50  CC C0 EC 2D 14 D2 34 3F DC E7 4D 4A 00 00 20 4E
0001DE60  24 18 4D 4A EC 2D 34 3F 34 3F EC 2D 4D 4A 24 18
0001DE70  20 4E 00 00 4D 4A DC E7 34 3F 14 D2 EC 2D CC C0
0001DE80  24 18 B3 B5 00 00 E0 B1 DC E7 B3 B5 14 D2 CC C0
0001DE90  CC C0 14 D2 B3 B5 DC E7 E0 B1 00 00 B3 B5 24 18
0001DEA0  CC C0 EC 2D 14 D2 34 3F DC E7 4D 4A 00 00 20 4E
0001DEB0  24 18 4D 4A EC 2D 34 3F 34 3F EC 2D 4D 4A 24 18
0001DEC0  20 4E 00 00 4D 4A DC E7 34 3F 14 D2 EC 2D CC C0
0001DED0  24 18 B3 B5 00 00 E0 B1 DC E7 B3 B5 14 D2 CC C0
0001DEE0  CC C0 14 D2 B3 B5 DC E7 E0 B1 00 00 B3 B5 24 18
0001DEF0  CC C0 EC 2D 14 D2 34 3F DC E7 4D 4A 00 00 20 4E
0001DF00  24 18 4D 4A EC 2D 34 3F 34 3F EC 2D 4D 4A 24 18
0001DF10  20 4E 00 00 4D 4A DC E7 34 3F 14 D2 EC 2D CC C0
0001DF20  24 18 B3 B5 00 00 E0 B1 DC E7 B3 B5 14 D2 CC C0
0001DF30  CC C0 14 D2 B3 B5 DC E7 E0 B1 00 00 B3 B5 24 18
0001DF40  CC C0 EC 2D 14 D2 34 3F DC E7 4D 4A 00 00 20 4E
0001DF50  24 18 4D 4A EC 2D 34 3F 34 3F EC 2D 4D 4A 24 18
0001DF60  20 4E 00 00 4D 4A DC E7 34 3F 14 D2 EC 2D CC C0
0001DF70  24 18 B3 B5 00 00 E0 B1 DC E7 B3 B5 14 D2 CC C0
0001DF80  CC C0 14 D2 B3 B5 DC E7 E0 B1 00 00 B3 B5 24 18
0001DF90  CC C0 EC 2D 14 D2 34 3F DC E7 4D 4A 00 00 20 4E
0001DFA0  24 18 4D 4A EC 2D 34 3F 34 3F EC 2D 4D 4A 24 18
0001DFB0  20 4E 00 00 4D 4A DC E7 34 3F 14 D2 EC 2D CC C0
0001DFC0  24 18 B3 B5 00 00 E0 B1 DC E7 B3 B5 14 D2 CC C0
0001DFD0  CC C0 14 D2 B3 B5 DC E7 E0 B1 00 00 B3 B5 24 18
0001DFE0  CC C0 EC 2D 14 D2 34 3F DC E7 4D 4A 00 00 20 4E
0001DFF0  24 18 4D 4A EC 2D 34 3F 34 3F EC 2D 4D 4A 24 18
0001E000  20 4E 00 00 4D 4A DC E7 34 3F 14 D2 EC 2D CC C0
0001E010  24 18 B3 B5 00 00 E0 B1 DC E7 B3 B5 14 D2 CC C0
0001E020  CC C0 14 D2 B3 B5 DC E7 E0 B1 00 00 B3 B5 24 18
0001E030  CC C0 EC 2D 14 D2 34 3F DC E7 4D 4A 00 00 20 4E
0001E040  24 18 4D 4A EC 2D 34 3F 34 3F EC 2D 4D 4A 24 18
0001E050  20 4E 00 00 4D 4A DC E7 34 3F 14 D2 EC 2D CC C0
0001E060  24 18 B3 B5 00 00 E0 B1 DC E7 B3 B5 14 D2 CC C0
0001E070  CC C0 14 D2 B3 B5 DC E7 E0 B1 00 00 B3 B5 24 18
0001E080  CC C0 EC 2D 14 D2 34 3F DC E7 4D 4A 00 00 20 4E
0001E090  24 18 4D 4A EC 2D 34 3F 34 3F EC 2D 4D 4A 24 18
0001E0A0  20 4E 00 00 4D 4A DC E7 34 3F 14 D2 EC 2D CC C0
0001E0B0  24 18 B3 B5 00 00 E0 B1 DC E7 B3 B5 14 D2 CC C0
0001E0C0  CC C0 14 D2 B3 B5 DC E7 E0 B1 00 00 B3 B5 24 18
0001E0D0  CC C0 EC 2D 14 D2 34 3F DC E7 4D 4A 00 00 20 4E
0001E0E0  24 18 4D 4A EC 2D 34 3F 34 3F EC 2D 4D 4A 24 18
0001E0F0  20 4E 00 00 4D 4A DC E7 34 3F 14 D2 EC 2D CC C0
0001E100  24 18 B3 B5 00 00 E0 B1 DC E7 B3 B5 14 D2 CC C0
0001E110  CC C0 14 D2 B3 B5 DC E7 E0 B1 00 00 B3 B5 24 18
0001E120  CC C0 EC 2D 14 D2 34 3F DC E7 4D 4A 00 00 20 4E
0001E130  24 18 4D 4A EC 2D 34 3F 34 3F EC 2D 4D 4A 24 18
0001E140  20 4E 00 00 4D 4A DC E7 34 3F 14 D2 EC 2D CC C0
0001E150  24 18 B3 B5 00 00 E0 B1 DC E7 B3 B5 14 D2 CC C0
0001E160  CC C0 14 D2 B3 B5 DC E7 E0 B1 00 00 B3 B5 24 18
0001E170  CC C0 EC 2D 14 D2 34 3F DC E7 4D 4A 00 00 20 4E
0001E180  24 18 4D 4A EC 2D 34 3F 34 3F EC 2D 4D 4A 24 18
0001E190  20 4E 00 00 4D 4A DC E7 34 3F 14 D2 EC 2D CC C0
0001E1A0  24 18 B3 B5 00 00 E0 B1 DC E7 B3 B5 14 D2 CC C0
0001E1B0  CC C0 14 D2 B3 B5 DC E7 E0 B1 00 00 B3 B5 24 18
0001E1C0  CC C0 EC 2D 14 D2 34 3F DC E7 4D 4A 00 00 20 4E
0001E1D0  24 18 4D 4A EC 2D 34 3F 34 3F EC 2D 4D 4A 24 18
0001E1E0  20 4E 00 00 4D 4A DC E7 34 3F 14 D2 EC 2D CC C0
0001E1F0  24 18 B3 B5 00 00 E0 B1 DC E7 B3 B5 14 D2 CC C0
0001E200  CC C0 14 D2 B3 B5 DC E7 E0 B1 00 00 B3 B5 24 18
0001E210  CC C0 EC 2D 14 D2 34 3F DC E7 4D 4A 00 00 20 4E
0001E220  24 18 4D 4A EC 2D 34 3F 34 3F EC 2D 4D 4A 24 18
0001E230  20 4E 00 00 4D 4A DC E7 34 3F 14 D2 EC 2D CC C0
0001E240  24 18 B3 B5 00 00 E0 B1 DC E7 B3 B5 14 D2 CC C0
0001E250  CC C0 14 D2 B3 B5 DC E7 E0 B1 00 00 B3 B5 24 18
0001E260  CC C0 EC 2D 14 D2 34 3F DC E7 4D 4A 00 00 20 4E
0001E270  24 18 4D 4A EC 2D 34 3F 34 3F EC 2D 4D 4A 24 18
0001E280  20 4E 00 00 4D 4A DC E7 34 3F 14 D2 EC 2D CC C0
0001E290  24 18 B3 B5 00 00 E0 B1 DC E7 B3 B5 14 D2 CC C0
0001E2A0  CC C0 14 D2 B3 B5 DC E7 E0 B1 00 00 B3 B5 24 18
0001E2B0  CC C0 EC 2D 14 D2 34 3F DC E7 4D 4A 00 00 20 4E
0001E2C0  24 18 4D 4A EC 2D 34 3F 34 3F EC 2D 4D 4A 24 18
0001E2D0  20 4E 00 00 4D 4A DC E7 34 3F 14 D2 EC 2D CC C0
0001E2E0  24 18 B3 B5 00 00 E0 B1 DC E7 B3 B5 14 D2 CC C0
0001E2F0  CC C0 14 D2 B3 B5 DC E7 E0 B1 00 00 B3 B5 24 18
0001E300  CC C0 EC 2D 14 D2 34 3F DC E7 4D 4A 00 00 20 4E
0001E310  24 18 4D 4A EC 2D 34 3F 34 3F EC 2D 4D 4A 24 18
0001E320  20 4E 00 00 4D 4A DC E7 34 3F 14 D2 EC 2D CC C0
0001E330  24 18 B3 B5 00 00 E0 B1 DC E7 B3 B5 14 D2 CC C0
0001E340  CC C0 14 D2 B3 B5 DC E7 E0 B1 00 00 B3 B5 24 18
0001E350  CC C0 EC 2D 14 D2 34 3F DC E7 4D 4A 00 00 20 4E
0001E360  24 18 4D 4A EC 2D 34 3F 34 3F EC 2D 4D 4A 24 18
0001E370  20 4E 00 00 4D 4A DC E7 34 3F 14 D2 EC 2D CC C0
0001E380  24 18 B3 B5 00 00 E0 B1 DC E7 B3 B5 14 D2 CC C0
0001E390  CC C0 14 D2 B3 B5 DC E7 E0 B1 00 00 B3 B5 24 18
0001E3A0  CC C0 EC 2D 14 D2 34 3F DC E7 4D 4A 00 00 20 4E
0001E3B0  24 18 4D 4A EC 2D 34 3F 34 3F EC 2D 4D 4A 24 18
0001E3C0  20 4E 00 00 4D 4A DC E7 34 3F 14 D2 EC 2D CC C0
0001E3D0  24 18 B3 B5 00 00 E0 B1 DC E7 B3 B5 14 D2 CC C0
0001E3E0  CC C0 14 D2 B3 B5 DC E7 E0 B1 00 00 B3 B5 24 18
0001E3F0  CC C0 EC 2D 14 D2 34 3F DC E7 4D 4A 00 00 20 4E
0001E400  24 18 4D 4A EC 2D 34 3F 34 3F EC 2D 4D 4A 24 18
0001E410  20 4E 00 00 4D 4A DC E7 34 3F 14 D2 EC 2D CC C0
0001E420  24 18 B3 B5 00 00 E0 B1 DC E7 B3 B5 14 D2 CC C0
0001E430  CC C0 14 D2 B3 B5 DC E7 E0 B1 00 00 B3 B5 24 18
0001E440  CC C0 EC 2D 14 D2 34 3F DC E7 4D 4A 00 00 20 4E
0001E450  24 18 4D 4A EC 2D 34 3F 34 3F EC 2D 4D 4A 24 18
0001E460  20 4E 00 00 4D 4A DC E7 34 3F 14 D2 EC 2D CC C0
0001E470  24 18 B3 B5 00 00 E0 B1 DC E7 B3 B5 14 D2 CC C0
0001E480  CC C0 14 D2 B3 B5 DC E7 E0 B1 00 00 B3 B5 24 18
0001E490  CC C0 EC 2D 14 D2 34 3F DC E7 4D 4A 00 00 20 4E
0001E4A0  24 18 4D 4A EC 2D 34 3F 34 3F EC 2D 4D 4A 24 18
0001E4B0  20 4E 00 00 4D 4A DC E7 34 3F 14 D2 EC 2D CC C0
0001E4C0  24 18 B3 B5 00 00 E0 B1 DC E7 B3 B5 14 D2 CC C0
0001E4D0  CC C0 14 D2 B3 B5 DC E7 E0 B1 00 00 B3 B5 24 18
0001E4E0  CC C0 EC 2D 14 D2 34 3F DC E7 4D 4A 00 00 20 4E
0001E4F0  24 18 4D 4A EC 2D 34 3F 34 3F EC 2D 4D 4A 24 18
0001E500  20 4E 00 00 4D 4A DC E7 34 3F 14 D2 EC 2D CC C0
0001E510  24 18 B3 B5 00 00 E0 B1 DC E7 B3 B5 14 D2 CC C0
0001E520  CC C0 14 D2 B3 B5 DC E7 E0 B1 00 00 B3 B5 24 18
0001E530  CC C0 EC 2D 14 D2 34 3F DC E7 4D 4A 00 00 20 4E
0001E540  24 18 4D 4A EC 2D 34 3F 34 3F EC 2D 4D 4A 24 18
0001E550  20 4E 00 00 4D 4A DC E7 34 3F 14 D2 EC 2D CC C0
0001E560  24 18 B3 B5 00 00 E0 B1 DC E7 B3 B5 14 D2 CC C0
0001E570  CC C0 14 D2 B3 B5 DC E7 E0 B1 00 00 B3 B5 24 18
0001E580  CC C0 EC 2D 14 D2 34 3F DC E7 4D 4A 00 00 20 4E
0001E590  24 18 4D 4A EC 2D 34 3F 34 3F EC 2D 4D 4A 24 18
0001E5A0  20 4E 00 00 4D 4A DC E7 34 3F 14 D2 EC 2D CC C0
0001E5B0  24 18 B3 B5 00 00 E0 B1 DC E7 B3 B5 14 D2 CC C0
0001E5C0  CC C0 14 D2 B3 B5 DC E7 E0 B1 00 00 B3 B5 24 18
0001E5D0  CC C0 EC 2D 14 D2 34 3F DC E7 4D 4A 00 00 20 4E
0001E5E0  24 18 4D 4A EC 2D 34 3F 34 3F EC 2D 4D 4A 24 18
0001E5F0  20 4E 00 00 4D 4A DC E7 34 3F 14 D2 EC 2D CC C0
0001E600  24 18 B3 B5 00 00 E0 B1 DC E7 B3 B5 14 D2 CC C0
0001E610  CC C0 14 D2 B3 B5 DC E7 E0 B1 00 00 B3 B5 24 18
0001E620  CC C0 EC 2D 14 D2 34 3F DC E7 4D 4A 00 00 20 4E
0001E630  24 18 4D 4A EC 2D 34 3F 34 3F EC 2D 4D 4A 24 18
0001E640  20 4E 00 00 4D 4A DC E7 34 3F 14 D2 EC 2D CC C0
0001E650  24 18 B3 B5 00 00 E0 B1 DC E7 B3 B5 14 D2 CC C0
0001E660  CC C0 14 D2 B3 B5 DC E7 E0 B1 00 00 B3 B5 24 18
0001E670  CC C0 EC 2D 14 D2 34 3F DC E7 4D 4A 00 00 20 4E
0001E680  24 18 4D 4A EC 2D 34 3F 34 3F EC 2D 4D 4A 24 18
0001E690  20 4E 00 00 4D 4A DC E7 34 3F 14 D2 EC 2D CC C0
0001E6A0  24 18 B3 B5 00 00 E0 B1 DC E7 B3 B5 14 D2 CC C0
0001E6B0  CC C0 14 D2 B3 B5 DC E7 E0 B1 00 00 B3 B5 24 18
0001E6C0  CC C0 EC 2D 14 D2 34 3F DC E7 4D 4A 00 00 20 4E
0001E6D0  24 18 4D 4A EC 2D 34 3F 34 3F EC 2D 4D 4A 24 18
0001E6E0  20 4E 00 00 4D 4A DC E7 34 3F 14 D2 EC 2D CC C0
0001E6F0  24 18 B3 B5 00 00 E0 B1 DC E7 B3 B5 14 D2 CC C0
0001E700  CC C0 14 D2 B3 B5 DC E7 E0 B1 00 00 B3 B5 24 18
0001E710  CC C0 EC 2D 14 D2 34 3F DC E7 4D 4A 00 00 20 4E
0001E720  24 18 4D 4A EC 2D 34 3F 34 3F EC 2D 4D 4A 24 18
0001E730  20 4E 00 00 4D 4A DC E7 34 3F 14 D2 EC 2D CC C0
0001E740  24 18 B3 B5 00 00 E0 B1 DC E7 B3 B5 14 D2 CC C0
0001E750  CC C0 14 D2 B3 B5 DC E7 E0 B1 00 00 B3 B5 24 18
0001E760  CC C0 EC 2D 14 D2 34 3F DC E7 4D 4A 00 00 20 4E
0001E770  24 18 4D 4A EC 2D 34 3F 34 3F EC 2D 4D 4A 24 18
0001E780  20 4E 00 00 4D 4A DC E7 34 3F 14 D2 EC 2D CC C0
0001E790  24 18 B3 B5 00 00 E0 B1 DC E7 B3 B5 14 D2 CC C0
0001E7A0  CC C0 14 D2 B3 B5 DC E7 E0 B1 00 00 B3 B5 24 18
0001E7B0  CC C0 EC 2D 14 D2 34 3F DC E7 4D 4A 00 00 20 4E
0001E7C0  24 18 4D 4A EC 2D 34 3F 34 3F EC 2D 4D 4A 24 18
0001E7D0  20 4E 00 00 4D 4A DC E7 34 3F 14 D2 EC 2D CC C0
0001E7E0  24 18 B3 B5 00 00 E0 B1 DC E7 B3 B5 14 D2 CC C0
0001E7F0  CC C0 14 D2 B3 B5 DC E7 E0 B1 00 00 B3 B5 24 18
0001E800  CC C0 EC 2D 14 D2 34 3F DC E7 4D 4A 00 00 20 4E
0001E810  24 18 4D 4A EC 2D 34 3F 34 3F EC 2D 4D 4A 24 18
0001E820  20 4E 00 00 4D 4A DC E7 34 3F 14 D2 EC 2D CC C0
0001E830  24 18 B3 B5 00 00 E0 B1 DC E7 B3 B5 14 D2 CC C0
0001E840  CC C0 14 D2 B3 B5 DC E7 E0 B1 00 00 B3 B5 24 18
0001E850  CC C0 EC 2D 14 D2 34 3F DC E7 4D 4A 00 00 20 4E
0001E860  24 18 4D 4A EC 2D 34 3F 34 3F EC 2D 4D 4A 24 18
0001E870  20 4E 00 00 4D 4A DC E7 34 3F 14 D2 EC 2D CC C0
0001E880  24 18 B3 B5 00 00 E0 B1 DC E7 B3 B5 14 D2 CC C0
0001E890  CC C0 14 D2 B3 B5 DC E7 E0 B1 00 00 B3 B5 24 18
0001E8A0  CC C0 EC 2D 14 D2 34 3F DC E7 4D 4A 00 00 20 4E
0001E8B0  24 18 4D 4A EC 2D 34 3F 34 3F EC 2D 4D 4A 24 18
0001E8C0  20 4E 00 00 4D 4A DC E7 34 3F 14 D2 EC 2D CC C0
0001E8D0  24 18 B3 B5 00 00 E0 B1 DC E7 B3 B5 14 D2 CC C0
0001E8E0  CC C0 14 D2 B3 B5 DC E7 E0 B1 00 00 B3 B5 24 18
0001E8F0  CC C0 EC 2D 14 D2 34 3F DC E7 4D 4A 00 00 20 4E
0001E900  24 18 4D 4A EC 2D 34 3F 34 3F EC 2D 4D 4A 24 18
0001E910  20 4E 00 00 4D 4A DC E7 34 3F 14 D2 EC 2D CC C0
0001E920  24 18 B3 B5 00 00 E0 B1 DC E7 B3 B5 14 D2 CC C0
0001E930  CC C0 14 D2 B3 B5 DC E7 E0 B1 00 00 B3 B5 24 18
0001E940  CC C0 EC 2D 14 D2 34 3F DC E7 4D 4A 00 00 20 4E
0001E950  24 18 4D 4A EC 2D 34 3F 34 3F EC 2D 4D 4A 24 18
0001E960  20 4E 00 00 4D 4A DC E7 34 3F 14 D2 EC 2D CC C0
0001E970  24 18 B3 B5 00 00 E0 B1 DC E7 B3 B5 14 D2 CC C0
0001E980  CC C0 14 D2 B3 B5 DC E7 E0 B1 00 00 B3 B5 24 18
0001E990  CC C0 EC 2D 14 D2 34 3F DC E7 4D 4A 00 00 20 4E
0001E9A0  24 18 4D 4A EC 2D 34 3F 34 3F EC 2D 4D 4A 24 18
0001E9B0  20 4E 00 00 4D 4A DC E7 34 3F 14 D2 EC 2D CC C0
0001E9C0  24 18 B3 B5 00 00 E0 B1 DC E7 B3 B5 14 D2 CC C0
0001E9D0  CC C0 14 D2 B3 B5 DC E7 E0 B1 00 00 B3 B5 24 18
0001E9E0  CC C0 EC 2D 14 D2 34 3F DC E7 4D 4A 00 00 20 4E
0001E9F0  24 18 4D 4A EC 2D 34 3F 34 3F EC 2D 4D 4A 24 18
0001EA00  20 4E 00 00 4D 4A DC E7 34 3F 14 D2 EC 2D CC C0
0001EA10  24 18 B3 B5 00 00 E0 B1 DC E7 B3 B5 14 D2 CC C0
0001EA20  CC C0 14 D2 B3 B5 DC E7 E0 B1 00 00 B3 B5 24 18
0001EA30  CC C0 EC 2D 14 D2 34 3F DC E7 4D 4A 00 00 20 4E
0001EA40  24 18 4D 4A EC 2D 34 3F 34 3F EC 2D 4D 4A 24 18
0001EA50  20 4E 00 00 4D 4A DC E7 34 3F 14 D2 EC 2D CC C0
0001EA60  24 18 B3 B5 00 00 E0 B1 DC E7 B3 B5 14 D2 CC C0
0001EA70  CC C0 14 D2 B3 B5 DC E7 E0 B1 00 00 B3 B5 24 18
0001EA80  CC C0 EC 2D 14 D2 34 3F DC E7 4D 4A 00 00 20 4E
0001EA90  24 18 4D 4A EC 2D 34 3F 34 3F EC 2D 4D 4A 24 18
0001EAA0  20 4E 00 00 4D 4A DC E7 34 3F 14 D2 EC 2D CC C0
0001EAB0  24 18 B3 B5 00 00 E0 B1 DC E7 B3 B5 14 D2 CC C0
0001EAC0  CC C0 14 D2 B3 B5 DC E7 E0 B1 00 00 B3 B5 24 18
0001EAD0  CC C0 EC 2D 14 D2 34 3F DC E7 4D 4A 00 00 20 4E
0001EAE0  24 18 4D 4A EC 2D 34 3F 34 3F EC 2D 4D 4A 24 18
0001EAF0  20 4E 00 00 4D 4A DC E7 34 3F 14 D2 EC 2D CC C0
0001EB00  24 18 B3 B5 00 00 E0 B1 DC E7 B3 B5 14 D2 CC C0
0001EB10  CC C0 14 D2 B3 B5 DC E7 E0 B1 00 00 B3 B5 24 18
0001EB20  CC C0 EC 2D 14 D2 34 3F DC E7 4D 4A 00 00 20 4E
0001EB30  24 18 4D 4A EC 2D 34 3F 34 3F EC 2D 4D 4A 24 18
0001EB40  20 4E 00 00 4D 4A DC E7 34 3F 14 D2 EC 2D CC C0
0001EB50  24 18 B3 B5 00 00 E0 B1 DC E7 B3 B5 14 D2 CC C0
0001EB60  CC C0 14 D2 B3 B5 DC E7 E0 B1 00 00 B3 B5 24 18
0001EB70  CC C0 EC 2D 14 D2 34 3F DC E7 4D 4A 00 00 20 4E
0001EB80  24 18 4D 4A EC 2D 34 3F 34 3F EC 2D 4D 4A 24 18
0001EB90  20 4E 00 00 4D 4A DC E7 34 3F 14 D2 EC 2D CC C0
0001EBA0  24 18 B3 B5 00 00 E0 B1 DC E7 B3 B5 14 D2 CC C0
0001EBB0  CC C0 14 D2 B3 B5 DC E7 E0 B1 00 00 B3 B5 24 18
0001EBC0  CC C0 EC 2D 14 D2 34 3F DC E7 4D 4A 00 00 20 4E
0001EBD0  24 18 4D 4A EC 2D 34 3F 34 3F EC 2D 4D 4A 24 18
0001EBE0  20 4E 00 00 4D 4A DC E7 34 3F 14 D2 EC 2D CC C0
0001EBF0  24 18 B3 B5 00 00 E0 B1 DC E7 B3 B5 14 D2 CC C0
0001EC00  CC C0 14 D2 B3 B5 DC E7 E0 B1 00 00 B3 B5 24 18
0001EC10  CC C0 EC 2D 14 D2 34 3F DC E7 4D 4A 00 00 20 4E
0001EC20  24 18 4D 4A EC 2D 34 3F 34 3F EC 2D 4D 4A 24 18
0001EC30  20 4E 00 00 4D 4A DC E7 34 3F 14 D2 EC 2D CC C0
0001EC40  24 18 B3 B5 00 00 E0 B1 DC E7 B3 B5 14 D2 CC C0
0001EC50  CC C0 14 D2 B3 B5 DC E7 E0 B1 00 00 B3 B5 24 18
0001EC60  CC C0 EC 2D 14 D2 34 3F DC E7 4D 4A 00 00 20 4E
0001EC70  24 18 4D 4A EC 2D 34 3F 34 3F EC 2D 4D 4A 24 18
0001EC80  20 4E 00 00 4D 4A DC E7 34 3F 14 D2 EC 2D CC C0
0001EC90  24 18 B3 B5 00 00 E0 B1 DC E7 B3 B5 14 D2 CC C0
0001ECA0  CC C0 14 D2 B3 B5 DC E7 E0 B1 00 00 B3 B5 24 18
0001ECB0  CC C0 EC 2D 14 D2 34 3F DC E7 4D 4A 00 00 20 4E
0001ECC0  24 18 4D 4A EC 2D 34 3F 34 3F EC 2D 4D 4A 24 18
0001ECD0  20 4E 00 00 4D 4A DC E7 34 3F 14 D2 EC 2D CC C0
0001ECE0  24 18 B3 B5 00 00 E0 B1 DC E7 B3 B5 14 D2 CC C0
0001ECF0  CC C0 14 D2 B3 B5 DC E7 E0 B1 00 00 B3 B5 24 18
0001ED00  CC C0 EC 2D 14 D2 34 3F DC E7 4D 4A 00 00 20 4E
0001ED10  24 18 4D 4A EC 2D 34 3F 34 3F EC 2D 4D 4A 24 18
0001ED20  20 4E 00 00 4D 4A DC E7 34 3F 14 D2 EC 2D CC C0
0001ED30  24 18 B3 B5 00 00 E0 B1 DC E7 B3 B5 14 D2 CC C0
0001ED40  CC C0 14 D2 B3 B5 DC E7 E0 B1 00 00 B3 B5 24 18
0001ED50  CC C0 EC 2D 14 D2 34 3F DC E7 4D 4A 00 00 20 4E
0001ED60  24 18 4D 4A EC 2D 34 3F 34 3F EC 2D 4D 4A 24 18
0001ED70  20 4E 00 00 4D 4A DC E7 34 3F 14 D2 EC 2D CC C0
0001ED80  24 18 B3 B5 00 00 E0 B1 DC E7 B3 B5 14 D2 CC C0
0001ED90  CC C0 14 D2 B3 B5 DC E7 E0 B1 00 00 B3 B5 24 18
0001EDA0  CC C0 EC 2D 14 D2 34 3F DC E7 4D 4A 00 00 20 4E
0001EDB0  24 18 4D 4A EC 2D 34 3F 34 3F EC 2D 4D 4A 24 18
0001EDC0  20 4E 00 00 4D 4A DC E7 34 3F 14 D2 EC 2D CC C0
0001EDD0  24 18 B3 B5 00 00 E0 B1 DC E7 B3 B5 14 D2 CC C0
0001EDE0  CC C0 14 D2 B3 B5 DC E7 E0 B1 00 00 B3 B5 24 18
0001EDF0  CC C0 EC 2D 14 D2 34 3F DC E7 4D 4A 00 00 20 4E
0001EE00  24 18 4D 4A EC 2D 34 3F 34 3F EC 2D 4D 4A 24 18
0001EE10  20 4E 00 00 4D 4A DC E7 34 3F 14 D2 EC 2D CC C0
0001EE20  24 18 B3 B5 00 00 E0 B1 DC E7 B3 B5 14 D2 CC C0
0001EE30  CC C0 14 D2 B3 B5 DC E7 E0 B1 00 00 B3 B5 24 18
0001EE40  CC C0 EC 2D 14 D2 34 3F DC E7 4D 4A 00 00 20 4E
0001EE50  24 18 4D 4A EC 2D 34 3F 34 3F EC 2D 4D 4A 24 18
0001EE60  20 4E 00 00 4D 4A DC E7 34 3F 14 D2 EC 2D CC C0
0001EE70  24 18 B3 B5 00 00 E0 B1 DC E7 B3 B5 14 D2 CC C0
0001EE80  CC C0 14 D2 B3 B5 DC E7 E0 B1 00 00 B3 B5 24 18
0001EE90  CC C0 EC 2D 14 D2 34 3F DC E7 4D 4A 00 00 20 4E
0001EEA0  24 18 4D 4A EC 2D 34 3F 34 3F EC 2D 4D 4A 24 18
0001EEB0  20 4E 00 00 4D 4A DC E7 34 3F 14 D2 EC 2D CC C0
0001EEC0  24 18 B3 B5 00 00 E0 B1 DC E7 B3 B5 14 D2 CC C0
0001EED0  CC C0 14 D2 B3 B5 DC E7 E0 B1 00 00 B3 B5 24 18
0001EEE0  CC C0 EC 2D 14 D2 34 3F DC E7 4D 4A 00 00 20 4E
0001EEF0  24 18 4D 4A EC 2D 34 3F 34 3F EC 2D 4D 4A 24 18
0001EF00  20 4E 00 00 4D 4A DC E7 34 3F 14 D2 EC 2D CC C0
0001EF10  24 18 B3 B5 00 00 E0 B1 DC E7 B3 B5 14 D2 CC C0
0001EF20  CC C0 14 D2 B3 B5 DC E7 E0 B1 00 00 B3 B5 24 18
0001EF30  CC C0 EC 2D 14 D2 34 3F DC E7 4D 4A 00 00 20 4E
0001EF40  24 18 4D 4A EC 2D 34 3F 34 3F EC 2D 4D 4A 24 18
0001EF50  20 4E 00 00 4D 4A DC E7 34 3F 14 D2 EC 2D CC C0
0001EF60  24 18 B3 B5 00 00 E0 B1 DC E7 B3 B5 14 D2 CC C0
0001EF70  CC C0 14 D2 B3 B5 DC E7 E0 B1 00 00 B3 B5 24 18
0001EF80  CC C0 EC 2D 14 D2 34 3F DC E7 4D 4A 00 00 20 4E
0001EF90  24 18 4D 4A EC 2D 34 3F 34 3F EC 2D 4D 4A 24 18
0001EFA0  20 4E 00 00 4D 4A DC E7 34 3F 14 D2 EC 2D CC C0
0001EFB0  24 18 B3 B5 00 00 E0 B1 DC E7 B3 B5 14 D2 CC C0
0001EFC0  CC C0 14 D2 B3 B5 DC E7 E0 B1 00 00 B3 B5 24 18
0001EFD0  CC C0 EC 2D 14 D2 34 3F DC E7 4D 4A 00 00 20 4E
0001EFE0  24 18 4D 4A EC 2D 34 3F 34 3F EC 2D 4D 4A 24 18
0001EFF0  20 4E 00 00 4D 4A DC E7 34 3F 14 D2 EC 2D CC C0
0001F000  24 18 B3 B5 00 00 E0 B1 DC E7 B3 B5 14 D2 CC C0
0001F010  CC C0 14 D2 B3 B5 DC E7 E0 B1 00 00 B3 B5 24 18
0001F020  CC C0 EC 2D 14 D2 34 3F DC E7 4D 4A 00 00 20 4E
0001F030  24 18 4D 4A EC 2D 34 3F 34 3F EC 2D 4D 4A 24 18
0001F040  20 4E 00 00 4D 4A DC E7 34 3F 14 D2 EC 2D CC C0
0001F050  24 18 B3 B5 00 00 E0 B1 DC E7 B3 B5 14 D2 CC C0
0001F060  CC C0 14 D2 B3 B5 DC E7 E0 B1 00 00 B3 B5 24 18
0001F070  CC C0 EC 2D 14 D2 34 3F DC E7 4D 4A 00 00 20 4E
0001F080  24 18 4D 4A EC 2D 34 3F 34 3F EC 2D 4D 4A 24 18
0001F090  20 4E 00 00 4D 4A DC E7 34 3F 14 D2 EC 2D CC C0
0001F0A0  24 18 B3 B5 00 00 E0 B1 DC E7 B3 B5 14 D2 CC C0
0001F0B0  CC C0 14 D2 B3 B5 DC E7 E0 B1 00 00 B3 B5 24 18
0001F0C0  CC C0 EC 2D 14 D2 34 3F DC E7 4D 4A 00 00 20 4E
0001F0D0  24 18 4D 4A EC 2D 34 3F 34 3F EC 2D 4D 4A 24 18
0001F0E0  20 4E 00 00 4D 4A DC E7 34 3F 14 D2 EC 2D CC C0
0001F0F0  24 18 B3 B5 00 00 E0 B1 DC E7 B3 B5 14 D2 CC C0
0001F100  CC C0 14 D2 B3 B5 DC E7 E0 B1 00 00 B3 B5 24 18
0001F110  CC C0 EC 2D 14 D2 34 3F DC E7 4D 4A 00 00 20 4E
0001F120  24 18 4D 4A EC 2D 34 3F 34 3F EC 2D 4D 4A 24 18
0001F130  20 4E 00 00 4D 4A DC E7 34 3F 14 D2 EC 2D CC C0
0001F140  24 18 B3 B5 00 00 E0 B1 DC E7 B3 B5 14 D2 CC C0
0001F150  CC C0 14 D2 B3 B5 DC E7 E0 B1 00 00 B3 B5 24 18
0001F160  CC C0 EC 2D 14 D2 34 3F DC E7 4D 4A 00 00 20 4E
0001F170  24 18 4D 4A EC 2D 34 3F 34 3F EC 2D 4D 4A 24 18
0001F180  20 4E 00 00 4D 4A DC E7 34 3F 14 D2 EC 2D CC C0
0001F190  24 18 B3 B5 00 00 E0 B1 DC E7 B3 B5 14 D2 CC C0
0001F1A0  CC C0 14 D2 B3 B5 DC E7 E0 B1 00 00 B3 B5 24 18
0001F1B0  CC C0 EC 2D 14 D2 34 3F DC E7 4D 4A 00 00 20 4E
0001F1C0  24 18 4D 4A EC 2D 34 3F 34 3F EC 2D 4D 4A 24 18
0001F1D0  20 4E 00 00 4D 4A DC E7 34 3F 14 D2 EC 2D CC C0
0001F1E0  24 18 B3 B5 00 00 E0 B1 DC E7 B3 B5 14 D2 CC C0
0001F1F0  CC C0 14 D2 B3 B5 DC E7 E0 B1 00 00 B3 B5 24 18
0001F200  CC C0 EC 2D 14 D2 34 3F DC E7 4D 4A 00 00 20 4E
0001F210  24 18 4D 4A EC 2D 34 3F 34 3F EC 2D 4D 4A 24 18
0001F220  20 4E 00 00 4D 4A DC E7 34 3F 14 D2 EC 2D CC C0
0001F230  24 18 B3 B5 00 00 E0 B1 DC E7 B3 B5 14 D2 CC C0
0001F240  CC C0 14 D2 B3 B5 DC E7 E0 B1 00 00 B3 B5 24 18
0001F250  CC C0 EC 2D 14 D2 34 3F DC E7 4D 4A 00 00 20 4E
0001F260  24 18 4D 4A EC 2D 34 3F 34 3F EC 2D 4D 4A 24 18
0001F270  20 4E 00 00 4D 4A DC E7 34 3F 14 D2 EC 2D CC C0
0001F280  24 18 B3 B5 00 00 E0 B1 DC E7 B3 B5 14 D2 CC C0
0001F290  CC C0 14 D2 B3 B5 DC E7 E0 B1 00 00 B3 B5 24 18
0001F2A0  CC C0 EC 2D 14 D2 34 3F DC E7 4D 4A 00 00 20 4E
0001F2B0  24 18 4D 4A EC 2D 34 3F 34 3F EC 2D 4D 4A 24 18
0001F2C0  20 4E 00 00 4D 4A DC E7 34 3F 14 D2 EC 2D CC C0
0001F2D0  24 18 B3 B5 00 00 E0 B1 DC E7 B3 B5 14 D2 CC C0
0001F2E0  CC C0 14 D2 B3 B5 DC E7 E0 B1 00 00 B3 B5 24 18
0001F2F0  CC C0 EC 2D 14 D2 34 3F DC E7 4D 4A 00 00 20 4E
0001F300  24 18 4D 4A EC 2D 34 3F 34 3F EC 2D 4D 4A 24 18
0001F310  20 4E 00 00 4D 4A DC E7 34 3F 14 D2 EC 2D CC C0
0001F320  24 18 B3 B5 00 00 E0 B1 DC E7 B3 B5 14 D2 CC C0
0001F330  CC C0 14 D2 B3 B5 DC E7 E0 B1 00 00 B3 B5 24 18
0001F340  CC C0 EC 2D 14 D2 34 3F DC E7 4D 4A 00 00 20 4E
0001F350  24 18 4D 4A EC 2D 34 3F 34 3F EC 2D 4D 4A 24 18
0001F360  20 4E 00 00 4D 4A DC E7 34 3F 14 D2 EC 2D CC C0
0001F370  24 18 B3 B5 00 00 E0 B1 DC E7 B3 B5 14 D2 CC C0
0001F380  CC C0 14 D2 B3 B5 DC E7 E0 B1 00 00 B3 B5 24 18
0001F390  CC C0 EC 2D 14 D2 34 3F DC E7 4D 4A 00 00 20 4E
0001F3A0  24 18 4D 4A EC 2D 34 3F 34 3F EC 2D 4D 4A 24 18
0001F3B0  20 4E 00 00 4D 4A DC E7 34 3F 14 D2 EC 2D CC C0
0001F3C0  24 18 B3 B5 00 00 E0 B1 DC E7 B3 B5 14 D2 CC C0
0001F3D0  CC C0 14 D2 B3 B5 DC E7 E0 B1 00 00 B3 B5 24 18
0001F3E0  CC C0 EC 2D 14 D2 34 3F DC E7 4D 4A 00 00 20 4E
0001F3F0  24 18 4D 4A EC 2D 34 3F 34 3F EC 2D 4D 4A 24 18
0001F400  20 4E 00 00 4D 4A DC E7 34 3F 14 D2 EC 2D CC C0
0001F410  24 18 B3 B5 00 00 E0 B1 DC E7 B3 B5 14 D2 CC C0
0001F420  CC C0 14 D2 B3 B5 DC E7 E0 B1 00 00 B3 B5 24 18
0001F430  CC C0 EC 2D 14 D2 34 3F DC E7 4D 4A 00 00 20 4E
0001F440  24 18 4D 4A EC 2D 34 3F 34 3F EC 2D 4D 4A 24 18
0001F450  20 4E 00 00 4D 4A DC E7 34 3F 14 D2 EC 2D CC C0
0001F460  24 18 B3 B5 00 00 E0 B1 DC E7 B3 B5 14 D2 CC C0
0001F470  CC C0 14 D2 B3 B5 DC E7 E0 B1 00 00 B3 B5 24 18
0001F480  CC C0 EC 2D 14 D2 34 3F DC E7 4D 4A 00 00 20 4E
0001F490  24 18 4D 4A EC 2D 34 3F 34 3F EC 2D 4D 4A 24 18
0001F4A0  20 4E 00 00 4D 4A DC E7 34 3F 14 D2 EC 2D CC C0
0001F4B0  24 18 B3 B5 00 00 E0 B1 DC E7 B3 B5 14 D2 CC C0
0001F4C0  CC C0 14 D2 B3 B5 DC E7 E0 B1 00 00 B3 B5 24 18
0001F4D0  CC C0 EC 2D 14 D2 34 3F DC E7 4D 4A 00 00 20 4E
0001F4E0  24 18 4D 4A EC 2D 34 3F 34 3F EC 2D 4D 4A 24 18
0001F4F0  20 4E 00 00 4D 4A DC E7 34 3F 14 D2 EC 2D CC C0
0001F500  24 18 B3 B5 00 00 E0 B1 DC E7 B3 B5 14 D2 CC C0
0001F510  CC C0 14 D2 B3 B5 DC E7 E0 B1 00 00 B3 B5 24 18
0001F520  CC C0 EC 2D 14 D2 34 3F DC E7 4D 4A 00 00 20 4E
0001F530  24 18 4D 4A EC 2D 34 3F 34 3F EC 2D 4D 4A 24 18
0001F540  20 4E 00 00 4D 4A DC E7 34 3F 14 D2 EC 2D CC C0
0001F550  24 18 B3 B5 00 00 E0 B1 DC E7 B3 B5 14 D2 CC C0
0001F560  CC C0 14 D2 B3 B5 DC E7 E0 B1 00 00 B3 B5 24 18
0001F570  CC C0 EC 2D 14 D2 34 3F DC E7 4D 4A 00 00 20 4E
0001F580  24 18 4D 4A EC 2D 34 3F 34 3F EC 2D 4D 4A 24 18
0001F590  20 4E 00 00 4D 4A DC E7 34 3F 14 D2 EC 2D CC C0
0001F5A0  24 18 B3 B5 00 00 E0 B1 DC E7 B3 B5 14 D2 CC C0
0001F5B0  CC C0 14 D2 B3 B5 DC E7 E0 B1 00 00 B3 B5 24 18
0001F5C0  CC C0 EC 2D 14 D2 34 3F DC E7 4D 4A 00 00 20 4E
0001F5D0  24 18 4D 4A EC 2D 34 3F 34 3F EC 2D 4D 4A 24 18
0001F5E0  20 4E 00 00 4D 4A DC E7 34 3F 14 D2 EC 2D CC C0
0001F5F0  24 18 B3 B5 00 00 E0 B1 DC E7 B3 B5 14 D2 CC C0
0001F600  CC C0 14 D2 B3 B5 DC E7 E0 B1 00 00 B3 B5 24 18
0001F610  CC C0 EC 2D 14 D2 34 3F DC E7 4D 4A 00 00 20 4E
0001F620  24 18 4D 4A EC 2D 34 3F 34 3F EC 2D 4D 4A 24 18
0001F630  20 4E 00 00 4D 4A DC E7 34 3F 14 D2 EC 2D CC C0
0001F640  24 18 B3 B5 00 00 E0 B1 DC E7 B3 B5 14 D2 CC C0
0001F650  CC C0 14 D2 B3 B5 DC E7 E0 B1 00 00 B3 B5 24 18
0001F660  CC C0 EC 2D 14 D2 34 3F DC E7 4D 4A 00 00 20 4E
0001F670  24 18 4D 4A EC 2D 34 3F 34 3F EC 2D 4D 4A 24 18
0001F680  20 4E 00 00 4D 4A DC E7 34 3F 14 D2 EC 2D CC C0
0001F690  24 18 B3 B5 00 00 E0 B1 DC E7 B3 B5 14 D2 CC C0
0001F6A0  CC C0 14 D2 B3 B5 DC E7 E0 B1 00 00 B3 B5 24 18
0001F6B0  CC C0 EC 2D 14 D2 34 3F DC E7 4D 4A 00 00 20 4E
0001F6C0  24 18 4D 4A EC 2D 34 3F 34 3F EC 2D 4D 4A 24 18
0001F6D0  20 4E 00 00 4D 4A DC E7 34 3F 14 D2 EC 2D CC C0
0001F6E0  24 18 B3 B5 00 00 E0 B1 DC E7 B3 B5 14 D2 CC C0
0001F6F0  CC C0 14 D2 B3 B5 DC E7 E0 B1 00 00 B3 B5 24 18
0001F700  CC C0 EC 2D 14 D2 34 3F DC E7 4D 4A 00 00 20 4E
0001F710  24 18 4D 4A EC 2D 34 3F 34 3F EC 2D 4D 4A 24 18
0001F720  20 4E 00 00 4D 4A DC E7 34 3F 14 D2 EC 2D CC C0
0001F730  24 18 B3 B5 00 00 E0 B1 DC E7 B3 B5 14 D2 CC C0
0001F740  CC C0 14 D2 B3 B5 DC E7 E0 B1 00 00 B3 B5 24 18
0001F750  CC C0 EC 2D 14 D2 34 3F DC E7 4D 4A 00 00 20 4E
0001F760  24 18 4D 4A EC 2D 34 3F 34 3F EC 2D 4D 4A 24 18
0001F770  20 4E 00 00 4D 4A DC E7 34 3F 14 D2 EC 2D CC C0
0001F780  24 18 B3 B5 00 00 E0 B1 DC E7 B3 B5 14 D2 CC C0
0001F790  CC C0 14 D2 B3 B5 DC E7 E0 B1 00 00 B3 B5 24 18
0001F7A0  CC C0 EC 2D 14 D2 34 3F DC E7 4D 4A 00 00 20 4E
0001F7B0  24 18 4D 4A EC 2D 34 3F 34 3F EC 2D 4D 4A 24 18
0001F7C0  20 4E 00 00 4D 4A DC E7 34 3F 14 D2 EC 2D CC C0
0001F7D0  24 18 B3 B5 00 00 E0 B1 DC E7 B3 B5 14 D2 CC C0
0001F7E0  CC C0 14 D2 B3 B5 DC E7 E0 B1 00 00 B3 B5 24 18
0001F7F0  CC C0 EC 2D 14 D2 34 3F DC E7 4D 4A 00 00 20 4E
0001F800  24 18 4D 4A EC 2D 34 3F 34 3F EC 2D 4D 4A 24 18
0001F810  20 4E 00 00 4D 4A DC E7 34 3F 14 D2 EC 2D CC C0
0001F820  24 18 B3 B5 00 00 E0 B1 DC E7 B3 B5 14 D2 CC C0
0001F830  CC C0 14 D2 B3 B5 DC E7 E0 B1 00 00 B3 B5 24 18
0001F840  CC C0 EC 2D 14 D2 34 3F DC E7 4D 4A 00 00 20 4E
0001F850  24 18 4D 4A EC 2D 34 3F 34 3F EC 2D 4D 4A 24 18
0001F860  20 4E 00 00 4D 4A DC E7 34 3F 14 D2 EC 2D CC C0
0001F870  24 18 B3 B5 00 00 E0 B1 DC E7 B3 B5 14 D2 CC C0
0001F880  CC C0 14 D2 B3 B5 DC E7 E0 B1 00 00 B3 B5 24 18
0001F890  CC C0 EC 2D 14 D2 34 3F DC E7 4D 4A 00 00 20 4E
0001F8A0  24 18 4D 4A EC 2D 34 3F 34 3F EC 2D 4D 4A 24 18
0001F8B0  20 4E 00 00 4D 4A DC E7 34 3F 14 D2 EC 2D CC C0
0001F8C0  24 18 B3 B5 00 00 E0 B1 DC E7 B3 B5 14 D2 CC C0
0001F8D0  CC C0 14 D2 B3 B5 DC E7 E0 B1 00 00 B3 B5 24 18
0001F8E0  CC C0 EC 2D 14 D2 34 3F DC E7 4D 4A 00 00 20 4E
0001F8F0  24 18 4D 4A EC 2D 34 3F 34 3F EC 2D 4D 4A 24 18
0001F900  20 4E 00 00 4D 4A DC E7 34 3F 14 D2 EC 2D CC C0
0001F910  24 18 B3 B5 00 00 E0 B1 DC E7 B3 B5 14 D2 CC C0
0001F920  CC C0 14 D2 B3 B5 DC E7 E0 B1 00 00 B3 B5 24 18
0001F930  CC C0 EC 2D 14 D2 34 3F DC E7 4D 4A 00 00 20 4E
0001F940  24 18 4D 4A EC 2D 34 3F 34 3F EC 2D 4D 4A 24 18
0001F950  20 4E 00 00 4D 4A DC E7 34 3F 14 D2 EC 2D CC C0
0001F960  24 18 B3 B5 00 00 E0 B1 DC E7 B3 B5 14 D2 CC C0
0001F970  CC C0 14 D2 B3 B5 DC E7 E0 B1 00 00 B3 B5 24 18
0001F980  CC C0 EC 2D 14 D2 34 3F DC E7 4D 4A 00 00 20 4E
0001F990  24 18 4D 4A EC 2D 34 3F 34 3F EC 2D 4D 4A 24 18
0001F9A0  20 4E 00 00 4D 4A DC E7 34 3F 14 D2 EC 2D CC C0
0001F9B0  24 18 B3 B5 00 00 E0 B1 DC E7 B3 B5 14 D2 CC C0
0001F9C0  CC C0 14 D2 B3 B5 DC E7 E0 B1 00 00 B3 B5 24 18
0001F9D0  CC C0 EC 2D 14 D2 34 3F DC E7 4D 4A 00 00 20 4E
0001F9E0  24 18 4D 4A EC 2D 34 3F 34 3F EC 2D 4D 4A 24 18
0001F9F0  20 4E 00 00 4D 4A DC E7 34 3F 14 D2 EC 2D CC C0
0001FA00  24 18 B3 B5 00 00 E0 B1 DC E7 B3 B5 14 D2 CC C0
0001FA10  CC C0 14 D2 B3 B5 DC E7 E0 B1 00 00 B3 B5 24 18
0001FA20  CC C0 EC 2D 14 D2 34 3F DC E7 4D 4A 00 00 20 4E
0001FA30  24 18 4D 4A EC 2D 34 3F 34 3F EC 2D 4D 4A 24 18
0001FA40  20 4E 00 00 4D 4A DC E7 34 3F 14 D2 EC 2D CC C0
0001FA50  24 18 B3 B5 00 00 E0 B1 DC E7 B3 B5 14 D2 CC C0
0001FA60  CC C0 14 D2 B3 B5 DC E7 E0 B1 00 00 B3 B5 24 18
0001FA70  CC C0 EC 2D 14 D2 34 3F DC E7 4D 4A 00 00 20 4E
0001FA80  24 18 4D 4A EC 2D 34 3F 34 3F EC 2D 4D 4A 24 18
0001FA90  20 4E 00 00 4D 4A DC E7 34 3F 14 D2 EC 2D CC C0
0001FAA0  24 18 B3 B5 00 00 E0 B1 DC E7 B3 B5 14 D2 CC C0
0001FAB0  CC C0 14 D2 B3 B5 DC E7 E0 B1 00 00 B3 B5 24 18
0001FAC0  CC C0 EC 2D 14 D2 34 3F DC E7 4D 4A 00 00 20 4E
0001FAD0  24 18 4D 4A EC 2D 34 3F 34 3F EC 2D 4D 4A 24 18
0001FAE0  20 4E 00 00 4D 4A DC E7 34 3F 14 D2 EC 2D CC C0
0001FAF0  24 18 B3 B5 00 00 E0 B1 DC E7 B3 B5 14 D2 CC C0
0001FB00  CC C0 14 D2 B3 B5 DC E7 E0 B1 00 00 B3 B5 24 18
0001FB10  CC C0 EC 2D 14 D2 34 3F DC E7 4D 4A 00 00 20 4E
0001FB20  24 18 4D 4A EC 2D 34 3F 34 3F EC 2D 4D 4A 24 18
0001FB30  20 4E 00 00 4D 4A DC E7 34 3F 14 D2 EC 2D CC C0
0001FB40  24 18 B3 B5 00 00 E0 B1 DC E7 B3 B5 14 D2 CC C0
0001FB50  CC C0 14 D2 B3 B5 DC E7 E0 B1 00 00 B3 B5 24 18
0001FB60  CC C0 EC 2D 14 D2 34 3F DC E7 4D 4A 00 00 20 4E
0001FB70  24 18 4D 4A EC 2D 34 3F 34 3F EC 2D 4D 4A 24 18
0001FB80  20 4E 00 00 4D 4A DC E7 34 3F 14 D2 EC 2D CC C0
0001FB90  24 18 B3 B5 00 00 E0 B1 DC E7 B3 B5 14 D2 CC C0
0001FBA0  CC C0 14 D2 B3 B5 DC E7 E0 B1 00 00 B3 B5 24 18
0001FBB0  CC C0 EC 2D 14 D2 34 3F DC E7 4D 4A 00 00 20 4E
0001FBC0  24 18 4D 4A EC 2D 34 3F 34 3F EC 2D 4D 4A 24 18
0001FBD0  20 4E 00 00 4D 4A DC E7 34 3F 14 D2 EC 2D CC C0
0001FBE0  24 18 B3 B5 00 00 E0 B1 DC E7 B3 B5 14 D2 CC C0
0001FBF0  CC C0 14 D2 B3 B5 DC E7 E0 B1 00 00 B3 B5 24 18
0001FC00  CC C0 EC 2D 14 D2 34 3F DC E7 4D 4A 00 00 20 4E
0001FC10  24 18 4D 4A EC 2D 34 3F 34 3F EC 2D 4D 4A 24 18
0001FC20  20 4E 00 00 4D 4A DC E7 34 3F 14 D2 EC 2D CC C0
0001FC30  24 18 B3 B5 00 00 E0 B1 DC E7 B3 B5 14 D2 CC C0
0001FC40  CC C0 14 D2 B3 B5 DC E7 E0 B1 00 00 B3 B5 24 18
0001FC50  CC C0 EC 2D 14 D2 34 3F DC E7 4D 4A 00 00 20 4E
0001FC60  24 18 4D 4A EC 2D 34 3F 34 3F EC 2D 4D 4A 24 18
0001FC70  20 4E 00 00 4D 4A DC E7 34 3F 14 D2 EC 2D CC C0
0001FC80  24 18 B3 B5 00 00 E0 B1 DC E7 B3 B5 14 D2 CC C0
0001FC90  CC C0 14 D2 B3 B5 DC E7 E0 B1 00 00 B3 B5 24 18
0001FCA0  CC C0 EC 2D 14 D2 34 3F DC E7 4D 4A 00 00 20 4E
0001FCB0  24 18 4D 4A EC 2D 34 3F 34 3F EC 2D 4D 4A 24 18
0001FCC0  20 4E 00 00 4D 4A DC E7 34 3F 14 D2 EC 2D CC C0
0001FCD0  24 18 B3 B5 00 00 E0 B1 DC E7 B3 B5 14 D2 CC C0
0001FCE0  CC C0 14 D2 B3 B5 DC E7 E0 B1 00 00 B3 B5 24 18
0001FCF0  CC C0 EC 2D 14 D2 34 3F DC E7 4D 4A 00 00 20 4E
0001FD00  24 18 4D 4A EC 2D 34 3F 34 3F EC 2D 4D 4A 24 18
0001FD10  20 4E 00 00 4D 4A DC E7 34 3F 14 D2 EC 2D CC C0
0001FD20  24 18 B3 B5 00 00 E0 B1 DC E7 B3 B5 14 D2 CC C0
0001FD30  CC C0 14 D2 B3 B5 DC E7 E0 B1 00 00 B3 B5 24 18
0001FD40  CC C0 EC 2D 14 D2 34 3F DC E7 4D 4A 00 00 20 4E
0001FD50  24 18 4D 4A EC 2D 34 3F 34 3F EC 2D 4D 4A 24 18
0001FD60  20 4E 00 00 4D 4A DC E7 34 3F 14 D2 EC 2D CC C0
0001FD70  24 18 B3 B5 00 00 E0 B1 DC E7 B3 B5 14 D2 CC C0
0001FD80  CC C0 14 D2 B3 B5 DC E7 E0 B1 00 00 B3 B5 24 18
0001FD90  CC C0 EC 2D 14 D2 34 3F DC E7 4D 4A 00 00 20 4E
0001FDA0  24 18 4D 4A EC 2D 34 3F 34 3F EC 2D 4D 4A 24 18
0001FDB0  20 4E 00 00 4D 4A DC E7 34 3F 14 D2 EC 2D CC C0
0001FDC0  24 18 B3 B5 00 00 E0 B1 DC E7 B3 B5 14 D2 CC C0
0001FDD0  CC C0 14 D2 B3 B5 DC E7 E0 B1 00 00 B3 B5 24 18
0001FDE0  CC C0 EC 2D 14 D2 34 3F DC E7 4D 4A 00 00 20 4E
0001FDF0  24 18 4D 4A EC 2D 34 3F 34 3F EC 2D 4D 4A 24 18
0001FE00  20 4E 00 00 4D 4A DC E7 34 3F 14 D2 EC 2D CC C0
0001FE10  24 18 B3 B5 00 00 E0 B1 DC E7 B3 B5 14 D2 CC C0
0001FE20  CC C0 14 D2 B3 B5 DC E7 E0 B1 00 00 B3 B5 24 18
0001FE30  CC C0 EC 2D 14 D2 34 3F DC E7 4D 4A 00 00 20 4E
0001FE40  24 18 4D 4A EC 2D 34 3F 34 3F EC 2D 4D 4A 24 18
0001FE50  20 4E 00 00 4D 4A DC E7 34 3F 14 D2 EC 2D CC C0
0001FE60  24 18 B3 B5 00 00 E0 B1 DC E7 B3 B5 14 D2 CC C0
0001FE70  CC C0 14 D2 B3 B5 DC E7 E0 B1 00 00 B3 B5 24 18
0001FE80  CC C0 EC 2D 14 D2 34 3F DC E7 4D 4A 00 00 20 4E
0001FE90  24 18 4D 4A EC 2D 34 3F 34 3F EC 2D 4D 4A 24 18
0001FEA0  20 4E 00 00 4D 4A DC E7 34 3F 14 D2 EC 2D CC C0
0001FEB0  24 18 B3 B5 00 00 E0 B1 DC E7 B3 B5 14 D2 CC C0
0001FEC0  CC C0 14 D2 B3 B5 DC E7 E0 B1 00 00 B3 B5 24 18
0001FED0  CC C0 EC 2D 14 D2 34 3F DC E7 4D 4A 00 00 20 4E
0001FEE0  24 18 4D 4A EC 2D 34 3F 34 3F EC 2D 4D 4A 24 18
0001FEF0  20 4E 00 00 4D 4A DC E7 34 3F 14 D2 EC 2D CC C0
0001FF00  24 18 B3 B5 00 00 E0 B1 DC E7 B3 B5 14 D2 CC C0
0001FF10  CC C0 14 D2 B3 B5 DC E7 E0 B1 00 00 B3 B5 24 18
0001FF20  CC C0 EC 2D 14 D2 34 3F DC E7 4D 4A 00 00 20 4E
0001FF30  24 18 4D 4A EC 2D 34 3F 34 3F EC 2D 4D 4A 24 18
0001FF40  20 4E 00 00 4D 4A DC E7 34 3F 14 D2 EC 2D CC C0
0001FF50  24 18 B3 B5 00 00 E0 B1 DC E7 B3 B5 14 D2 CC C0
0001FF60  CC C0 14 D2 B3 B5 DC E7 E0 B1 00 00 B3 B5 24 18
0001FF70  CC C0 EC 2D 14 D2 34 3F DC E7 4D 4A 00 00 20 4E
0001FF80  24 18 4D 4A EC 2D 34 3F 34 3F EC 2D 4D 4A 24 18
0001FF90  20 4E 00 00 4D 4A DC E7 34 3F 14 D2 EC 2D CC C0
0001FFA0  24 18 B3 B5 00 00 E0 B1 DC E7 B3 B5 14 D2 CC C0
0001FFB0  CC C0 14 D2 B3 B5 DC E7 E0 B1 00 00 B3 B5 24 18
0001FFC0  CC C0 EC 2D 14 D2 34 3F DC E7 4D 4A 00 00 20 4E
0001FFD0  24 18 4D 4A EC 2D 34 3F 34 3F EC 2D 4D 4A 24 18
0001FFE0  20 4E 00 00 4D 4A DC E7 34 3F 14 D2 EC 2D CC C0
0001FFF0  24 18 B3 B5 00 00 E0 B1 DC E7 B3 B5 14 D2 CC C0
00020000  CC C0 14 D2 B3 B5 DC E7 E0 B1 00 00 B3 B5 24 18
00020010  CC C0 EC 2D 14 D2 34 3F DC E7 4D 4A 00 00 20 4E
00020020  24 18 4D 4A EC 2D 34 3F 34 3F EC 2D 4D 4A 24 18
00020030  20 4E 00 00 4D 4A DC E7 34 3F 14 D2 EC 2D CC C0
00020040  24 18 B3 B5 00 00 E0 B1 DC E7 B3 B5 14 D2 CC C0
00020050  CC C0 14 D2 B3 B5 DC E7 E0 B1 00 00 B3 B5 24 18
00020060  CC C0 EC 2D 14 D2 34 3F DC E7 4D 4A 00 00 20 4E
00020070  24 18 4D 4A EC 2D 34 3F 34 3F EC 2D 4D 4A 24 18
00020080  20 4E 00 00 4D 4A DC E7 34 3F 14 D2 EC 2D CC C0
00020090  24 18 B3 B5 00 00 E0 B1 DC E7 B3 B5 14 D2 CC C0
000200A0  CC C0 14 D2 B3 B5 DC E7 E0 B1 00 00 B3 B5 24 18
000200B0  CC C0 EC 2D 14 D2 34 3F DC E7 4D 4A 00 00 20 4E
000200C0  24 18 4D 4A EC 2D 34 3F 34 3F EC 2D 4D 4A 24 18
000200D0  20 4E 00 00 4D 4A DC E7 34 3F 14 D2 EC 2D CC C0
000200E0  24 18 B3 B5 00 00 E0 B1 DC E7 B3 B5 14 D2 CC C0
000200F0  CC C0 14 D2 B3 B5 DC E7 E0 B1 00 00 B3 B5 24 18
00020100  CC C0 EC 2D 14 D2 34 3F DC E7 4D 4A 00 00 20 4E
00020110  24 18 4D 4A EC 2D 34 3F 34 3F EC 2D 4D 4A 24 18
00020120  20 4E 00 00 4D 4A DC E7 34 3F 14 D2 EC 2D CC C0
00020130  24 18 B3 B5 00 00 E0 B1 DC E7 B3 B5 14 D2 CC C0
00020140  CC C0 14 D2 B3 B5 DC E7 E0 B1 00 00 B3 B5 24 18
00020150  CC C0 EC 2D 14 D2 34 3F DC E7 4D 4A 00 00 20 4E
00020160  24 18 4D 4A EC 2D 34 3F 34 3F EC 2D 4D 4A 24 18
00020170  20 4E 00 00 4D 4A DC E7 34 3F 14 D2 EC 2D CC C0
00020180  24 18 B3 B5 00 00 E0 B1 DC E7 B3 B5 14 D2 CC C0
00020190  CC C0 14 D2 B3 B5 DC E7 E0 B1 00 00 B3 B5 24 18
000201A0  CC C0 EC 2D 14 D2 34 3F DC E7 4D 4A 00 00 20 4E
000201B0  24 18 4D 4A EC 2D 34 3F 34 3F EC 2D 4D 4A 24 18
000201C0  20 4E 00 00 4D 4A DC E7 34 3F 14 D2 EC 2D CC C0
000201D0  24 18 B3 B5 00 00 E0 B1 DC E7 B3 B5 14 D2 CC C0
000201E0  CC C0 14 D2 B3 B5 DC E7 E0 B1 00 00 B3 B5 24 18
000201F0  CC C0 EC 2D 14 D2 34 3F DC E7 4D 4A 00 00 20 4E
00020200  24 18 4D 4A EC 2D 34 3F 34 3F EC 2D 4D 4A 24 18
00020210  20 4E 00 00 4D 4A DC E7 34 3F 14 D2 EC 2D CC C0
00020220  24 18 B3 B5 00 00 E0 B1 DC E7 B3 B5 14 D2 CC C0
00020230  CC C0 14 D2 B3 B5 DC E7 E0 B1 00 00 B3 B5 24 18
00020240  CC C0 EC 2D 14 D2 34 3F DC E7 4D 4A 00 00 20 4E
00020250  24 18 4D 4A EC 2D 34 3F 34 3F EC 2D 4D 4A 24 18
00020260  20 4E 00 00 4D 4A DC E7 34 3F 14 D2 EC 2D CC C0
00020270  24 18 B3 B5 00 00 E0 B1 DC E7 B3 B5 14 D2 CC C0
00020280  CC C0 14 D2 B3 B5 DC E7 E0 B1 00 00 B3 B5 24 18
00020290  CC C0 EC 2D 14 D2 34 3F DC E7 4D 4A 00 00 20 4E
000202A0  24 18 4D 4A EC 2D 34 3F 34 3F EC 2D 4D 4A 24 18
000202B0  20 4E 00 00 4D 4A DC E7 34 3F 14 D2 EC 2D CC C0
000202C0  24 18 B3 B5 00 00 E0 B1 DC E7 B3 B5 14 D2 CC C0
000202D0  CC C0 14 D2 B3 B5 DC E7 E0 B1 00 00 B3 B5 24 18
000202E0  CC C0 EC 2D 14 D2 34 3F DC E7 4D 4A 00 00 20 4E
000202F0  24 18 4D 4A EC 2D 34 3F 34 3F EC 2D 4D 4A 24 18
00020300  20 4E 00 00 4D 4A DC E7 34 3F 14 D2 EC 2D CC C0
00020310  24 18 B3 B5 00 00 E0 B1 DC E7 B3 B5 14 D2 CC C0
00020320  CC C0 14 D2 B3 B5 DC E7 E0 B1 00 00 B3 B5 24 18
00020330  CC C0 EC 2D 14 D2 34 3F DC E7 4D 4A 00 00 20 4E
00020340  24 18 4D 4A EC 2D 34 3F 34 3F EC 2D 4D 4A 24 18
00020350  20 4E 00 00 4D 4A DC E7 34 3F 14 D2 EC 2D CC C0
00020360  24 18 B3 B5 00 00 E0 B1 DC E7 B3 B5 14 D2 CC C0
00020370  CC C0 14 D2 B3 B5 DC E7 E0 B1 00 00 B3 B5 24 18
00020380  CC C0 EC 2D 14 D2 34 3F DC E7 4D 4A 00 00 20 4E
00020390  24 18 4D 4A EC 2D 34 3F 34 3F EC 2D 4D 4A 24 18
000203A0  20 4E 00 00 4D 4A DC E7 34 3F 14 D2 EC 2D CC C0
000203B0  24 18 B3 B5 00 00 E0 B1 DC E7 B3 B5 14 D2 CC C0
000203C0  CC C0 14 D2 B3 B5 DC E7 E0 B1 00 00 B3 B5 24 18
000203D0  CC C0 EC 2D 14 D2 34 3F DC E7 4D 4A 00 00 20 4E
000203E0  24 18 4D 4A EC 2D 34 3F 34 3F EC 2D 4D 4A 24 18
000203F0  20 4E 00 00 4D 4A DC E7 34 3F 14 D2 EC 2D CC C0
00020400  24 18 B3 B5 00 00 E0 B1 DC E7 B3 B5 14 D2 CC C0
00020410  CC C0 14 D2 B3 B5 DC E7 E0 B1 00 00 B3 B5 24 18
00020420  CC C0 EC 2D 14 D2 34 3F DC E7 4D 4A 00 00 20 4E
00020430  24 18 4D 4A EC 2D 34 3F 34 3F EC 2D 4D 4A 24 18
00020440  20 4E 00 00 4D 4A DC E7 34 3F 14 D2 EC 2D CC C0
00020450  24 18 B3 B5 00 00 E0 B1 DC E7 B3 B5 14 D2 CC C0
00020460  CC C0 14 D2 B3 B5 DC E7 E0 B1 00 00 B3 B5 24 18
00020470  CC C0 EC 2D 14 D2 34 3F DC E7 4D 4A 00 00 20 4E
00020480  24 18 4D 4A EC 2D 34 3F 34 3F EC 2D 4D 4A 24 18
00020490  20 4E 00 00 4D 4A DC E7 34 3F 14 D2 EC 2D CC C0
000204A0  24 18 B3 B5 00 00 E0 B1 DC E7 B3 B5 14 D2 CC C0
000204B0  CC C0 14 D2 B3 B5 DC E7 E0 B1 00 00 B3 B5 24 18
000204C0  CC C0 EC 2D 14 D2 34 3F DC E7 4D 4A 00 00 20 4E
000204D0  24 18 4D 4A EC 2D 34 3F 34 3F EC 2D 4D 4A 24 18
000204E0  20 4E 00 00 4D 4A DC E7 34 3F 14 D2 EC 2D CC C0
000204F0  24 18 B3 B5 00 00 E0 B1 DC E7 B3 B5 14 D2 CC C0
00020500  CC C0 14 D2 B3 B5 DC E7 E0 B1 00 00 B3 B5 24 18
00020510  CC C0 EC 2D 14 D2 34 3F DC E7 4D 4A 00 00 20 4E
00020520  24 18 4D 4A EC 2D 34 3F 34 3F EC 2D 4D 4A 24 18
00020530  20 4E 00 00 4D 4A DC E7 34 3F 14 D2 EC 2D CC C0
00020540  24 18 B3 B5 00 00 E0 B1 DC E7 B3 B5 14 D2 CC C0
00020550  CC C0 14 D2 B3 B5 DC E7 E0 B1 00 00 B3 B5 24 18
00020560  CC C0 EC 2D 14 D2 34 3F DC E7 4D 4A 00 00 20 4E
00020570  24 18 4D 4A EC 2D 34 3F 34 3F EC 2D 4D 4A 24 18
00020580  20 4E 00 00 4D 4A DC E7 34 3F 14 D2 EC 2D CC C0
00020590  24 18 B3 B5 00 00 E0 B1 DC E7 B3 B5 14 D2 CC C0
000205A0  CC C0 14 D2 B3 B5 DC E7 E0 B1 00 00 B3 B5 24 18
000205B0  CC C0 EC 2D 14 D2 34 3F DC E7 4D 4A 00 00 20 4E
000205C0  24 18 4D 4A EC 2D 34 3F 34 3F EC 2D 4D 4A 24 18
000205D0  20 4E 00 00 4D 4A DC E7 34 3F 14 D2 EC 2D CC C0
000205E0  24 18 B3 B5 00 00 E0 B1 DC E7 B3 B5 14 D2 CC C0
000205F0  CC C0 14 D2 B3 B5 DC E7 E0 B1 00 00 B3 B5 24 18
00020600  CC C0 EC 2D 14 D2 34 3F DC E7 4D 4A 00 00 20 4E
00020610  24 18 4D 4A EC 2D 34 3F 34 3F EC 2D 4D 4A 24 18
00020620  20 4E 00 00 4D 4A DC E7 34 3F 14 D2 EC 2D CC C0
00020630  24 18 B3 B5 00 00 E0 B1 DC E7 B3 B5 14 D2 CC C0
00020640  CC C0 14 D2 B3 B5 DC E7 E0 B1 00 00 B3 B5 24 18
00020650  CC C0 EC 2D 14 D2 34 3F DC E7 4D 4A 00 00 20 4E
00020660  24 18 4D 4A EC 2D 34 3F 34 3F EC 2D 4D 4A 24 18
00020670  20 4E 00 00 4D 4A DC E7 34 3F 14 D2 EC 2D CC C0
00020680  24 18 B3 B5 00 00 E0 B1 DC E7 B3 B5 14 D2 CC C0
00020690  CC C0 14 D2 B3 B5 DC E7 E0 B1 00 00 B3 B5 24 18
000206A0  CC C0 EC 2D 14 D2 34 3F DC E7 4D 4A 00 00 20 4E
000206B0  24 18 4D 4A EC 2D 34 3F 34 3F EC 2D 4D 4A 24 18
000206C0  20 4E 00 00 4D 4A DC E7 34 3F 14 D2 EC 2D CC C0
000206D0  24 18 B3 B5 00 00 E0 B1 DC E7 B3 B5 14 D2 CC C0
000206E0  CC C0 14 D2 B3 B5 DC E7 E0 B1 00 00 B3 B5 24 18
000206F0  CC C0 EC 2D 14 D2 34 3F DC E7 4D 4A 00 00 20 4E
00020700  24 18 4D 4A EC 2D 34 3F 34 3F EC 2D 4D 4A 24 18
00020710  20 4E 00 00 4D 4A DC E7 34 3F 14 D2 EC 2D CC C0
00020720  24 18 B3 B5 00 00 E0 B1 DC E7 B3 B5 14 D2 CC C0
00020730  CC C0 14 D2 B3 B5 DC E7 E0 B1 00 00 B3 B5 24 18
00020740  CC C0 EC 2D 14 D2 34 3F DC E7 4D 4A 00 00 20 4E
00020750  24 18 4D 4A EC 2D 34 3F 34 3F EC 2D 4D 4A 24 18
00020760  20 4E 00 00 4D 4A DC E7 34 3F 14 D2 EC 2D CC C0
00020770  24 18 B3 B5 00 00 E0 B1 DC E7 B3 B5 14 D2 CC C0
00020780  CC C0 14 D2 B3 B5 DC E7 E0 B1 00 00 B3 B5 24 18
00020790  CC C0 EC 2D 14 D2 34 3F DC E7 4D 4A 00 00 20 4E
000207A0  24 18 4D 4A EC 2D 34 3F 34 3F EC 2D 4D 4A 24 18
000207B0  20 4E 00 00 4D 4A DC E7 34 3F 14 D2 EC 2D CC C0
000207C0  24 18 B3 B5 00 00 E0 B1 DC E7 B3 B5 14 D2 CC C0
000207D0  CC C0 14 D2 B3 B5 DC E7 E0 B1 00 00 B3 B5 24 18
000207E0  CC C0 EC 2D 14 D2 34 3F DC E7 4D 4A 00 00 20 4E
000207F0  24 18 4D 4A EC 2D 34 3F 34 3F EC 2D 4D 4A 24 18
00020800  20 4E 00 00 4D 4A DC E7 34 3F 14 D2 EC 2D CC C0
00020810  24 18 B3 B5 00 00 E0 B1 DC E7 B3 B5 14 D2 CC C0
00020820  CC C0 14 D2 B3 B5 DC E7 E0 B1 00 00 B3 B5 24 18
00020830  CC C0 EC 2D 14 D2 34 3F DC E7 4D 4A 00 00 20 4E
00020840  24 18 4D 4A EC 2D 34 3F 34 3F EC 2D 4D 4A 24 18
00020850  20 4E 00 00 4D 4A DC E7 34 3F 14 D2 EC 2D CC C0
00020860  24 18 B3 B5 00 00 E0 B1 DC E7 B3 B5 14 D2 CC C0
00020870  CC C0 14 D2 B3 B5 DC E7 E0 B1 00 00 B3 B5 24 18
00020880  CC C0 EC 2D 14 D2 34 3F DC E7 4D 4A 00 00 20 4E
00020890  24 18 4D 4A EC 2D 34 3F 34 3F EC 2D 4D 4A 24 18
000208A0  20 4E 00 00 4D 4A DC E7 34 3F 14 D2 EC 2D CC C0
000208B0  24 18 B3 B5 00 00 E0 B1 DC E7 B3 B5 14 D2 CC C0
000208C0  CC C0 14 D2 B3 B5 DC E7 E0 B1 00 00 B3 B5 24 18
000208D0  CC C0 EC 2D 14 D2 34 3F DC E7 4D 4A 00 00 20 4E
000208E0  24 18 4D 4A EC 2D 34 3F 34 3F EC 2D 4D 4A 24 18
000208F0  20 4E 00 00 4D 4A DC E7 34 3F 14 D2 EC 2D CC C0
00020900  24 18 B3 B5 00 00 E0 B1 DC E7 B3 B5 14 D2 CC C0
00020910  CC C0 14 D2 B3 B5 DC E7 E0 B1 00 00 B3 B5 24 18
00020920  CC C0 EC 2D 14 D2 34 3F DC E7 4D 4A 00 00 20 4E
00020930  24 18 4D 4A EC 2D 34 3F 34 3F EC 2D 4D 4A 24 18
00020940  20 4E 00 00 4D 4A DC E7 34 3F 14 D2 EC 2D CC C0
00020950  24 18 B3 B5 00 00 E0 B1 DC E7 B3 B5 14 D2 CC C0
00020960  CC C0 14 D2 B3 B5 DC E7 E0 B1 00 00 B3 B5 24 18
00020970  CC C0 EC 2D 14 D2 34 3F DC E7 4D 4A 00 00 20 4E
00020980  24 18 4D 4A EC 2D 34 3F 34 3F EC 2D 4D 4A 24 18
00020990  20 4E 00 00 4D 4A DC E7 34 3F 14 D2 EC 2D CC C0
000209A0  24 18 B3 B5 00 00 E0 B1 DC E7 B3 B5 14 D2 CC C0
000209B0  CC C0 14 D2 B3 B5 DC E7 E0 B1 00 00 B3 B5 24 18
000209C0  CC C0 EC 2D 14 D2 34 3F DC E7 4D 4A 00 00 20 4E
000209D0  24 18 4D 4A EC 2D 34 3F 34 3F EC 2D 4D 4A 24 18
000209E0  20 4E 00 00 4D 4A DC E7 34 3F 14 D2 EC 2D CC C0
000209F0  24 18 B3 B5 00 00 E0 B1 DC E7 B3 B5 14 D2 CC C0
00020A00  CC C0 14 D2 B3 B5 DC E7 E0 B1 00 00 B3 B5 24 18
00020A10  CC C0 EC 2D 14 D2 34 3F DC E7 4D 4A 00 00 20 4E
00020A20  24 18 4D 4A EC 2D 34 3F 34 3F EC 2D 4D 4A 24 18
00020A30  20 4E 00 00 4D 4A DC E7 34 3F 14 D2 EC 2D CC C0
00020A40  24 18 B3 B5 00 00 E0 B1 DC E7 B3 B5 14 D2 CC C0
00020A50  CC C0 14 D2 B3 B5 DC E7 E0 B1 00 00 B3 B5 24 18
00020A60  CC C0 EC 2D 14 D2 34 3F DC E7 4D 4A 00 00 20 4E
00020A70  24 18 4D 4A EC 2D 34 3F 34 3F EC 2D 4D 4A 24 18
00020A80  20 4E 00 00 4D 4A DC E7 34 3F 14 D2 EC 2D CC C0
00020A90  24 18 B3 B5 00 00 E0 B1 DC E7 B3 B5 14 D2 CC C0
00020AA0  CC C0 14 D2 B3 B5 DC E7 E0 B1 00 00 B3 B5 24 18
00020AB0  CC C0 EC 2D 14 D2 34 3F DC E7 4D 4A 00 00 20 4E
00020AC0  24 18 4D 4A EC 2D 34 3F 34 3F EC 2D 4D 4A 24 18
00020AD0  20 4E 00 00 4D 4A DC E7 34 3F 14 D2 EC 2D CC C0
00020AE0  24 18 B3 B5 00 00 E0 B1 DC E7 B3 B5 14 D2 CC C0
00020AF0  CC C0 14 D2 B3 B5 DC E7 E0 B1 00 00 B3 B5 24 18
00020B00  CC C0 EC 2D 14 D2 34 3F DC E7 4D 4A 00 00 20 4E
00020B10  24 18 4D 4A EC 2D 34 3F 34 3F EC 2D 4D 4A 24 18
00020B20  20 4E 00 00 4D 4A DC E7 34 3F 14 D2 EC 2D CC C0
00020B30  24 18 B3 B5 00 00 E0 B1 DC E7 B3 B5 14 D2 CC C0
00020B40  CC C0 14 D2 B3 B5 DC E7 E0 B1 00 00 B3 B5 24 18
00020B50  CC C0 EC 2D 14 D2 34 3F DC E7 4D 4A 00 00 20 4E
00020B60  24 18 4D 4A EC 2D 34 3F 34 3F EC 2D 4D 4A 24 18
00020B70  20 4E 00 00 4D 4A DC E7 34 3F 14 D2 EC 2D CC C0
00020B80  24 18 B3 B5 00 00 E0 B1 DC E7 B3 B5 14 D2 CC C0
00020B90  CC C0 14 D2 B3 B5 DC E7 E0 B1 00 00 B3 B5 24 18
00020BA0  CC C0 EC 2D 14 D2 34 3F DC E7 4D 4A 00 00 20 4E
00020BB0  24 18 4D 4A EC 2D 34 3F 34 3F EC 2D 4D 4A 24 18
00020BC0  20 4E 00 00 4D 4A DC E7 34 3F 14 D2 EC 2D CC C0
00020BD0  24 18 B3 B5 00 00 E0 B1 DC E7 B3 B5 14 D2 CC C0
00020BE0  CC C0 14 D2 B3 B5 DC E7 E0 B1 00 00 B3 B5 24 18
00020BF0  CC C0 EC 2D 14 D2 34 3F DC E7 4D 4A 00 00 20 4E
00020C00  24 18 4D 4A EC 2D 34 3F 34 3F EC 2D 4D 4A 24 18
00020C10  20 4E 00 00 4D 4A DC E7 34 3F 14 D2 EC 2D CC C0
00020C20  24 18 B3 B5 00 00 E0 B1 DC E7 B3 B5 14 D2 CC C0
00020C30  CC C0 14 D2 B3 B5 DC E7 E0 B1 00 00 B3 B5 24 18
00020C40  CC C0 EC 2D 14 D2 34 3F DC E7 4D 4A 00 00 20 4E
00020C50  24 18 4D 4A EC 2D 34 3F 34 3F EC 2D 4D 4A 24 18
00020C60  20 4E 00 00 4D 4A DC E7 34 3F 14 D2 EC 2D CC C0
00020C70  24 18 B3 B5 00 00 E0 B1 DC E7 B3 B5 14 D2 CC C0
00020C80  CC C0 14 D2 B3 B5 DC E7 E0 B1 00 00 B3 B5 24 18
00020C90  CC C0 EC 2D 14 D2 34 3F DC E7 4D 4A 00 00 20 4E
00020CA0  24 18 4D 4A EC 2D 34 3F 34 3F EC 2D 4D 4A 24 18
00020CB0  20 4E 00 00 4D 4A DC E7 34 3F 14 D2 EC 2D CC C0
00020CC0  24 18 B3 B5 00 00 E0 B1 DC E7 B3 B5 14 D2 CC C0
00020CD0  CC C0 14 D2 B3 B5 DC E7 E0 B1 00 00 B3 B5 24 18
00020CE0  CC C0 EC 2D 14 D2 34 3F DC E7 4D 4A 00 00 20 4E
00020CF0  24 18 4D 4A EC 2D 34 3F 34 3F EC 2D 4D 4A 24 18
00020D00  20 4E 00 00 4D 4A DC E7 34 3F 14 D2 EC 2D CC C0
00020D10  24 18 B3 B5 00 00 E0 B1 DC E7 B3 B5 14 D2 CC C0
00020D20  CC C0 14 D2 B3 B5 DC E7 E0 B1 00 00 B3 B5 24 18
00020D30  CC C0 EC 2D 14 D2 34 3F DC E7 4D 4A 00 00 20 4E
00020D40  24 18 4D 4A EC 2D 34 3F 34 3F EC 2D 4D 4A 24 18
00020D50  20 4E 00 00 4D 4A DC E7 34 3F 14 D2 EC 2D CC C0
00020D60  24 18 B3 B5 00 00 E0 B1 DC E7 B3 B5 14 D2 CC C0
00020D70  CC C0 14 D2 B3 B5 DC E7 E0 B1 00 00 B3 B5 24 18
00020D80  CC C0 EC 2D 14 D2 34 3F DC E7 4D 4A 00 00 20 4E
00020D90  24 18 4D 4A EC 2D 34 3F 34 3F EC 2D 4D 4A 24 18
00020DA0  20 4E 00 00 4D 4A DC E7 34 3F 14 D2 EC 2D CC C0
00020DB0  24 18 B3 B5 00 00 E0 B1 DC E7 B3 B5 14 D2 CC C0
00020DC0  CC C0 14 D2 B3 B5 DC E7 E0 B1 00 00 B3 B5 24 18
00020DD0  CC C0 EC 2D 14 D2 34 3F DC E7 4D 4A 00 00 20 4E
00020DE0  24 18 4D 4A EC 2D 34 3F 34 3F EC 2D 4D 4A 24 18
00020DF0  20 4E 00 00 4D 4A DC E7 34 3F 14 D2 EC 2D CC C0
00020E00  24 18 B3 B5 00 00 E0 B1 DC E7 B3 B5 14 D2 CC C0
00020E10  CC C0 14 D2 B3 B5 DC E7 E0 B1 00 00 B3 B5 24 18
00020E20  CC C0 EC 2D 14 D2 34 3F DC E7 4D 4A 00 00 20 4E
00020E30  24 18 4D 4A EC 2D 34 3F 34 3F EC 2D 4D 4A 24 18
00020E40  20 4E 00 00 4D 4A DC E7 34 3F 14 D2 EC 2D CC C0
00020E50  24 18 B3 B5 00 00 E0 B1 DC E7 B3 B5 14 D2 CC C0
00020E60  CC C0 14 D2 B3 B5 DC E7 E0 B1 00 00 B3 B5 24 18
00020E70  CC C0 EC 2D 14 D2 34 3F DC E7 4D 4A 00 00 20 4E
00020E80  24 18 4D 4A EC 2D 34 3F 34 3F EC 2D 4D 4A 24 18
00020E90  20 4E 00 00 4D 4A DC E7 34 3F 14 D2 EC 2D CC C0
00020EA0  24 18 B3 B5 00 00 E0 B1 DC E7 B3 B5 14 D2 CC C0
00020EB0  CC C0 14 D2 B3 B5 DC E7 E0 B1 00 00 B3 B5 24 18
00020EC0  CC C0 EC 2D 14 D2 34 3F DC E7 4D 4A 00 00 20 4E
00020ED0  24 18 4D 4A EC 2D 34 3F 34 3F EC 2D 4D 4A 24 18
00020EE0  20 4E 00 00 4D 4A DC E7 34 3F 14 D2 EC 2D CC C0
00020EF0  24 18 B3 B5 00 00 E0 B1 DC E7 B3 B5 14 D2 CC C0
00020F00  CC C0 14 D2 B3 B5 DC E7 E0 B1 00 00 B3 B5 24 18
00020F10  CC C0 EC 2D 14 D2 34 3F DC E7 4D 4A 00 00 20 4E
00020F20  24 18 4D 4A EC 2D 34 3F 34 3F EC 2D 4D 4A 24 18
00020F30  20 4E 00 00 4D 4A DC E7 34 3F 14 D2 EC 2D CC C0
00020F40  24 18 B3 B5 00 00 E0 B1 DC E7 B3 B5 14 D2 CC C0
00020F50  CC C0 14 D2 B3 B5 DC E7 E0 B1 00 00 B3 B5 24 18
00020F60  CC C0 EC 2D 14 D2 34 3F DC E7 4D 4A 00 00 20 4E
00020F70  24 18 4D 4A EC 2D 34 3F 34 3F EC 2D 4D 4A 24 18
00020F80  20 4E 00 00 4D 4A DC E7 34 3F 14 D2 EC 2D CC C0
00020F90  24 18 B3 B5 00 00 E0 B1 DC E7 B3 B5 14 D2 CC C0
00020FA0  CC C0 14 D2 B3 B5 DC E7 E0 B1 00 00 B3 B5 24 18
00020FB0  CC C0 EC 2D 14 D2 34 3F DC E7 4D 4A 00 00 20 4E
00020FC0  24 18 4D 4A EC 2D 34 3F 34 3F EC 2D 4D 4A 24 18
00020FD0  20 4E 00 00 4D 4A DC E7 34 3F 14 D2 EC 2D CC C0
00020FE0  24 18 B3 B5 00 00 E0 B1 DC E7 B3 B5 14 D2 CC C0
00020FF0  CC C0 14 D2 B3 B5 DC E7 E0 B1 00 00 B3 B5 24 18
00021000  CC C0 EC 2D 14 D2 34 3F DC E7 4D 4A 00 00 20 4E
00021010  24 18 4D 4A EC 2D 34 3F 34 3F EC 2D 4D 4A 24 18
00021020  20 4E 00 00 4D 4A DC E7 34 3F 14 D2 EC 2D CC C0
00021030  24 18 B3 B5 00 00 E0 B1 DC E7 B3 B5 14 D2 CC C0
00021040  CC C0 14 D2 B3 B5 DC E7 E0 B1 00 00 B3 B5 24 18
00021050  CC C0 EC 2D 14 D2 34 3F DC E7 4D 4A 00 00 20 4E
00021060  24 18 4D 4A EC 2D 34 3F 34 3F EC 2D 4D 4A 24 18
00021070  20 4E 00 00 4D 4A DC E7 34 3F 14 D2 EC 2D CC C0
00021080  24 18 B3 B5 00 00 E0 B1 DC E7 B3 B5 14 D2 CC C0
00021090  CC C0 14 D2 B3 B5 DC E7 E0 B1 00 00 B3 B5 24 18
000210A0  CC C0 EC 2D 14 D2 34 3F DC E7 4D 4A 00 00 20 4E
000210B0  24 18 4D 4A EC 2D 34 3F 34 3F EC 2D 4D 4A 24 18
000210C0  20 4E 00 00 4D 4A DC E7 34 3F 14 D2 EC 2D CC C0
000210D0  24 18 B3 B5 00 00 E0 B1 DC E7 B3 B5 14 D2 CC C0
000210E0  CC C0 14 D2 B3 B5 DC E7 E0 B1 00 00 B3 B5 24 18
000210F0  CC C0 EC 2D 14 D2 34 3F DC E7 4D 4A 00 00 20 4E
00021100  24 18 4D 4A EC 2D 34 3F 34 3F EC 2D 4D 4A 24 18
00021110  20 4E 00 00 4D 4A DC E7 34 3F 14 D2 EC 2D CC C0
00021120  24 18 B3 B5 00 00 E0 B1 DC E7 B3 B5 14 D2 CC C0
00021130  CC C0 14 D2 B3 B5 DC E7 E0 B1 00 00 B3 B5 24 18
00021140  CC C0 EC 2D 14 D2 34 3F DC E7 4D 4A 00 00 20 4E
00021150  24 18 4D 4A EC 2D 34 3F 34 3F EC 2D 4D 4A 24 18
00021160  20 4E 00 00 4D 4A DC E7 34 3F 14 D2 EC 2D CC C0
00021170  24 18 B3 B5 00 00 E0 B1 DC E7 B3 B5 14 D2 CC C0
00021180  CC C0 14 D2 B3 B5 DC E7 E0 B1 00 00 B3 B5 24 18
00021190  CC C0 EC 2D 14 D2 34 3F DC E7 4D 4A 00 00 20 4E
000211A0  24 18 4D 4A EC 2D 34 3F 34 3F EC 2D 4D 4A 24 18
000211B0  20 4E 00 00 4D 4A DC E7 34 3F 14 D2 EC 2D CC C0
000211C0  24 18 B3 B5 00 00 E0 B1 DC E7 B3 B5 14 D2 CC C0
000211D0  CC C0 14 D2 B3 B5 DC E7 E0 B1 00 00 B3 B5 24 18
000211E0  CC C0 EC 2D 14 D2 34 3F DC E7 4D 4A 00 00 20 4E
000211F0  24 18 4D 4A EC 2D 34 3F 34 3F EC 2D 4D 4A 24 18
00021200  20 4E 00 00 4D 4A DC E7 34 3F 14 D2 EC 2D CC C0
00021210  24 18 B3 B5 00 00 E0 B1 DC E7 B3 B5 14 D2 CC C0
00021220  CC C0 14 D2 B3 B5 DC E7 E0 B1 00 00 B3 B5 24 18
00021230  CC C0 EC 2D 14 D2 34 3F DC E7 4D 4A 00 00 20 4E
00021240  24 18 4D 4A EC 2D 34 3F 34 3F EC 2D 4D 4A 24 18
00021250  20 4E 00 00 4D 4A DC E7 34 3F 14 D2 EC 2D CC C0
00021260  24 18 B3 B5 00 00 E0 B1 DC E7 B3 B5 14 D2 CC C0
00021270  CC C0 14 D2 B3 B5 DC E7 E0 B1 00 00 B3 B5 24 18
00021280  CC C0 EC 2D 14 D2 34 3F DC E7 4D 4A 00 00 20 4E
00021290  24 18 4D 4A EC 2D 34 3F 34 3F EC 2D 4D 4A 24 18
000212A0  20 4E 00 00 4D 4A DC E7 34 3F 14 D2 EC 2D CC C0
000212B0  24 18 B3 B5 00 00 E0 B1 DC E7 B3 B5 14 D2 CC C0
000212C0  CC C0 14 D2 B3 B5 DC E7 E0 B1 00 00 B3 B5 24 18
000212D0  CC C0 EC 2D 14 D2 34 3F DC E7 4D 4A 00 00 20 4E
000212E0  24 18 4D 4A EC 2D 34 3F 34 3F EC 2D 4D 4A 24 18
000212F0  20 4E 00 00 4D 4A DC E7 34 3F 14 D2 EC 2D CC C0
00021300  24 18 B3 B5 00 00 E0 B1 DC E7 B3 B5 14 D2 CC C0
00021310  CC C0 14 D2 B3 B5 DC E7 E0 B1 00 00 B3 B5 24 18
00021320  CC C0 EC 2D 14 D2 34 3F DC E7 4D 4A 00 00 20 4E
00021330  24 18 4D 4A EC 2D 34 3F 34 3F EC 2D 4D 4A 24 18
00021340  20 4E 00 00 4D 4A DC E7 34 3F 14 D2 EC 2D CC C0
00021350  24 18 B3 B5 00 00 E0 B1 DC E7 B3 B5 14 D2 CC C0
00021360  CC C0 14 D2 B3 B5 DC E7 E0 B1 00 00 B3 B5 24 18
00021370  CC C0 EC 2D 14 D2 34 3F DC E7 4D 4A 00 00 20 4E
00021380  24 18 4D 4A EC 2D 34 3F 34 3F EC 2D 4D 4A 24 18
00021390  20 4E 00 00 4D 4A DC E7 34 3F 14 D2 EC 2D CC C0
000213A0  24 18 B3 B5 00 00 E0 B1 DC E7 B3 B5 14 D2 CC C0
000213B0  CC C0 14 D2 B3 B5 DC E7 E0 B1 00 00 B3 B5 24 18
000213C0  CC C0 EC 2D 14 D2 34 3F DC E7 4D 4A 00 00 20 4E
000213D0  24 18 4D 4A EC 2D 34 3F 34 3F EC 2D 4D 4A 24 18
000213E0  20 4E 00 00 4D 4A DC E7 34 3F 14 D2 EC 2D CC C0
000213F0  24 18 B3 B5 00 00 E0 B1 DC E7 B3 B5 14 D2 CC C0
00021400  CC C0 14 D2 B3 B5 DC E7 E0 B1 00 00 B3 B5 24 18
00021410  CC C0 EC 2D 14 D2 34 3F DC E7 4D 4A 00 00 20 4E
00021420  24 18 4D 4A EC 2D 34 3F 34 3F EC 2D 4D 4A 24 18
00021430  20 4E 00 00 4D 4A DC E7 34 3F 14 D2 EC 2D CC C0
00021440  24 18 B3 B5 00 00 E0 B1 DC E7 B3 B5 14 D2 CC C0
00021450  CC C0 14 D2 B3 B5 DC E7 E0 B1 00 00 B3 B5 24 18
00021460  CC C0 EC 2D 14 D2 34 3F DC E7 4D 4A 00 00 20 4E
00021470  24 18 4D 4A EC 2D 34 3F 34 3F EC 2D 4D 4A 24 18
00021480  20 4E 00 00 4D 4A DC E7 34 3F 14 D2 EC 2D CC C0
00021490  24 18 B3 B5 00 00 E0 B1 DC E7 B3 B5 14 D2 CC C0
000214A0  CC C0 14 D2 B3 B5 DC E7 E0 B1 00 00 B3 B5 24 18
000214B0  CC C0 EC 2D 14 D2 34 3F DC E7 4D 4A 00 00 20 4E
000214C0  24 18 4D 4A EC 2D 34 3F 34 3F EC 2D 4D 4A 24 18
000214D0  20 4E 00 00 4D 4A DC E7 34 3F 14 D2 EC 2D CC C0
000214E0  24 18 B3 B5 00 00 E0 B1 DC E7 B3 B5 14 D2 CC C0
000214F0  CC C0 14 D2 B3 B5 DC E7 E0 B1 00 00 B3 B5 24 18
00021500  CC C0 EC 2D 14 D2 34 3F DC E7 4D 4A 00 00 20 4E
00021510  24 18 4D 4A EC 2D 34 3F 34 3F EC 2D 4D 4A 24 18
00021520  20 4E 00 00 4D 4A DC E7 34 3F 14 D2 EC 2D CC C0
00021530  24 18 B3 B5 00 00 E0 B1 DC E7 B3 B5 14 D2 CC C0
00021540  CC C0 14 D2 B3 B5 DC E7 E0 B1 00 00 B3 B5 24 18
00021550  CC C0 EC 2D 14 D2 34 3F DC E7 4D 4A 00 00 20 4E
00021560  24 18 4D 4A EC 2D 34 3F 34 3F EC 2D 4D 4A 24 18
00021570  20 4E 00 00 4D 4A DC E7 34 3F 14 D2 EC 2D CC C0
00021580  24 18 B3 B5 00 00 E0 B1 DC E7 B3 B5 14 D2 CC C0
00021590  CC C0 14 D2 B3 B5 DC E7 E0 B1 00 00 B3 B5 24 18
000215A0  CC C0 EC 2D 14 D2 34 3F DC E7 4D 4A 00 00 20 4E
000215B0  24 18 4D 4A EC 2D 34 3F 34 3F EC 2D 4D 4A 24 18
000215C0  20 4E 00 00 4D 4A DC E7 34 3F 14 D2 EC 2D CC C0
000215D0  24 18 B3 B5 00 00 E0 B1 DC E7 B3 B5 14 D2 CC C0
000215E0  CC C0 14 D2 B3 B5 DC E7 E0 B1 00 00 B3 B5 24 18
000215F0  CC C0 EC 2D 14 D2 34 3F DC E7 4D 4A 00 00 20 4E
00021600  24 18 4D 4A EC 2D 34 3F 34 3F EC 2D 4D 4A 24 18
00021610  20 4E 00 00 4D 4A DC E7 34 3F 14 D2 EC 2D CC C0
00021620  24 18 B3 B5 00 00 E0 B1 DC E7 B3 B5 14 D2 CC C0
00021630  CC C0 14 D2 B3 B5 DC E7 E0 B1 00 00 B3 B5 24 18
00021640  CC C0 EC 2D 14 D2 34 3F DC E7 4D 4A 00 00 20 4E
00021650  24 18 4D 4A EC 2D 34 3F 34 3F EC 2D 4D 4A 24 18
00021660  20 4E 00 00 4D 4A DC E7 34 3F 14 D2 EC 2D CC C0
00021670  24 18 B3 B5 00 00 E0 B1 DC E7 B3 B5 14 D2 CC C0
00021680  CC C0 14 D2 B3 B5 DC E7 E0 B1 00 00 B3 B5 24 18
00021690  CC C0 EC 2D 14 D2 34 3F DC E7 4D 4A 00 00 20 4E
000216A0  24 18 4D 4A EC 2D 34 3F 34 3F EC 2D 4D 4A 24 18
000216B0  20 4E 00 00 4D 4A DC E7 34 3F 14 D2 EC 2D CC C0
000216C0  24 18 B3 B5 00 00 E0 B1 DC E7 B3 B5 14 D2 CC C0
000216D0  CC C0 14 D2 B3 B5 DC E7 E0 B1 00 00 B3 B5 24 18
000216E0  CC C0 EC 2D 14 D2 34 3F DC E7 4D 4A 00 00 20 4E
000216F0  24 18 4D 4A EC 2D 34 3F 34 3F EC 2D 4D 4A 24 18
00021700  20 4E 00 00 4D 4A DC E7 34 3F 14 D2 EC 2D CC C0
00021710  24 18 B3 B5 00 00 E0 B1 DC E7 B3 B5 14 D2 CC C0
00021720  CC C0 14 D2 B3 B5 DC E7 E0 B1 00 00 B3 B5 24 18
00021730  CC C0 EC 2D 14 D2 34 3F DC E7 4D 4A 00 00 20 4E
00021740  24 18 4D 4A EC 2D 34 3F 34 3F EC 2D 4D 4A 24 18
00021750  20 4E 00 00 4D 4A DC E7 34 3F 14 D2 EC 2D CC C0
00021760  24 18 B3 B5 00 00 E0 B1 DC E7 B3 B5 14 D2 CC C0
00021770  CC C0 14 D2 B3 B5 DC E7 E0 B1 00 00 B3 B5 24 18
00021780  CC C0 EC 2D 14 D2 34 3F DC E7 4D 4A 00 00 20 4E
00021790  24 18 4D 4A EC 2D 34 3F 34 3F EC 2D 4D 4A 24 18
000217A0  20 4E 00 00 4D 4A DC E7 34 3F 14 D2 EC 2D CC C0
000217B0  24 18 B3 B5 00 00 E0 B1 DC E7 B3 B5 14 D2 CC C0
000217C0  CC C0 14 D2 B3 B5 DC E7 E0 B1 00 00 B3 B5 24 18
000217D0  CC C0 EC 2D 14 D2 34 3F DC E7 4D 4A 00 00 20 4E
000217E0  24 18 4D 4A EC 2D 34 3F 34 3F EC 2D 4D 4A 24 18
000217F0  20 4E 00 00 4D 4A DC E7 34 3F 14 D2 EC 2D CC C0
00021800  24 18 B3 B5 00 00 E0 B1 DC E7 B3 B5 14 D2 CC C0
00021810  CC C0 14 D2 B3 B5 DC E7 E0 B1 00 00 B3 B5 24 18
00021820  CC C0 EC 2D 14 D2 34 3F DC E7 4D 4A 00 00 20 4E
00021830  24 18 4D 4A EC 2D 34 3F 34 3F EC 2D 4D 4A 24 18
00021840  20 4E 00 00 4D 4A DC E7 34 3F 14 D2 EC 2D CC C0
00021850  24 18 B3 B5 00 00 E0 B1 DC E7 B3 B5 14 D2 CC C0
00021860  CC C0 14 D2 B3 B5 DC E7 E0 B1 00 00 B3 B5 24 18
00021870  CC C0 EC 2D 14 D2 34 3F DC E7 4D 4A 00 00 20 4E
00021880  24 18 4D 4A EC 2D 34 3F 34 3F EC 2D 4D 4A 24 18
00021890  20 4E 00 00 4D 4A DC E7 34 3F 14 D2 EC 2D CC C0
000218A0  24 18 B3 B5 00 00 E0 B1 DC E7 B3 B5 14 D2 CC C0
000218B0  CC C0 14 D2 B3 B5 DC E7 E0 B1 00 00 B3 B5 24 18
000218C0  CC C0 EC 2D 14 D2 34 3F DC E7 4D 4A 00 00 20 4E
000218D0  24 18 4D 4A EC 2D 34 3F 34 3F EC 2D 4D 4A 24 18
000218E0  20 4E 00 00 4D 4A DC E7 34 3F 14 D2 EC 2D CC C0
000218F0  24 18 B3 B5 00 00 E0 B1 DC E7 B3 B5 14 D2 CC C0
00021900  CC C0 14 D2 B3 B5 DC E7 E0 B1 00 00 B3 B5 24 18
00021910  CC C0 EC 2D 14 D2 34 3F DC E7 4D 4A 00 00 20 4E
00021920  24 18 4D 4A EC 2D 34 3F 34 3F EC 2D 4D 4A 24 18
00021930  20 4E 00 00 4D 4A DC E7 34 3F 14 D2 EC 2D CC C0
00021940  24 18 B3 B5 00 00 E0 B1 DC E7 B3 B5 14 D2 CC C0
00021950  CC C0 14 D2 B3 B5 DC E7 E0 B1 00 00 B3 B5 24 18
00021960  CC C0 EC 2D 14 D2 34 3F DC E7 4D 4A 00 00 20 4E
00021970  24 18 4D 4A EC 2D 34 3F 34 3F EC 2D 4D 4A 24 18
00021980  20 4E 00 00 4D 4A DC E7 34 3F 14 D2 EC 2D CC C0
00021990  24 18 B3 B5 00 00 E0 B1 DC E7 B3 B5 14 D2 CC C0
000219A0  CC C0 14 D2 B3 B5 DC E7 E0 B1 00 00 B3 B5 24 18
000219B0  CC C0 EC 2D 14 D2 34 3F DC E7 4D 4A 00 00 20 4E
000219C0  24 18 4D 4A EC 2D 34 3F 34 3F EC 2D 4D 4A 24 18
000219D0  20 4E 00 00 4D 4A DC E7 34 3F 14 D2 EC 2D CC C0
000219E0  24 18 B3 B5 00 00 E0 B1 DC E7 B3 B5 14 D2 CC C0
000219F0  CC C0 14 D2 B3 B5 DC E7 E0 B1 00 00 B3 B5 24 18
00021A00  CC C0 EC 2D 14 D2 34 3F DC E7 4D 4A 00 00 20 4E
00021A10  24 18 4D 4A EC 2D 34 3F 34 3F EC 2D 4D 4A 24 18
00021A20  20 4E 00 00 4D 4A DC E7 34 3F 14 D2 EC 2D CC C0
00021A30  24 18 B3 B5 00 00 E0 B1 DC E7 B3 B5 14 D2 CC C0
00021A40  CC C0 14 D2 B3 B5 DC E7 E0 B1 00 00 B3 B5 24 18
00021A50  CC C0 EC 2D 14 D2 34 3F DC E7 4D 4A 00 00 20 4E
00021A60  24 18 4D 4A EC 2D 34 3F 34 3F EC 2D 4D 4A 24 18
00021A70  20 4E 00 00 4D 4A DC E7 34 3F 14 D2 EC 2D CC C0
00021A80  24 18 B3 B5 00 00 E0 B1 DC E7 B3 B5 14 D2 CC C0
00021A90  CC C0 14 D2 B3 B5 DC E7 E0 B1 00 00 B3 B5 24 18
00021AA0  CC C0 EC 2D 14 D2 34 3F DC E7 4D 4A 00 00 20 4E
00021AB0  24 18 4D 4A EC 2D 34 3F 34 3F EC 2D 4D 4A 24 18
00021AC0  20 4E 00 00 4D 4A DC E7 34 3F 14 D2 EC 2D CC C0
00021AD0  24 18 B3 B5 00 00 E0 B1 DC E7 B3 B5 14 D2 CC C0
00021AE0  CC C0 14 D2 B3 B5 DC E7 E0 B1 00 00 B3 B5 24 18
00021AF0  CC C0 EC 2D 14 D2 34 3F DC E7 4D 4A 00 00 20 4E
00021B00  24 18 4D 4A EC 2D 34 3F 34 3F EC 2D 4D 4A 24 18
00021B10  20 4E 00 00 4D 4A DC E7 34 3F 14 D2 EC 2D CC C0
00021B20  24 18 B3 B5 00 00 E0 B1 DC E7 B3 B5 14 D2 CC C0
00021B30  CC C0 14 D2 B3 B5 DC E7 E0 B1 00 00 B3 B5 24 18
00021B40  CC C0 EC 2D 14 D2 34 3F DC E7 4D 4A 00 00 20 4E
00021B50  24 18 4D 4A EC 2D 34 3F 34 3F EC 2D 4D 4A 24 18
00021B60  20 4E 00 00 4D 4A DC E7 34 3F 14 D2 EC 2D CC C0
00021B70  24 18 B3 B5 00 00 E0 B1 DC E7 B3 B5 14 D2 CC C0
00021B80  CC C0 14 D2 B3 B5 DC E7 E0 B1 00 00 B3 B5 24 18
00021B90  CC C0 EC 2D 14 D2 34 3F DC E7 4D 4A 00 00 20 4E
00021BA0  24 18 4D 4A EC 2D 34 3F 34 3F EC 2D 4D 4A 24 18
00021BB0  20 4E 00 00 4D 4A DC E7 34 3F 14 D2 EC 2D CC C0
00021BC0  24 18 B3 B5 00 00 E0 B1 DC E7 B3 B5 14 D2 CC C0
00021BD0  CC C0 14 D2 B3 B5 DC E7 E0 B1 00 00 B3 B5 24 18
00021BE0  CC C0 EC 2D 14 D2 34 3F DC E7 4D 4A 00 00 20 4E
00021BF0  24 18 4D 4A EC 2D 34 3F 34 3F EC 2D 4D 4A 24 18
00021C00  20 4E 00 00 4D 4A DC E7 34 3F 14 D2 EC 2D CC C0
00021C10  24 18 B3 B5 00 00 E0 B1 DC E7 B3 B5 14 D2 CC C0
00021C20  CC C0 14 D2 B3 B5 DC E7 E0 B1 00 00 B3 B5 24 18
00021C30  CC C0 EC 2D 14 D2 34 3F DC E7 4D 4A 00 00 20 4E
00021C40  24 18 4D 4A EC 2D 34 3F 34 3F EC 2D 4D 4A 24 18
00021C50  20 4E 00 00 4D 4A DC E7 34 3F 14 D2 EC 2D CC C0
00021C60  24 18 B3 B5 00 00 E0 B1 DC E7 B3 B5 14 D2 CC C0
00021C70  CC C0 14 D2 B3 B5 DC E7 E0 B1 00 00 B3 B5 24 18
00021C80  CC C0 EC 2D 14 D2 34 3F DC E7 4D 4A 00 00 20 4E
00021C90  24 18 4D 4A EC 2D 34 3F 34 3F EC 2D 4D 4A 24 18
00021CA0  20 4E 00 00 4D 4A DC E7 34 3F 14 D2 EC 2D CC C0
00021CB0  24 18 B3 B5 00 00 E0 B1 DC E7 B3 B5 14 D2 CC C0
00021CC0  CC C0 14 D2 B3 B5 DC E7 E0 B1 00 00 B3 B5 24 18
00021CD0  CC C0 EC 2D 14 D2 34 3F DC E7 4D 4A 00 00 20 4E
00021CE0  24 18 4D 4A EC 2D 34 3F 34 3F EC 2D 4D 4A 24 18
00021CF0  20 4E 00 00 4D 4A DC E7 34 3F 14 D2 EC 2D CC C0
00021D00  24 18 B3 B5 00 00 E0 B1 DC E7 B3 B5 14 D2 CC C0
00021D10  CC C0 14 D2 B3 B5 DC E7 E0 B1 00 00 B3 B5 24 18
00021D20  CC C0 EC 2D 14 D2 34 3F DC E7 4D 4A 00 00 20 4E
00021D30  24 18 4D 4A EC 2D 34 3F 34 3F EC 2D 4D 4A 24 18
00021D40  20 4E 00 00 4D 4A DC E7 34 3F 14 D2 EC 2D CC C0
00021D50  24 18 B3 B5 00 00 E0 B1 DC E7 B3 B5 14 D2 CC C0
00021D60  CC C0 14 D2 B3 B5 DC E7 E0 B1 00 00 B3 B5 24 18
00021D70  CC C0 EC 2D 14 D2 34 3F DC E7 4D 4A 00 00 20 4E
00021D80  24 18 4D 4A EC 2D 34 3F 34 3F EC 2D 4D 4A 24 18
00021D90  20 4E 00 00 4D 4A DC E7 34 3F 14 D2 EC 2D CC C0
00021DA0  24 18 B3 B5 00 00 E0 B1 DC E7 B3 B5 14 D2 CC C0
00021DB0  CC C0 14 D2 B3 B5 DC E7 E0 B1 00 00 B3 B5 24 18
00021DC0  CC C0 EC 2D 14 D2 34 3F DC E7 4D 4A 00 00 20 4E
00021DD0  24 18 4D 4A EC 2D 34 3F 34 3F EC 2D 4D 4A 24 18
00021DE0  20 4E 00 00 4D 4A DC E7 34 3F 14 D2 EC 2D CC C0
00021DF0  24 18 B3 B5 00 00 E0 B1 DC E7 B3 B5 14 D2 CC C0
00021E00  CC C0 14 D2 B3 B5 DC E7 E0 B1 00 00 B3 B5 24 18
00021E10  CC C0 EC 2D 14 D2 34 3F DC E7 4D 4A 00 00 20 4E
00021E20  24 18 4D 4A EC 2D 34 3F 34 3F EC 2D 4D 4A 24 18
00021E30  20 4E 00 00 4D 4A DC E7 34 3F 14 D2 EC 2D CC C0
00021E40  24 18 B3 B5 00 00 E0 B1 DC E7 B3 B5 14 D2 CC C0
00021E50  CC C0 14 D2 B3 B5 DC E7 E0 B1 00 00 B3 B5 24 18
00021E60  CC C0 EC 2D 14 D2 34 3F DC E7 4D 4A 00 00 20 4E
00021E70  24 18 4D 4A EC 2D 34 3F 34 3F EC 2D 4D 4A 24 18
00021E80  20 4E 00 00 4D 4A DC E7 34 3F 14 D2 EC 2D CC C0
00021E90  24 18 B3 B5 00 00 E0 B1 DC E7 B3 B5 14 D2 CC C0
00021EA0  CC C0 14 D2 B3 B5 DC E7 E0 B1 00 00 B3 B5 24 18
00021EB0  CC C0 EC 2D 14 D2 34 3F DC E7 4D 4A 00 00 20 4E
00021EC0  24 18 4D 4A EC 2D 34 3F 34 3F EC 2D 4D 4A 24 18
00021ED0  20 4E 00 00 4D 4A DC E7 34 3F 14 D2 EC 2D CC C0
00021EE0  24 18 B3 B5 00 00 E0 B1 DC E7 B3 B5 14 D2 CC C0
00021EF0  CC C0 14 D2 B3 B5 DC E7 E0 B1 00 00 B3 B5 24 18
00021F00  CC C0 EC 2D 14 D2 34 3F DC E7 4D 4A 00 00 20 4E
00021F10  24 18 4D 4A EC 2D 34 3F 34 3F EC 2D 4D 4A 24 18
00021F20  20 4E 00 00 4D 4A DC E7 34 3F 14 D2 EC 2D CC C0
00021F30  24 18 B3 B5 00 00 E0 B1 DC E7 B3 B5 14 D2 CC C0
00021F40  CC C0 14 D2 B3 B5 DC E7 E0 B1 00 00 B3 B5 24 18
00021F50  CC C0 EC 2D 14 D2 34 3F DC E7 4D 4A 00 00 20 4E
00021F60  24 18 4D 4A EC 2D 34 3F 34 3F EC 2D 4D 4A 24 18
00021F70  20 4E 00 00 4D 4A DC E7 34 3F 14 D2 EC 2D CC C0
00021F80  24 18 B3 B5 00 00 E0 B1 DC E7 B3 B5 14 D2 CC C0
00021F90  CC C0 14 D2 B3 B5 DC E7 E0 B1 00 00 B3 B5 24 18
00021FA0  CC C0 EC 2D 14 D2 34 3F DC E7 4D 4A 00 00 20 4E
00021FB0  24 18 4D 4A EC 2D 34 3F 34 3F EC 2D 4D 4A 24 18
00021FC0  20 4E 00 00 4D 4A DC E7 34 3F 14 D2 EC 2D CC C0
00021FD0  24 18 B3 B5 00 00 E0 B1 DC E7 B3 B5 14 D2 CC C0
00021FE0  CC C0 14 D2 B3 B5 DC E7 E0 B1 00 00 B3 B5 24 18
00021FF0  CC C0 EC 2D 14 D2 34 3F DC E7 4D 4A 00 00 20 4E
00022000  24 18 4D 4A EC 2D 34 3F 34 3F EC 2D 4D 4A 24 18
00022010  20 4E 00 00 4D 4A DC E7 34 3F 14 D2 EC 2D CC C0
00022020  24 18 B3 B5 00 00 E0 B1 DC E7 B3 B5 14 D2 CC C0
00022030  CC C0 14 D2 B3 B5 DC E7 E0 B1 00 00 B3 B5 24 18
00022040  CC C0 EC 2D 14 D2 34 3F DC E7 4D 4A 00 00 20 4E
00022050  24 18 4D 4A EC 2D 34 3F 34 3F EC 2D 4D 4A 24 18
00022060  20 4E 00 00 4D 4A DC E7 34 3F 14 D2 EC 2D CC C0
00022070  24 18 B3 B5 00 00 E0 B1 DC E7 B3 B5 14 D2 CC C0
00022080  CC C0 14 D2 B3 B5 DC E7 E0 B1 00 00 B3 B5 24 18
00022090  CC C0 EC 2D 14 D2 34 3F DC E7 4D 4A 00 00 20 4E
000220A0  24 18 4D 4A EC 2D 34 3F 34 3F EC 2D 4D 4A 24 18
000220B0  20 4E 00 00 4D 4A DC E7 34 3F 14 D2 EC 2D CC C0
000220C0  24 18 B3 B5 00 00 E0 B1 DC E7 B3 B5 14 D2 CC C0
000220D0  CC C0 14 D2 B3 B5 DC E7 E0 B1 00 00 B3 B5 24 18
000220E0  CC C0 EC 2D 14 D2 34 3F DC E7 4D 4A 00 00 20 4E
000220F0  24 18 4D 4A EC 2D 34 3F 34 3F EC 2D 4D 4A 24 18
00022100  20 4E 00 00 4D 4A DC E7 34 3F 14 D2 EC 2D CC C0
00022110  24 18 B3 B5 00 00 E0 B1 DC E7 B3 B5 14 D2 CC C0
00022120  CC C0 14 D2 B3 B5 DC E7 E0 B1 00 00 B3 B5 24 18
00022130  CC C0 EC 2D 14 D2 34 3F DC E7 4D 4A 00 00 20 4E
00022140  24 18 4D 4A EC 2D 34 3F 34 3F EC 2D 4D 4A 24 18
00022150  20 4E 00 00 4D 4A DC E7 34 3F 14 D2 EC 2D CC C0
00022160  24 18 B3 B5 00 00 E0 B1 DC E7 B3 B5 14 D2 CC C0
00022170  CC C0 14 D2 B3 B5 DC E7 E0 B1 00 00 B3 B5 24 18
00022180  CC C0 EC 2D 14 D2 34 3F DC E7 4D 4A 00 00 20 4E
00022190  24 18 4D 4A EC 2D 34 3F 34 3F EC 2D 4D 4A 24 18
000221A0  20 4E 00 00 4D 4A DC E7 34 3F 14 D2 EC 2D CC C0
000221B0  24 18 B3 B5 00 00 E0 B1 DC E7 B3 B5 14 D2 CC C0
000221C0  CC C0 14 D2 B3 B5 DC E7 E0 B1 00 00 B3 B5 24 18
000221D0  CC C0 EC 2D 14 D2 34 3F DC E7 4D 4A 00 00 20 4E
000221E0  24 18 4D 4A EC 2D 34 3F 34 3F EC 2D 4D 4A 24 18
000221F0  20 4E 00 00 4D 4A DC E7 34 3F 14 D2 EC 2D CC C0
00022200  24 18 B3 B5 00 00 E0 B1 DC E7 B3 B5 14 D2 CC C0
00022210  CC C0 14 D2 B3 B5 DC E7 E0 B1 00 00 B3 B5 24 18
00022220  CC C0 EC 2D 14 D2 34 3F DC E7 4D 4A 00 00 20 4E
00022230  24 18 4D 4A EC 2D 34 3F 34 3F EC 2D 4D 4A 24 18
00022240  20 4E 00 00 4D 4A DC E7 34 3F 14 D2 EC 2D CC C0
00022250  24 18 B3 B5 00 00 E0 B1 DC E7 B3 B5 14 D2 CC C0
00022260  CC C0 14 D2 B3 B5 DC E7 E0 B1 00 00 B3 B5 24 18
00022270  CC C0 EC 2D 14 D2 34 3F DC E7 4D 4A 00 00 20 4E
00022280  24 18 4D 4A EC 2D 34 3F 34 3F EC 2D 4D 4A 24 18
00022290  20 4E 00 00 4D 4A DC E7 34 3F 14 D2 EC 2D CC C0
000222A0  24 18 B3 B5 00 00 E0 B1 DC E7 B3 B5 14 D2 CC C0
000222B0  CC C0 14 D2 B3 B5 DC E7 E0 B1 00 00 B3 B5 24 18
000222C0  CC C0 EC 2D 14 D2 34 3F DC E7 4D 4A 00 00 20 4E
000222D0  24 18 4D 4A EC 2D 34 3F 34 3F EC 2D 4D 4A 24 18
000222E0  20 4E 00 00 4D 4A DC E7 34 3F 14 D2 EC 2D CC C0
000222F0  24 18 B3 B5 00 00 E0 B1 DC E7 B3 B5 14 D2 CC C0
00022300  CC C0 14 D2 B3 B5 DC E7 E0 B1 00 00 B3 B5 24 18
00022310  CC C0 EC 2D 14 D2 34 3F DC E7 4D 4A 00 00 20 4E
00022320  24 18 4D 4A EC 2D 34 3F 34 3F EC 2D 4D 4A 24 18
00022330  20 4E 00 00 4D 4A DC E7 34 3F 14 D2 EC 2D CC C0
00022340  24 18 B3 B5 00 00 E0 B1 DC E7 B3 B5 14 D2 CC C0
00022350  CC C0 14 D2 B3 B5 DC E7 E0 B1 00 00 B3 B5 24 18
00022360  CC C0 EC 2D 14 D2 34 3F DC E7 4D 4A 00 00 20 4E
00022370  24 18 4D 4A EC 2D 34 3F 34 3F EC 2D 4D 4A 24 18
00022380  20 4E 00 00 4D 4A DC E7 34 3F 14 D2 EC 2D CC C0
00022390  24 18 B3 B5 00 00 E0 B1 DC E7 B3 B5 14 D2 CC C0
000223A0  CC C0 14 D2 B3 B5 DC E7 E0 B1 00 00 B3 B5 24 18
000223B0  CC C0 EC 2D 14 D2 34 3F DC E7 4D 4A 00 00 20 4E
000223C0  24 18 4D 4A EC 2D 34 3F 34 3F EC 2D 4D 4A 24 18
000223D0  20 4E 00 00 4D 4A DC E7 34 3F 14 D2 EC 2D CC C0
000223E0  24 18 B3 B5 00 00 E0 B1 DC E7 B3 B5 14 D2 CC C0
000223F0  CC C0 14 D2 B3 B5 DC E7 E0 B1 00 00 B3 B5 24 18
00022400  CC C0 EC 2D 14 D2 34 3F DC E7 4D 4A 00 00 20 4E
00022410  24 18 4D 4A EC 2D 34 3F 34 3F EC 2D 4D 4A 24 18
00022420  20 4E 00 00 4D 4A DC E7 34 3F 14 D2 EC 2D CC C0
00022430  24 18 B3 B5 00 00 E0 B1 DC E7 B3 B5 14 D2 CC C0
00022440  CC C0 14 D2 B3 B5 DC E7 E0 B1 00 00 B3 B5 24 18
00022450  CC C0 EC 2D 14 D2 34 3F DC E7 4D 4A 00 00 20 4E
00022460  24 18 4D 4A EC 2D 34 3F 34 3F EC 2D 4D 4A 24 18
00022470  20 4E 00 00 4D 4A DC E7 34 3F 14 D2 EC 2D CC C0
00022480  24 18 B3 B5 00 00 E0 B1 DC E7 B3 B5 14 D2 CC C0
00022490  CC C0 14 D2 B3 B5 DC E7 E0 B1 00 00 B3 B5 24 18
000224A0  CC C0 EC 2D 14 D2 34 3F DC E7 4D 4A 00 00 20 4E
000224B0  24 18 4D 4A EC 2D 34 3F 34 3F EC 2D 4D 4A 24 18
000224C0  20 4E 00 00 4D 4A DC E7 34 3F 14 D2 EC 2D CC C0
000224D0  24 18 B3 B5 00 00 E0 B1 DC E7 B3 B5 14 D2 CC C0
000224E0  CC C0 14 D2 B3 B5 DC E7 E0 B1 00 00 B3 B5 24 18
000224F0  CC C0 EC 2D 14 D2 34 3F DC E7 4D 4A 00 00 20 4E
00022500  24 18 4D 4A EC 2D 34 3F 34 3F EC 2D 4D 4A 24 18
00022510  20 4E 00 00 4D 4A DC E7 34 3F 14 D2 EC 2D CC C0
00022520  24 18 B3 B5 00 00 E0 B1 DC E7 B3 B5 14 D2 CC C0
00022530  CC C0 14 D2 B3 B5 DC E7 E0 B1 00 00 B3 B5 24 18
00022540  CC C0 EC 2D 14 D2 34 3F DC E7 4D 4A 00 00 20 4E
00022550  24 18 4D 4A EC 2D 34 3F 34 3F EC 2D 4D 4A 24 18
00022560  20 4E 00 00 4D 4A DC E7 34 3F 14 D2 EC 2D CC C0
00022570  24 18 B3 B5 00 00 E0 B1 DC E7 B3 B5 14 D2 CC C0
00022580  CC C0 14 D2 B3 B5 DC E7 E0 B1 00 00 B3 B5 24 18
00022590  CC C0 EC 2D 14 D2 34 3F DC E7 4D 4A 00 00 20 4E
000225A0  24 18 4D 4A EC 2D 34 3F 34 3F EC 2D 4D 4A 24 18
000225B0  20 4E 00 00 4D 4A DC E7 34 3F 14 D2 EC 2D CC C0
000225C0  24 18 B3 B5 00 00 E0 B1 DC E7 B3 B5 14 D2 CC C0
000225D0  CC C0 14 D2 B3 B5 DC E7 E0 B1 00 00 B3 B5 24 18
000225E0  CC C0 EC 2D 14 D2 34 3F DC E7 4D 4A 00 00 20 4E
000225F0  24 18 4D 4A EC 2D 34 3F 34 3F EC 2D 4D 4A 24 18
00022600  20 4E 00 00 4D 4A DC E7 34 3F 14 D2 EC 2D CC C0
00022610  24 18 B3 B5 00 00 E0 B1 DC E7 B3 B5 14 D2 CC C0
00022620  CC C0 14 D2 B3 B5 DC E7 E0 B1 00 00 B3 B5 24 18
00022630  CC C0 EC 2D 14 D2 34 3F DC E7 4D 4A 00 00 20 4E
00022640  24 18 4D 4A EC 2D 34 3F 34 3F EC 2D 4D 4A 24 18
00022650  20 4E 00 00 4D 4A DC E7 34 3F 14 D2 EC 2D CC C0
00022660  24 18 B3 B5 00 00 E0 B1 DC E7 B3 B5 14 D2 CC C0
00022670  CC C0 14 D2 B3 B5 DC E7 E0 B1 00 00 B3 B5 24 18
00022680  CC C0 EC 2D 14 D2 34 3F DC E7 4D 4A 00 00 20 4E
00022690  24 18 4D 4A EC 2D 34 3F 34 3F EC 2D 4D 4A 24 18
000226A0  20 4E 00 00 4D 4A DC E7 34 3F 14 D2 EC 2D CC C0
000226B0  24 18 B3 B5 00 00 E0 B1 DC E7 B3 B5 14 D2 CC C0
000226C0  CC C0 14 D2 B3 B5 DC E7 E0 B1 00 00 B3 B5 24 18
000226D0  CC C0 EC 2D 14 D2 34 3F DC E7 4D 4A 00 00 20 4E
000226E0  24 18 4D 4A EC 2D 34 3F 34 3F EC 2D 4D 4A 24 18
000226F0  20 4E 00 00 4D 4A DC E7 34 3F 14 D2 EC 2D CC C0
00022700  24 18 B3 B5 00 00 E0 B1 DC E7 B3 B5 14 D2 CC C0
00022710  CC C0 14 D2 B3 B5 DC E7 E0 B1 00 00 B3 B5 24 18
00022720  CC C0 EC 2D 14 D2 34 3F DC E7 4D 4A 00 00 20 4E
00022730  24 18 4D 4A EC 2D 34 3F 34 3F EC 2D 4D 4A 24 18
00022740  20 4E 00 00 4D 4A DC E7 34 3F 14 D2 EC 2D CC C0
00022750  24 18 B3 B5 00 00 E0 B1 DC E7 B3 B5 14 D2 CC C0
00022760  CC C0 14 D2 B3 B5 DC E7 E0 B1 00 00 B3 B5 24 18
00022770  CC C0 EC 2D 14 D2 34 3F DC E7 4D 4A 00 00 20 4E
00022780  24 18 4D 4A EC 2D 34 3F 34 3F EC 2D 4D 4A 24 18
00022790  20 4E 00 00 4D 4A DC E7 34 3F 14 D2 EC 2D CC C0
000227A0  24 18 B3 B5 00 00 E0 B1 DC E7 B3 B5 14 D2 CC C0
000227B0  CC C0 14 D2 B3 B5 DC E7 E0 B1 00 00 B3 B5 24 18
000227C0  CC C0 EC 2D 14 D2 34 3F DC E7 4D 4A 00 00 20 4E
000227D0  24 18 4D 4A EC 2D 34 3F 34 3F EC 2D 4D 4A 24 18
000227E0  20 4E 00 00 4D 4A DC E7 34 3F 14 D2 EC 2D CC C0
000227F0  24 18 B3 B5 00 00 E0 B1 DC E7 B3 B5 14 D2 CC C0
00022800  CC C0 14 D2 B3 B5 DC E7 E0 B1 00 00 B3 B5 24 18
00022810  CC C0 EC 2D 14 D2 34 3F DC E7 4D 4A 00 00 20 4E
00022820  24 18 4D 4A EC 2D 34 3F 34 3F EC 2D 4D 4A 24 18
00022830  20 4E 00 00 4D 4A DC E7 34 3F 14 D2 EC 2D CC C0
00022840  24 18 B3 B5 00 00 E0 B1 DC E7 B3 B5 14 D2 CC C0
00022850  CC C0 14 D2 B3 B5 DC E7 E0 B1 00 00 B3 B5 24 18
00022860  CC C0 EC 2D 14 D2 34 3F DC E7 4D 4A 00 00 20 4E
00022870  24 18 4D 4A EC 2D 34 3F 34 3F EC 2D 4D 4A 24 18
00022880  20 4E 00 00 4D 4A DC E7 34 3F 14 D2 EC 2D CC C0
00022890  24 18 B3 B5 00 00 E0 B1 DC E7 B3 B5 14 D2 CC C0
000228A0  CC C0 14 D2 B3 B5 DC E7 E0 B1 00 00 B3 B5 24 18
000228B0  CC C0 EC 2D 14 D2 34 3F DC E7 4D 4A 00 00 20 4E
000228C0  24 18 4D 4A EC 2D 34 3F 34 3F EC 2D 4D 4A 24 18
000228D0  20 4E 00 00 4D 4A DC E7 34 3F 14 D2 EC 2D CC C0
000228E0  24 18 B3 B5 00 00 E0 B1 DC E7 B3 B5 14 D2 CC C0
000228F0  CC C0 14 D2 B3 B5 DC E7 E0 B1 00 00 B3 B5 24 18
00022900  CC C0 EC 2D 14 D2 34 3F DC E7 4D 4A 00 00 20 4E
00022910  24 18 4D 4A EC 2D 34 3F 34 3F EC 2D 4D 4A 24 18
00022920  20 4E 00 00 4D 4A DC E7 34 3F 14 D2 EC 2D CC C0
00022930  24 18 B3 B5 00 00 E0 B1 DC E7 B3 B5 14 D2 CC C0
00022940  CC C0 14 D2 B3 B5 DC E7 E0 B1 00 00 B3 B5 24 18
00022950  CC C0 EC 2D 14 D2 34 3F DC E7 4D 4A 00 00 20 4E
00022960  24 18 4D 4A EC 2D 34 3F 34 3F EC 2D 4D 4A 24 18
00022970  20 4E 00 00 4D 4A DC E7 34 3F 14 D2 EC 2D CC C0
00022980  24 18 B3 B5 00 00 E0 B1 DC E7 B3 B5 14 D2 CC C0
00022990  CC C0 14 D2 B3 B5 DC E7 E0 B1 00 00 B3 B5 24 18
000229A0  CC C0 EC 2D 14 D2 34 3F DC E7 4D 4A 00 00 20 4E
000229B0  24 18 4D 4A EC 2D 34 3F 34 3F EC 2D 4D 4A 24 18
000229C0  20 4E 00 00 4D 4A DC E7 34 3F 14 D2 EC 2D CC C0
000229D0  24 18 B3 B5 00 00 E0 B1 DC E7 B3 B5 14 D2 CC C0
000229E0  CC C0 14 D2 B3 B5 DC E7 E0 B1 00 00 B3 B5 24 18
000229F0  CC C0 EC 2D 14 D2 34 3F DC E7 4D 4A 00 00 20 4E
00022A00  24 18 4D 4A EC 2D 34 3F 34 3F EC 2D 4D 4A 24 18
00022A10  20 4E 00 00 4D 4A DC E7 34 3F 14 D2 EC 2D CC C0
00022A20  24 18 B3 B5 00 00 E0 B1 DC E7 B3 B5 14 D2 CC C0
00022A30  CC C0 14 D2 B3 B5 DC E7 E0 B1 00 00 B3 B5 24 18
00022A40  CC C0 EC 2D 14 D2 34 3F DC E7 4D 4A 00 00 20 4E
00022A50  24 18 4D 4A EC 2D 34 3F 34 3F EC 2D 4D 4A 24 18
00022A60  20 4E 00 00 4D 4A DC E7 34 3F 14 D2 EC 2D CC C0
00022A70  24 18 B3 B5 00 00 E0 B1 DC E7 B3 B5 14 D2 CC C0
00022A80  CC C0 14 D2 B3 B5 DC E7 E0 B1 00 00 B3 B5 24 18
00022A90  CC C0 EC 2D 14 D2 34 3F DC E7 4D 4A 00 00 20 4E
00022AA0  24 18 4D 4A EC 2D 34 3F 34 3F EC 2D 4D 4A 24 18
00022AB0  20 4E 00 00 4D 4A DC E7 34 3F 14 D2 EC 2D CC C0
00022AC0  24 18 B3 B5 00 00 E0 B1 DC E7 B3 B5 14 D2 CC C0
00022AD0  CC C0 14 D2 B3 B5 DC E7 E0 B1 00 00 B3 B5 24 18
00022AE0  CC C0 EC 2D 14 D2 34 3F DC E7 4D 4A 00 00 20 4E
00022AF0  24 18 4D 4A EC 2D 34 3F 34 3F EC 2D 4D 4A 24 18
00022B00  20 4E 00 00 4D 4A DC E7 34 3F 14 D2 EC 2D CC C0
00022B10  24 18 B3 B5 00 00 E0 B1 DC E7 B3 B5 14 D2 CC C0
00022B20  CC C0 14 D2 B3 B5 DC E7 E0 B1 00 00 B3 B5 24 18
00022B30  CC C0 EC 2D 14 D2 34 3F DC E7 4D 4A 00 00 20 4E
00022B40  24 18 4D 4A EC 2D 34 3F 34 3F EC 2D 4D 4A 24 18
00022B50  20 4E 00 00 4D 4A DC E7 34 3F 14 D2 EC 2D CC C0
00022B60  24 18 B3 B5 00 00 E0 B1 DC E7 B3 B5 14 D2 CC C0
00022B70  CC C0 14 D2 B3 B5 DC E7 E0 B1 00 00 B3 B5 24 18
00022B80  CC C0 EC 2D 14 D2 34 3F DC E7 4D 4A 00 00 20 4E
00022B90  24 18 4D 4A EC 2D 34 3F 34 3F EC 2D 4D 4A 24 18
00022BA0  20 4E 00 00 4D 4A DC E7 34 3F 14 D2 EC 2D CC C0
00022BB0  24 18 B3 B5 00 00 E0 B1 DC E7 B3 B5 14 D2 CC C0
00022BC0  CC C0 14 D2 B3 B5 DC E7 E0 B1 00 00 B3 B5 24 18
00022BD0  CC C0 EC 2D 14 D2 34 3F DC E7 4D 4A 00 00 20 4E
00022BE0  24 18 4D 4A EC 2D 34 3F 34 3F EC 2D 4D 4A 24 18
00022BF0  20 4E 00 00 4D 4A DC E7 34 3F 14 D2 EC 2D CC C0
00022C00  24 18 B3 B5 00 00 E0 B1 DC E7 B3 B5 14 D2 CC C0
00022C10  CC C0 14 D2 B3 B5 DC E7 E0 B1 00 00 B3 B5 24 18
00022C20  CC C0 EC 2D 14 D2 34 3F DC E7 4D 4A 00 00 20 4E
00022C30  24 18 4D 4A EC 2D 34 3F 34 3F EC 2D 4D 4A 24 18
00022C40  20 4E 00 00 4D 4A DC E7 34 3F 14 D2 EC 2D CC C0
00022C50  24 18 B3 B5 00 00 E0 B1 DC E7 B3 B5 14 D2 CC C0
00022C60  CC C0 14 D2 B3 B5 DC E7 E0 B1 00 00 B3 B5 24 18
00022C70  CC C0 EC 2D 14 D2 34 3F DC E7 4D 4A 00 00 20 4E
00022C80  24 18 4D 4A EC 2D 34 3F 34 3F EC 2D 4D 4A 24 18
00022C90  20 4E 00 00 4D 4A DC E7 34 3F 14 D2 EC 2D CC C0
00022CA0  24 18 B3 B5 00 00 E0 B1 DC E7 B3 B5 14 D2 CC C0
00022CB0  CC C0 14 D2 B3 B5 DC E7 E0 B1 00 00 B3 B5 24 18
00022CC0  CC C0 EC 2D 14 D2 34 3F DC E7 4D 4A 00 00 20 4E
00022CD0  24 18 4D 4A EC 2D 34 3F 34 3F EC 2D 4D 4A 24 18
00022CE0  20 4E 00 00 4D 4A DC E7 34 3F 14 D2 EC 2D CC C0
00022CF0  24 18 B3 B5 00 00 E0 B1 DC E7 B3 B5 14 D2 CC C0
00022D00  CC C0 14 D2 B3 B5 DC E7 E0 B1 00 00 B3 B5 24 18
00022D10  CC C0 EC 2D 14 D2 34 3F DC E7 4D 4A 00 00 20 4E
00022D20  24 18 4D 4A EC 2D 34 3F 34 3F EC 2D 4D 4A 24 18
00022D30  20 4E 00 00 4D 4A DC E7 34 3F 14 D2 EC 2D CC C0
00022D40  24 18 B3 B5 00 00 E0 B1 DC E7 B3 B5 14 D2 CC C0
00022D50  CC C0 14 D2 B3 B5 DC E7 E0 B1 00 00 B3 B5 24 18
00022D60  CC C0 EC 2D 14 D2 34 3F DC E7 4D 4A 00 00 20 4E
00022D70  24 18 4D 4A EC 2D 34 3F 34 3F EC 2D 4D 4A 24 18
00022D80  20 4E 00 00 4D 4A DC E7 34 3F 14 D2 EC 2D CC C0
00022D90  24 18 B3 B5 00 00 E0 B1 DC E7 B3 B5 14 D2 CC C0
00022DA0  CC C0 14 D2 B3 B5 DC E7 E0 B1 00 00 B3 B5 24 18
00022DB0  CC C0 EC 2D 14 D2 34 3F DC E7 4D 4A 00 00 20 4E
00022DC0  24 18 4D 4A EC 2D 34 3F 34 3F EC 2D 4D 4A 24 18
00022DD0  20 4E 00 00 4D 4A DC E7 34 3F 14 D2 EC 2D CC C0
00022DE0  24 18 B3 B5 00 00 E0 B1 DC E7 B3 B5 14 D2 CC C0
00022DF0  CC C0 14 D2 B3 B5 DC E7 E0 B1 00 00 B3 B5 24 18
00022E00  CC C0 EC 2D 14 D2 34 3F DC E7 4D 4A 00 00 20 4E
00022E10  24 18 4D 4A EC 2D 34 3F 34 3F EC 2D 4D 4A 24 18
00022E20  20 4E 00 00 4D 4A DC E7 34 3F 14 D2 EC 2D CC C0
00022E30  24 18 B3 B5 00 00 E0 B1 DC E7 B3 B5 14 D2 CC C0
00022E40  CC C0 14 D2 B3 B5 DC E7 E0 B1 00 00 B3 B5 24 18
00022E50  CC C0 EC 2D 14 D2 34 3F DC E7 4D 4A 00 00 20 4E
00022E60  24 18 4D 4A EC 2D 34 3F 34 3F EC 2D 4D 4A 24 18
00022E70  20 4E 00 00 4D 4A DC E7 34 3F 14 D2 EC 2D CC C0
00022E80  24 18 B3 B5 00 00 E0 B1 DC E7 B3 B5 14 D2 CC C0
00022E90  CC C0 14 D2 B3 B5 DC E7 E0 B1 00 00 B3 B5 24 18
00022EA0  CC C0 EC 2D 14 D2 34 3F DC E7 4D 4A 00 00 20 4E
00022EB0  24 18 4D 4A EC 2D 34 3F 34 3F EC 2D 4D 4A 24 18
00022EC0  20 4E 00 00 4D 4A DC E7 34 3F 14 D2 EC 2D CC C0
00022ED0  24 18 B3 B5 00 00 E0 B1 DC E7 B3 B5 14 D2 CC C0
00022EE0  CC C0 14 D2 B3 B5 DC E7 E0 B1 00 00 B3 B5 24 18
00022EF0  CC C0 EC 2D 14 D2 34 3F DC E7 4D 4A 00 00 20 4E
00022F00  24 18 4D 4A EC 2D 34 3F 34 3F EC 2D 4D 4A 24 18
00022F10  20 4E 00 00 4D 4A DC E7 34 3F 14 D2 EC 2D CC C0
00022F20  24 18 B3 B5 00 00 E0 B1 DC E7 B3 B5 14 D2 CC C0
00022F30  CC C0 14 D2 B3 B5 DC E7 E0 B1 00 00 B3 B5 24 18
00022F40  CC C0 EC 2D 14 D2 34 3F DC E7 4D 4A 00 00 20 4E
00022F50  24 18 4D 4A EC 2D 34 3F 34 3F EC 2D 4D 4A 24 18
00022F60  20 4E 00 00 4D 4A DC E7 34 3F 14 D2 EC 2D CC C0
00022F70  24 18 B3 B5 00 00 E0 B1 DC E7 B3 B5 14 D2 CC C0
00022F80  CC C0 14 D2 B3 B5 DC E7 E0 B1 00 00 B3 B5 24 18
00022F90  CC C0 EC 2D 14 D2 34 3F DC E7 4D 4A 00 00 20 4E
00022FA0  24 18 4D 4A EC 2D 34 3F 34 3F EC 2D 4D 4A 24 18
00022FB0  20 4E 00 00 4D 4A DC E7 34 3F 14 D2 EC 2D CC C0
00022FC0  24 18 B3 B5 00 00 E0 B1 DC E7 B3 B5 14 D2 CC C0
00022FD0  CC C0 14 D2 B3 B5 DC E7 E0 B1 00 00 B3 B5 24 18
00022FE0  CC C0 EC 2D 14 D2 34 3F DC E7 4D 4A 00 00 20 4E
00022FF0  24 18 4D 4A EC 2D 34 3F 34 3F EC 2D 4D 4A 24 18
00023000  20 4E 00 00 4D 4A DC E7 34 3F 14 D2 EC 2D CC C0
00023010  24 18 B3 B5 00 00 E0 B1 DC E7 B3 B5 14 D2 CC C0
00023020  CC C0 14 D2 B3 B5 DC E7 E0 B1 00 00 B3 B5 24 18
00023030  CC C0 EC 2D 14 D2 34 3F DC E7 4D 4A 00 00 20 4E
00023040  24 18 4D 4A EC 2D 34 3F 34 3F EC 2D 4D 4A 24 18
00023050  20 4E 00 00 4D 4A DC E7 34 3F 14 D2 EC 2D CC C0
00023060  24 18 B3 B5 00 00 E0 B1 DC E7 B3 B5 14 D2 CC C0
00023070  CC C0 14 D2 B3 B5 DC E7 E0 B1 00 00 B3 B5 24 18
00023080  CC C0 EC 2D 14 D2 34 3F DC E7 4D 4A 00 00 20 4E
00023090  24 18 4D 4A EC 2D 34 3F 34 3F EC 2D 4D 4A 24 18
000230A0  20 4E 00 00 4D 4A DC E7 34 3F 14 D2 EC 2D CC C0
000230B0  24 18 B3 B5 00 00 E0 B1 DC E7 B3 B5 14 D2 CC C0
000230C0  CC C0 14 D2 B3 B5 DC E7 E0 B1 00 00 B3 B5 24 18
000230D0  CC C0 EC 2D 14 D2 34 3F DC E7 4D 4A 00 00 20 4E
000230E0  24 18 4D 4A EC 2D 34 3F 34 3F EC 2D 4D 4A 24 18
000230F0  20 4E 00 00 4D 4A DC E7 34 3F 14 D2 EC 2D CC C0
00023100  24 18 B3 B5 00 00 E0 B1 DC E7 B3 B5 14 D2 CC C0
00023110  CC C0 14 D2 B3 B5 DC E7 E0 B1 00 00 B3 B5 24 18
00023120  CC C0 EC 2D 14 D2 34 3F DC E7 4D 4A 00 00 20 4E
00023130  24 18 4D 4A EC 2D 34 3F 34 3F EC 2D 4D 4A 24 18
00023140  20 4E 00 00 4D 4A DC E7 34 3F 14 D2 EC 2D CC C0
00023150  24 18 B3 B5 00 00 E0 B1 DC E7 B3 B5 14 D2 CC C0
00023160  CC C0 14 D2 B3 B5 DC E7 E0 B1 00 00 B3 B5 24 18
00023170  CC C0 EC 2D 14 D2 34 3F DC E7 4D 4A 00 00 20 4E
00023180  24 18 4D 4A EC 2D 34 3F 34 3F EC 2D 4D 4A 24 18
00023190  20 4E 00 00 4D 4A DC E7 34 3F 14 D2 EC 2D CC C0
000231A0  24 18 B3 B5 00 00 E0 B1 DC E7 B3 B5 14 D2 CC C0
000231B0  CC C0 14 D2 B3 B5 DC E7 E0 B1 00 00 B3 B5 24 18
000231C0  CC C0 EC 2D 14 D2 34 3F DC E7 4D 4A 00 00 20 4E
000231D0  24 18 4D 4A EC 2D 34 3F 34 3F EC 2D 4D 4A 24 18
000231E0  20 4E 00 00 4D 4A DC E7 34 3F 14 D2 EC 2D CC C0
000231F0  24 18 B3 B5 00 00 E0 B1 DC E7 B3 B5 14 D2 CC C0
00023200  CC C0 14 D2 B3 B5 DC E7 E0 B1 00 00 B3 B5 24 18
00023210  CC C0 EC 2D 14 D2 34 3F DC E7 4D 4A 00 00 20 4E
00023220  24 18 4D 4A EC 2D 34 3F 34 3F EC 2D 4D 4A 24 18
00023230  20 4E 00 00 4D 4A DC E7 34 3F 14 D2 EC 2D CC C0
00023240  24 18 B3 B5 00 00 E0 B1 DC E7 B3 B5 14 D2 CC C0
00023250  CC C0 14 D2 B3 B5 DC E7 E0 B1 00 00 B3 B5 24 18
00023260  CC C0 EC 2D 14 D2 34 3F DC E7 4D 4A 00 00 20 4E
00023270  24 18 4D 4A EC 2D 34 3F 34 3F EC 2D 4D 4A 24 18
00023280  20 4E 00 00 4D 4A DC E7 34 3F 14 D2 EC 2D CC C0
00023290  24 18 B3 B5 00 00 E0 B1 DC E7 B3 B5 14 D2 CC C0
000232A0  CC C0 14 D2 B3 B5 DC E7 E0 B1 00 00 B3 B5 24 18
000232B0  CC C0 EC 2D 14 D2 34 3F DC E7 4D 4A 00 00 20 4E
000232C0  24 18 4D 4A EC 2D 34 3F 34 3F EC 2D 4D 4A 24 18
000232D0  20 4E 00 00 4D 4A DC E7 34 3F 14 D2 EC 2D CC C0
000232E0  24 18 B3 B5 00 00 E0 B1 DC E7 B3 B5 14 D2 CC C0
000232F0  CC C0 14 D2 B3 B5 DC E7 E0 B1 00 00 B3 B5 24 18
00023300  CC C0 EC 2D 14 D2 34 3F DC E7 4D 4A 00 00 20 4E
00023310  24 18 4D 4A EC 2D 34 3F 34 3F EC 2D 4D 4A 24 18
00023320  20 4E 00 00 4D 4A DC E7 34 3F 14 D2 EC 2D CC C0
00023330  24 18 B3 B5 00 00 E0 B1 DC E7 B3 B5 14 D2 CC C0
00023340  CC C0 14 D2 B3 B5 DC E7 E0 B1 00 00 B3 B5 24 18
00023350  CC C0 EC 2D 14 D2 34 3F DC E7 4D 4A 00 00 20 4E
00023360  24 18 4D 4A EC 2D 34 3F 34 3F EC 2D 4D 4A 24 18
00023370  20 4E 00 00 4D 4A DC E7 34 3F 14 D2 EC 2D CC C0
00023380  24 18 B3 B5 00 00 E0 B1 DC E7 B3 B5 14 D2 CC C0
00023390  CC C0 14 D2 B3 B5 DC E7 E0 B1 00 00 B3 B5 24 18
000233A0  CC C0 EC 2D 14 D2 34 3F DC E7 4D 4A 00 00 20 4E
000233B0  24 18 4D 4A EC 2D 34 3F 34 3F EC 2D 4D 4A 24 18
000233C0  20 4E 00 00 4D 4A DC E7 34 3F 14 D2 EC 2D CC C0
000233D0  24 18 B3 B5 00 00 E0 B1 DC E7 B3 B5 14 D2 CC C0
000233E0  CC C0 14 D2 B3 B5 DC E7 E0 B1 00 00 B3 B5 24 18
000233F0  CC C0 EC 2D 14 D2 34 3F DC E7 4D 4A 00 00 20 4E
00023400  24 18 4D 4A EC 2D 34 3F 34 3F EC 2D 4D 4A 24 18
00023410  20 4E 00 00 4D 4A DC E7 34 3F 14 D2 EC 2D CC C0
00023420  24 18 B3 B5 00 00 E0 B1 DC E7 B3 B5 14 D2 CC C0
00023430  CC C0 14 D2 B3 B5 DC E7 E0 B1 00 00 B3 B5 24 18
00023440  CC C0 EC 2D 14 D2 34 3F DC E7 4D 4A 00 00 20 4E
00023450  24 18 4D 4A EC 2D 34 3F 34 3F EC 2D 4D 4A 24 18
00023460  20 4E 00 00 4D 4A DC E7 34 3F 14 D2 EC 2D CC C0
00023470  24 18 B3 B5 00 00 E0 B1 DC E7 B3 B5 14 D2 CC C0
00023480  CC C0 14 D2 B3 B5 DC E7 E0 B1 00 00 B3 B5 24 18
00023490  CC C0 EC 2D 14 D2 34 3F DC E7 4D 4A 00 00 20 4E
000234A0  24 18 4D 4A EC 2D 34 3F 34 3F EC 2D 4D 4A 24 18
000234B0  20 4E 00 00 4D 4A DC E7 34 3F 14 D2 EC 2D CC C0
000234C0  24 18 B3 B5 00 00 E0 B1 DC E7 B3 B5 14 D2 CC C0
000234D0  CC C0 14 D2 B3 B5 DC E7 E0 B1 00 00 B3 B5 24 18
000234E0  CC C0 EC 2D 14 D2 34 3F DC E7 4D 4A 00 00 20 4E
000234F0  24 18 4D 4A EC 2D 34 3F 34 3F EC 2D 4D 4A 24 18
00023500  20 4E 00 00 4D 4A DC E7 34 3F 14 D2 EC 2D CC C0
00023510  24 18 B3 B5 00 00 E0 B1 DC E7 B3 B5 14 D2 CC C0
00023520  CC C0 14 D2 B3 B5 DC E7 E0 B1 00 00 B3 B5 24 18
00023530  CC C0 EC 2D 14 D2 34 3F DC E7 4D 4A 00 00 20 4E
00023540  24 18 4D 4A EC 2D 34 3F 34 3F EC 2D 4D 4A 24 18
00023550  20 4E 00 00 4D 4A DC E7 34 3F 14 D2 EC 2D CC C0
00023560  24 18 B3 B5 00 00 E0 B1 DC E7 B3 B5 14 D2 CC C0
00023570  CC C0 14 D2 B3 B5 DC E7 E0 B1 00 00 B3 B5 24 18
00023580  CC C0 EC 2D 14 D2 34 3F DC E7 4D 4A 00 00 20 4E
00023590  24 18 4D 4A EC 2D 34 3F 34 3F EC 2D 4D 4A 24 18
000235A0  20 4E 00 00 4D 4A DC E7 34 3F 14 D2 EC 2D CC C0
000235B0  24 18 B3 B5 00 00 E0 B1 DC E7 B3 B5 14 D2 CC C0
000235C0  CC C0 14 D2 B3 B5 DC E7 E0 B1 00 00 B3 B5 24 18
000235D0  CC C0 EC 2D 14 D2 34 3F DC E7 4D 4A 00 00 20 4E
000235E0  24 18 4D 4A EC 2D 34 3F 34 3F EC 2D 4D 4A 24 18
000235F0  20 4E 00 00 4D 4A DC E7 34 3F 14 D2 EC 2D CC C0
00023600  24 18 B3 B5 00 00 E0 B1 DC E7 B3 B5 14 D2 CC C0
00023610  CC C0 14 D2 B3 B5 DC E7 E0 B1 00 00 B3 B5 24 18
00023620  CC C0 EC 2D 14 D2 34 3F DC E7 4D 4A 00 00 20 4E
00023630  24 18 4D 4A EC 2D 34 3F 34 3F EC 2D 4D 4A 24 18
00023640  20 4E 00 00 4D 4A DC E7 34 3F 14 D2 EC 2D CC C0
00023650  24 18 B3 B5 00 00 E0 B1 DC E7 B3 B5 14 D2 CC C0
00023660  CC C0 14 D2 B3 B5 DC E7 E0 B1 00 00 B3 B5 24 18
00023670  CC C0 EC 2D 14 D2 34 3F DC E7 4D 4A 00 00 20 4E
00023680  24 18 4D 4A EC 2D 34 3F 34 3F EC 2D 4D 4A 24 18
00023690  20 4E 00 00 4D 4A DC E7 34 3F 14 D2 EC 2D CC C0
000236A0  24 18 B3 B5 00 00 E0 B1 DC E7 B3 B5 14 D2 CC C0
000236B0  CC C0 14 D2 B3 B5 DC E7 E0 B1 00 00 B3 B5 24 18
000236C0  CC C0 EC 2D 14 D2 34 3F DC E7 4D 4A 00 00 20 4E
000236D0  24 18 4D 4A EC 2D 34 3F 34 3F EC 2D 4D 4A 24 18
000236E0  20 4E 00 00 4D 4A DC E7 34 3F 14 D2 EC 2D CC C0
000236F0  24 18 B3 B5 00 00 E0 B1 DC E7 B3 B5 14 D2 CC C0
00023700  CC C0 14 D2 B3 B5 DC E7 E0 B1 00 00 B3 B5 24 18
00023710  CC C0 EC 2D 14 D2 34 3F DC E7 4D 4A 00 00 20 4E
00023720  24 18 4D 4A EC 2D 34 3F 34 3F EC 2D 4D 4A 24 18
00023730  20 4E 00 00 4D 4A DC E7 34 3F 14 D2 EC 2D CC C0
00023740  24 18 B3 B5 00 00 E0 B1 DC E7 B3 B5 14 D2 CC C0
00023750  CC C0 14 D2 B3 B5 DC E7 E0 B1 00 00 B3 B5 24 18
00023760  CC C0 EC 2D 14 D2 34 3F DC E7 4D 4A 00 00 20 4E
00023770  24 18 4D 4A EC 2D 34 3F 34 3F EC 2D 4D 4A 24 18
00023780  20 4E 00 00 4D 4A DC E7 34 3F 14 D2 EC 2D CC C0
00023790  24 18 B3 B5 00 00 E0 B1 DC E7 B3 B5 14 D2 CC C0
000237A0  CC C0 14 D2 B3 B5 DC E7 E0 B1 00 00 B3 B5 24 18
000237B0  CC C0 EC 2D 14 D2 34 3F DC E7 4D 4A 00 00 20 4E
000237C0  24 18 4D 4A EC 2D 34 3F 34 3F EC 2D 4D 4A 24 18
000237D0  20 4E 00 00 4D 4A DC E7 34 3F 14 D2 EC 2D CC C0
000237E0  24 18 B3 B5 00 00 E0 B1 DC E7 B3 B5 14 D2 CC C0
000237F0  CC C0 14 D2 B3 B5 DC E7 E0 B1 00 00 B3 B5 24 18
00023800  CC C0 EC 2D 14 D2 34 3F DC E7 4D 4A 00 00 20 4E
00023810  24 18 4D 4A EC 2D 34 3F 34 3F EC 2D 4D 4A 24 18
00023820  20 4E 00 00 4D 4A DC E7 34 3F 14 D2 EC 2D CC C0
00023830  24 18 B3 B5 00 00 E0 B1 DC E7 B3 B5 14 D2 CC C0
00023840  CC C0 14 D2 B3 B5 DC E7 E0 B1 00 00 B3 B5 24 18
00023850  CC C0 EC 2D 14 D2 34 3F DC E7 4D 4A 00 00 20 4E
00023860  24 18 4D 4A EC 2D 34 3F 34 3F EC 2D 4D 4A 24 18
00023870  20 4E 00 00 4D 4A DC E7 34 3F 14 D2 EC 2D CC C0
00023880  24 18 B3 B5 00 00 E0 B1 DC E7 B3 B5 14 D2 CC C0
00023890  CC C0 14 D2 B3 B5 DC E7 E0 B1 00 00 B3 B5 24 18
000238A0  CC C0 EC 2D 14 D2 34 3F DC E7 4D 4A 00 00 20 4E
000238B0  24 18 4D 4A EC 2D 34 3F 34 3F EC 2D 4D 4A 24 18
000238C0  20 4E 00 00 4D 4A DC E7 34 3F 14 D2 EC 2D CC C0
000238D0  24 18 B3 B5 00 00 E0 B1 DC E7 B3 B5 14 D2 CC C0
000238E0  CC C0 14 D2 B3 B5 DC E7 E0 B1 00 00 B3 B5 24 18
000238F0  CC C0 EC 2D 14 D2 34 3F DC E7 4D 4A 00 00 20 4E
00023900  24 18 4D 4A EC 2D 34 3F 34 3F EC 2D 4D 4A 24 18
00023910  20 4E 00 00 4D 4A DC E7 34 3F 14 D2 EC 2D CC C0
00023920  24 18 B3 B5 00 00 E0 B1 DC E7 B3 B5 14 D2 CC C0
00023930  CC C0 14 D2 B3 B5 DC E7 E0 B1 00 00 B3 B5 24 18
00023940  CC C0 EC 2D 14 D2 34 3F DC E7 4D 4A 00 00 20 4E
00023950  24 18 4D 4A EC 2D 34 3F 34 3F EC 2D 4D 4A 24 18
00023960  20 4E 00 00 4D 4A DC E7 34 3F 14 D2 EC 2D CC C0
00023970  24 18 B3 B5 00 00 E0 B1 DC E7 B3 B5 14 D2 CC C0
00023980  CC C0 14 D2 B3 B5 DC E7 E0 B1 00 00 B3 B5 24 18
00023990  CC C0 EC 2D 14 D2 34 3F DC E7 4D 4A 00 00 20 4E
000239A0  24 18 4D 4A EC 2D 34 3F 34 3F EC 2D 4D 4A 24 18
000239B0  20 4E 00 00 4D 4A DC E7 34 3F 14 D2 EC 2D CC C0
000239C0  24 18 B3 B5 00 00 E0 B1 DC E7 B3 B5 14 D2 CC C0
000239D0  CC C0 14 D2 B3 B5 DC E7 E0 B1 00 00 B3 B5 24 18
000239E0  CC C0 EC 2D 14 D2 34 3F DC E7 4D 4A 00 00 20 4E
000239F0  24 18 4D 4A EC 2D 34 3F 34 3F EC 2D 4D 4A 24 18
00023A00  20 4E 00 00 4D 4A DC E7 34 3F 14 D2 EC 2D CC C0
00023A10  24 18 B3 B5 00 00 E0 B1 DC E7 B3 B5 14 D2 CC C0
00023A20  CC C0 14 D2 B3 B5 DC E7 E0 B1 00 00 B3 B5 24 18
00023A30  CC C0 EC 2D 14 D2 34 3F DC E7 4D 4A 00 00 20 4E
00023A40  24 18 4D 4A EC 2D 34 3F 34 3F EC 2D 4D 4A 24 18
00023A50  20 4E 00 00 4D 4A DC E7 34 3F 14 D2 EC 2D CC C0
00023A60  24 18 B3 B5 00 00 E0 B1 DC E7 B3 B5 14 D2 CC C0
00023A70  CC C0 14 D2 B3 B5 DC E7 E0 B1 00 00 B3 B5 24 18
00023A80  CC C0 EC 2D 14 D2 34 3F DC E7 4D 4A 00 00 20 4E
00023A90  24 18 4D 4A EC 2D 34 3F 34 3F EC 2D 4D 4A 24 18
00023AA0  20 4E 00 00 4D 4A DC E7 34 3F 14 D2 EC 2D CC C0
00023AB0  24 18 B3 B5 00 00 E0 B1 DC E7 B3 B5 14 D2 CC C0
00023AC0  CC C0 14 D2 B3 B5 DC E7 E0 B1 00 00 B3 B5 24 18
00023AD0  CC C0 EC 2D 14 D2 34 3F DC E7 4D 4A 00 00 20 4E
00023AE0  24 18 4D 4A EC 2D 34 3F 34 3F EC 2D 4D 4A 24 18
00023AF0  20 4E 00 00 4D 4A DC E7 34 3F 14 D2 EC 2D CC C0
00023B00  24 18 B3 B5 00 00 E0 B1 DC E7 B3 B5 14 D2 CC C0
00023B10  CC C0 14 D2 B3 B5 DC E7 E0 B1 00 00 B3 B5 24 18
00023B20  CC C0 EC 2D 14 D2 34 3F DC E7 4D 4A 00 00 20 4E
00023B30  24 18 4D 4A EC 2D 34 3F 34 3F EC 2D 4D 4A 24 18
00023B40  20 4E 00 00 4D 4A DC E7 34 3F 14 D2 EC 2D CC C0
00023B50  24 18 B3 B5 00 00 E0 B1 DC E7 B3 B5 14 D2 CC C0
00023B60  CC C0 14 D2 B3 B5 DC E7 E0 B1 00 00 B3 B5 24 18
00023B70  CC C0 EC 2D 14 D2 34 3F DC E7 4D 4A 00 00 20 4E
00023B80  24 18 4D 4A EC 2D 34 3F 34 3F EC 2D 4D 4A 24 18
00023B90  20 4E 00 00 4D 4A DC E7 34 3F 14 D2 EC 2D CC C0
00023BA0  24 18 B3 B5 00 00 E0 B1 DC E7 B3 B5 14 D2 CC C0
00023BB0  CC C0 14 D2 B3 B5 DC E7 E0 B1 00 00 B3 B5 24 18
00023BC0  CC C0 EC 2D 14 D2 34 3F DC E7 4D 4A 00 00 20 4E
00023BD0  24 18 4D 4A EC 2D 34 3F 34 3F EC 2D 4D 4A 24 18
00023BE0  20 4E 00 00 4D 4A DC E7 34 3F 14 D2 EC 2D CC C0
00023BF0  24 18 B3 B5 00 00 E0 B1 DC E7 B3 B5 14 D2 CC C0
00023C00  CC C0 14 D2 B3 B5 DC E7 E0 B1 00 00 B3 B5 24 18
00023C10  CC C0 EC 2D 14 D2 34 3F DC E7 4D 4A 00 00 20 4E
00023C20  24 18 4D 4A EC 2D 34 3F 34 3F EC 2D 4D 4A 24 18
00023C30  20 4E 00 00 4D 4A DC E7 34 3F 14 D2 EC 2D CC C0
00023C40  24 18 B3 B5 00 00 E0 B1 DC E7 B3 B5 14 D2 CC C0
00023C50  CC C0 14 D2 B3 B5 DC E7 E0 B1 00 00 B3 B5 24 18
00023C60  CC C0 EC 2D 14 D2 34 3F DC E7 4D 4A 00 00 20 4E
00023C70  24 18 4D 4A EC 2D 34 3F 34 3F EC 2D 4D 4A 24 18
00023C80  20 4E 00 00 4D 4A DC E7 34 3F 14 D2 EC 2D CC C0
00023C90  24 18 B3 B5 00 00 E0 B1 DC E7 B3 B5 14 D2 CC C0
00023CA0  CC C0 14 D2 B3 B5 DC E7 E0 B1 00 00 B3 B5 24 18
00023CB0  CC C0 EC 2D 14 D2 34 3F DC E7 4D 4A 00 00 20 4E
00023CC0  24 18 4D 4A EC 2D 34 3F 34 3F EC 2D 4D 4A 24 18
00023CD0  20 4E 00 00 4D 4A DC E7 34 3F 14 D2 EC 2D CC C0
00023CE0  24 18 B3 B5 00 00 E0 B1 DC E7 B3 B5 14 D2 CC C0
00023CF0  CC C0 14 D2 B3 B5 DC E7 E0 B1 00 00 B3 B5 24 18
00023D00  CC C0 EC 2D 14 D2 34 3F DC E7 4D 4A 00 00 20 4E
00023D10  24 18 4D 4A EC 2D 34 3F 34 3F EC 2D 4D 4A 24 18
00023D20  20 4E 00 00 4D 4A DC E7 34 3F 14 D2 EC 2D CC C0
00023D30  24 18 B3 B5 00 00 E0 B1 DC E7 B3 B5 14 D2 CC C0
00023D40  CC C0 14 D2 B3 B5 DC E7 E0 B1 00 00 B3 B5 24 18
00023D50  CC C0 EC 2D 14 D2 34 3F DC E7 4D 4A 00 00 20 4E
00023D60  24 18 4D 4A EC 2D 34 3F 34 3F EC 2D 4D 4A 24 18
00023D70  20 4E 00 00 4D 4A DC E7 34 3F 14 D2 EC 2D CC C0
00023D80  24 18 B3 B5 00 00 E0 B1 DC E7 B3 B5 14 D2 CC C0
00023D90  CC C0 14 D2 B3 B5 DC E7 E0 B1 00 00 B3 B5 24 18
00023DA0  CC C0 EC 2D 14 D2 34 3F DC E7 4D 4A 00 00 20 4E
00023DB0  24 18 4D 4A EC 2D 34 3F 34 3F EC 2D 4D 4A 24 18
00023DC0  20 4E 00 00 4D 4A DC E7 34 3F 14 D2 EC 2D CC C0
00023DD0  24 18 B3 B5 00 00 E0 B1 DC E7 B3 B5 14 D2 CC C0
00023DE0  CC C0 14 D2 B3 B5 DC E7 E0 B1 00 00 B3 B5 24 18
00023DF0  CC C0 EC 2D 14 D2 34 3F DC E7 4D 4A 00 00 20 4E
00023E00  24 18 4D 4A EC 2D 34 3F 34 3F EC 2D 4D 4A 24 18
00023E10  20 4E 00 00 4D 4A DC E7 34 3F 14 D2 EC 2D CC C0
00023E20  24 18 B3 B5 00 00 E0 B1 DC E7 B3 B5 14 D2 CC C0
00023E30  CC C0 14 D2 B3 B5 DC E7 E0 B1 00 00 B3 B5 24 18
00023E40  CC C0 EC 2D 14 D2 34 3F DC E7 4D 4A 00 00 20 4E
00023E50  24 18 4D 4A EC 2D 34 3F 34 3F EC 2D 4D 4A 24 18
00023E60  20 4E 00 00 4D 4A DC E7 34 3F 14 D2 EC 2D CC C0
00023E70  24 18 B3 B5 00 00 E0 B1 DC E7 B3 B5 14 D2 CC C0
00023E80  CC C0 14 D2 B3 B5 DC E7 E0 B1 00 00 B3 B5 24 18
00023E90  CC C0 EC 2D 14 D2 34 3F DC E7 4D 4A 00 00 20 4E
00023EA0  24 18 4D 4A EC 2D 34 3F 34 3F EC 2D 4D 4A 24 18
00023EB0  20 4E 00 00 4D 4A DC E7 34 3F 14 D2 EC 2D CC C0
00023EC0  24 18 B3 B5 00 00 E0 B1 DC E7 B3 B5 14 D2 CC C0
00023ED0  CC C0 14 D2 B3 B5 DC E7 E0 B1 00 00 B3 B5 24 18
00023EE0  CC C0 EC 2D 14 D2 34 3F DC E7 4D 4A 00 00 20 4E
00023EF0  24 18 4D 4A EC 2D 34 3F 34 3F EC 2D 4D 4A 24 18
00023F00  20 4E 00 00 4D 4A DC E7 34 3F 14 D2 EC 2D CC C0
00023F10  24 18 B3 B5 00 00 E0 B1 DC E7 B3 B5 14 D2 CC C0
00023F20  CC C0 14 D2 B3 B5 DC E7 E0 B1 00 00 B3 B5 24 18
00023F30  CC C0 EC 2D 14 D2 34 3F DC E7 4D 4A 00 00 20 4E
00023F40  24 18 4D 4A EC 2D 34 3F 34 3F EC 2D 4D 4A 24 18
00023F50  20 4E 00 00 4D 4A DC E7 34 3F 14 D2 EC 2D CC C0
00023F60  24 18 B3 B5 00 00 E0 B1 DC E7 B3 B5 14 D2 CC C0
00023F70  CC C0 14 D2 B3 B5 DC E7 E0 B1 00 00 B3 B5 24 18
00023F80  CC C0 EC 2D 14 D2 34 3F DC E7 4D 4A 00 00 20 4E
00023F90  24 18 4D 4A EC 2D 34 3F 34 3F EC 2D 4D 4A 24 18
00023FA0  20 4E 00 00 4D 4A DC E7 34 3F 14 D2 EC 2D CC C0
00023FB0  24 18 B3 B5 00 00 E0 B1 DC E7 B3 B5 14 D2 CC C0
00023FC0  CC C0 14 D2 B3 B5 DC E7 E0 B1 00 00 B3 B5 24 18
00023FD0  CC C0 EC 2D 14 D2 34 3F DC E7 4D 4A 00 00 20 4E
00023FE0  24 18 4D 4A EC 2D 34 3F 34 3F EC 2D 4D 4A 24 18
00023FF0  20 4E 00 00 4D 4A DC E7 34 3F 14 D2 EC 2D CC C0
00024000  24 18 B3 B5 00 00 E0 B1 DC E7 B3 B5 14 D2 CC C0
00024010  CC C0 14 D2 B3 B5 DC E7 E0 B1 00 00 B3 B5 24 18
00024020  CC C0 EC 2D 14 D2 34 3F DC E7 4D 4A 00 00 20 4E
00024030  24 18 4D 4A EC 2D 34 3F 34 3F EC 2D 4D 4A 24 18
00024040  20 4E 00 00 4D 4A DC E7 34 3F 14 D2 EC 2D CC C0
00024050  24 18 B3 B5 00 00 E0 B1 DC E7 B3 B5 14 D2 CC C0
00024060  CC C0 14 D2 B3 B5 DC E7 E0 B1 00 00 B3 B5 24 18
00024070  CC C0 EC 2D 14 D2 34 3F DC E7 4D 4A 00 00 20 4E
00024080  24 18 4D 4A EC 2D 34 3F 34 3F EC 2D 4D 4A 24 18
00024090  20 4E 00 00 4D 4A DC E7 34 3F 14 D2 EC 2D CC C0
000240A0  24 18 B3 B5 00 00 E0 B1 DC E7 B3 B5 14 D2 CC C0
000240B0  CC C0 14 D2 B3 B5 DC E7 E0 B1 00 00 B3 B5 24 18
000240C0  CC C0 EC 2D 14 D2 34 3F DC E7 4D 4A 00 00 20 4E
000240D0  24 18 4D 4A EC 2D 34 3F 34 3F EC 2D 4D 4A 24 18
000240E0  20 4E 00 00 4D 4A DC E7 34 3F 14 D2 EC 2D CC C0
000240F0  24 18 B3 B5 00 00 E0 B1 DC E7 B3 B5 14 D2 CC C0
00024100  CC C0 14 D2 B3 B5 DC E7 E0 B1 00 00 B3 B5 24 18
00024110  CC C0 EC 2D 14 D2 34 3F DC E7 4D 4A 00 00 20 4E
00024120  24 18 4D 4A EC 2D 34 3F 34 3F EC 2D 4D 4A 24 18
00024130  20 4E 00 00 4D 4A DC E7 34 3F 14 D2 EC 2D CC C0
00024140  24 18 B3 B5 00 00 E0 B1 DC E7 B3 B5 14 D2 CC C0
00024150  CC C0 14 D2 B3 B5 DC E7 E0 B1 00 00 B3 B5 24 18
00024160  CC C0 EC 2D 14 D2 34 3F DC E7 4D 4A 00 00 20 4E
00024170  24 18 4D 4A EC 2D 34 3F 34 3F EC 2D 4D 4A 24 18
00024180  20 4E 00 00 4D 4A DC E7 34 3F 14 D2 EC 2D CC C0
00024190  24 18 B3 B5 00 00 E0 B1 DC E7 B3 B5 14 D2 CC C0
000241A0  CC C0 14 D2 B3 B5 DC E7 E0 B1 00 00 B3 B5 24 18
000241B0  CC C0 EC 2D 14 D2 34 3F DC E7 4D 4A 00 00 20 4E
000241C0  24 18 4D 4A EC 2D 34 3F 34 3F EC 2D 4D 4A 24 18
000241D0  20 4E 00 00 4D 4A DC E7 34 3F 14 D2 EC 2D CC C0
000241E0  24 18 B3 B5 00 00 E0 B1 DC E7 B3 B5 14 D2 CC C0
000241F0  CC C0 14 D2 B3 B5 DC E7 E0 B1 00 00 B3 B5 24 18
00024200  CC C0 EC 2D 14 D2 34 3F DC E7 4D 4A 00 00 20 4E
00024210  24 18 4D 4A EC 2D 34 3F 34 3F EC 2D 4D 4A 24 18
00024220  20 4E 00 00 4D 4A DC E7 34 3F 14 D2 EC 2D CC C0
00024230  24 18 B3 B5 00 00 E0 B1 DC E7 B3 B5 14 D2 CC C0
00024240  CC C0 14 D2 B3 B5 DC E7 E0 B1 00 00 B3 B5 24 18
00024250  CC C0 EC 2D 14 D2 34 3F DC E7 4D 4A 00 00 20 4E
00024260  24 18 4D 4A EC 2D 34 3F 34 3F EC 2D 4D 4A 24 18
00024270  20 4E 00 00 4D 4A DC E7 34 3F 14 D2 EC 2D CC C0
00024280  24 18 B3 B5 00 00 E0 B1 DC E7 B3 B5 14 D2 CC C0
00024290  CC C0 14 D2 B3 B5 DC E7 E0 B1 00 00 B3 B5 24 18
000242A0  CC C0 EC 2D 14 D2 34 3F DC E7 4D 4A 00 00 20 4E
000242B0  24 18 4D 4A EC 2D 34 3F 34 3F EC 2D 4D 4A 24 18
000242C0  20 4E 00 00 4D 4A DC E7 34 3F 14 D2 EC 2D CC C0
000242D0  24 18 B3 B5 00 00 E0 B1 DC E7 B3 B5 14 D2 CC C0
000242E0  CC C0 14 D2 B3 B5 DC E7 E0 B1 00 00 B3 B5 24 18
000242F0  CC C0 EC 2D 14 D2 34 3F DC E7 4D 4A 00 00 20 4E
00024300  24 18 4D 4A EC 2D 34 3F 34 3F EC 2D 4D 4A 24 18
00024310  20 4E 00 00 4D 4A DC E7 34 3F 14 D2 EC 2D CC C0
00024320  24 18 B3 B5 00 00 E0 B1 DC E7 B3 B5 14 D2 CC C0
00024330  CC C0 14 D2 B3 B5 DC E7 E0 B1 00 00 B3 B5 24 18
00024340  CC C0 EC 2D 14 D2 34 3F DC E7 4D 4A 00 00 20 4E
00024350  24 18 4D 4A EC 2D 34 3F 34 3F EC 2D 4D 4A 24 18
00024360  20 4E 00 00 4D 4A DC E7 34 3F 14 D2 EC 2D CC C0
00024370  24 18 B3 B5 00 00 E0 B1 DC E7 B3 B5 14 D2 CC C0
00024380  CC C0 14 D2 B3 B5 DC E7 E0 B1 00 00 B3 B5 24 18
00024390  CC C0 EC 2D 14 D2 34 3F DC E7 4D 4A 00 00 20 4E
000243A0  24 18 4D 4A EC 2D 34 3F 34 3F EC 2D 4D 4A 24 18
000243B0  20 4E 00 00 4D 4A DC E7 34 3F 14 D2 EC 2D CC C0
000243C0  24 18 B3 B5 00 00 E0 B1 DC E7 B3 B5 14 D2 CC C0
000243D0  CC C0 14 D2 B3 B5 DC E7 E0 B1 00 00 B3 B5 24 18
000243E0  CC C0 EC 2D 14 D2 34 3F DC E7 4D 4A 00 00 20 4E
000243F0  24 18 4D 4A EC 2D 34 3F 34 3F EC 2D 4D 4A 24 18
00024400  20 4E 00 00 4D 4A DC E7 34 3F 14 D2 EC 2D CC C0
00024410  24 18 B3 B5 00 00 E0 B1 DC E7 B3 B5 14 D2 CC C0
00024420  CC C0 14 D2 B3 B5 DC E7 E0 B1 00 00 B3 B5 24 18
00024430  CC C0 EC 2D 14 D2 34 3F DC E7 4D 4A 00 00 20 4E
00024440  24 18 4D 4A EC 2D 34 3F 34 3F EC 2D 4D 4A 24 18
00024450  20 4E 00 00 4D 4A DC E7 34 3F 14 D2 EC 2D CC C0
00024460  24 18 B3 B5 00 00 E0 B1 DC E7 B3 B5 14 D2 CC C0
00024470  CC C0 14 D2 B3 B5 DC E7 E0 B1 00 00 B3 B5 24 18
00024480  CC C0 EC 2D 14 D2 34 3F DC E7 4D 4A 00 00 20 4E
00024490  24 18 4D 4A EC 2D 34 3F 34 3F EC 2D 4D 4A 24 18
000244A0  20 4E 00 00 4D 4A DC E7 34 3F 14 D2 EC 2D CC C0
000244B0  24 18 B3 B5 00 00 E0 B1 DC E7 B3 B5 14 D2 CC C0
000244C0  CC C0 14 D2 B3 B5 DC E7 E0 B1 00 00 B3 B5 24 18
000244D0  CC C0 EC 2D 14 D2 34 3F DC E7 4D 4A 00 00 20 4E
000244E0  24 18 4D 4A EC 2D 34 3F 34 3F EC 2D 4D 4A 24 18
000244F0  20 4E 00 00 4D 4A DC E7 34 3F 14 D2 EC 2D CC C0
00024500  24 18 B3 B5 00 00 E0 B1 DC E7 B3 B5 14 D2 CC C0
00024510  CC C0 14 D2 B3 B5 DC E7 E0 B1 00 00 B3 B5 24 18
00024520  CC C0 EC 2D 14 D2 34 3F DC E7 4D 4A 00 00 20 4E
00024530  24 18 4D 4A EC 2D 34 3F 34 3F EC 2D 4D 4A 24 18
00024540  20 4E 00 00 4D 4A DC E7 34 3F 14 D2 EC 2D CC C0
00024550  24 18 B3 B5 00 00 E0 B1 DC E7 B3 B5 14 D2 CC C0
00024560  CC C0 14 D2 B3 B5 DC E7 E0 B1 00 00 B3 B5 24 18
00024570  CC C0 EC 2D 14 D2 34 3F DC E7 4D 4A 00 00 20 4E
00024580  24 18 4D 4A EC 2D 34 3F 34 3F EC 2D 4D 4A 24 18
00024590  20 4E 00 00 4D 4A DC E7 34 3F 14 D2 EC 2D CC C0
000245A0  24 18 B3 B5 00 00 E0 B1 DC E7 B3 B5 14 D2 CC C0
000245B0  CC C0 14 D2 B3 B5 DC E7 E0 B1 00 00 B3 B5 24 18
000245C0  CC C0 EC 2D 14 D2 34 3F DC E7 4D 4A 00 00 20 4E
000245D0  24 18 4D 4A EC 2D 34 3F 34 3F EC 2D 4D 4A 24 18
000245E0  20 4E 00 00 4D 4A DC E7 34 3F 14 D2 EC 2D CC C0
000245F0  24 18 B3 B5 00 00 E0 B1 DC E7 B3 B5 14 D2 CC C0
00024600  CC C0 14 D2 B3 B5 DC E7 E0 B1 00 00 B3 B5 24 18
00024610  CC C0 EC 2D 14 D2 34 3F DC E7 4D 4A 00 00 20 4E
00024620  24 18 4D 4A EC 2D 34 3F 34 3F EC 2D 4D 4A 24 18
00024630  20 4E 00 00 4D 4A DC E7 34 3F 14 D2 EC 2D CC C0
00024640  24 18 B3 B5 00 00 E0 B1 DC E7 B3 B5 14 D2 CC C0
00024650  CC C0 14 D2 B3 B5 DC E7 E0 B1 00 00 B3 B5 24 18
00024660  CC C0 EC 2D 14 D2 34 3F DC E7 4D 4A 00 00 20 4E
00024670  24 18 4D 4A EC 2D 34 3F 34 3F EC 2D 4D 4A 24 18
00024680  20 4E 00 00 4D 4A DC E7 34 3F 14 D2 EC 2D CC C0
00024690  24 18 B3 B5 00 00 E0 B1 DC E7 B3 B5 14 D2 CC C0
000246A0  CC C0 14 D2 B3 B5 DC E7 E0 B1 00 00 B3 B5 24 18
000246B0  CC C0 EC 2D 14 D2 34 3F DC E7 4D 4A 00 00 20 4E
000246C0  24 18 4D 4A EC 2D 34 3F 34 3F EC 2D 4D 4A 24 18
000246D0  20 4E 00 00 4D 4A DC E7 34 3F 14 D2 EC 2D CC C0
000246E0  24 18 B3 B5 00 00 E0 B1 DC E7 B3 B5 14 D2 CC C0
000246F0  CC C0 14 D2 B3 B5 DC E7 E0 B1 00 00 B3 B5 24 18
00024700  CC C0 EC 2D 14 D2 34 3F DC E7 4D 4A 00 00 20 4E
00024710  24 18 4D 4A EC 2D 34 3F 34 3F EC 2D 4D 4A 24 18
00024720  20 4E 00 00 4D 4A DC E7 34 3F 14 D2 EC 2D CC C0
00024730  24 18 B3 B5 00 00 E0 B1 DC E7 B3 B5 14 D2 CC C0
00024740  CC C0 14 D2 B3 B5 DC E7 E0 B1 00 00 B3 B5 24 18
00024750  CC C0 EC 2D 14 D2 34 3F DC E7 4D 4A 00 00 20 4E
00024760  24 18 4D 4A EC 2D 34 3F 34 3F EC 2D 4D 4A 24 18
00024770  20 4E 00 00 4D 4A DC E7 34 3F 14 D2 EC 2D CC C0
00024780  24 18 B3 B5 00 00 E0 B1 DC E7 B3 B5 14 D2 CC C0
00024790  CC C0 14 D2 B3 B5 DC E7 E0 B1 00 00 B3 B5 24 18
000247A0  CC C0 EC 2D 14 D2 34 3F DC E7 4D 4A 00 00 20 4E
000247B0  24 18 4D 4A EC 2D 34 3F 34 3F EC 2D 4D 4A 24 18
000247C0  20 4E 00 00 4D 4A DC E7 34 3F 14 D2 EC 2D CC C0
000247D0  24 18 B3 B5 00 00 E0 B1 DC E7 B3 B5 14 D2 CC C0
000247E0  CC C0 14 D2 B3 B5 DC E7 E0 B1 00 00 B3 B5 24 18
000247F0  CC C0 EC 2D 14 D2 34 3F DC E7 4D 4A 00 00 20 4E
00024800  24 18 4D 4A EC 2D 34 3F 34 3F EC 2D 4D 4A 24 18
00024810  20 4E 00 00 4D 4A DC E7 34 3F 14 D2 EC 2D CC C0
00024820  24 18 B3 B5 00 00 E0 B1 DC E7 B3 B5 14 D2 CC C0
00024830  CC C0 14 D2 B3 B5 DC E7 E0 B1 00 00 B3 B5 24 18
00024840  CC C0 EC 2D 14 D2 34 3F DC E7 4D 4A 00 00 20 4E
00024850  24 18 4D 4A EC 2D 34 3F 34 3F EC 2D 4D 4A 24 18
00024860  20 4E 00 00 4D 4A DC E7 34 3F 14 D2 EC 2D CC C0
00024870  24 18 B3 B5 00 00 E0 B1 DC E7 B3 B5 14 D2 CC C0
00024880  CC C0 14 D2 B3 B5 DC E7 E0 B1 00 00 B3 B5 24 18
00024890  CC C0 EC 2D 14 D2 34 3F DC E7 4D 4A 00 00 20 4E
000248A0  24 18 4D 4A EC 2D 34 3F 34 3F EC 2D 4D 4A 24 18
000248B0  20 4E 00 00 4D 4A DC E7 34 3F 14 D2 EC 2D CC C0
000248C0  24 18 B3 B5 00 00 E0 B1 DC E7 B3 B5 14 D2 CC C0
000248D0  CC C0 14 D2 B3 B5 DC E7 E0 B1 00 00 B3 B5 24 18
000248E0  CC C0 EC 2D 14 D2 34 3F DC E7 4D 4A 00 00 20 4E
000248F0  24 18 4D 4A EC 2D 34 3F 34 3F EC 2D 4D 4A 24 18
00024900  20 4E 00 00 4D 4A DC E7 34 3F 14 D2 EC 2D CC C0
00024910  24 18 B3 B5 00 00 E0 B1 DC E7 B3 B5 14 D2 CC C0
00024920  CC C0 14 D2 B3 B5 DC E7 E0 B1 00 00 B3 B5 24 18
00024930  CC C0 EC 2D 14 D2 34 3F DC E7 4D 4A 00 00 20 4E
00024940  24 18 4D 4A EC 2D 34 3F 34 3F EC 2D 4D 4A 24 18
00024950  20 4E 00 00 4D 4A DC E7 34 3F 14 D2 EC 2D CC C0
00024960  24 18 B3 B5 00 00 E0 B1 DC E7 B3 B5 14 D2 CC C0
00024970  CC C0 14 D2 B3 B5 DC E7 E0 B1 00 00 B3 B5 24 18
00024980  CC C0 EC 2D 14 D2 34 3F DC E7 4D 4A 00 00 20 4E
00024990  24 18 4D 4A EC 2D 34 3F 34 3F EC 2D 4D 4A 24 18
000249A0  20 4E 00 00 4D 4A DC E7 34 3F 14 D2 EC 2D CC C0
000249B0  24 18 B3 B5 00 00 E0 B1 DC E7 B3 B5 14 D2 CC C0
000249C0  CC C0 14 D2 B3 B5 DC E7 E0 B1 00 00 B3 B5 24 18
000249D0  CC C0 EC 2D 14 D2 34 3F DC E7 4D 4A 00 00 20 4E
000249E0  24 18 4D 4A EC 2D 34 3F 34 3F EC 2D 4D 4A 24 18
000249F0  20 4E 00 00 4D 4A DC E7 34 3F 14 D2 EC 2D CC C0
00024A00  24 18 B3 B5 00 00 E0 B1 DC E7 B3 B5 14 D2 CC C0
00024A10  CC C0 14 D2 B3 B5 DC E7 E0 B1 00 00 B3 B5 24 18
00024A20  CC C0 EC 2D 14 D2 34 3F DC E7 4D 4A 00 00 20 4E
00024A30  24 18 4D 4A EC 2D 34 3F 34 3F EC 2D 4D 4A 24 18
00024A40  20 4E 00 00 4D 4A DC E7 34 3F 14 D2 EC 2D CC C0
00024A50  24 18 B3 B5 00 00 E0 B1 DC E7 B3 B5 14 D2 CC C0
00024A60  CC C0 14 D2 B3 B5 DC E7 E0 B1 00 00 B3 B5 24 18
00024A70  CC C0 EC 2D 14 D2 34 3F DC E7 4D 4A 00 00 20 4E
00024A80  24 18 4D 4A EC 2D 34 3F 34 3F EC 2D 4D 4A 24 18
00024A90  20 4E 00 00 4D 4A DC E7 34 3F 14 D2 EC 2D CC C0
00024AA0  24 18 B3 B5 00 00 E0 B1 DC E7 B3 B5 14 D2 CC C0
00024AB0  CC C0 14 D2 B3 B5 DC E7 E0 B1 00 00 B3 B5 24 18
00024AC0  CC C0 EC 2D 14 D2 34 3F DC E7 4D 4A 00 00 20 4E
00024AD0  24 18 4D 4A EC 2D 34 3F 34 3F EC 2D 4D 4A 24 18
00024AE0  20 4E 00 00 4D 4A DC E7 34 3F 14 D2 EC 2D CC C0
00024AF0  24 18 B3 B5 00 00 E0 B1 DC E7 B3 B5 14 D2 CC C0
00024B00  CC C0 14 D2 B3 B5 DC E7 E0 B1 00 00 B3 B5 24 18
00024B10  CC C0 EC 2D 14 D2 34 3F DC E7 4D 4A 00 00 20 4E
00024B20  24 18 4D 4A EC 2D 34 3F 34 3F EC 2D 4D 4A 24 18
00024B30  20 4E 00 00 4D 4A DC E7 34 3F 14 D2 EC 2D CC C0
00024B40  24 18 B3 B5 00 00 E0 B1 DC E7 B3 B5 14 D2 CC C0
00024B50  CC C0 14 D2 B3 B5 DC E7 E0 B1 00 00 B3 B5 24 18
00024B60  CC C0 EC 2D 14 D2 34 3F DC E7 4D 4A 00 00 20 4E
00024B70  24 18 4D 4A EC 2D 34 3F 34 3F EC 2D 4D 4A 24 18
00024B80  20 4E 00 00 4D 4A DC E7 34 3F 14 D2 EC 2D CC C0
00024B90  24 18 B3 B5 00 00 E0 B1 DC E7 B3 B5 14 D2 CC C0
00024BA0  CC C0 14 D2 B3 B5 DC E7 E0 B1 00 00 B3 B5 24 18
00024BB0  CC C0 EC 2D 14 D2 34 3F DC E7 4D 4A 00 00 20 4E
00024BC0  24 18 4D 4A EC 2D 34 3F 34 3F EC 2D 4D 4A 24 18
00024BD0  20 4E 00 00 4D 4A DC E7 34 3F 14 D2 EC 2D CC C0
00024BE0  24 18 B3 B5 00 00 E0 B1 DC E7 B3 B5 14 D2 CC C0
00024BF0  CC C0 14 D2 B3 B5 DC E7 E0 B1 00 00 B3 B5 24 18
00024C00  CC C0 EC 2D 14 D2 34 3F DC E7 4D 4A 00 00 20 4E
00024C10  24 18 4D 4A EC 2D 34 3F 34 3F EC 2D 4D 4A 24 18
00024C20  20 4E 00 00 4D 4A DC E7 34 3F 14 D2 EC 2D CC C0
00024C30  24 18 B3 B5 00 00 E0 B1 DC E7 B3 B5 14 D2 CC C0
00024C40  CC C0 14 D2 B3 B5 DC E7 E0 B1 00 00 B3 B5 24 18
00024C50  CC C0 EC 2D 14 D2 34 3F DC E7 4D 4A 00 00 20 4E
00024C60  24 18 4D 4A EC 2D 34 3F 34 3F EC 2D 4D 4A 24 18
00024C70  20 4E 00 00 4D 4A DC E7 34 3F 14 D2 EC 2D CC C0
00024C80  24 18 B3 B5 00 00 E0 B1 DC E7 B3 B5 14 D2 CC C0
00024C90  CC C0 14 D2 B3 B5 DC E7 E0 B1 00 00 B3 B5 24 18
00024CA0  CC C0 EC 2D 14 D2 34 3F DC E7 4D 4A 00 00 20 4E
00024CB0  24 18 4D 4A EC 2D 34 3F 34 3F EC 2D 4D 4A 24 18
00024CC0  20 4E 00 00 4D 4A DC E7 34 3F 14 D2 EC 2D CC C0
00024CD0  24 18 B3 B5 00 00 E0 B1 DC E7 B3 B5 14 D2 CC C0
00024CE0  CC C0 14 D2 B3 B5 DC E7 E0 B1 00 00 B3 B5 24 18
00024CF0  CC C0 EC 2D 14 D2 34 3F DC E7 4D 4A 00 00 20 4E
00024D00  24 18 4D 4A EC 2D 34 3F 34 3F EC 2D 4D 4A 24 18
00024D10  20 4E 00 00 4D 4A DC E7 34 3F 14 D2 EC 2D CC C0
00024D20  24 18 B3 B5 00 00 E0 B1 DC E7 B3 B5 14 D2 CC C0
00024D30  CC C0 14 D2 B3 B5 DC E7 E0 B1 00 00 B3 B5 24 18
00024D40  CC C0 EC 2D 14 D2 34 3F DC E7 4D 4A 00 00 20 4E
00024D50  24 18 4D 4A EC 2D 34 3F 34 3F EC 2D 4D 4A 24 18
00024D60  20 4E 00 00 4D 4A DC E7 34 3F 14 D2 EC 2D CC C0
00024D70  24 18 B3 B5 00 00 E0 B1 DC E7 B3 B5 14 D2 CC C0
00024D80  CC C0 14 D2 B3 B5 DC E7 E0 B1 00 00 B3 B5 24 18
00024D90  CC C0 EC 2D 14 D2 34 3F DC E7 4D 4A 00 00 20 4E
00024DA0  24 18 4D 4A EC 2D 34 3F 34 3F EC 2D 4D 4A 24 18
00024DB0  20 4E 00 00 4D 4A DC E7 34 3F 14 D2 EC 2D CC C0
00024DC0  24 18 B3 B5 00 00 E0 B1 DC E7 B3 B5 14 D2 CC C0
00024DD0  CC C0 14 D2 B3 B5 DC E7 E0 B1 00 00 B3 B5 24 18
00024DE0  CC C0 EC 2D 14 D2 34 3F DC E7 4D 4A 00 00 20 4E
00024DF0  24 18 4D 4A EC 2D 34 3F 34 3F EC 2D 4D 4A 24 18
00024E00  20 4E 00 00 4D 4A DC E7 34 3F 14 D2 EC 2D CC C0
00024E10  24 18 B3 B5 00 00 E0 B1 DC E7 B3 B5 14 D2 CC C0
00024E20  CC C0 14 D2 B3 B5 DC E7 E0 B1 00 00 B3 B5 24 18
00024E30  CC C0 EC 2D 14 D2 34 3F DC E7 4D 4A 00 00 20 4E
00024E40  24 18 4D 4A EC 2D 34 3F 34 3F EC 2D 4D 4A 24 18
00024E50  20 4E 00 00 4D 4A DC E7 34 3F 14 D2 EC 2D CC C0
00024E60  24 18 B3 B5 00 00 E0 B1 DC E7 B3 B5 14 D2 CC C0
00024E70  CC C0 14 D2 B3 B5 DC E7 E0 B1 00 00 B3 B5 24 18
00024E80  CC C0 EC 2D 14 D2 34 3F DC E7 4D 4A 00 00 20 4E
00024E90  24 18 4D 4A EC 2D 34 3F 34 3F EC 2D 4D 4A 24 18
00024EA0  20 4E 00 00 4D 4A DC E7 34 3F 14 D2 EC 2D CC C0
00024EB0  24 18 B3 B5 00 00 E0 B1 DC E7 B3 B5 14 D2 CC C0
00024EC0  CC C0 14 D2 B3 B5 DC E7 E0 B1 00 00 B3 B5 24 18
00024ED0  CC C0 EC 2D 14 D2 34 3F DC E7 4D 4A 00 00 20 4E
00024EE0  24 18 4D 4A EC 2D 34 3F 34 3F EC 2D 4D 4A 24 18
00024EF0  20 4E 00 00 4D 4A DC E7 34 3F 14 D2 EC 2D CC C0
00024F00  24 18 B3 B5 00 00 E0 B1 DC E7 B3 B5 14 D2 CC C0
00024F10  CC C0 14 D2 B3 B5 DC E7 E0 B1 00 00 B3 B5 24 18
00024F20  CC C0 EC 2D 14 D2 34 3F DC E7 4D 4A 00 00 20 4E
00024F30  24 18 4D 4A EC 2D 34 3F 34 3F EC 2D 4D 4A 24 18
00024F40  20 4E 00 00 4D 4A DC E7 34 3F 14 D2 EC 2D CC C0
00024F50  24 18 B3 B5 00 00 E0 B1 DC E7 B3 B5 14 D2 CC C0
00024F60  CC C0 14 D2 B3 B5 DC E7 E0 B1 00 00 B3 B5 24 18
00024F70  CC C0 EC 2D 14 D2 34 3F DC E7 4D 4A 00 00 20 4E
00024F80  24 18 4D 4A EC 2D 34 3F 34 3F EC 2D 4D 4A 24 18
00024F90  20 4E 00 00 4D 4A DC E7 34 3F 14 D2 EC 2D CC C0
00024FA0  24 18 B3 B5 00 00 E0 B1 DC E7 B3 B5 14 D2 CC C0
00024FB0  CC C0 14 D2 B3 B5 DC E7 E0 B1 00 00 B3 B5 24 18
00024FC0  CC C0 EC 2D 14 D2 34 3F DC E7 4D 4A 00 00 20 4E
00024FD0  24 18 4D 4A EC 2D 34 3F 34 3F EC 2D 4D 4A 24 18
00024FE0  20 4E 00 00 4D 4A DC E7 34 3F 14 D2 EC 2D CC C0
00024FF0  24 18 B3 B5 00 00 E0 B1 DC E7 B3 B5 14 D2 CC C0
00025000  CC C0 14 D2 B3 B5 DC E7 E0 B1 00 00 B3 B5 24 18
00025010  CC C0 EC 2D 14 D2 34 3F DC E7 4D 4A 00 00 20 4E
00025020  24 18 4D 4A EC 2D 34 3F 34 3F EC 2D 4D 4A 24 18
00025030  20 4E 00 00 4D 4A DC E7 34 3F 14 D2 EC 2D CC C0
00025040  24 18 B3 B5 00 00 E0 B1 DC E7 B3 B5 14 D2 CC C0
00025050  CC C0 14 D2 B3 B5 DC E7 E0 B1 00 00 B3 B5 24 18
00025060  CC C0 EC 2D 14 D2 34 3F DC E7 4D 4A 00 00 20 4E
00025070  24 18 4D 4A EC 2D 34 3F 34 3F EC 2D 4D 4A 24 18
00025080  20 4E 00 00 4D 4A DC E7 34 3F 14 D2 EC 2D CC C0
00025090  24 18 B3 B5 00 00 E0 B1 DC E7 B3 B5 14 D2 CC C0
000250A0  CC C0 14 D2 B3 B5 DC E7 E0 B1 00 00 B3 B5 24 18
000250B0  CC C0 EC 2D 14 D2 34 3F DC E7 4D 4A 00 00 20 4E
000250C0  24 18 4D 4A EC 2D 34 3F 34 3F EC 2D 4D 4A 24 18
000250D0  20 4E 00 00 4D 4A DC E7 34 3F 14 D2 EC 2D CC C0
000250E0  24 18 B3 B5 00 00 E0 B1 DC E7 B3 B5 14 D2 CC C0
000250F0  CC C0 14 D2 B3 B5 DC E7 E0 B1 00 00 B3 B5 24 18
00025100  CC C0 EC 2D 14 D2 34 3F DC E7 4D 4A 00 00 20 4E
00025110  24 18 4D 4A EC 2D 34 3F 34 3F EC 2D 4D 4A 24 18
00025120  20 4E 00 00 4D 4A DC E7 34 3F 14 D2 EC 2D CC C0
00025130  24 18 B3 B5 00 00 E0 B1 DC E7 B3 B5 14 D2 CC C0
00025140  CC C0 14 D2 B3 B5 DC E7 E0 B1 00 00 B3 B5 24 18
00025150  CC C0 EC 2D 14 D2 34 3F DC E7 4D 4A 00 00 20 4E
00025160  24 18 4D 4A EC 2D 34 3F 34 3F EC 2D 4D 4A 24 18
00025170  20 4E 00 00 4D 4A DC E7 34 3F 14 D2 EC 2D CC C0
00025180  24 18 B3 B5 00 00 E0 B1 DC E7 B3 B5 14 D2 CC C0
00025190  CC C0 14 D2 B3 B5 DC E7 E0 B1 00 00 B3 B5 24 18
000251A0  CC C0 EC 2D 14 D2 34 3F DC E7 4D 4A 00 00 20 4E
000251B0  24 18 4D 4A EC 2D 34 3F 34 3F EC 2D 4D 4A 24 18
000251C0  20 4E 00 00 4D 4A DC E7 34 3F 14 D2 EC 2D CC C0
000251D0  24 18 B3 B5 00 00 E0 B1 DC E7 B3 B5 14 D2 CC C0
000251E0  CC C0 14 D2 B3 B5 DC E7 E0 B1 00 00 B3 B5 24 18
000251F0  CC C0 EC 2D 14 D2 34 3F DC E7 4D 4A 00 00 20 4E
00025200  24 18 4D 4A EC 2D 34 3F 34 3F EC 2D 4D 4A 24 18
00025210  20 4E 00 00 4D 4A DC E7 34 3F 14 D2 EC 2D CC C0
00025220  24 18 B3 B5 00 00 E0 B1 DC E7 B3 B5 14 D2 CC C0
00025230  CC C0 14 D2 B3 B5 DC E7 E0 B1 00 00 B3 B5 24 18
00025240  CC C0 EC 2D 14 D2 34 3F DC E7 4D 4A 00 00 20 4E
00025250  24 18 4D 4A EC 2D 34 3F 34 3F EC 2D 4D 4A 24 18
00025260  20 4E 00 00 4D 4A DC E7 34 3F 14 D2 EC 2D CC C0
00025270  24 18 B3 B5 00 00 E0 B1 DC E7 B3 B5 14 D2 CC C0
00025280  CC C0 14 D2 B3 B5 DC E7 E0 B1 00 00 B3 B5 24 18
00025290  CC C0 EC 2D 14 D2 34 3F DC E7 4D 4A 00 00 20 4E
000252A0  24 18 4D 4A EC 2D 34 3F 34 3F EC 2D 4D 4A 24 18
000252B0  20 4E 00 00 4D 4A DC E7 34 3F 14 D2 EC 2D CC C0
000252C0  24 18 B3 B5 00 00 E0 B1 DC E7 B3 B5 14 D2 CC C0
000252D0  CC C0 14 D2 B3 B5 DC E7 E0 B1 00 00 B3 B5 24 18
000252E0  CC C0 EC 2D 14 D2 34 3F DC E7 4D 4A 00 00 20 4E
000252F0  24 18 4D 4A EC 2D 34 3F 34 3F EC 2D 4D 4A 24 18
00025300  20 4E 00 00 4D 4A DC E7 34 3F 14 D2 EC 2D CC C0
00025310  24 18 B3 B5 00 00 E0 B1 DC E7 B3 B5 14 D2 CC C0
00025320  CC C0 14 D2 B3 B5 DC E7 E0 B1 00 00 B3 B5 24 18
00025330  CC C0 EC 2D 14 D2 34 3F DC E7 4D 4A 00 00 20 4E
00025340  24 18 4D 4A EC 2D 34 3F 34 3F EC 2D 4D 4A 24 18
00025350  20 4E 00 00 4D 4A DC E7 34 3F 14 D2 EC 2D CC C0
00025360  24 18 B3 B5 00 00 E0 B1 DC E7 B3 B5 14 D2 CC C0
00025370  CC C0 14 D2 B3 B5 DC E7 E0 B1 00 00 B3 B5 24 18
00025380  CC C0 EC 2D 14 D2 34 3F DC E7 4D 4A 00 00 20 4E
00025390  24 18 4D 4A EC 2D 34 3F 34 3F EC 2D 4D 4A 24 18
000253A0  20 4E 00 00 4D 4A DC E7 34 3F 14 D2 EC 2D CC C0
000253B0  24 18 B3 B5 00 00 E0 B1 DC E7 B3 B5 14 D2 CC C0
000253C0  CC C0 14 D2 B3 B5 DC E7 E0 B1 00 00 B3 B5 24 18
000253D0  CC C0 EC 2D 14 D2 34 3F DC E7 4D 4A 00 00 20 4E
000253E0  24 18 4D 4A EC 2D 34 3F 34 3F EC 2D 4D 4A 24 18
000253F0  20 4E 00 00 4D 4A DC E7 34 3F 14 D2 EC 2D CC C0
00025400  24 18 B3 B5 00 00 E0 B1 DC E7 B3 B5 14 D2 CC C0
00025410  CC C0 14 D2 B3 B5 DC E7 E0 B1 00 00 B3 B5 24 18
00025420  CC C0 EC 2D 14 D2 34 3F DC E7 4D 4A 00 00 20 4E
00025430  24 18 4D 4A EC 2D 34 3F 34 3F EC 2D 4D 4A 24 18
00025440  20 4E 00 00 4D 4A DC E7 34 3F 14 D2 EC 2D CC C0
00025450  24 18 B3 B5 00 00 E0 B1 DC E7 B3 B5 14 D2 CC C0
00025460  CC C0 14 D2 B3 B5 DC E7 E0 B1 00 00 B3 B5 24 18
00025470  CC C0 EC 2D 14 D2 34 3F DC E7 4D 4A 00 00 20 4E
00025480  24 18 4D 4A EC 2D 34 3F 34 3F EC 2D 4D 4A 24 18
00025490  20 4E 00 00 4D 4A DC E7 34 3F 14 D2 EC 2D CC C0
000254A0  24 18 B3 B5 00 00 E0 B1 DC E7 B3 B5 14 D2 CC C0
000254B0  CC C0 14 D2 B3 B5 DC E7 E0 B1 00 00 B3 B5 24 18
000254C0  CC C0 EC 2D 14 D2 34 3F DC E7 4D 4A 00 00 20 4E
000254D0  24 18 4D 4A EC 2D 34 3F 34 3F EC 2D 4D 4A 24 18
000254E0  20 4E 00 00 4D 4A DC E7 34 3F 14 D2 EC 2D CC C0
000254F0  24 18 B3 B5 00 00 E0 B1 DC E7 B3 B5 14 D2 CC C0
00025500  CC C0 14 D2 B3 B5 DC E7 E0 B1 00 00 B3 B5 24 18
00025510  CC C0 EC 2D 14 D2 34 3F DC E7 4D 4A 00 00 20 4E
00025520  24 18 4D 4A EC 2D 34 3F 34 3F EC 2D 4D 4A 24 18
00025530  20 4E 00 00 4D 4A DC E7 34 3F 14 D2 EC 2D CC C0
00025540  24 18 B3 B5 00 00 E0 B1 DC E7 B3 B5 14 D2 CC C0
00025550  CC C0 14 D2 B3 B5 DC E7 E0 B1 00 00 B3 B5 24 18
00025560  CC C0 EC 2D 14 D2 34 3F DC E7 4D 4A 00 00 20 4E
00025570  24 18 4D 4A EC 2D 34 3F 34 3F EC 2D 4D 4A 24 18
00025580  20 4E 00 00 4D 4A DC E7 34 3F 14 D2 EC 2D CC C0
00025590  24 18 B3 B5 00 00 E0 B1 DC E7 B3 B5 14 D2 CC C0
000255A0  CC C0 14 D2 B3 B5 DC E7 E0 B1 00 00 B3 B5 24 18
000255B0  CC C0 EC 2D 14 D2 34 3F DC E7 4D 4A 00 00 20 4E
000255C0  24 18 4D 4A EC 2D 34 3F 34 3F EC 2D 4D 4A 24 18
000255D0  20 4E 00 00 4D 4A DC E7 34 3F 14 D2 EC 2D CC C0
000255E0  24 18 B3 B5 00 00 E0 B1 DC E7 B3 B5 14 D2 CC C0
000255F0  CC C0 14 D2 B3 B5 DC E7 E0 B1 00 00 B3 B5 24 18
00025600  CC C0 EC 2D 14 D2 34 3F DC E7 4D 4A 00 00 20 4E
00025610  24 18 4D 4A EC 2D 34 3F 34 3F EC 2D 4D 4A 24 18
00025620  20 4E 00 00 4D 4A DC E7 34 3F 14 D2 EC 2D CC C0
00025630  24 18 B3 B5 00 00 E0 B1 DC E7 B3 B5 14 D2 CC C0
00025640  CC C0 14 D2 B3 B5 DC E7 E0 B1 00 00 B3 B5 24 18
00025650  CC C0 EC 2D 14 D2 34 3F DC E7 4D 4A 00 00 20 4E
00025660  24 18 4D 4A EC 2D 34 3F 34 3F EC 2D 4D 4A 24 18
00025670  20 4E 00 00 4D 4A DC E7 34 3F 14 D2 EC 2D CC C0
00025680  24 18 B3 B5 00 00 E0 B1 DC E7 B3 B5 14 D2 CC C0
00025690  CC C0 14 D2 B3 B5 DC E7 E0 B1 00 00 B3 B5 24 18
000256A0  CC C0 EC 2D 14 D2 34 3F DC E7 4D 4A 00 00 20 4E
000256B0  24 18 4D 4A EC 2D 34 3F 34 3F EC 2D 4D 4A 24 18
000256C0  20 4E 00 00 4D 4A DC E7 34 3F 14 D2 EC 2D CC C0
000256D0  24 18 B3 B5 00 00 E0 B1 DC E7 B3 B5 14 D2 CC C0
000256E0  CC C0 14 D2 B3 B5 DC E7 E0 B1 00 00 B3 B5 24 18
000256F0  CC C0 EC 2D 14 D2 34 3F DC E7 4D 4A 00 00 20 4E
00025700  24 18 4D 4A EC 2D 34 3F 34 3F EC 2D 4D 4A 24 18
00025710  20 4E 00 00 4D 4A DC E7 34 3F 14 D2 EC 2D CC C0
00025720  24 18 B3 B5 00 00 E0 B1 DC E7 B3 B5 14 D2 CC C0
00025730  CC C0 14 D2 B3 B5 DC E7 E0 B1 00 00 B3 B5 24 18
00025740  CC C0 EC 2D 14 D2 34 3F DC E7 4D 4A 00 00 20 4E
00025750  24 18 4D 4A EC 2D 34 3F 34 3F EC 2D 4D 4A 24 18
00025760  20 4E 00 00 4D 4A DC E7 34 3F 14 D2 EC 2D CC C0
00025770  24 18 B3 B5 00 00 E0 B1 DC E7 B3 B5 14 D2 CC C0
00025780  CC C0 14 D2 B3 B5 DC E7 E0 B1 00 00 B3 B5 24 18
00025790  CC C0 EC 2D 14 D2 34 3F DC E7 4D 4A 00 00 20 4E
000257A0  24 18 4D 4A EC 2D 34 3F 34 3F EC 2D 4D 4A 24 18
000257B0  20 4E 00 00 4D 4A DC E7 34 3F 14 D2 EC 2D CC C0
000257C0  24 18 B3 B5 00 00 E0 B1 DC E7 B3 B5 14 D2 CC C0
000257D0  CC C0 14 D2 B3 B5 DC E7 E0 B1 00 00 B3 B5 24 18
000257E0  CC C0 EC 2D 14 D2 34 3F DC E7 4D 4A 00 00 20 4E
000257F0  24 18 4D 4A EC 2D 34 3F 34 3F EC 2D 4D 4A 24 18
00025800  20 4E 00 00 4D 4A DC E7 34 3F 14 D2 EC 2D CC C0
00025810  24 18 B3 B5 00 00 E0 B1 DC E7 B3 B5 14 D2 CC C0
00025820  CC C0 14 D2 B3 B5 DC E7 E0 B1 00 00 B3 B5 24 18
00025830  CC C0 EC 2D 14 D2 34 3F DC E7 4D 4A 00 00 20 4E
00025840  24 18 4D 4A EC 2D 34 3F 34 3F EC 2D 4D 4A 24 18
00025850  20 4E 00 00 4D 4A DC E7 34 3F 14 D2 EC 2D CC C0
00025860  24 18 B3 B5 00 00 E0 B1 DC E7 B3 B5 14 D2 CC C0
00025870  CC C0 14 D2 B3 B5 DC E7 E0 B1 00 00 B3 B5 24 18
00025880  CC C0 EC 2D 14 D2 34 3F DC E7 4D 4A 00 00 20 4E
00025890  24 18 4D 4A EC 2D 34 3F 34 3F EC 2D 4D 4A 24 18
000258A0  20 4E 00 00 4D 4A DC E7 34 3F 14 D2 EC 2D CC C0
000258B0  24 18 B3 B5 00 00 E0 B1 DC E7 B3 B5 14 D2 CC C0
000258C0  CC C0 14 D2 B3 B5 DC E7 E0 B1 00 00 B3 B5 24 18
000258D0  CC C0 EC 2D 14 D2 34 3F DC E7 4D 4A 00 00 20 4E
000258E0  24 18 4D 4A EC 2D 34 3F 34 3F EC 2D 4D 4A 24 18
000258F0  20 4E 00 00 4D 4A DC E7 34 3F 14 D2 EC 2D CC C0
00025900  24 18 B3 B5 00 00 E0 B1 DC E7 B3 B5 14 D2 CC C0
00025910  CC C0 14 D2 B3 B5 DC E7 E0 B1 00 00 B3 B5 24 18
00025920  CC C0 EC 2D 14 D2 34 3F DC E7 4D 4A 00 00 20 4E
00025930  24 18 4D 4A EC 2D 34 3F 34 3F EC 2D 4D 4A 24 18
00025940  20 4E 00 00 4D 4A DC E7 34 3F 14 D2 EC 2D CC C0
00025950  24 18 B3 B5 00 00 E0 B1 DC E7 B3 B5 14 D2 CC C0
00025960  CC C0 14 D2 B3 B5 DC E7 E0 B1 00 00 B3 B5 24 18
00025970  CC C0 EC 2D 14 D2 34 3F DC E7 4D 4A 00 00 20 4E
00025980  24 18 4D 4A EC 2D 34 3F 34 3F EC 2D 4D 4A 24 18
00025990  20 4E 00 00 4D 4A DC E7 34 3F 14 D2 EC 2D CC C0
000259A0  24 18 B3 B5 00 00 E0 B1 DC E7 B3 B5 14 D2 CC C0
000259B0  CC C0 14 D2 B3 B5 DC E7 E0 B1 00 00 B3 B5 24 18
000259C0  CC C0 EC 2D 14 D2 34 3F DC E7 4D 4A 00 00 20 4E
000259D0  24 18 4D 4A EC 2D 34 3F 34 3F EC 2D 4D 4A 24 18
000259E0  20 4E 00 00 4D 4A DC E7 34 3F 14 D2 EC 2D CC C0
000259F0  24 18 B3 B5 00 00 E0 B1 DC E7 B3 B5 14 D2 CC C0
00025A00  CC C0 14 D2 B3 B5 DC E7 E0 B1 00 00 B3 B5 24 18
00025A10  CC C0 EC 2D 14 D2 34 3F DC E7 4D 4A 00 00 20 4E
00025A20  24 18 4D 4A EC 2D 34 3F 34 3F EC 2D 4D 4A 24 18
00025A30  20 4E 00 00 4D 4A DC E7 34 3F 14 D2 EC 2D CC C0
00025A40  24 18 B3 B5 00 00 E0 B1 DC E7 B3 B5 14 D2 CC C0
00025A50  CC C0 14 D2 B3 B5 DC E7 E0 B1 00 00 B3 B5 24 18
00025A60  CC C0 EC 2D 14 D2 34 3F DC E7 4D 4A 00 00 20 4E
00025A70  24 18 4D 4A EC 2D 34 3F 34 3F EC 2D 4D 4A 24 18
00025A80  20 4E 00 00 4D 4A DC E7 34 3F 14 D2 EC 2D CC C0
00025A90  24 18 B3 B5 00 00 E0 B1 DC E7 B3 B5 14 D2 CC C0
00025AA0  CC C0 14 D2 B3 B5 DC E7 E0 B1 00 00 B3 B5 24 18
00025AB0  CC C0 EC 2D 14 D2 34 3F DC E7 4D 4A 00 00 20 4E
00025AC0  24 18 4D 4A EC 2D 34 3F 34 3F EC 2D 4D 4A 24 18
00025AD0  20 4E 00 00 4D 4A DC E7 34 3F 14 D2 EC 2D CC C0
00025AE0  24 18 B3 B5 00 00 E0 B1 DC E7 B3 B5 14 D2 CC C0
00025AF0  CC C0 14 D2 B3 B5 DC E7 E0 B1 00 00 B3 B5 24 18
00025B00  CC C0 EC 2D 14 D2 34 3F DC E7 4D 4A 00 00 20 4E
00025B10  24 18 4D 4A EC 2D 34 3F 34 3F EC 2D 4D 4A 24 18
00025B20  20 4E 00 00 4D 4A DC E7 34 3F 14 D2 EC 2D CC C0
00025B30  24 18 B3 B5 00 00 E0 B1 DC E7 B3 B5 14 D2 CC C0
00025B40  CC C0 14 D2 B3 B5 DC E7 E0 B1 00 00 B3 B5 24 18
00025B50  CC C0 EC 2D 14 D2 34 3F DC E7 4D 4A 00 00 20 4E
00025B60  24 18 4D 4A EC 2D 34 3F 34 3F EC 2D 4D 4A 24 18
00025B70  20 4E 00 00 4D 4A DC E7 34 3F 14 D2 EC 2D CC C0
00025B80  24 18 B3 B5 00 00 E0 B1 DC E7 B3 B5 14 D2 CC C0
00025B90  CC C0 14 D2 B3 B5 DC E7 E0 B1 00 00 B3 B5 24 18
00025BA0  CC C0 EC 2D 14 D2 34 3F DC E7 4D 4A 00 00 20 4E
00025BB0  24 18 4D 4A EC 2D 34 3F 34 3F EC 2D 4D 4A 24 18
00025BC0  20 4E 00 00 4D 4A DC E7 34 3F 14 D2 EC 2D CC C0
00025BD0  24 18 B3 B5 00 00 E0 B1 DC E7 B3 B5 14 D2 CC C0
00025BE0  CC C0 14 D2 B3 B5 DC E7 E0 B1 00 00 B3 B5 24 18
00025BF0  CC C0 EC 2D 14 D2 34 3F DC E7 4D 4A 00 00 20 4E
00025C00  24 18 4D 4A EC 2D 34 3F 34 3F EC 2D 4D 4A 24 18
00025C10  20 4E 00 00 4D 4A DC E7 34 3F 14 D2 EC 2D CC C0
00025C20  24 18 B3 B5 00 00 E0 B1 DC E7 B3 B5 14 D2 CC C0
00025C30  CC C0 14 D2 B3 B5 DC E7 E0 B1 00 00 B3 B5 24 18
00025C40  CC C0 EC 2D 14 D2 34 3F DC E7 4D 4A 00 00 20 4E
00025C50  24 18 4D 4A EC 2D 34 3F 34 3F EC 2D 4D 4A 24 18
00025C60  20 4E 00 00 4D 4A DC E7 34 3F 14 D2 EC 2D CC C0
00025C70  24 18 B3 B5 00 00 E0 B1 DC E7 B3 B5 14 D2 CC C0
00025C80  CC C0 14 D2 B3 B5 DC E7 E0 B1 00 00 B3 B5 24 18
00025C90  CC C0 EC 2D 14 D2 34 3F DC E7 4D 4A 00 00 20 4E
00025CA0  24 18 4D 4A EC 2D 34 3F 34 3F EC 2D 4D 4A 24 18
00025CB0  20 4E 00 00 4D 4A DC E7 34 3F 14 D2 EC 2D CC C0
00025CC0  24 18 B3 B5 00 00 E0 B1 DC E7 B3 B5 14 D2 CC C0
00025CD0  CC C0 14 D2 B3 B5 DC E7 E0 B1 00 00 B3 B5 24 18
00025CE0  CC C0 EC 2D 14 D2 34 3F DC E7 4D 4A 00 00 20 4E
00025CF0  24 18 4D 4A EC 2D 34 3F 34 3F EC 2D 4D 4A 24 18
00025D00  20 4E 00 00 4D 4A DC E7 34 3F 14 D2 EC 2D CC C0
00025D10  24 18 B3 B5 00 00 E0 B1 DC E7 B3 B5 14 D2 CC C0
00025D20  CC C0 14 D2 B3 B5 DC E7 E0 B1 00 00 B3 B5 24 18
00025D30  CC C0 EC 2D 14 D2 34 3F DC E7 4D 4A 00 00 20 4E
00025D40  24 18 4D 4A EC 2D 34 3F 34 3F EC 2D 4D 4A 24 18
00025D50  20 4E 00 00 4D 4A DC E7 34 3F 14 D2 EC 2D CC C0
00025D60  24 18 B3 B5 00 00 E0 B1 DC E7 B3 B5 14 D2 CC C0
00025D70  CC C0 14 D2 B3 B5 DC E7 E0 B1 00 00 B3 B5 24 18
00025D80  CC C0 EC 2D 14 D2 34 3F DC E7 4D 4A 00 00 20 4E
00025D90  24 18 4D 4A EC 2D 34 3F 34 3F EC 2D 4D 4A 24 18
00025DA0  20 4E 00 00 4D 4A DC E7 34 3F 14 D2 EC 2D CC C0
00025DB0  24 18 B3 B5 00 00 E0 B1 DC E7 B3 B5 14 D2 CC C0
00025DC0  CC C0 14 D2 B3 B5 DC E7 E0 B1 00 00 B3 B5 24 18
00025DD0  CC C0 EC 2D 14 D2 34 3F DC E7 4D 4A 00 00 20 4E
00025DE0  24 18 4D 4A EC 2D 34 3F 34 3F EC 2D 4D 4A 24 18
00025DF0  20 4E 00 00 4D 4A DC E7 34 3F 14 D2 EC 2D CC C0
00025E00  24 18 B3 B5 00 00 E0 B1 DC E7 B3 B5 14 D2 CC C0
00025E10  CC C0 14 D2 B3 B5 DC E7 E0 B1 00 00 B3 B5 24 18
00025E20  CC C0 EC 2D 14 D2 34 3F DC E7 4D 4A 00 00 20 4E
00025E30  24 18 4D 4A EC 2D 34 3F 34 3F EC 2D 4D 4A 24 18
00025E40  20 4E 00 00 4D 4A DC E7 34 3F 14 D2 EC 2D CC C0
00025E50  24 18 B3 B5 00 00 E0 B1 DC E7 B3 B5 14 D2 CC C0
00025E60  CC C0 14 D2 B3 B5 DC E7 E0 B1 00 00 B3 B5 24 18
00025E70  CC C0 EC 2D 14 D2 34 3F DC E7 4D 4A 00 00 20 4E
00025E80  24 18 4D 4A EC 2D 34 3F 34 3F EC 2D 4D 4A 24 18
00025E90  20 4E 00 00 4D 4A DC E7 34 3F 14 D2 EC 2D CC C0
00025EA0  24 18 B3 B5 00 00 E0 B1 DC E7 B3 B5 14 D2 CC C0
00025EB0  CC C0 14 D2 B3 B5 DC E7 E0 B1 00 00 B3 B5 24 18
00025EC0  CC C0 EC 2D 14 D2 34 3F DC E7 4D 4A 00 00 20 4E
00025ED0  24 18 4D 4A EC 2D 34 3F 34 3F EC 2D 4D 4A 24 18
00025EE0  20 4E 00 00 4D 4A DC E7 34 3F 14 D2 EC 2D CC C0
00025EF0  24 18 B3 B5 00 00 E0 B1 DC E7 B3 B5 14 D2 CC C0
00025F00  CC C0 14 D2 B3 B5 DC E7 E0 B1 00 00 B3 B5 24 18
00025F10  CC C0 EC 2D 14 D2 34 3F DC E7 4D 4A 00 00 20 4E
00025F20  24 18 4D 4A EC 2D 34 3F 34 3F EC 2D 4D 4A 24 18
00025F30  20 4E 00 00 4D 4A DC E7 34 3F 14 D2 EC 2D CC C0
00025F40  24 18 B3 B5 00 00 E0 B1 DC E7 B3 B5 14 D2 CC C0
00025F50  CC C0 14 D2 B3 B5 DC E7 E0 B1 00 00 B3 B5 24 18
00025F60  CC C0 EC 2D 14 D2 34 3F DC E7 4D 4A 00 00 20 4E
00025F70  24 18 4D 4A EC 2D 34 3F 34 3F EC 2D 4D 4A 24 18
00025F80  20 4E 00 00 4D 4A DC E7 34 3F 14 D2 EC 2D CC C0
00025F90  24 18 B3 B5 00 00 E0 B1 DC E7 B3 B5 14 D2 CC C0
00025FA0  CC C0 14 D2 B3 B5 DC E7 E0 B1 00 00 B3 B5 24 18
00025FB0  CC C0 EC 2D 14 D2 34 3F DC E7 4D 4A 00 00 20 4E
00025FC0  24 18 4D 4A EC 2D 34 3F 34 3F EC 2D 4D 4A 24 18
00025FD0  20 4E 00 00 4D 4A DC E7 34 3F 14 D2 EC 2D CC C0
00025FE0  24 18 B3 B5 00 00 E0 B1 DC E7 B3 B5 14 D2 CC C0
00025FF0  CC C0 14 D2 B3 B5 DC E7 E0 B1 00 00 B3 B5 24 18
00026000  CC C0 EC 2D 14 D2 34 3F DC E7 4D 4A 00 00 20 4E
00026010  24 18 4D 4A EC 2D 34 3F 34 3F EC 2D 4D 4A 24 18
00026020  20 4E 00 00 4D 4A DC E7 34 3F 14 D2 EC 2D CC C0
00026030  24 18 B3 B5 00 00 E0 B1 DC E7 B3 B5 14 D2 CC C0
00026040  CC C0 14 D2 B3 B5 DC E7 E0 B1 00 00 B3 B5 24 18
00026050  CC C0 EC 2D 14 D2 34 3F DC E7 4D 4A 00 00 20 4E
00026060  24 18 4D 4A EC 2D 34 3F 34 3F EC 2D 4D 4A 24 18
00026070  20 4E 00 00 4D 4A DC E7 34 3F 14 D2 EC 2D CC C0
00026080  24 18 B3 B5 00 00 E0 B1 DC E7 B3 B5 14 D2 CC C0
00026090  CC C0 14 D2 B3 B5 DC E7 E0 B1 00 00 B3 B5 24 18
000260A0  CC C0 EC 2D 14 D2 34 3F DC E7 4D 4A 00 00 20 4E
000260B0  24 18 4D 4A EC 2D 34 3F 34 3F EC 2D 4D 4A 24 18
000260C0  20 4E 00 00 4D 4A DC E7 34 3F 14 D2 EC 2D CC C0
000260D0  24 18 B3 B5 00 00 E0 B1 DC E7 B3 B5 14 D2 CC C0
000260E0  CC C0 14 D2 B3 B5 DC E7 E0 B1 00 00 B3 B5 24 18
000260F0  CC C0 EC 2D 14 D2 34 3F DC E7 4D 4A 00 00 20 4E
00026100  24 18 4D 4A EC 2D 34 3F 34 3F EC 2D 4D 4A 24 18
00026110  20 4E 00 00 4D 4A DC E7 34 3F 14 D2 EC 2D CC C0
00026120  24 18 B3 B5 00 00 E0 B1 DC E7 B3 B5 14 D2 CC C0
00026130  CC C0 14 D2 B3 B5 DC E7 E0 B1 00 00 B3 B5 24 18
00026140  CC C0 EC 2D 14 D2 34 3F DC E7 4D 4A 00 00 20 4E
00026150  24 18 4D 4A EC 2D 34 3F 34 3F EC 2D 4D 4A 24 18
00026160  20 4E 00 00 4D 4A DC E7 34 3F 14 D2 EC 2D CC C0
00026170  24 18 B3 B5 00 00 E0 B1 DC E7 B3 B5 14 D2 CC C0
00026180  CC C0 14 D2 B3 B5 DC E7 E0 B1 00 00 B3 B5 24 18
00026190  CC C0 EC 2D 14 D2 34 3F DC E7 4D 4A 00 00 20 4E
000261A0  24 18 4D 4A EC 2D 34 3F 34 3F EC 2D 4D 4A 24 18
000261B0  20 4E 00 00 4D 4A DC E7 34 3F 14 D2 EC 2D CC C0
000261C0  24 18 B3 B5 00 00 E0 B1 DC E7 B3 B5 14 D2 CC C0
000261D0  CC C0 14 D2 B3 B5 DC E7 E0 B1 00 00 B3 B5 24 18
000261E0  CC C0 EC 2D 14 D2 34 3F DC E7 4D 4A 00 00 20 4E
000261F0  24 18 4D 4A EC 2D 34 3F 34 3F EC 2D 4D 4A 24 18
00026200  20 4E 00 00 4D 4A DC E7 34 3F 14 D2 EC 2D CC C0
00026210  24 18 B3 B5 00 00 E0 B1 DC E7 B3 B5 14 D2 CC C0
00026220  CC C0 14 D2 B3 B5 DC E7 E0 B1 00 00 B3 B5 24 18
00026230  CC C0 EC 2D 14 D2 34 3F DC E7 4D 4A 00 00 20 4E
00026240  24 18 4D 4A EC 2D 34 3F 34 3F EC 2D 4D 4A 24 18
00026250  20 4E 00 00 4D 4A DC E7 34 3F 14 D2 EC 2D CC C0
00026260  24 18 B3 B5 00 00 E0 B1 DC E7 B3 B5 14 D2 CC C0
00026270  CC C0 14 D2 B3 B5 DC E7 E0 B1 00 00 B3 B5 24 18
00026280  CC C0 EC 2D 14 D2 34 3F DC E7 4D 4A 00 00 20 4E
00026290  24 18 4D 4A EC 2D 34 3F 34 3F EC 2D 4D 4A 24 18
000262A0  20 4E 00 00 4D 4A DC E7 34 3F 14 D2 EC 2D CC C0
000262B0  24 18 B3 B5 00 00 E0 B1 DC E7 B3 B5 14 D2 CC C0
000262C0  CC C0 14 D2 B3 B5 DC E7 E0 B1 00 00 B3 B5 24 18
000262D0  CC C0 EC 2D 14 D2 34 3F DC E7 4D 4A 00 00 20 4E
000262E0  24 18 4D 4A EC 2D 34 3F 34 3F EC 2D 4D 4A 24 18
000262F0  20 4E 00 00 4D 4A DC E7 34 3F 14 D2 EC 2D CC C0
00026300  24 18 B3 B5 00 00 E0 B1 DC E7 B3 B5 14 D2 CC C0
00026310  CC C0 14 D2 B3 B5 DC E7 E0 B1 00 00 B3 B5 24 18
00026320  CC C0 EC 2D 14 D2 34 3F DC E7 4D 4A 00 00 20 4E
00026330  24 18 4D 4A EC 2D 34 3F 34 3F EC 2D 4D 4A 24 18
00026340  20 4E 00 00 4D 4A DC E7 34 3F 14 D2 EC 2D CC C0
00026350  24 18 B3 B5 00 00 E0 B1 DC E7 B3 B5 14 D2 CC C0
00026360  CC C0 14 D2 B3 B5 DC E7 E0 B1 00 00 B3 B5 24 18
00026370  CC C0 EC 2D 14 D2 34 3F DC E7 4D 4A 00 00 20 4E
00026380  24 18 4D 4A EC 2D 34 3F 34 3F EC 2D 4D 4A 24 18
00026390  20 4E 00 00 4D 4A DC E7 34 3F 14 D2 EC 2D CC C0
000263A0  24 18 B3 B5 00 00 E0 B1 DC E7 B3 B5 14 D2 CC C0
000263B0  CC C0 14 D2 B3 B5 DC E7 E0 B1 00 00 B3 B5 24 18
000263C0  CC C0 EC 2D 14 D2 34 3F DC E7 4D 4A 00 00 20 4E
000263D0  24 18 4D 4A EC 2D 34 3F 34 3F EC 2D 4D 4A 24 18
000263E0  20 4E 00 00 4D 4A DC E7 34 3F 14 D2 EC 2D CC C0
000263F0  24 18 B3 B5 00 00 E0 B1 DC E7 B3 B5 14 D2 CC C0
00026400  CC C0 14 D2 B3 B5 DC E7 E0 B1 00 00 B3 B5 24 18
00026410  CC C0 EC 2D 14 D2 34 3F DC E7 4D 4A 00 00 20 4E
00026420  24 18 4D 4A EC 2D 34 3F 34 3F EC 2D 4D 4A 24 18
00026430  20 4E 00 00 4D 4A DC E7 34 3F 14 D2 EC 2D CC C0
00026440  24 18 B3 B5 00 00 E0 B1 DC E7 B3 B5 14 D2 CC C0
00026450  CC C0 14 D2 B3 B5 DC E7 E0 B1 00 00 B3 B5 24 18
00026460  CC C0 EC 2D 14 D2 34 3F DC E7 4D 4A 00 00 20 4E
00026470  24 18 4D 4A EC 2D 34 3F 34 3F EC 2D 4D 4A 24 18
00026480  20 4E 00 00 4D 4A DC E7 34 3F 14 D2 EC 2D CC C0
00026490  24 18 B3 B5 00 00 E0 B1 DC E7 B3 B5 14 D2 CC C0
000264A0  CC C0 14 D2 B3 B5 DC E7 E0 B1 00 00 B3 B5 24 18
000264B0  CC C0 EC 2D 14 D2 34 3F DC E7 4D 4A 00 00 20 4E
000264C0  24 18 4D 4A EC 2D 34 3F 34 3F EC 2D 4D 4A 24 18
000264D0  20 4E 00 00 4D 4A DC E7 34 3F 14 D2 EC 2D CC C0
000264E0  24 18 B3 B5 00 00 E0 B1 DC E7 B3 B5 14 D2 CC C0
000264F0  CC C0 14 D2 B3 B5 DC E7 E0 B1 00 00 B3 B5 24 18
00026500  CC C0 EC 2D 14 D2 34 3F DC E7 4D 4A 00 00 20 4E
00026510  24 18 4D 4A EC 2D 34 3F 34 3F EC 2D 4D 4A 24 18
00026520  20 4E 00 00 4D 4A DC E7 34 3F 14 D2 EC 2D CC C0
00026530  24 18 B3 B5 00 00 E0 B1 DC E7 B3 B5 14 D2 CC C0
00026540  CC C0 14 D2 B3 B5 DC E7 E0 B1 00 00 B3 B5 24 18
00026550  CC C0 EC 2D 14 D2 34 3F DC E7 4D 4A 00 00 20 4E
00026560  24 18 4D 4A EC 2D 34 3F 34 3F EC 2D 4D 4A 24 18
00026570  20 4E 00 00 4D 4A DC E7 34 3F 14 D2 EC 2D CC C0
00026580  24 18 B3 B5 00 00 E0 B1 DC E7 B3 B5 14 D2 CC C0
00026590  CC C0 14 D2 B3 B5 DC E7 E0 B1 00 00 B3 B5 24 18
000265A0  CC C0 EC 2D 14 D2 34 3F DC E7 4D 4A 00 00 20 4E
000265B0  24 18 4D 4A EC 2D 34 3F 34 3F EC 2D 4D 4A 24 18
000265C0  20 4E 00 00 4D 4A DC E7 34 3F 14 D2 EC 2D CC C0
000265D0  24 18 B3 B5 00 00 E0 B1 DC E7 B3 B5 14 D2 CC C0
000265E0  CC C0 14 D2 B3 B5 DC E7 E0 B1 00 00 B3 B5 24 18
000265F0  CC C0 EC 2D 14 D2 34 3F DC E7 4D 4A 00 00 20 4E
00026600  24 18 4D 4A EC 2D 34 3F 34 3F EC 2D 4D 4A 24 18
00026610  20 4E 00 00 4D 4A DC E7 34 3F 14 D2 EC 2D CC C0
00026620  24 18 B3 B5 00 00 E0 B1 DC E7 B3 B5 14 D2 CC C0
00026630  CC C0 14 D2 B3 B5 DC E7 E0 B1 00 00 B3 B5 24 18
00026640  CC C0 EC 2D 14 D2 34 3F DC E7 4D 4A 00 00 20 4E
00026650  24 18 4D 4A EC 2D 34 3F 34 3F EC 2D 4D 4A 24 18
00026660  20 4E 00 00 4D 4A DC E7 34 3F 14 D2 EC 2D CC C0
00026670  24 18 B3 B5 00 00 E0 B1 DC E7 B3 B5 14 D2 CC C0
00026680  CC C0 14 D2 B3 B5 DC E7 E0 B1 00 00 B3 B5 24 18
00026690  CC C0 EC 2D 14 D2 34 3F DC E7 4D 4A 00 00 20 4E
000266A0  24 18 4D 4A EC 2D 34 3F 34 3F EC 2D 4D 4A 24 18
000266B0  20 4E 00 00 4D 4A DC E7 34 3F 14 D2 EC 2D CC C0
000266C0  24 18 B3 B5 00 00 E0 B1 DC E7 B3 B5 14 D2 CC C0
000266D0  CC C0 14 D2 B3 B5 DC E7 E0 B1 00 00 B3 B5 24 18
000266E0  CC C0 EC 2D 14 D2 34 3F DC E7 4D 4A 00 00 20 4E
000266F0  24 18 4D 4A EC 2D 34 3F 34 3F EC 2D 4D 4A 24 18
00026700  20 4E 00 00 4D 4A DC E7 34 3F 14 D2 EC 2D CC C0
00026710  24 18 B3 B5 00 00 E0 B1 DC E7 B3 B5 14 D2 CC C0
00026720  CC C0 14 D2 B3 B5 DC E7 E0 B1 00 00 B3 B5 24 18
00026730  CC C0 EC 2D 14 D2 34 3F DC E7 4D 4A 00 00 20 4E
00026740  24 18 4D 4A EC 2D 34 3F 34 3F EC 2D 4D 4A 24 18
00026750  20 4E 00 00 4D 4A DC E7 34 3F 14 D2 EC 2D CC C0
00026760  24 18 B3 B5 00 00 E0 B1 DC E7 B3 B5 14 D2 CC C0
00026770  CC C0 14 D2 B3 B5 DC E7 E0 B1 00 00 B3 B5 24 18
00026780  CC C0 EC 2D 14 D2 34 3F DC E7 4D 4A 00 00 20 4E
00026790  24 18 4D 4A EC 2D 34 3F 34 3F EC 2D 4D 4A 24 18
000267A0  20 4E 00 00 4D 4A DC E7 34 3F 14 D2 EC 2D CC C0
000267B0  24 18 B3 B5 00 00 E0 B1 DC E7 B3 B5 14 D2 CC C0
000267C0  CC C0 14 D2 B3 B5 DC E7 E0 B1 00 00 B3 B5 24 18
000267D0  CC C0 EC 2D 14 D2 34 3F DC E7 4D 4A 00 00 20 4E
000267E0  24 18 4D 4A EC 2D 34 3F 34 3F EC 2D 4D 4A 24 18
000267F0  20 4E 00 00 4D 4A DC E7 34 3F 14 D2 EC 2D CC C0
00026800  24 18 B3 B5 00 00 E0 B1 DC E7 B3 B5 14 D2 CC C0
00026810  CC C0 14 D2 B3 B5 DC E7 E0 B1 00 00 B3 B5 24 18
00026820  CC C0 EC 2D 14 D2 34 3F DC E7 4D 4A 00 00 20 4E
00026830  24 18 4D 4A EC 2D 34 3F 34 3F EC 2D 4D 4A 24 18
00026840  20 4E 00 00 4D 4A DC E7 34 3F 14 D2 EC 2D CC C0
00026850  24 18 B3 B5 00 00 E0 B1 DC E7 B3 B5 14 D2 CC C0
00026860  CC C0 14 D2 B3 B5 DC E7 E0 B1 00 00 B3 B5 24 18
00026870  CC C0 EC 2D 14 D2 34 3F DC E7 4D 4A 00 00 20 4E
00026880  24 18 4D 4A EC 2D 34 3F 34 3F EC 2D 4D 4A 24 18
00026890  20 4E 00 00 4D 4A DC E7 34 3F 14 D2 EC 2D CC C0
000268A0  24 18 B3 B5 00 00 E0 B1 DC E7 B3 B5 14 D2 CC C0
000268B0  CC C0 14 D2 B3 B5 DC E7 E0 B1 00 00 B3 B5 24 18
000268C0  CC C0 EC 2D 14 D2 34 3F DC E7 4D 4A 00 00 20 4E
000268D0  24 18 4D 4A EC 2D 34 3F 34 3F EC 2D 4D 4A 24 18
000268E0  20 4E 00 00 4D 4A DC E7 34 3F 14 D2 EC 2D CC C0
000268F0  24 18 B3 B5 00 00 E0 B1 DC E7 B3 B5 14 D2 CC C0
00026900  CC C0 14 D2 B3 B5 DC E7 E0 B1 00 00 B3 B5 24 18
00026910  CC C0 EC 2D 14 D2 34 3F DC E7 4D 4A 00 00 20 4E
00026920  24 18 4D 4A EC 2D 34 3F 34 3F EC 2D 4D 4A 24 18
00026930  20 4E 00 00 4D 4A DC E7 34 3F 14 D2 EC 2D CC C0
00026940  24 18 B3 B5 00 00 E0 B1 DC E7 B3 B5 14 D2 CC C0
00026950  CC C0 14 D2 B3 B5 DC E7 E0 B1 00 00 B3 B5 24 18
00026960  CC C0 EC 2D 14 D2 34 3F DC E7 4D 4A 00 00 20 4E
00026970  24 18 4D 4A EC 2D 34 3F 34 3F EC 2D 4D 4A 24 18
00026980  20 4E 00 00 4D 4A DC E7 34 3F 14 D2 EC 2D CC C0
00026990  24 18 B3 B5 00 00 E0 B1 DC E7 B3 B5 14 D2 CC C0
000269A0  CC C0 14 D2 B3 B5 DC E7 E0 B1 00 00 B3 B5 24 18
000269B0  CC C0 EC 2D 14 D2 34 3F DC E7 4D 4A 00 00 20 4E
000269C0  24 18 4D 4A EC 2D 34 3F 34 3F EC 2D 4D 4A 24 18
000269D0  20 4E 00 00 4D 4A DC E7 34 3F 14 D2 EC 2D CC C0
000269E0  24 18 B3 B5 00 00 E0 B1 DC E7 B3 B5 14 D2 CC C0
000269F0  CC C0 14 D2 B3 B5 DC E7 E0 B1 00 00 B3 B5 24 18
00026A00  CC C0 EC 2D 14 D2 34 3F DC E7 4D 4A 00 00 20 4E
00026A10  24 18 4D 4A EC 2D 34 3F 34 3F EC 2D 4D 4A 24 18
00026A20  20 4E 00 00 4D 4A DC E7 34 3F 14 D2 EC 2D CC C0
00026A30  24 18 B3 B5 00 00 E0 B1 DC E7 B3 B5 14 D2 CC C0
00026A40  CC C0 14 D2 B3 B5 DC E7 E0 B1 00 00 B3 B5 24 18
00026A50  CC C0 EC 2D 14 D2 34 3F DC E7 4D 4A 00 00 20 4E
00026A60  24 18 4D 4A EC 2D 34 3F 34 3F EC 2D 4D 4A 24 18
00026A70  20 4E 00 00 4D 4A DC E7 34 3F 14 D2 EC 2D CC C0
00026A80  24 18 B3 B5 00 00 E0 B1 DC E7 B3 B5 14 D2 CC C0
00026A90  CC C0 14 D2 B3 B5 DC E7 E0 B1 00 00 B3 B5 24 18
00026AA0  CC C0 EC 2D 14 D2 34 3F DC E7 4D 4A 00 00 20 4E
00026AB0  24 18 4D 4A EC 2D 34 3F 34 3F EC 2D 4D 4A 24 18
00026AC0  20 4E 00 00 4D 4A DC E7 34 3F 14 D2 EC 2D CC C0
00026AD0  24 18 B3 B5 00 00 E0 B1 DC E7 B3 B5 14 D2 CC C0
00026AE0  CC C0 14 D2 B3 B5 DC E7 E0 B1 00 00 B3 B5 24 18
00026AF0  CC C0 EC 2D 14 D2 34 3F DC E7 4D 4A 00 00 20 4E
00026B00  24 18 4D 4A EC 2D 34 3F 34 3F EC 2D 4D 4A 24 18
00026B10  20 4E 00 00 4D 4A DC E7 34 3F 14 D2 EC 2D CC C0
00026B20  24 18 B3 B5 00 00 E0 B1 DC E7 B3 B5 14 D2 CC C0
00026B30  CC C0 14 D2 B3 B5 DC E7 E0 B1 00 00 B3 B5 24 18
00026B40  CC C0 EC 2D 14 D2 34 3F DC E7 4D 4A 00 00 20 4E
00026B50  24 18 4D 4A EC 2D 34 3F 34 3F EC 2D 4D 4A 24 18
00026B60  20 4E 00 00 4D 4A DC E7 34 3F 14 D2 EC 2D CC C0
00026B70  24 18 B3 B5 00 00 E0 B1 DC E7 B3 B5 14 D2 CC C0
00026B80  CC C0 14 D2 B3 B5 DC E7 E0 B1 00 00 B3 B5 24 18
00026B90  CC C0 EC 2D 14 D2 34 3F DC E7 4D 4A 00 00 20 4E
00026BA0  24 18 4D 4A EC 2D 34 3F 34 3F EC 2D 4D 4A 24 18
00026BB0  20 4E 00 00 4D 4A DC E7 34 3F 14 D2 EC 2D CC C0
00026BC0  24 18 B3 B5 00 00 E0 B1 DC E7 B3 B5 14 D2 CC C0
00026BD0  CC C0 14 D2 B3 B5 DC E7 E0 B1 00 00 B3 B5 24 18
00026BE0  CC C0 EC 2D 14 D2 34 3F DC E7 4D 4A 00 00 20 4E
00026BF0  24 18 4D 4A EC 2D 34 3F 34 3F EC 2D 4D 4A 24 18
00026C00  20 4E 00 00 4D 4A DC E7 34 3F 14 D2 EC 2D CC C0
00026C10  24 18 B3 B5 00 00 E0 B1 DC E7 B3 B5 14 D2 CC C0
00026C20  CC C0 14 D2 B3 B5 DC E7 E0 B1 00 00 B3 B5 24 18
00026C30  CC C0 EC 2D 14 D2 34 3F DC E7 4D 4A 00 00 20 4E
00026C40  24 18 4D 4A EC 2D 34 3F 34 3F EC 2D 4D 4A 24 18
00026C50  20 4E 00 00 4D 4A DC E7 34 3F 14 D2 EC 2D CC C0
00026C60  24 18 B3 B5 00 00 E0 B1 DC E7 B3 B5 14 D2 CC C0
00026C70  CC C0 14 D2 B3 B5 DC E7 E0 B1 00 00 B3 B5 24 18
00026C80  CC C0 EC 2D 14 D2 34 3F DC E7 4D 4A 00 00 20 4E
00026C90  24 18 4D 4A EC 2D 34 3F 34 3F EC 2D 4D 4A 24 18
00026CA0  20 4E 00 00 4D 4A DC E7 34 3F 14 D2 EC 2D CC C0
00026CB0  24 18 B3 B5 00 00 E0 B1 DC E7 B3 B5 14 D2 CC C0
00026CC0  CC C0 14 D2 B3 B5 DC E7 E0 B1 00 00 B3 B5 24 18
00026CD0  CC C0 EC 2D 14 D2 34 3F DC E7 4D 4A 00 00 20 4E
00026CE0  24 18 4D 4A EC 2D 34 3F 34 3F EC 2D 4D 4A 24 18
00026CF0  20 4E 00 00 4D 4A DC E7 34 3F 14 D2 EC 2D CC C0
00026D00  24 18 B3 B5 00 00 E0 B1 DC E7 B3 B5 14 D2 CC C0
00026D10  CC C0 14 D2 B3 B5 DC E7 E0 B1 00 00 B3 B5 24 18
00026D20  CC C0 EC 2D 14 D2 34 3F DC E7 4D 4A 00 00 20 4E
00026D30  24 18 4D 4A EC 2D 34 3F 34 3F EC 2D 4D 4A 24 18
00026D40  20 4E 00 00 4D 4A DC E7 34 3F 14 D2 EC 2D CC C0
00026D50  24 18 B3 B5 00 00 E0 B1 DC E7 B3 B5 14 D2 CC C0
00026D60  CC C0 14 D2 B3 B5 DC E7 E0 B1 00 00 B3 B5 24 18
00026D70  CC C0 EC 2D 14 D2 34 3F DC E7 4D 4A 00 00 20 4E
00026D80  24 18 4D 4A EC 2D 34 3F 34 3F EC 2D 4D 4A 24 18
00026D90  20 4E 00 00 4D 4A DC E7 34 3F 14 D2 EC 2D CC C0
00026DA0  24 18 B3 B5 00 00 E0 B1 DC E7 B3 B5 14 D2 CC C0
00026DB0  CC C0 14 D2 B3 B5 DC E7 E0 B1 00 00 B3 B5 24 18
00026DC0  CC C0 EC 2D 14 D2 34 3F DC E7 4D 4A 00 00 20 4E
00026DD0  24 18 4D 4A EC 2D 34 3F 34 3F EC 2D 4D 4A 24 18
00026DE0  20 4E 00 00 4D 4A DC E7 34 3F 14 D2 EC 2D CC C0
00026DF0  24 18 B3 B5 00 00 E0 B1 DC E7 B3 B5 14 D2 CC C0
00026E00  CC C0 14 D2 B3 B5 DC E7 E0 B1 00 00 B3 B5 24 18
00026E10  CC C0 EC 2D 14 D2 34 3F DC E7 4D 4A 00 00 20 4E
00026E20  24 18 4D 4A EC 2D 34 3F 34 3F EC 2D 4D 4A 24 18
00026E30  20 4E 00 00 4D 4A DC E7 34 3F 14 D2 EC 2D CC C0
00026E40  24 18 B3 B5 00 00 E0 B1 DC E7 B3 B5 14 D2 CC C0
00026E50  CC C0 14 D2 B3 B5 DC E7 E0 B1 00 00 B3 B5 24 18
00026E60  CC C0 EC 2D 14 D2 34 3F DC E7 4D 4A 00 00 20 4E
00026E70  24 18 4D 4A EC 2D 34 3F 34 3F EC 2D 4D 4A 24 18
00026E80  20 4E 00 00 4D 4A DC E7 34 3F 14 D2 EC 2D CC C0
00026E90  24 18 B3 B5 00 00 E0 B1 DC E7 B3 B5 14 D2 CC C0
00026EA0  CC C0 14 D2 B3 B5 DC E7 E0 B1 00 00 B3 B5 24 18
00026EB0  CC C0 EC 2D 14 D2 34 3F DC E7 4D 4A 00 00 20 4E
00026EC0  24 18 4D 4A EC 2D 34 3F 34 3F EC 2D 4D 4A 24 18
00026ED0  20 4E 00 00 4D 4A DC E7 34 3F 14 D2 EC 2D CC C0
00026EE0  24 18 B3 B5 00 00 E0 B1 DC E7 B3 B5 14 D2 CC C0
00026EF0  CC C0 14 D2 B3 B5 DC E7 E0 B1 00 00 B3 B5 24 18
00026F00  CC C0 EC 2D 14 D2 34 3F DC E7 4D 4A 00 00 20 4E
00026F10  24 18 4D 4A EC 2D 34 3F 34 3F EC 2D 4D 4A 24 18
00026F20  20 4E 00 00 4D 4A DC E7 34 3F 14 D2 EC 2D CC C0
00026F30  24 18 B3 B5 00 00 E0 B1 DC E7 B3 B5 14 D2 CC C0
00026F40  CC C0 14 D2 B3 B5 DC E7 E0 B1 00 00 B3 B5 24 18
00026F50  CC C0 EC 2D 14 D2 34 3F DC E7 4D 4A 00 00 20 4E
00026F60  24 18 4D 4A EC 2D 34 3F 34 3F EC 2D 4D 4A 24 18
00026F70  20 4E 00 00 4D 4A DC E7 34 3F 14 D2 EC 2D CC C0
00026F80  24 18 B3 B5 00 00 E0 B1 DC E7 B3 B5 14 D2 CC C0
00026F90  CC C0 14 D2 B3 B5 DC E7 E0 B1 00 00 B3 B5 24 18
00026FA0  CC C0 EC 2D 14 D2 34 3F DC E7 4D 4A 00 00 20 4E
00026FB0  24 18 4D 4A EC 2D 34 3F 34 3F EC 2D 4D 4A 24 18
00026FC0  20 4E 00 00 4D 4A DC E7 34 3F 14 D2 EC 2D CC C0
00026FD0  24 18 B3 B5 00 00 E0 B1 DC E7 B3 B5 14 D2 CC C0
00026FE0  CC C0 14 D2 B3 B5 DC E7 E0 B1 00 00 B3 B5 24 18
00026FF0  CC C0 EC 2D 14 D2 34 3F DC E7 4D 4A 00 00 20 4E
00027000  24 18 4D 4A EC 2D 34 3F 34 3F EC 2D 4D 4A 24 18
00027010  20 4E 00 00 4D 4A DC E7 34 3F 14 D2 EC 2D CC C0
00027020  24 18 B3 B5 00 00 E0 B1 DC E7 B3 B5 14 D2 CC C0
00027030  CC C0 14 D2 B3 B5 DC E7 E0 B1 00 00 B3 B5 24 18
00027040  CC C0 EC 2D 14 D2 34 3F DC E7 4D 4A 00 00 20 4E
00027050  24 18 4D 4A EC 2D 34 3F 34 3F EC 2D 4D 4A 24 18
00027060  20 4E 00 00 4D 4A DC E7 34 3F 14 D2 EC 2D CC C0
00027070  24 18 B3 B5 00 00 E0 B1 DC E7 B3 B5 14 D2 CC C0
00027080  CC C0 14 D2 B3 B5 DC E7 E0 B1 00 00 B3 B5 24 18
00027090  CC C0 EC 2D 14 D2 34 3F DC E7 4D 4A 00 00 20 4E
000270A0  24 18 4D 4A EC 2D 34 3F 34 3F EC 2D 4D 4A 24 18
000270B0  20 4E 00 00 4D 4A DC E7 34 3F 14 D2 EC 2D CC C0
000270C0  24 18 B3 B5 00 00 E0 B1 DC E7 B3 B5 14 D2 CC C0
000270D0  CC C0 14 D2 B3 B5 DC E7 E0 B1 00 00 B3 B5 24 18
000270E0  CC C0 EC 2D 14 D2 34 3F DC E7 4D 4A 00 00 20 4E
000270F0  24 18 4D 4A EC 2D 34 3F 34 3F EC 2D 4D 4A 24 18
00027100  00 00 00 00 00 00 00 00 00 00 00 00 00 00 00 00
00027110  00 00 00 00 00 00 00 00 00 00 00 00 00 00 00 00
00027120  00 00 00 00 00 00 00 00 00 00 00 00 00 00 00 00
00027130  00 00 00 00 00 00 00 00 00 00 00 00 00 00 00 00
00027140  00 00 00 00 00 00 00 00 00 00 00 00 00 00 00 00
00027150  00 00 00 00 00 00 00 00 00 00 00 00 00 00 00 00
