00000000  00 00 E0 B1 DC E7 B3 B5 14 D2 CC C0 CC C0 14 D2
00000010  B3 B5 DC E7 E0 B1 00 00 B3 B5 24 18 CC C0 EC 2D
00000020  14 D2 34 3F DC E7 4D 4A 00 00 20 4E 24 18 4D 4A
00000030  EC 2D 34 3F 34 3F EC 2D 4D 4A 24 18 20 4E 00 00
00000040  4D 4A DC E7 34 3F 14 D2 EC 2D CC C0 24 18 B3 B5
00000050  00 00 E0 B1 DC E7 B3 B5 14 D2 CC C0 CC C0 14 D2
00000060  B3 B5 DC E7 E0 B1 00 00 B3 B5 24 18 CC C0 EC 2D
00000070  14 D2 34 3F DC E7 4D 4A 00 00 20 4E 24 18 4D 4A
00000080  EC 2D 34 3F 34 3F EC 2D 4D 4A 24 18 20 4E 00 00
00000090  4D 4A DC E7 34 3F 14 D2 EC 2D CC C0 24 18 B3 B5
000000A0  00 00 E0 B1 DC E7 B3 B5 14 D2 CC C0 CC C0 14 D2
000000B0  B3 B5 DC E7 E0 B1 00 00 B3 B5 24 18 CC C0 EC 2D
000000C0  14 D2 34 3F DC E7 4D 4A 00 00 20 4E 24 18 4D 4A
000000D0  EC 2D 34 3F 34 3F EC 2D 4D 4A 24 18 20 4E 00 00
000000E0  4D 4A DC E7 34 3F 14 D2 EC 2D CC C0 24 18 B3 B5
000000F0  00 00 E0 B1 DC E7 B3 B5 14 D2 CC C0 CC C0 14 D2
00000100  B3 B5 DC E7 E0 B1 00 00 B3 B5 24 18 CC C0 EC 2D
00000110  14 D2 34 3F DC E7 4D 4A 00 00 20 4E 24 18 4D 4A
00000120  EC 2D 34 3F 34 3F EC 2D 4D 4A 24 18 20 4E 00 00
00000130  4D 4A DC E7 34 3F 14 D2 EC 2D CC C0 24 18 B3 B5
00000140  00 00 E0 B1 DC E7 B3 B5 14 D2 CC C0 CC C0 14 D2
00000150  B3 B5 DC E7 E0 B1 00 00 B3 B5 24 18 CC C0 EC 2D
00000160  14 D2 34 3F DC E7 4D 4A 00 00 20 4E 24 18 4D 4A
00000170  EC 2D 34 3F 34 3F EC 2D 4D 4A 24 18 20 4E 00 00
00000180  4D 4A DC E7 34 3F 14 D2 EC 2D CC C0 24 18 B3 B5
00000190  00 00 E0 B1 DC E7 B3 B5 14 D2 CC C0 CC C0 14 D2
000001A0  B3 B5 DC E7 E0 B1 00 00 B3 B5 24 18 CC C0 EC 2D
000001B0  14 D2 34 3F DC E7 4D 4A 00 00 20 4E 24 18 4D 4A
000001C0  EC 2D 34 3F 34 3F EC 2D 4D 4A 24 18 20 4E 00 00
000001D0  4D 4A DC E7 34 3F 14 D2 EC 2D CC C0 24 18 B3 B5
000001E0  00 00 E0 B1 DC E7 B3 B5 14 D2 CC C0 CC C0 14 D2
000001F0  B3 B5 DC E7 E0 B1 00 00 B3 B5 24 18 CC C0 EC 2D
00000200  14 D2 34 3F DC E7 4D 4A 00 00 20 4E 24 18 4D 4A
00000210  EC 2D 34 3F 34 3F EC 2D 4D 4A 24 18 20 4E 00 00
00000220  4D 4A DC E7 34 3F 14 D2 EC 2D CC C0 24 18 B3 B5
00000230  00 00 E0 B1 DC E7 B3 B5 14 D2 CC C0 CC C0 14 D2
00000240  B3 B5 DC E7 E0 B1 00 00 B3 B5 24 18 CC C0 EC 2D
00000250  14 D2 34 3F DC E7 4D 4A 00 00 20 4E 24 18 4D 4A
00000260  EC 2D 34 3F 34 3F EC 2D 4D 4A 24 18 20 4E 00 00
00000270  4D 4A DC E7 34 3F 14 D2 EC 2D CC C0 24 18 B3 B5
00000280  00 00 E0 B1 DC E7 B3 B5 14 D2 CC C0 CC C0 14 D2
00000290  B3 B5 DC E7 E0 B1 00 00 B3 B5 24 18 CC C0 EC 2D
000002A0  14 D2 34 3F DC E7 4D 4A 00 00 20 4E 24 18 4D 4A
000002B0  EC 2D 34 3F 34 3F EC 2D 4D 4A 24 18 20 4E 00 00
000002C0  4D 4A DC E7 34 3F 14 D2 EC 2D CC C0 24 18 B3 B5
000002D0  00 00 E0 B1 DC E7 B3 B5 14 D2 CC C0 CC C0 14 D2
000002E0  B3 B5 DC E7 E0 B1 00 00 B3 B5 24 18 CC C0 EC 2D
000002F0  14 D2 34 3F DC E7 4D 4A 00 00 20 4E 24 18 4D 4A
00000300  EC 2D 34 3F 34 3F EC 2D 4D 4A 24 18 20 4E 00 00
00000310  4D 4A DC E7 34 3F 14 D2 EC 2D CC C0 24 18 B3 B5
00000320  00 00 E0 B1 DC E7 B3 B5 14 D2 CC C0 CC C0 14 D2
00000330  B3 B5 DC E7 E0 B1 00 00 B3 B5 24 18 CC C0 EC 2D
00000340  14 D2 34 3F DC E7 4D 4A 00 00 20 4E 24 18 4D 4A
00000350  EC 2D 34 3F 34 3F EC 2D 4D 4A 24 18 20 4E 00 00
00000360  4D 4A DC E7 34 3F 14 D2 EC 2D CC C0 24 18 B3 B5
00000370  00 00 E0 B1 DC E7 B3 B5 14 D2 CC C0 CC C0 14 D2
00000380  B3 B5 DC E7 E0 B1 00 00 B3 B5 24 18 CC C0 EC 2D
00000390  14 D2 34 3F DC E7 4D 4A 00 00 20 4E 24 18 4D 4A
000003A0  EC 2D 34 3F 34 3F EC 2D 4D 4A 24 18 20 4E 00 00
000003B0  4D 4A DC E7 34 3F 14 D2 EC 2D CC C0 24 18 B3 B5
000003C0  00 00 E0 B1 DC E7 B3 B5 14 D2 CC C0 CC C0 14 D2
000003D0  B3 B5 DC E7 E0 B1 00 00 B3 B5 24 18 CC C0 EC 2D
000003E0  14 D2 34 3F DC E7 4D 4A 00 00 20 4E 24 18 4D 4A
000003F0  EC 2D 34 3F 34 3F EC 2D 4D 4A 24 18 20 4E 00 00
00000400  4D 4A DC E7 34 3F 14 D2 EC 2D CC C0 24 18 B3 B5
00000410  00 00 E0 B1 DC E7 B3 B5 14 D2 CC C0 CC C0 14 D2
00000420  B3 B5 DC E7 E0 B1 00 00 B3 B5 24 18 CC C0 EC 2D
00000430  14 D2 34 3F DC E7 4D 4A 00 00 20 4E 24 18 4D 4A
00000440  EC 2D 34 3F 34 3F EC 2D 4D 4A 24 18 20 4E 00 00
00000450  4D 4A DC E7 34 3F 14 D2 EC 2D CC C0 24 18 B3 B5
00000460  00 00 E0 B1 DC E7 B3 B5 14 D2 CC C0 CC C0 14 D2
00000470  B3 B5 DC E7 E0 B1 00 00 B3 B5 24 18 CC C0 EC 2D
00000480  14 D2 34 3F DC E7 4D 4A 00 00 20 4E 24 18 4D 4A
00000490  EC 2D 34 3F 34 3F EC 2D 4D 4A 24 18 20 4E 00 00
000004A0  4D 4A DC E7 34 3F 14 D2 EC 2D CC C0 24 18 B3 B5
000004B0  00 00 E0 B1 DC E7 B3 B5 14 D2 CC C0 CC C0 14 D2
000004C0  B3 B5 DC E7 E0 B1 00 00 B3 B5 24 18 CC C0 EC 2D
000004D0  14 D2 34 3F DC E7 4D 4A 00 00 20 4E 24 18 4D 4A
000004E0  EC 2D 34 3F 34 3F EC 2D 4D 4A 24 18 20 4E 00 00
000004F0  4D 4A DC E7 34 3F 14 D2 EC 2D CC C0 24 18 B3 B5
00000500  00 00 E0 B1 DC E7 B3 B5 14 D2 CC C0 CC C0 14 D2
00000510  B3 B5 DC E7 E0 B1 00 00 B3 B5 24 18 CC C0 EC 2D
00000520  14 D2 34 3F DC E7 4D 4A 00 00 20 4E 24 18 4D 4A
00000530  EC 2D 34 3F 34 3F EC 2D 4D 4A 24 18 20 4E 00 00
00000540  4D 4A DC E7 34 3F 14 D2 EC 2D CC C0 24 18 B3 B5
00000550  00 00 E0 B1 DC E7 B3 B5 14 D2 CC C0 CC C0 14 D2
00000560  B3 B5 DC E7 E0 B1 00 00 B3 B5 24 18 CC C0 EC 2D
00000570  14 D2 34 3F DC E7 4D 4A 00 00 20 4E 24 18 4D 4A
00000580  EC 2D 34 3F 34 3F EC 2D 4D 4A 24 18 20 4E 00 00
00000590  4D 4A DC E7 34 3F 14 D2 EC 2D CC C0 24 18 B3 B5
000005A0  00 00 E0 B1 DC E7 B3 B5 14 D2 CC C0 CC C0 14 D2
000005B0  B3 B5 DC E7 E0 B1 00 00 B3 B5 24 18 CC C0 EC 2D
000005C0  14 D2 34 3F DC E7 4D 4A 00 00 20 4E 24 18 4D 4A
000005D0  EC 2D 34 3F 34 3F EC 2D 4D 4A 24 18 20 4E 00 00
000005E0  4D 4A DC E7 34 3F 14 D2 EC 2D CC C0 24 18 B3 B5
000005F0  00 00 E0 B1 DC E7 B3 B5 14 D2 CC C0 CC C0 14 D2
00000600  B3 B5 DC E7 E0 B1 00 00 B3 B5 24 18 CC C0 EC 2D
00000610  14 D2 34 3F DC E7 4D 4A 00 00 20 4E 24 18 4D 4A
00000620  EC 2D 34 3F 34 3F EC 2D 4D 4A 24 18 20 4E 00 00
00000630  4D 4A DC E7 34 3F 14 D2 EC 2D CC C0 24 18 B3 B5
00000640  00 00 E0 B1 DC E7 B3 B5 14 D2 CC C0 CC C0 14 D2
00000650  B3 B5 DC E7 E0 B1 00 00 B3 B5 24 18 CC C0 EC 2D
00000660  14 D2 34 3F DC E7 4D 4A 00 00 20 4E 24 18 4D 4A
00000670  EC 2D 34 3F 34 3F EC 2D 4D 4A 24 18 20 4E 00 00
00000680  4D 4A DC E7 34 3F 14 D2 EC 2D CC C0 24 18 B3 B5
00000690  00 00 E0 B1 DC E7 B3 B5 14 D2 CC C0 CC C0 14 D2
000006A0  B3 B5 DC E7 E0 B1 00 00 B3 B5 24 18 CC C0 EC 2D
000006B0  14 D2 34 3F DC E7 4D 4A 00 00 20 4E 24 18 4D 4A
000006C0  EC 2D 34 3F 34 3F EC 2D 4D 4A 24 18 20 4E 00 00
000006D0  4D 4A DC E7 34 3F 14 D2 EC 2D CC C0 24 18 B3 B5
000006E0  00 00 E0 B1 DC E7 B3 B5 14 D2 CC C0 CC C0 14 D2
000006F0  B3 B5 DC E7 E0 B1 00 00 B3 B5 24 18 CC C0 EC 2D
00000700  14 D2 34 3F DC E7 4D 4A 00 00 20 4E 24 18 4D 4A
00000710  EC 2D 34 3F 34 3F EC 2D 4D 4A 24 18 20 4E 00 00
00000720  4D 4A DC E7 34 3F 14 D2 EC 2D CC C0 24 18 B3 B5
00000730  00 00 E0 B1 DC E7 B3 B5 14 D2 CC C0 CC C0 14 D2
00000740  B3 B5 DC E7 E0 B1 00 00 B3 B5 24 18 CC C0 EC 2D
00000750  14 D2 34 3F DC E7 4D 4A 00 00 20 4E 24 18 4D 4A
00000760  EC 2D 34 3F 34 3F EC 2D 4D 4A 24 18 20 4E 00 00
00000770  4D 4A DC E7 34 3F 14 D2 EC 2D CC C0 24 18 B3 B5
00000780  00 00 E0 B1 DC E7 B3 B5 14 D2 CC C0 CC C0 14 D2
00000790  B3 B5 DC E7 E0 B1 00 00 B3 B5 24 18 CC C0 EC 2D
000007A0  14 D2 34 3F DC E7 4D 4A 00 00 20 4E 24 18 4D 4A
000007B0  EC 2D 34 3F 34 3F EC 2D 4D 4A 24 18 20 4E 00 00
000007C0  4D 4A DC E7 34 3F 14 D2 EC 2D CC C0 24 18 B3 B5
000007D0  00 00 E0 B1 DC E7 B3 B5 14 D2 CC C0 CC C0 14 D2
000007E0  B3 B5 DC E7 E0 B1 00 00 B3 B5 24 18 CC C0 EC 2D
000007F0  14 D2 34 3F DC E7 4D 4A 00 00 20 4E 24 18 4D 4A
00000800  EC 2D 34 3F 34 3F EC 2D 4D 4A 24 18 20 4E 00 00
00000810  4D 4A DC E7 34 3F 14 D2 EC 2D CC C0 24 18 B3 B5
00000820  00 00 E0 B1 DC E7 B3 B5 14 D2 CC C0 CC C0 14 D2
00000830  B3 B5 DC E7 E0 B1 00 00 B3 B5 24 18 CC C0 EC 2D
00000840  14 D2 34 3F DC E7 4D 4A 00 00 20 4E 24 18 4D 4A
00000850  EC 2D 34 3F 34 3F EC 2D 4D 4A 24 18 20 4E 00 00
00000860  4D 4A DC E7 34 3F 14 D2 EC 2D CC C0 24 18 B3 B5
00000870  00 00 E0 B1 DC E7 B3 B5 14 D2 CC C0 CC C0 14 D2
00000880  B3 B5 DC E7 E0 B1 00 00 B3 B5 24 18 CC C0 EC 2D
00000890  14 D2 34 3F DC E7 4D 4A 00 00 20 4E 24 18 4D 4A
000008A0  EC 2D 34 3F 34 3F EC 2D 4D 4A 24 18 20 4E 00 00
000008B0  4D 4A DC E7 34 3F 14 D2 EC 2D CC C0 24 18 B3 B5
000008C0  00 00 E0 B1 DC E7 B3 B5 14 D2 CC C0 CC C0 14 D2
000008D0  B3 B5 DC E7 E0 B1 00 00 B3 B5 24 18 CC C0 EC 2D
000008E0  14 D2 34 3F DC E7 4D 4A 00 00 20 4E 24 18 4D 4A
000008F0  EC 2D 34 3F 34 3F EC 2D 4D 4A 24 18 20 4E 00 00
00000900  4D 4A DC E7 34 3F 14 D2 EC 2D CC C0 24 18 B3 B5
00000910  00 00 E0 B1 DC E7 B3 B5 14 D2 CC C0 CC C0 14 D2
00000920  B3 B5 DC E7 E0 B1 00 00 B3 B5 24 18 CC C0 EC 2D
00000930  14 D2 34 3F DC E7 4D 4A 00 00 20 4E 24 18 4D 4A
00000940  EC 2D 34 3F 34 3F EC 2D 4D 4A 24 18 20 4E 00 00
00000950  4D 4A DC E7 34 3F 14 D2 EC 2D CC C0 24 18 B3 B5
00000960  00 00 E0 B1 DC E7 B3 B5 14 D2 CC C0 CC C0 14 D2
00000970  B3 B5 DC E7 E0 B1 00 00 B3 B5 24 18 CC C0 EC 2D
00000980  14 D2 34 3F DC E7 4D 4A 00 00 20 4E 24 18 4D 4A
00000990  EC 2D 34 3F 34 3F EC 2D 4D 4A 24 18 20 4E 00 00
000009A0  4D 4A DC E7 34 3F 14 D2 EC 2D CC C0 24 18 B3 B5
000009B0  00 00 E0 B1 DC E7 B3 B5 14 D2 CC C0 CC C0 14 D2
000009C0  B3 B5 DC E7 E0 B1 00 00 B3 B5 24 18 CC C0 EC 2D
000009D0  14 D2 34 3F DC E7 4D 4A 00 00 20 4E 24 18 4D 4A
000009E0  EC 2D 34 3F 34 3F EC 2D 4D 4A 24 18 20 4E 00 00
000009F0  4D 4A DC E7 34 3F 14 D2 EC 2D CC C0 24 18 B3 B5
00000A00  00 00 E0 B1 DC E7 B3 B5 14 D2 CC C0 CC C0 14 D2
00000A10  B3 B5 DC E7 E0 B1 00 00 B3 B5 24 18 CC C0 EC 2D
00000A20  14 D2 34 3F DC E7 4D 4A 00 00 20 4E 24 18 4D 4A
00000A30  EC 2D 34 3F 34 3F EC 2D 4D 4A 24 18 20 4E 00 00
00000A40  4D 4A DC E7 34 3F 14 D2 EC 2D CC C0 24 18 B3 B5
00000A50  00 00 E0 B1 DC E7 B3 B5 14 D2 CC C0 CC C0 14 D2
00000A60  B3 B5 DC E7 E0 B1 00 00 B3 B5 24 18 CC C0 EC 2D
00000A70  14 D2 34 3F DC E7 4D 4A 00 00 20 4E 24 18 4D 4A
00000A80  EC 2D 34 3F 34 3F EC 2D 4D 4A 24 18 20 4E 00 00
00000A90  4D 4A DC E7 34 3F 14 D2 EC 2D CC C0 24 18 B3 B5
00000AA0  00 00 E0 B1 DC E7 B3 B5 14 D2 CC C0 CC C0 14 D2
00000AB0  B3 B5 DC E7 E0 B1 00 00 B3 B5 24 18 CC C0 EC 2D
00000AC0  14 D2 34 3F DC E7 4D 4A 00 00 20 4E 24 18 4D 4A
00000AD0  EC 2D 34 3F 34 3F EC 2D 4D 4A 24 18 20 4E 00 00
00000AE0  4D 4A DC E7 34 3F 14 D2 EC 2D CC C0 24 18 B3 B5
00000AF0  00 00 E0 B1 DC E7 B3 B5 14 D2 CC C0 CC C0 14 D2
00000B00  B3 B5 DC E7 E0 B1 00 00 B3 B5 24 18 CC C0 EC 2D
00000B10  14 D2 34 3F DC E7 4D 4A 00 00 20 4E 24 18 4D 4A
00000B20  EC 2D 34 3F 34 3F EC 2D 4D 4A 24 18 20 4E 00 00
00000B30  4D 4A DC E7 34 3F 14 D2 EC 2D CC C0 24 18 B3 B5
00000B40  00 00 E0 B1 DC E7 B3 B5 14 D2 CC C0 CC C0 14 D2
00000B50  B3 B5 DC E7 E0 B1 00 00 B3 B5 24 18 CC C0 EC 2D
00000B60  14 D2 34 3F DC E7 4D 4A 00 00 20 4E 24 18 4D 4A
00000B70  EC 2D 34 3F 34 3F EC 2D 4D 4A 24 18 20 4E 00 00
00000B80  4D 4A DC E7 34 3F 14 D2 EC 2D CC C0 24 18 B3 B5
00000B90  00 00 E0 B1 DC E7 B3 B5 14 D2 CC C0 CC C0 14 D2
00000BA0  B3 B5 DC E7 E0 B1 00 00 B3 B5 24 18 CC C0 EC 2D
00000BB0  14 D2 34 3F DC E7 4D 4A 00 00 20 4E 24 18 4D 4A
00000BC0  EC 2D 34 3F 34 3F EC 2D 4D 4A 24 18 20 4E 00 00
00000BD0  4D 4A DC E7 34 3F 14 D2 EC 2D CC C0 24 18 B3 B5
00000BE0  00 00 E0 B1 DC E7 B3 B5 14 D2 CC C0 CC C0 14 D2
00000BF0  B3 B5 DC E7 E0 B1 00 00 B3 B5 24 18 CC C0 EC 2D
00000C00  14 D2 34 3F DC E7 4D 4A 00 00 20 4E 24 18 4D 4A
00000C10  EC 2D 34 3F 34 3F EC 2D 4D 4A 24 18 20 4E 00 00
00000C20  4D 4A DC E7 34 3F 14 D2 EC 2D CC C0 24 18 B3 B5
00000C30  00 00 E0 B1 DC E7 B3 B5 14 D2 CC C0 CC C0 14 D2
00000C40  B3 B5 DC E7 E0 B1 00 00 B3 B5 24 18 CC C0 EC 2D
00000C50  14 D2 34 3F DC E7 4D 4A 00 00 20 4E 24 18 4D 4A
00000C60  EC 2D 34 3F 34 3F EC 2D 4D 4A 24 18 20 4E 00 00
00000C70  4D 4A DC E7 34 3F 14 D2 EC 2D CC C0 24 18 B3 B5
00000C80  00 00 E0 B1 DC E7 B3 B5 14 D2 CC C0 CC C0 14 D2
00000C90  B3 B5 DC E7 E0 B1 00 00 B3 B5 24 18 CC C0 EC 2D
00000CA0  14 D2 34 3F DC E7 4D 4A 00 00 20 4E 24 18 4D 4A
00000CB0  EC 2D 34 3F 34 3F EC 2D 4D 4A 24 18 20 4E 00 00
00000CC0  4D 4A DC E7 34 3F 14 D2 EC 2D CC C0 24 18 B3 B5
00000CD0  00 00 E0 B1 DC E7 B3 B5 14 D2 CC C0 CC C0 14 D2
00000CE0  B3 B5 DC E7 E0 B1 00 00 B3 B5 24 18 CC C0 EC 2D
00000CF0  14 D2 34 3F DC E7 4D 4A 00 00 20 4E 24 18 4D 4A
00000D00  EC 2D 34 3F 34 3F EC 2D 4D 4A 24 18 20 4E 00 00
00000D10  4D 4A DC E7 34 3F 14 D2 EC 2D CC C0 24 18 B3 B5
00000D20  00 00 E0 B1 DC E7 B3 B5 14 D2 CC C0 CC C0 14 D2
00000D30  B3 B5 DC E7 E0 B1 00 00 B3 B5 24 18 CC C0 EC 2D
00000D40  14 D2 34 3F DC E7 4D 4A 00 00 20 4E 24 18 4D 4A
00000D50  EC 2D 34 3F 34 3F EC 2D 4D 4A 24 18 20 4E 00 00
00000D60  4D 4A DC E7 34 3F 14 D2 EC 2D CC C0 24 18 B3 B5
00000D70  00 00 E0 B1 DC E7 B3 B5 14 D2 CC C0 CC C0 14 D2
00000D80  B3 B5 DC E7 E0 B1 00 00 B3 B5 24 18 CC C0 EC 2D
00000D90  14 D2 34 3F DC E7 4D 4A 00 00 20 4E 24 18 4D 4A
00000DA0  EC 2D 34 3F 34 3F EC 2D 4D 4A 24 18 20 4E 00 00
00000DB0  4D 4A DC E7 34 3F 14 D2 EC 2D CC C0 24 18 B3 B5
00000DC0  00 00 E0 B1 DC E7 B3 B5 14 D2 CC C0 CC C0 14 D2
00000DD0  B3 B5 DC E7 E0 B1 00 00 B3 B5 24 18 CC C0 EC 2D
00000DE0  14 D2 34 3F DC E7 4D 4A 00 00 20 4E 24 18 4D 4A
00000DF0  EC 2D 34 3F 34 3F EC 2D 4D 4A 24 18 20 4E 00 00
00000E00  4D 4A DC E7 34 3F 14 D2 EC 2D CC C0 24 18 B3 B5
00000E10  00 00 E0 B1 DC E7 B3 B5 14 D2 CC C0 CC C0 14 D2
00000E20  B3 B5 DC E7 E0 B1 00 00 B3 B5 24 18 CC C0 EC 2D
00000E30  14 D2 34 3F DC E7 4D 4A 00 00 20 4E 24 18 4D 4A
00000E40  EC 2D 34 3F 34 3F EC 2D 4D 4A 24 18 20 4E 00 00
00000E50  4D 4A DC E7 34 3F 14 D2 EC 2D CC C0 24 18 B3 B5
00000E60  00 00 E0 B1 DC E7 B3 B5 14 D2 CC C0 CC C0 14 D2
00000E70  B3 B5 DC E7 E0 B1 00 00 B3 B5 24 18 CC C0 EC 2D
00000E80  14 D2 34 3F DC E7 4D 4A 00 00 20 4E 24 18 4D 4A
00000E90  EC 2D 34 3F 34 3F EC 2D 4D 4A 24 18 20 4E 00 00
00000EA0  4D 4A DC E7 34 3F 14 D2 EC 2D CC C0 24 18 B3 B5
00000EB0  00 00 E0 B1 DC E7 B3 B5 14 D2 CC C0 CC C0 14 D2
00000EC0  B3 B5 DC E7 E0 B1 00 00 B3 B5 24 18 CC C0 EC 2D
00000ED0  14 D2 34 3F DC E7 4D 4A 00 00 20 4E 24 18 4D 4A
00000EE0  EC 2D 34 3F 34 3F EC 2D 4D 4A 24 18 20 4E 00 00
00000EF0  4D 4A DC E7 34 3F 14 D2 EC 2D CC C0 24 18 B3 B5
00000F00  00 00 E0 B1 DC E7 B3 B5 14 D2 CC C0 CC C0 14 D2
00000F10  B3 B5 DC E7 E0 B1 00 00 B3 B5 24 18 CC C0 EC 2D
00000F20  14 D2 34 3F DC E7 4D 4A 00 00 20 4E 24 18 4D 4A
00000F30  EC 2D 34 3F 34 3F EC 2D 4D 4A 24 18 20 4E 00 00
00000F40  4D 4A DC E7 34 3F 14 D2 EC 2D CC C0 24 18 B3 B5
00000F50  00 00 E0 B1 DC E7 B3 B5 14 D2 CC C0 CC C0 14 D2
00000F60  B3 B5 DC E7 E0 B1 00 00 B3 B5 24 18 CC C0 EC 2D
00000F70  14 D2 34 3F DC E7 4D 4A 00 00 20 4E 24 18 4D 4A
00000F80  EC 2D 34 3F 34 3F EC 2D 4D 4A 24 18 20 4E 00 00
00000F90  4D 4A DC E7 34 3F 14 D2 EC 2D CC C0 24 18 B3 B5
00000FA0  00 00 E0 B1 DC E7 B3 B5 14 D2 CC C0 CC C0 14 D2
00000FB0  B3 B5 DC E7 E0 B1 00 00 B3 B5 24 18 CC C0 EC 2D
00000FC0  14 D2 34 3F DC E7 4D 4A 00 00 20 4E 24 18 4D 4A
00000FD0  EC 2D 34 3F 34 3F EC 2D 4D 4A 24 18 20 4E 00 00
00000FE0  4D 4A DC E7 34 3F 14 D2 EC 2D CC C0 24 18 B3 B5
00000FF0  00 00 E0 B1 DC E7 B3 B5 14 D2 CC C0 CC C0 14 D2
00001000  B3 B5 DC E7 E0 B1 00 00 B3 B5 24 18 CC C0 EC 2D
00001010  14 D2 34 3F DC E7 4D 4A 00 00 20 4E 24 18 4D 4A
00001020  EC 2D 34 3F 34 3F EC 2D 4D 4A 24 18 20 4E 00 00
00001030  4D 4A DC E7 34 3F 14 D2 EC 2D CC C0 24 18 B3 B5
00001040  00 00 E0 B1 DC E7 B3 B5 14 D2 CC C0 CC C0 14 D2
00001050  B3 B5 DC E7 E0 B1 00 00 B3 B5 24 18 CC C0 EC 2D
00001060  14 D2 34 3F DC E7 4D 4A 00 00 20 4E 24 18 4D 4A
00001070  EC 2D 34 3F 34 3F EC 2D 4D 4A 24 18 20 4E 00 00
00001080  4D 4A DC E7 34 3F 14 D2 EC 2D CC C0 24 18 B3 B5
00001090  00 00 E0 B1 DC E7 B3 B5 14 D2 CC C0 CC C0 14 D2
000010A0  B3 B5 DC E7 E0 B1 00 00 B3 B5 24 18 CC C0 EC 2D
000010B0  14 D2 34 3F DC E7 4D 4A 00 00 20 4E 24 18 4D 4A
000010C0  EC 2D 34 3F 34 3F EC 2D 4D 4A 24 18 20 4E 00 00
000010D0  4D 4A DC E7 34 3F 14 D2 EC 2D CC C0 24 18 B3 B5
000010E0  00 00 E0 B1 DC E7 B3 B5 14 D2 CC C0 CC C0 14 D2
000010F0  B3 B5 DC E7 E0 B1 00 00 B3 B5 24 18 CC C0 EC 2D
00001100  14 D2 34 3F DC E7 4D 4A 00 00 20 4E 24 18 4D 4A
00001110  EC 2D 34 3F 34 3F EC 2D 4D 4A 24 18 20 4E 00 00
00001120  4D 4A DC E7 34 3F 14 D2 EC 2D CC C0 24 18 B3 B5
00001130  00 00 E0 B1 DC E7 B3 B5 14 D2 CC C0 CC C0 14 D2
00001140  B3 B5 DC E7 E0 B1 00 00 B3 B5 24 18 CC C0 EC 2D
00001150  14 D2 34 3F DC E7 4D 4A 00 00 20 4E 24 18 4D 4A
00001160  EC 2D 34 3F 34 3F EC 2D 4D 4A 24 18 20 4E 00 00
00001170  4D 4A DC E7 34 3F 14 D2 EC 2D CC C0 24 18 B3 B5
00001180  00 00 E0 B1 DC E7 B3 B5 14 D2 CC C0 CC C0 14 D2
00001190  B3 B5 DC E7 E0 B1 00 00 B3 B5 24 18 CC C0 EC 2D
000011A0  14 D2 34 3F DC E7 4D 4A 00 00 20 4E 24 18 4D 4A
000011B0  EC 2D 34 3F 34 3F EC 2D 4D 4A 24 18 20 4E 00 00
000011C0  4D 4A DC E7 34 3F 14 D2 EC 2D CC C0 24 18 B3 B5
000011D0  00 00 E0 B1 DC E7 B3 B5 14 D2 CC C0 CC C0 14 D2
000011E0  B3 B5 DC E7 E0 B1 00 00 B3 B5 24 18 CC C0 EC 2D
000011F0  14 D2 34 3F DC E7 4D 4A 00 00 20 4E 24 18 4D 4A
00001200  EC 2D 34 3F 34 3F EC 2D 4D 4A 24 18 20 4E 00 00
00001210  4D 4A DC E7 34 3F 14 D2 EC 2D CC C0 24 18 B3 B5
00001220  00 00 E0 B1 DC E7 B3 B5 14 D2 CC C0 CC C0 14 D2
00001230  B3 B5 DC E7 E0 B1 00 00 B3 B5 24 18 CC C0 EC 2D
00001240  14 D2 34 3F DC E7 4D 4A 00 00 20 4E 24 18 4D 4A
00001250  EC 2D 34 3F 34 3F EC 2D 4D 4A 24 18 20 4E 00 00
00001260  4D 4A DC E7 34 3F 14 D2 EC 2D CC C0 24 18 B3 B5
00001270  00 00 E0 B1 DC E7 B3 B5 14 D2 CC C0 CC C0 14 D2
00001280  B3 B5 DC E7 E0 B1 00 00 B3 B5 24 18 CC C0 EC 2D
00001290  14 D2 34 3F DC E7 4D 4A 00 00 20 4E 24 18 4D 4A
000012A0  EC 2D 34 3F 34 3F EC 2D 4D 4A 24 18 20 4E 00 00
000012B0  4D 4A DC E7 34 3F 14 D2 EC 2D CC C0 24 18 B3 B5
000012C0  00 00 E0 B1 DC E7 B3 B5 14 D2 CC C0 CC C0 14 D2
000012D0  B3 B5 DC E7 E0 B1 00 00 B3 B5 24 18 CC C0 EC 2D
000012E0  14 D2 34 3F DC E7 4D 4A 00 00 20 4E 24 18 4D 4A
000012F0  EC 2D 34 3F 34 3F EC 2D 4D 4A 24 18 20 4E 00 00
00001300  4D 4A DC E7 34 3F 14 D2 EC 2D CC C0 24 18 B3 B5
00001310  00 00 E0 B1 DC E7 B3 B5 14 D2 CC C0 CC C0 14 D2
00001320  B3 B5 DC E7 E0 B1 00 00 B3 B5 24 18 CC C0 EC 2D
00001330  14 D2 34 3F DC E7 4D 4A 00 00 20 4E 24 18 4D 4A
00001340  EC 2D 34 3F 34 3F EC 2D 4D 4A 24 18 20 4E 00 00
00001350  4D 4A DC E7 34 3F 14 D2 EC 2D CC C0 24 18 B3 B5
00001360  00 00 E0 B1 DC E7 B3 B5 14 D2 CC C0 CC C0 14 D2
00001370  B3 B5 DC E7 E0 B1 00 00 B3 B5 24 18 CC C0 EC 2D
00001380  14 D2 34 3F DC E7 4D 4A 00 00 20 4E 24 18 4D 4A
00001390  EC 2D 34 3F 34 3F EC 2D 4D 4A 24 18 20 4E 00 00
000013A0  4D 4A DC E7 34 3F 14 D2 EC 2D CC C0 24 18 B3 B5
000013B0  00 00 E0 B1 DC E7 B3 B5 14 D2 CC C0 CC C0 14 D2
000013C0  B3 B5 DC E7 E0 B1 00 00 B3 B5 24 18 CC C0 EC 2D
000013D0  14 D2 34 3F DC E7 4D 4A 00 00 20 4E 24 18 4D 4A
000013E0  EC 2D 34 3F 34 3F EC 2D 4D 4A 24 18 20 4E 00 00
000013F0  4D 4A DC E7 34 3F 14 D2 EC 2D CC C0 24 18 B3 B5
00001400  00 00 E0 B1 DC E7 B3 B5 14 D2 CC C0 CC C0 14 D2
00001410  B3 B5 DC E7 E0 B1 00 00 B3 B5 24 18 CC C0 EC 2D
00001420  14 D2 34 3F DC E7 4D 4A 00 00 20 4E 24 18 4D 4A
00001430  EC 2D 34 3F 34 3F EC 2D 4D 4A 24 18 20 4E 00 00
00001440  4D 4A DC E7 34 3F 14 D2 EC 2D CC C0 24 18 B3 B5
00001450  00 00 E0 B1 DC E7 B3 B5 14 D2 CC C0 CC C0 14 D2
00001460  B3 B5 DC E7 E0 B1 00 00 B3 B5 24 18 CC C0 EC 2D
00001470  14 D2 34 3F DC E7 4D 4A 00 00 20 4E 24 18 4D 4A
00001480  EC 2D 34 3F 34 3F EC 2D 4D 4A 24 18 20 4E 00 00
00001490  4D 4A DC E7 34 3F 14 D2 EC 2D CC C0 24 18 B3 B5
000014A0  00 00 E0 B1 DC E7 B3 B5 14 D2 CC C0 CC C0 14 D2
000014B0  B3 B5 DC E7 E0 B1 00 00 B3 B5 24 18 CC C0 EC 2D
000014C0  14 D2 34 3F DC E7 4D 4A 00 00 20 4E 24 18 4D 4A
000014D0  EC 2D 34 3F 34 3F EC 2D 4D 4A 24 18 20 4E 00 00
000014E0  4D 4A DC E7 34 3F 14 D2 EC 2D CC C0 24 18 B3 B5
000014F0  00 00 E0 B1 DC E7 B3 B5 14 D2 CC C0 CC C0 14 D2
00001500  B3 B5 DC E7 E0 B1 00 00 B3 B5 24 18 CC C0 EC 2D
00001510  14 D2 34 3F DC E7 4D 4A 00 00 20 4E 24 18 4D 4A
00001520  EC 2D 34 3F 34 3F EC 2D 4D 4A 24 18 20 4E 00 00
00001530  4D 4A DC E7 34 3F 14 D2 EC 2D CC C0 24 18 B3 B5
00001540  00 00 E0 B1 DC E7 B3 B5 14 D2 CC C0 CC C0 14 D2
00001550  B3 B5 DC E7 E0 B1 00 00 B3 B5 24 18 CC C0 EC 2D
00001560  14 D2 34 3F DC E7 4D 4A 00 00 20 4E 24 18 4D 4A
00001570  EC 2D 34 3F 34 3F EC 2D 4D 4A 24 18 20 4E 00 00
00001580  4D 4A DC E7 34 3F 14 D2 EC 2D CC C0 24 18 B3 B5
00001590  00 00 E0 B1 DC E7 B3 B5 14 D2 CC C0 CC C0 14 D2
000015A0  B3 B5 DC E7 E0 B1 00 00 B3 B5 24 18 CC C0 EC 2D
000015B0  14 D2 34 3F DC E7 4D 4A 00 00 20 4E 24 18 4D 4A
000015C0  EC 2D 34 3F 34 3F EC 2D 4D 4A 24 18 20 4E 00 00
000015D0  4D 4A DC E7 34 3F 14 D2 EC 2D CC C0 24 18 B3 B5
000015E0  00 00 E0 B1 DC E7 B3 B5 14 D2 CC C0 CC C0 14 D2
000015F0  B3 B5 DC E7 E0 B1 00 00 B3 B5 24 18 CC C0 EC 2D
00001600  14 D2 34 3F DC E7 4D 4A 00 00 20 4E 24 18 4D 4A
00001610  EC 2D 34 3F 34 3F EC 2D 4D 4A 24 18 20 4E 00 00
00001620  4D 4A DC E7 34 3F 14 D2 EC 2D CC C0 24 18 B3 B5
00001630  00 00 E0 B1 DC E7 B3 B5 14 D2 CC C0 CC C0 14 D2
00001640  B3 B5 DC E7 E0 B1 00 00 B3 B5 24 18 CC C0 EC 2D
00001650  14 D2 34 3F DC E7 4D 4A 00 00 20 4E 24 18 4D 4A
00001660  EC 2D 34 3F 34 3F EC 2D 4D 4A 24 18 20 4E 00 00
00001670  4D 4A DC E7 34 3F 14 D2 EC 2D CC C0 24 18 B3 B5
00001680  00 00 E0 B1 DC E7 B3 B5 14 D2 CC C0 CC C0 14 D2
00001690  B3 B5 DC E7 E0 B1 00 00 B3 B5 24 18 CC C0 EC 2D
000016A0  14 D2 34 3F DC E7 4D 4A 00 00 20 4E 24 18 4D 4A
000016B0  EC 2D 34 3F 34 3F EC 2D 4D 4A 24 18 20 4E 00 00
000016C0  4D 4A DC E7 34 3F 14 D2 EC 2D CC C0 24 18 B3 B5
000016D0  00 00 E0 B1 DC E7 B3 B5 14 D2 CC C0 CC C0 14 D2
000016E0  B3 B5 DC E7 E0 B1 00 00 B3 B5 24 18 CC C0 EC 2D
000016F0  14 D2 34 3F DC E7 4D 4A 00 00 20 4E 24 18 4D 4A
00001700  EC 2D 34 3F 34 3F EC 2D 4D 4A 24 18 20 4E 00 00
00001710  4D 4A DC E7 34 3F 14 D2 EC 2D CC C0 24 18 B3 B5
00001720  00 00 E0 B1 DC E7 B3 B5 14 D2 CC C0 CC C0 14 D2
00001730  B3 B5 DC E7 E0 B1 00 00 B3 B5 24 18 CC C0 EC 2D
00001740  14 D2 34 3F DC E7 4D 4A 00 00 20 4E 24 18 4D 4A
00001750  EC 2D 34 3F 34 3F EC 2D 4D 4A 24 18 20 4E 00 00
00001760  4D 4A DC E7 34 3F 14 D2 EC 2D CC C0 24 18 B3 B5
00001770  00 00 E0 B1 DC E7 B3 B5 14 D2 CC C0 CC C0 14 D2
00001780  B3 B5 DC E7 E0 B1 00 00 B3 B5 24 18 CC C0 EC 2D
00001790  14 D2 34 3F DC E7 4D 4A 00 00 20 4E 24 18 4D 4A
000017A0  EC 2D 34 3F 34 3F EC 2D 4D 4A 24 18 20 4E 00 00
000017B0  4D 4A DC E7 34 3F 14 D2 EC 2D CC C0 24 18 B3 B5
000017C0  00 00 E0 B1 DC E7 B3 B5 14 D2 CC C0 CC C0 14 D2
000017D0  B3 B5 DC E7 E0 B1 00 00 B3 B5 24 18 CC C0 EC 2D
000017E0  14 D2 34 3F DC E7 4D 4A 00 00 20 4E 24 18 4D 4A
000017F0  EC 2D 34 3F 34 3F EC 2D 4D 4A 24 18 20 4E 00 00
00001800  4D 4A DC E7 34 3F 14 D2 EC 2D CC C0 24 18 B3 B5
00001810  00 00 E0 B1 DC E7 B3 B5 14 D2 CC C0 CC C0 14 D2
00001820  B3 B5 DC E7 E0 B1 00 00 B3 B5 24 18 CC C0 EC 2D
00001830  14 D2 34 3F DC E7 4D 4A 00 00 20 4E 24 18 4D 4A
00001840  EC 2D 34 3F 34 3F EC 2D 4D 4A 24 18 20 4E 00 00
00001850  4D 4A DC E7 34 3F 14 D2 EC 2D CC C0 24 18 B3 B5
00001860  00 00 E0 B1 DC E7 B3 B5 14 D2 CC C0 CC C0 14 D2
00001870  B3 B5 DC E7 E0 B1 00 00 B3 B5 24 18 CC C0 EC 2D
00001880  14 D2 34 3F DC E7 4D 4A 00 00 20 4E 24 18 4D 4A
00001890  EC 2D 34 3F 34 3F EC 2D 4D 4A 24 18 20 4E 00 00
000018A0  4D 4A DC E7 34 3F 14 D2 EC 2D CC C0 24 18 B3 B5
000018B0  00 00 E0 B1 DC E7 B3 B5 14 D2 CC C0 CC C0 14 D2
000018C0  B3 B5 DC E7 E0 B1 00 00 B3 B5 24 18 CC C0 EC 2D
000018D0  14 D2 34 3F DC E7 4D 4A 00 00 20 4E 24 18 4D 4A
000018E0  EC 2D 34 3F 34 3F EC 2D 4D 4A 24 18 20 4E 00 00
000018F0  4D 4A DC E7 34 3F 14 D2 EC 2D CC C0 24 18 B3 B5
00001900  00 00 E0 B1 DC E7 B3 B5 14 D2 CC C0 CC C0 14 D2
00001910  B3 B5 DC E7 E0 B1 00 00 B3 B5 24 18 CC C0 EC 2D
00001920  14 D2 34 3F DC E7 4D 4A 00 00 20 4E 24 18 4D 4A
00001930  EC 2D 34 3F 34 3F EC 2D 4D 4A 24 18 20 4E 00 00
00001940  4D 4A DC E7 34 3F 14 D2 EC 2D CC C0 24 18 B3 B5
00001950  00 00 E0 B1 DC E7 B3 B5 14 D2 CC C0 CC C0 14 D2
00001960  B3 B5 DC E7 E0 B1 00 00 B3 B5 24 18 CC C0 EC 2D
00001970  14 D2 34 3F DC E7 4D 4A 00 00 20 4E 24 18 4D 4A
00001980  EC 2D 34 3F 34 3F EC 2D 4D 4A 24 18 20 4E 00 00
00001990  4D 4A DC E7 34 3F 14 D2 EC 2D CC C0 24 18 B3 B5
000019A0  00 00 E0 B1 DC E7 B3 B5 14 D2 CC C0 CC C0 14 D2
000019B0  B3 B5 DC E7 E0 B1 00 00 B3 B5 24 18 CC C0 EC 2D
000019C0  14 D2 34 3F DC E7 4D 4A 00 00 20 4E 24 18 4D 4A
000019D0  EC 2D 34 3F 34 3F EC 2D 4D 4A 24 18 20 4E 00 00
000019E0  4D 4A DC E7 34 3F 14 D2 EC 2D CC C0 24 18 B3 B5
000019F0  00 00 E0 B1 DC E7 B3 B5 14 D2 CC C0 CC C0 14 D2
00001A00  B3 B5 DC E7 E0 B1 00 00 B3 B5 24 18 CC C0 EC 2D
00001A10  14 D2 34 3F DC E7 4D 4A 00 00 20 4E 24 18 4D 4A
00001A20  EC 2D 34 3F 34 3F EC 2D 4D 4A 24 18 20 4E 00 00
00001A30  4D 4A DC E7 34 3F 14 D2 EC 2D CC C0 24 18 B3 B5
00001A40  00 00 E0 B1 DC E7 B3 B5 14 D2 CC C0 CC C0 14 D2
00001A50  B3 B5 DC E7 E0 B1 00 00 B3 B5 24 18 CC C0 EC 2D
00001A60  14 D2 34 3F DC E7 4D 4A 00 00 20 4E 24 18 4D 4A
00001A70  EC 2D 34 3F 34 3F EC 2D 4D 4A 24 18 20 4E 00 00
00001A80  4D 4A DC E7 34 3F 14 D2 EC 2D CC C0 24 18 B3 B5
00001A90  00 00 E0 B1 DC E7 B3 B5 14 D2 CC C0 CC C0 14 D2
00001AA0  B3 B5 DC E7 E0 B1 00 00 B3 B5 24 18 CC C0 EC 2D
00001AB0  14 D2 34 3F DC E7 4D 4A 00 00 20 4E 24 18 4D 4A
00001AC0  EC 2D 34 3F 34 3F EC 2D 4D 4A 24 18 20 4E 00 00
00001AD0  4D 4A DC E7 34 3F 14 D2 EC 2D CC C0 24 18 B3 B5
00001AE0  00 00 E0 B1 DC E7 B3 B5 14 D2 CC C0 CC C0 14 D2
00001AF0  B3 B5 DC E7 E0 B1 00 00 B3 B5 24 18 CC C0 EC 2D
00001B00  14 D2 34 3F DC E7 4D 4A 00 00 20 4E 24 18 4D 4A
00001B10  EC 2D 34 3F 34 3F EC 2D 4D 4A 24 18 20 4E 00 00
00001B20  4D 4A DC E7 34 3F 14 D2 EC 2D CC C0 24 18 B3 B5
00001B30  00 00 E0 B1 DC E7 B3 B5 14 D2 CC C0 CC C0 14 D2
00001B40  B3 B5 DC E7 E0 B1 00 00 B3 B5 24 18 CC C0 EC 2D
00001B50  14 D2 34 3F DC E7 4D 4A 00 00 20 4E 24 18 4D 4A
00001B60  EC 2D 34 3F 34 3F EC 2D 4D 4A 24 18 20 4E 00 00
00001B70  4D 4A DC E7 34 3F 14 D2 EC 2D CC C0 24 18 B3 B5
00001B80  00 00 E0 B1 DC E7 B3 B5 14 D2 CC C0 CC C0 14 D2
00001B90  B3 B5 DC E7 E0 B1 00 00 B3 B5 24 18 CC C0 EC 2D
00001BA0  14 D2 34 3F DC E7 4D 4A 00 00 20 4E 24 18 4D 4A
00001BB0  EC 2D 34 3F 34 3F EC 2D 4D 4A 24 18 20 4E 00 00
00001BC0  4D 4A DC E7 34 3F 14 D2 EC 2D CC C0 24 18 B3 B5
00001BD0  00 00 E0 B1 DC E7 B3 B5 14 D2 CC C0 CC C0 14 D2
00001BE0  B3 B5 DC E7 E0 B1 00 00 B3 B5 24 18 CC C0 EC 2D
00001BF0  14 D2 34 3F DC E7 4D 4A 00 00 20 4E 24 18 4D 4A
00001C00  EC 2D 34 3F 34 3F EC 2D 4D 4A 24 18 20 4E 00 00
00001C10  4D 4A DC E7 34 3F 14 D2 EC 2D CC C0 24 18 B3 B5
00001C20  00 00 E0 B1 DC E7 B3 B5 14 D2 CC C0 CC C0 14 D2
00001C30  B3 B5 DC E7 E0 B1 00 00 B3 B5 24 18 CC C0 EC 2D
00001C40  14 D2 34 3F DC E7 4D 4A 00 00 20 4E 24 18 4D 4A
00001C50  EC 2D 34 3F 34 3F EC 2D 4D 4A 24 18 20 4E 00 00
00001C60  4D 4A DC E7 34 3F 14 D2 EC 2D CC C0 24 18 B3 B5
00001C70  00 00 E0 B1 DC E7 B3 B5 14 D2 CC C0 CC C0 14 D2
00001C80  B3 B5 DC E7 E0 B1 00 00 B3 B5 24 18 CC C0 EC 2D
00001C90  14 D2 34 3F DC E7 4D 4A 00 00 20 4E 24 18 4D 4A
00001CA0  EC 2D 34 3F 34 3F EC 2D 4D 4A 24 18 20 4E 00 00
00001CB0  4D 4A DC E7 34 3F 14 D2 EC 2D CC C0 24 18 B3 B5
00001CC0  00 00 E0 B1 DC E7 B3 B5 14 D2 CC C0 CC C0 14 D2
00001CD0  B3 B5 DC E7 E0 B1 00 00 B3 B5 24 18 CC C0 EC 2D
00001CE0  14 D2 34 3F DC E7 4D 4A 00 00 20 4E 24 18 4D 4A
00001CF0  EC 2D 34 3F 34 3F EC 2D 4D 4A 24 18 20 4E 00 00
00001D00  4D 4A DC E7 34 3F 14 D2 EC 2D CC C0 24 18 B3 B5
00001D10  00 00 E0 B1 DC E7 B3 B5 14 D2 CC C0 CC C0 14 D2
00001D20  B3 B5 DC E7 E0 B1 00 00 B3 B5 24 18 CC C0 EC 2D
00001D30  14 D2 34 3F DC E7 4D 4A 00 00 20 4E 24 18 4D 4A
00001D40  EC 2D 34 3F 34 3F EC 2D 4D 4A 24 18 20 4E 00 00
00001D50  4D 4A DC E7 34 3F 14 D2 EC 2D CC C0 24 18 B3 B5
00001D60  00 00 E0 B1 DC E7 B3 B5 14 D2 CC C0 CC C0 14 D2
00001D70  B3 B5 DC E7 E0 B1 00 00 B3 B5 24 18 CC C0 EC 2D
00001D80  14 D2 34 3F DC E7 4D 4A 00 00 20 4E 24 18 4D 4A
00001D90  EC 2D 34 3F 34 3F EC 2D 4D 4A 24 18 20 4E 00 00
00001DA0  4D 4A DC E7 34 3F 14 D2 EC 2D CC C0 24 18 B3 B5
00001DB0  00 00 E0 B1 DC E7 B3 B5 14 D2 CC C0 CC C0 14 D2
00001DC0  B3 B5 DC E7 E0 B1 00 00 B3 B5 24 18 CC C0 EC 2D
00001DD0  14 D2 34 3F DC E7 4D 4A 00 00 20 4E 24 18 4D 4A
00001DE0  EC 2D 34 3F 34 3F EC 2D 4D 4A 24 18 20 4E 00 00
00001DF0  4D 4A DC E7 34 3F 14 D2 EC 2D CC C0 24 18 B3 B5
00001E00  00 00 E0 B1 DC E7 B3 B5 14 D2 CC C0 CC C0 14 D2
00001E10  B3 B5 DC E7 E0 B1 00 00 B3 B5 24 18 CC C0 EC 2D
00001E20  14 D2 34 3F DC E7 4D 4A 00 00 20 4E 24 18 4D 4A
00001E30  EC 2D 34 3F 34 3F EC 2D 4D 4A 24 18 20 4E 00 00
00001E40  4D 4A DC E7 34 3F 14 D2 EC 2D CC C0 24 18 B3 B5
00001E50  00 00 E0 B1 DC E7 B3 B5 14 D2 CC C0 CC C0 14 D2
00001E60  B3 B5 DC E7 E0 B1 00 00 B3 B5 24 18 CC C0 EC 2D
00001E70  14 D2 34 3F DC E7 4D 4A 00 00 20 4E 24 18 4D 4A
00001E80  EC 2D 34 3F 34 3F EC 2D 4D 4A 24 18 20 4E 00 00
00001E90  4D 4A DC E7 34 3F 14 D2 EC 2D CC C0 24 18 B3 B5
00001EA0  00 00 E0 B1 DC E7 B3 B5 14 D2 CC C0 CC C0 14 D2
00001EB0  B3 B5 DC E7 E0 B1 00 00 B3 B5 24 18 CC C0 EC 2D
00001EC0  14 D2 34 3F DC E7 4D 4A 00 00 20 4E 24 18 4D 4A
00001ED0  EC 2D 34 3F 34 3F EC 2D 4D 4A 24 18 20 4E 00 00
00001EE0  4D 4A DC E7 34 3F 14 D2 EC 2D CC C0 24 18 B3 B5
00001EF0  00 00 E0 B1 DC E7 B3 B5 14 D2 CC C0 CC C0 14 D2
00001F00  B3 B5 DC E7 E0 B1 00 00 B3 B5 24 18 CC C0 EC 2D
00001F10  14 D2 34 3F DC E7 4D 4A 00 00 20 4E 24 18 4D 4A
00001F20  EC 2D 34 3F 34 3F EC 2D 4D 4A 24 18 20 4E 00 00
00001F30  4D 4A DC E7 34 3F 14 D2 EC 2D CC C0 24 18 B3 B5
00001F40  00 00 E0 B1 DC E7 B3 B5 14 D2 CC C0 CC C0 14 D2
00001F50  B3 B5 DC E7 E0 B1 00 00 B3 B5 24 18 CC C0 EC 2D
00001F60  14 D2 34 3F DC E7 4D 4A 00 00 20 4E 24 18 4D 4A
00001F70  EC 2D 34 3F 34 3F EC 2D 4D 4A 24 18 20 4E 00 00
00001F80  4D 4A DC E7 34 3F 14 D2 EC 2D CC C0 24 18 B3 B5
00001F90  00 00 E0 B1 DC E7 B3 B5 14 D2 CC C0 CC C0 14 D2
00001FA0  B3 B5 DC E7 E0 B1 00 00 B3 B5 24 18 CC C0 EC 2D
00001FB0  14 D2 34 3F DC E7 4D 4A 00 00 20 4E 24 18 4D 4A
00001FC0  EC 2D 34 3F 34 3F EC 2D 4D 4A 24 18 20 4E 00 00
00001FD0  4D 4A DC E7 34 3F 14 D2 EC 2D CC C0 24 18 B3 B5
00001FE0  00 00 E0 B1 DC E7 B3 B5 14 D2 CC C0 CC C0 14 D2
00001FF0  B3 B5 DC E7 E0 B1 00 00 B3 B5 24 18 CC C0 EC 2D
00002000  14 D2 34 3F DC E7 4D 4A 00 00 20 4E 24 18 4D 4A
00002010  EC 2D 34 3F 34 3F EC 2D 4D 4A 24 18 20 4E 00 00
00002020  4D 4A DC E7 34 3F 14 D2 EC 2D CC C0 24 18 B3 B5
00002030  00 00 E0 B1 DC E7 B3 B5 14 D2 CC C0 CC C0 14 D2
00002040  B3 B5 DC E7 E0 B1 00 00 B3 B5 24 18 CC C0 EC 2D
00002050  14 D2 34 3F DC E7 4D 4A 00 00 20 4E 24 18 4D 4A
00002060  EC 2D 34 3F 34 3F EC 2D 4D 4A 24 18 20 4E 00 00
00002070  4D 4A DC E7 34 3F 14 D2 EC 2D CC C0 24 18 B3 B5
00002080  00 00 E0 B1 DC E7 B3 B5 14 D2 CC C0 CC C0 14 D2
00002090  B3 B5 DC E7 E0 B1 00 00 B3 B5 24 18 CC C0 EC 2D
000020A0  14 D2 34 3F DC E7 4D 4A 00 00 20 4E 24 18 4D 4A
000020B0  EC 2D 34 3F 34 3F EC 2D 4D 4A 24 18 20 4E 00 00
000020C0  4D 4A DC E7 34 3F 14 D2 EC 2D CC C0 24 18 B3 B5
000020D0  00 00 E0 B1 DC E7 B3 B5 14 D2 CC C0 CC C0 14 D2
000020E0  B3 B5 DC E7 E0 B1 00 00 B3 B5 24 18 CC C0 EC 2D
000020F0  14 D2 34 3F DC E7 4D 4A 00 00 20 4E 24 18 4D 4A
00002100  EC 2D 34 3F 34 3F EC 2D 4D 4A 24 18 20 4E 00 00
00002110  4D 4A DC E7 34 3F 14 D2 EC 2D CC C0 24 18 B3 B5
00002120  00 00 E0 B1 DC E7 B3 B5 14 D2 CC C0 CC C0 14 D2
00002130  B3 B5 DC E7 E0 B1 00 00 B3 B5 24 18 CC C0 EC 2D
00002140  14 D2 34 3F DC E7 4D 4A 00 00 20 4E 24 18 4D 4A
00002150  EC 2D 34 3F 34 3F EC 2D 4D 4A 24 18 20 4E 00 00
00002160  4D 4A DC E7 34 3F 14 D2 EC 2D CC C0 24 18 B3 B5
00002170  00 00 E0 B1 DC E7 B3 B5 14 D2 CC C0 CC C0 14 D2
00002180  B3 B5 DC E7 E0 B1 00 00 B3 B5 24 18 CC C0 EC 2D
00002190  14 D2 34 3F DC E7 4D 4A 00 00 20 4E 24 18 4D 4A
000021A0  EC 2D 34 3F 34 3F EC 2D 4D 4A 24 18 20 4E 00 00
000021B0  4D 4A DC E7 34 3F 14 D2 EC 2D CC C0 24 18 B3 B5
000021C0  00 00 E0 B1 DC E7 B3 B5 14 D2 CC C0 CC C0 14 D2
000021D0  B3 B5 DC E7 E0 B1 00 00 B3 B5 24 18 CC C0 EC 2D
000021E0  14 D2 34 3F DC E7 4D 4A 00 00 20 4E 24 18 4D 4A
000021F0  EC 2D 34 3F 34 3F EC 2D 4D 4A 24 18 20 4E 00 00
00002200  4D 4A DC E7 34 3F 14 D2 EC 2D CC C0 24 18 B3 B5
00002210  00 00 E0 B1 DC E7 B3 B5 14 D2 CC C0 CC C0 14 D2
00002220  B3 B5 DC E7 E0 B1 00 00 B3 B5 24 18 CC C0 EC 2D
00002230  14 D2 34 3F DC E7 4D 4A 00 00 20 4E 24 18 4D 4A
00002240  EC 2D 34 3F 34 3F EC 2D 4D 4A 24 18 20 4E 00 00
00002250  4D 4A DC E7 34 3F 14 D2 EC 2D CC C0 24 18 B3 B5
00002260  00 00 E0 B1 DC E7 B3 B5 14 D2 CC C0 CC C0 14 D2
00002270  B3 B5 DC E7 E0 B1 00 00 B3 B5 24 18 CC C0 EC 2D
00002280  14 D2 34 3F DC E7 4D 4A 00 00 20 4E 24 18 4D 4A
00002290  EC 2D 34 3F 34 3F EC 2D 4D 4A 24 18 20 4E 00 00
000022A0  4D 4A DC E7 34 3F 14 D2 EC 2D CC C0 24 18 B3 B5
000022B0  00 00 E0 B1 DC E7 B3 B5 14 D2 CC C0 CC C0 14 D2
000022C0  B3 B5 DC E7 E0 B1 00 00 B3 B5 24 18 CC C0 EC 2D
000022D0  14 D2 34 3F DC E7 4D 4A 00 00 20 4E 24 18 4D 4A
000022E0  EC 2D 34 3F 34 3F EC 2D 4D 4A 24 18 20 4E 00 00
000022F0  4D 4A DC E7 34 3F 14 D2 EC 2D CC C0 24 18 B3 B5
00002300  00 00 E0 B1 DC E7 B3 B5 14 D2 CC C0 CC C0 14 D2
00002310  B3 B5 DC E7 E0 B1 00 00 B3 B5 24 18 CC C0 EC 2D
00002320  14 D2 34 3F DC E7 4D 4A 00 00 20 4E 24 18 4D 4A
00002330  EC 2D 34 3F 34 3F EC 2D 4D 4A 24 18 20 4E 00 00
00002340  4D 4A DC E7 34 3F 14 D2 EC 2D CC C0 24 18 B3 B5
00002350  00 00 E0 B1 DC E7 B3 B5 14 D2 CC C0 CC C0 14 D2
00002360  B3 B5 DC E7 E0 B1 00 00 B3 B5 24 18 CC C0 EC 2D
00002370  14 D2 34 3F DC E7 4D 4A 00 00 20 4E 24 18 4D 4A
00002380  EC 2D 34 3F 34 3F EC 2D 4D 4A 24 18 20 4E 00 00
00002390  4D 4A DC E7 34 3F 14 D2 EC 2D CC C0 24 18 B3 B5
000023A0  00 00 E0 B1 DC E7 B3 B5 14 D2 CC C0 CC C0 14 D2
000023B0  B3 B5 DC E7 E0 B1 00 00 B3 B5 24 18 CC C0 EC 2D
000023C0  14 D2 34 3F DC E7 4D 4A 00 00 20 4E 24 18 4D 4A
000023D0  EC 2D 34 3F 34 3F EC 2D 4D 4A 24 18 20 4E 00 00
000023E0  4D 4A DC E7 34 3F 14 D2 EC 2D CC C0 24 18 B3 B5
000023F0  00 00 E0 B1 DC E7 B3 B5 14 D2 CC C0 CC C0 14 D2
00002400  B3 B5 DC E7 E0 B1 00 00 B3 B5 24 18 CC C0 EC 2D
00002410  14 D2 34 3F DC E7 4D 4A 00 00 20 4E 24 18 4D 4A
00002420  EC 2D 34 3F 34 3F EC 2D 4D 4A 24 18 20 4E 00 00
00002430  4D 4A DC E7 34 3F 14 D2 EC 2D CC C0 24 18 B3 B5
00002440  00 00 E0 B1 DC E7 B3 B5 14 D2 CC C0 CC C0 14 D2
00002450  B3 B5 DC E7 E0 B1 00 00 B3 B5 24 18 CC C0 EC 2D
00002460  14 D2 34 3F DC E7 4D 4A 00 00 20 4E 24 18 4D 4A
00002470  EC 2D 34 3F 34 3F EC 2D 4D 4A 24 18 20 4E 00 00
00002480  4D 4A DC E7 34 3F 14 D2 EC 2D CC C0 24 18 B3 B5
00002490  00 00 E0 B1 DC E7 B3 B5 14 D2 CC C0 CC C0 14 D2
000024A0  B3 B5 DC E7 E0 B1 00 00 B3 B5 24 18 CC C0 EC 2D
000024B0  14 D2 34 3F DC E7 4D 4A 00 00 20 4E 24 18 4D 4A
000024C0  EC 2D 34 3F 34 3F EC 2D 4D 4A 24 18 20 4E 00 00
000024D0  4D 4A DC E7 34 3F 14 D2 EC 2D CC C0 24 18 B3 B5
000024E0  00 00 E0 B1 DC E7 B3 B5 14 D2 CC C0 CC C0 14 D2
000024F0  B3 B5 DC E7 E0 B1 00 00 B3 B5 24 18 CC C0 EC 2D
00002500  14 D2 34 3F DC E7 4D 4A 00 00 20 4E 24 18 4D 4A
00002510  EC 2D 34 3F 34 3F EC 2D 4D 4A 24 18 20 4E 00 00
00002520  4D 4A DC E7 34 3F 14 D2 EC 2D CC C0 24 18 B3 B5
00002530  00 00 E0 B1 DC E7 B3 B5 14 D2 CC C0 CC C0 14 D2
00002540  B3 B5 DC E7 E0 B1 00 00 B3 B5 24 18 CC C0 EC 2D
00002550  14 D2 34 3F DC E7 4D 4A 00 00 20 4E 24 18 4D 4A
00002560  EC 2D 34 3F 34 3F EC 2D 4D 4A 24 18 20 4E 00 00
00002570  4D 4A DC E7 34 3F 14 D2 EC 2D CC C0 24 18 B3 B5
00002580  00 00 E0 B1 DC E7 B3 B5 14 D2 CC C0 CC C0 14 D2
00002590  B3 B5 DC E7 E0 B1 00 00 B3 B5 24 18 CC C0 EC 2D
000025A0  14 D2 34 3F DC E7 4D 4A 00 00 20 4E 24 18 4D 4A
000025B0  EC 2D 34 3F 34 3F EC 2D 4D 4A 24 18 20 4E 00 00
000025C0  4D 4A DC E7 34 3F 14 D2 EC 2D CC C0 24 18 B3 B5
000025D0  00 00 E0 B1 DC E7 B3 B5 14 D2 CC C0 CC C0 14 D2
000025E0  B3 B5 DC E7 E0 B1 00 00 B3 B5 24 18 CC C0 EC 2D
000025F0  14 D2 34 3F DC E7 4D 4A 00 00 20 4E 24 18 4D 4A
00002600  EC 2D 34 3F 34 3F EC 2D 4D 4A 24 18 20 4E 00 00
00002610  4D 4A DC E7 34 3F 14 D2 EC 2D CC C0 24 18 B3 B5
00002620  00 00 E0 B1 DC E7 B3 B5 14 D2 CC C0 CC C0 14 D2
00002630  B3 B5 DC E7 E0 B1 00 00 B3 B5 24 18 CC C0 EC 2D
00002640  14 D2 34 3F DC E7 4D 4A 00 00 20 4E 24 18 4D 4A
00002650  EC 2D 34 3F 34 3F EC 2D 4D 4A 24 18 20 4E 00 00
00002660  4D 4A DC E7 34 3F 14 D2 EC 2D CC C0 24 18 B3 B5
00002670  00 00 E0 B1 DC E7 B3 B5 14 D2 CC C0 CC C0 14 D2
00002680  B3 B5 DC E7 E0 B1 00 00 B3 B5 24 18 CC C0 EC 2D
00002690  14 D2 34 3F DC E7 4D 4A 00 00 20 4E 24 18 4D 4A
000026A0  EC 2D 34 3F 34 3F EC 2D 4D 4A 24 18 20 4E 00 00
000026B0  4D 4A DC E7 34 3F 14 D2 EC 2D CC C0 24 18 B3 B5
000026C0  00 00 E0 B1 DC E7 B3 B5 14 D2 CC C0 CC C0 14 D2
000026D0  B3 B5 DC E7 E0 B1 00 00 B3 B5 24 18 CC C0 EC 2D
000026E0  14 D2 34 3F DC E7 4D 4A 00 00 20 4E 24 18 4D 4A
000026F0  EC 2D 34 3F 34 3F EC 2D 4D 4A 24 18 20 4E 00 00
00002700  4D 4A DC E7 34 3F 14 D2 EC 2D CC C0 24 18 B3 B5
00002710  00 00 E0 B1 DC E7 B3 B5 14 D2 CC C0 CC C0 14 D2
00002720  B3 B5 DC E7 E0 B1 00 00 B3 B5 24 18 CC C0 EC 2D
00002730  14 D2 34 3F DC E7 4D 4A 00 00 20 4E 24 18 4D 4A
00002740  EC 2D 34 3F 34 3F EC 2D 4D 4A 24 18 20 4E 00 00
00002750  4D 4A DC E7 34 3F 14 D2 EC 2D CC C0 24 18 B3 B5
00002760  00 00 E0 B1 DC E7 B3 B5 14 D2 CC C0 CC C0 14 D2
00002770  B3 B5 DC E7 E0 B1 00 00 B3 B5 24 18 CC C0 EC 2D
00002780  14 D2 34 3F DC E7 4D 4A 00 00 20 4E 24 18 4D 4A
00002790  EC 2D 34 3F 34 3F EC 2D 4D 4A 24 18 20 4E 00 00
000027A0  4D 4A DC E7 34 3F 14 D2 EC 2D CC C0 24 18 B3 B5
000027B0  00 00 E0 B1 DC E7 B3 B5 14 D2 CC C0 CC C0 14 D2
000027C0  B3 B5 DC E7 E0 B1 00 00 B3 B5 24 18 CC C0 EC 2D
000027D0  14 D2 34 3F DC E7 4D 4A 00 00 20 4E 24 18 4D 4A
000027E0  EC 2D 34 3F 34 3F EC 2D 4D 4A 24 18 20 4E 00 00
000027F0  4D 4A DC E7 34 3F 14 D2 EC 2D CC C0 24 18 B3 B5
00002800  00 00 E0 B1 DC E7 B3 B5 14 D2 CC C0 CC C0 14 D2
00002810  B3 B5 DC E7 E0 B1 00 00 B3 B5 24 18 CC C0 EC 2D
00002820  14 D2 34 3F DC E7 4D 4A 00 00 20 4E 24 18 4D 4A
00002830  EC 2D 34 3F 34 3F EC 2D 4D 4A 24 18 20 4E 00 00
00002840  4D 4A DC E7 34 3F 14 D2 EC 2D CC C0 24 18 B3 B5
00002850  00 00 E0 B1 DC E7 B3 B5 14 D2 CC C0 CC C0 14 D2
00002860  B3 B5 DC E7 E0 B1 00 00 B3 B5 24 18 CC C0 EC 2D
00002870  14 D2 34 3F DC E7 4D 4A 00 00 20 4E 24 18 4D 4A
00002880  EC 2D 34 3F 34 3F EC 2D 4D 4A 24 18 20 4E 00 00
00002890  4D 4A DC E7 34 3F 14 D2 EC 2D CC C0 24 18 B3 B5
000028A0  00 00 E0 B1 DC E7 B3 B5 14 D2 CC C0 CC C0 14 D2
000028B0  B3 B5 DC E7 E0 B1 00 00 B3 B5 24 18 CC C0 EC 2D
000028C0  14 D2 34 3F DC E7 4D 4A 00 00 20 4E 24 18 4D 4A
000028D0  EC 2D 34 3F 34 3F EC 2D 4D 4A 24 18 20 4E 00 00
000028E0  4D 4A DC E7 34 3F 14 D2 EC 2D CC C0 24 18 B3 B5
000028F0  00 00 E0 B1 DC E7 B3 B5 14 D2 CC C0 CC C0 14 D2
00002900  B3 B5 DC E7 E0 B1 00 00 B3 B5 24 18 CC C0 EC 2D
00002910  14 D2 34 3F DC E7 4D 4A 00 00 20 4E 24 18 4D 4A
00002920  EC 2D 34 3F 34 3F EC 2D 4D 4A 24 18 20 4E 00 00
00002930  4D 4A DC E7 34 3F 14 D2 EC 2D CC C0 24 18 B3 B5
00002940  00 00 E0 B1 DC E7 B3 B5 14 D2 CC C0 CC C0 14 D2
00002950  B3 B5 DC E7 E0 B1 00 00 B3 B5 24 18 CC C0 EC 2D
00002960  14 D2 34 3F DC E7 4D 4A 00 00 20 4E 24 18 4D 4A
00002970  EC 2D 34 3F 34 3F EC 2D 4D 4A 24 18 20 4E 00 00
00002980  4D 4A DC E7 34 3F 14 D2 EC 2D CC C0 24 18 B3 B5
00002990  00 00 E0 B1 DC E7 B3 B5 14 D2 CC C0 CC C0 14 D2
000029A0  B3 B5 DC E7 E0 B1 00 00 B3 B5 24 18 CC C0 EC 2D
000029B0  14 D2 34 3F DC E7 4D 4A 00 00 20 4E 24 18 4D 4A
000029C0  EC 2D 34 3F 34 3F EC 2D 4D 4A 24 18 20 4E 00 00
000029D0  4D 4A DC E7 34 3F 14 D2 EC 2D CC C0 24 18 B3 B5
000029E0  00 00 E0 B1 DC E7 B3 B5 14 D2 CC C0 CC C0 14 D2
000029F0  B3 B5 DC E7 E0 B1 00 00 B3 B5 24 18 CC C0 EC 2D
00002A00  14 D2 34 3F DC E7 4D 4A 00 00 20 4E 24 18 4D 4A
00002A10  EC 2D 34 3F 34 3F EC 2D 4D 4A 24 18 20 4E 00 00
00002A20  4D 4A DC E7 34 3F 14 D2 EC 2D CC C0 24 18 B3 B5
00002A30  00 00 E0 B1 DC E7 B3 B5 14 D2 CC C0 CC C0 14 D2
00002A40  B3 B5 DC E7 E0 B1 00 00 B3 B5 24 18 CC C0 EC 2D
00002A50  14 D2 34 3F DC E7 4D 4A 00 00 20 4E 24 18 4D 4A
00002A60  EC 2D 34 3F 34 3F EC 2D 4D 4A 24 18 20 4E 00 00
00002A70  4D 4A DC E7 34 3F 14 D2 EC 2D CC C0 24 18 B3 B5
00002A80  00 00 E0 B1 DC E7 B3 B5 14 D2 CC C0 CC C0 14 D2
00002A90  B3 B5 DC E7 E0 B1 00 00 B3 B5 24 18 CC C0 EC 2D
00002AA0  14 D2 34 3F DC E7 4D 4A 00 00 20 4E 24 18 4D 4A
00002AB0  EC 2D 34 3F 34 3F EC 2D 4D 4A 24 18 20 4E 00 00
00002AC0  4D 4A DC E7 34 3F 14 D2 EC 2D CC C0 24 18 B3 B5
00002AD0  00 00 E0 B1 DC E7 B3 B5 14 D2 CC C0 CC C0 14 D2
00002AE0  B3 B5 DC E7 E0 B1 00 00 B3 B5 24 18 CC C0 EC 2D
00002AF0  14 D2 34 3F DC E7 4D 4A 00 00 20 4E 24 18 4D 4A
00002B00  EC 2D 34 3F 34 3F EC 2D 4D 4A 24 18 20 4E 00 00
00002B10  4D 4A DC E7 34 3F 14 D2 EC 2D CC C0 24 18 B3 B5
00002B20  00 00 E0 B1 DC E7 B3 B5 14 D2 CC C0 CC C0 14 D2
00002B30  B3 B5 DC E7 E0 B1 00 00 B3 B5 24 18 CC C0 EC 2D
00002B40  14 D2 34 3F DC E7 4D 4A 00 00 20 4E 24 18 4D 4A
00002B50  EC 2D 34 3F 34 3F EC 2D 4D 4A 24 18 20 4E 00 00
00002B60  4D 4A DC E7 34 3F 14 D2 EC 2D CC C0 24 18 B3 B5
00002B70  00 00 E0 B1 DC E7 B3 B5 14 D2 CC C0 CC C0 14 D2
00002B80  B3 B5 DC E7 E0 B1 00 00 B3 B5 24 18 CC C0 EC 2D
00002B90  14 D2 34 3F DC E7 4D 4A 00 00 20 4E 24 18 4D 4A
00002BA0  EC 2D 34 3F 34 3F EC 2D 4D 4A 24 18 20 4E 00 00
00002BB0  4D 4A DC E7 34 3F 14 D2 EC 2D CC C0 24 18 B3 B5
00002BC0  00 00 E0 B1 DC E7 B3 B5 14 D2 CC C0 CC C0 14 D2
00002BD0  B3 B5 DC E7 E0 B1 00 00 B3 B5 24 18 CC C0 EC 2D
00002BE0  14 D2 34 3F DC E7 4D 4A 00 00 20 4E 24 18 4D 4A
00002BF0  EC 2D 34 3F 34 3F EC 2D 4D 4A 24 18 20 4E 00 00
00002C00  4D 4A DC E7 34 3F 14 D2 EC 2D CC C0 24 18 B3 B5
00002C10  00 00 E0 B1 DC E7 B3 B5 14 D2 CC C0 CC C0 14 D2
00002C20  B3 B5 DC E7 E0 B1 00 00 B3 B5 24 18 CC C0 EC 2D
00002C30  14 D2 34 3F DC E7 4D 4A 00 00 20 4E 24 18 4D 4A
00002C40  EC 2D 34 3F 34 3F EC 2D 4D 4A 24 18 20 4E 00 00
00002C50  4D 4A DC E7 34 3F 14 D2 EC 2D CC C0 24 18 B3 B5
00002C60  00 00 E0 B1 DC E7 B3 B5 14 D2 CC C0 CC C0 14 D2
00002C70  B3 B5 DC E7 E0 B1 00 00 B3 B5 24 18 CC C0 EC 2D
00002C80  14 D2 34 3F DC E7 4D 4A 00 00 20 4E 24 18 4D 4A
00002C90  EC 2D 34 3F 34 3F EC 2D 4D 4A 24 18 20 4E 00 00
00002CA0  4D 4A DC E7 34 3F 14 D2 EC 2D CC C0 24 18 B3 B5
00002CB0  00 00 E0 B1 DC E7 B3 B5 14 D2 CC C0 CC C0 14 D2
00002CC0  B3 B5 DC E7 E0 B1 00 00 B3 B5 24 18 CC C0 EC 2D
00002CD0  14 D2 34 3F DC E7 4D 4A 00 00 20 4E 24 18 4D 4A
00002CE0  EC 2D 34 3F 34 3F EC 2D 4D 4A 24 18 20 4E 00 00
00002CF0  4D 4A DC E7 34 3F 14 D2 EC 2D CC C0 24 18 B3 B5
00002D00  00 00 E0 B1 DC E7 B3 B5 14 D2 CC C0 CC C0 14 D2
00002D10  B3 B5 DC E7 E0 B1 00 00 B3 B5 24 18 CC C0 EC 2D
00002D20  14 D2 34 3F DC E7 4D 4A 00 00 20 4E 24 18 4D 4A
00002D30  EC 2D 34 3F 34 3F EC 2D 4D 4A 24 18 20 4E 00 00
00002D40  4D 4A DC E7 34 3F 14 D2 EC 2D CC C0 24 18 B3 B5
00002D50  00 00 E0 B1 DC E7 B3 B5 14 D2 CC C0 CC C0 14 D2
00002D60  B3 B5 DC E7 E0 B1 00 00 B3 B5 24 18 CC C0 EC 2D
00002D70  14 D2 34 3F DC E7 4D 4A 00 00 20 4E 24 18 4D 4A
00002D80  EC 2D 34 3F 34 3F EC 2D 4D 4A 24 18 20 4E 00 00
00002D90  4D 4A DC E7 34 3F 14 D2 EC 2D CC C0 24 18 B3 B5
00002DA0  00 00 E0 B1 DC E7 B3 B5 14 D2 CC C0 CC C0 14 D2
00002DB0  B3 B5 DC E7 E0 B1 00 00 B3 B5 24 18 CC C0 EC 2D
00002DC0  14 D2 34 3F DC E7 4D 4A 00 00 20 4E 24 18 4D 4A
00002DD0  EC 2D 34 3F 34 3F EC 2D 4D 4A 24 18 20 4E 00 00
00002DE0  4D 4A DC E7 34 3F 14 D2 EC 2D CC C0 24 18 B3 B5
00002DF0  00 00 E0 B1 DC E7 B3 B5 14 D2 CC C0 CC C0 14 D2
00002E00  B3 B5 DC E7 E0 B1 00 00 B3 B5 24 18 CC C0 EC 2D
00002E10  14 D2 34 3F DC E7 4D 4A 00 00 20 4E 24 18 4D 4A
00002E20  EC 2D 34 3F 34 3F EC 2D 4D 4A 24 18 20 4E 00 00
00002E30  4D 4A DC E7 34 3F 14 D2 EC 2D CC C0 24 18 B3 B5
00002E40  00 00 E0 B1 DC E7 B3 B5 14 D2 CC C0 CC C0 14 D2
00002E50  B3 B5 DC E7 E0 B1 00 00 B3 B5 24 18 CC C0 EC 2D
00002E60  14 D2 34 3F DC E7 4D 4A 00 00 20 4E 24 18 4D 4A
00002E70  EC 2D 34 3F 34 3F EC 2D 4D 4A 24 18 20 4E 00 00
00002E80  4D 4A DC E7 34 3F 14 D2 EC 2D CC C0 24 18 B3 B5
00002E90  00 00 E0 B1 DC E7 B3 B5 14 D2 CC C0 CC C0 14 D2
00002EA0  B3 B5 DC E7 E0 B1 00 00 B3 B5 24 18 CC C0 EC 2D
00002EB0  14 D2 34 3F DC E7 4D 4A 00 00 20 4E 24 18 4D 4A
00002EC0  EC 2D 34 3F 34 3F EC 2D 4D 4A 24 18 20 4E 00 00
00002ED0  4D 4A DC E7 34 3F 14 D2 EC 2D CC C0 24 18 B3 B5
00002EE0  00 00 E0 B1 DC E7 B3 B5 14 D2 CC C0 CC C0 14 D2
00002EF0  B3 B5 DC E7 E0 B1 00 00 B3 B5 24 18 CC C0 EC 2D
00002F00  14 D2 34 3F DC E7 4D 4A 00 00 20 4E 24 18 4D 4A
00002F10  EC 2D 34 3F 34 3F EC 2D 4D 4A 24 18 20 4E 00 00
00002F20  4D 4A DC E7 34 3F 14 D2 EC 2D CC C0 24 18 B3 B5
00002F30  00 00 E0 B1 DC E7 B3 B5 14 D2 CC C0 CC C0 14 D2
00002F40  B3 B5 DC E7 E0 B1 00 00 B3 B5 24 18 CC C0 EC 2D
00002F50  14 D2 34 3F DC E7 4D 4A 00 00 20 4E 24 18 4D 4A
00002F60  EC 2D 34 3F 34 3F EC 2D 4D 4A 24 18 20 4E 00 00
00002F70  4D 4A DC E7 34 3F 14 D2 EC 2D CC C0 24 18 B3 B5
00002F80  00 00 E0 B1 DC E7 B3 B5 14 D2 CC C0 CC C0 14 D2
00002F90  B3 B5 DC E7 E0 B1 00 00 B3 B5 24 18 CC C0 EC 2D
00002FA0  14 D2 34 3F DC E7 4D 4A 00 00 20 4E 24 18 4D 4A
00002FB0  EC 2D 34 3F 34 3F EC 2D 4D 4A 24 18 20 4E 00 00
00002FC0  4D 4A DC E7 34 3F 14 D2 EC 2D CC C0 24 18 B3 B5
00002FD0  00 00 E0 B1 DC E7 B3 B5 14 D2 CC C0 CC C0 14 D2
00002FE0  B3 B5 DC E7 E0 B1 00 00 B3 B5 24 18 CC C0 EC 2D
00002FF0  14 D2 34 3F DC E7 4D 4A 00 00 20 4E 24 18 4D 4A
00003000  EC 2D 34 3F 34 3F EC 2D 4D 4A 24 18 20 4E 00 00
00003010  4D 4A DC E7 34 3F 14 D2 EC 2D CC C0 24 18 B3 B5
00003020  00 00 E0 B1 DC E7 B3 B5 14 D2 CC C0 CC C0 14 D2
00003030  B3 B5 DC E7 E0 B1 00 00 B3 B5 24 18 CC C0 EC 2D
00003040  14 D2 34 3F DC E7 4D 4A 00 00 20 4E 24 18 4D 4A
00003050  EC 2D 34 3F 34 3F EC 2D 4D 4A 24 18 20 4E 00 00
00003060  4D 4A DC E7 34 3F 14 D2 EC 2D CC C0 24 18 B3 B5
00003070  00 00 E0 B1 DC E7 B3 B5 14 D2 CC C0 CC C0 14 D2
00003080  B3 B5 DC E7 E0 B1 00 00 B3 B5 24 18 CC C0 EC 2D
00003090  14 D2 34 3F DC E7 4D 4A 00 00 20 4E 24 18 4D 4A
000030A0  EC 2D 34 3F 34 3F EC 2D 4D 4A 24 18 20 4E 00 00
000030B0  4D 4A DC E7 34 3F 14 D2 EC 2D CC C0 24 18 B3 B5
000030C0  00 00 E0 B1 DC E7 B3 B5 14 D2 CC C0 CC C0 14 D2
000030D0  B3 B5 DC E7 E0 B1 00 00 B3 B5 24 18 CC C0 EC 2D
000030E0  14 D2 34 3F DC E7 4D 4A 00 00 20 4E 24 18 4D 4A
000030F0  EC 2D 34 3F 34 3F EC 2D 4D 4A 24 18 20 4E 00 00
00003100  4D 4A DC E7 34 3F 14 D2 EC 2D CC C0 24 18 B3 B5
00003110  00 00 E0 B1 DC E7 B3 B5 14 D2 CC C0 CC C0 14 D2
00003120  B3 B5 DC E7 E0 B1 00 00 B3 B5 24 18 CC C0 EC 2D
00003130  14 D2 34 3F DC E7 4D 4A 00 00 20 4E 24 18 4D 4A
00003140  EC 2D 34 3F 34 3F EC 2D 4D 4A 24 18 20 4E 00 00
00003150  4D 4A DC E7 34 3F 14 D2 EC 2D CC C0 24 18 B3 B5
00003160  00 00 E0 B1 DC E7 B3 B5 14 D2 CC C0 CC C0 14 D2
00003170  B3 B5 DC E7 E0 B1 00 00 B3 B5 24 18 CC C0 EC 2D
00003180  14 D2 34 3F DC E7 4D 4A 00 00 20 4E 24 18 4D 4A
00003190  EC 2D 34 3F 34 3F EC 2D 4D 4A 24 18 20 4E 00 00
000031A0  4D 4A DC E7 34 3F 14 D2 EC 2D CC C0 24 18 B3 B5
000031B0  00 00 E0 B1 DC E7 B3 B5 14 D2 CC C0 CC C0 14 D2
000031C0  B3 B5 DC E7 E0 B1 00 00 B3 B5 24 18 CC C0 EC 2D
000031D0  14 D2 34 3F DC E7 4D 4A 00 00 20 4E 24 18 4D 4A
000031E0  EC 2D 34 3F 34 3F EC 2D 4D 4A 24 18 20 4E 00 00
000031F0  4D 4A DC E7 34 3F 14 D2 EC 2D CC C0 24 18 B3 B5
00003200  00 00 E0 B1 DC E7 B3 B5 14 D2 CC C0 CC C0 14 D2
00003210  B3 B5 DC E7 E0 B1 00 00 B3 B5 24 18 CC C0 EC 2D
00003220  14 D2 34 3F DC E7 4D 4A 00 00 20 4E 24 18 4D 4A
00003230  EC 2D 34 3F 34 3F EC 2D 4D 4A 24 18 20 4E 00 00
00003240  4D 4A DC E7 34 3F 14 D2 EC 2D CC C0 24 18 B3 B5
00003250  00 00 E0 B1 DC E7 B3 B5 14 D2 CC C0 CC C0 14 D2
00003260  B3 B5 DC E7 E0 B1 00 00 B3 B5 24 18 CC C0 EC 2D
00003270  14 D2 34 3F DC E7 4D 4A 00 00 20 4E 24 18 4D 4A
00003280  EC 2D 34 3F 34 3F EC 2D 4D 4A 24 18 20 4E 00 00
00003290  4D 4A DC E7 34 3F 14 D2 EC 2D CC C0 24 18 B3 B5
000032A0  00 00 E0 B1 DC E7 B3 B5 14 D2 CC C0 CC C0 14 D2
000032B0  B3 B5 DC E7 E0 B1 00 00 B3 B5 24 18 CC C0 EC 2D
000032C0  14 D2 34 3F DC E7 4D 4A 00 00 20 4E 24 18 4D 4A
000032D0  EC 2D 34 3F 34 3F EC 2D 4D 4A 24 18 20 4E 00 00
000032E0  4D 4A DC E7 34 3F 14 D2 EC 2D CC C0 24 18 B3 B5
000032F0  00 00 E0 B1 DC E7 B3 B5 14 D2 CC C0 CC C0 14 D2
00003300  B3 B5 DC E7 E0 B1 00 00 B3 B5 24 18 CC C0 EC 2D
00003310  14 D2 34 3F DC E7 4D 4A 00 00 20 4E 24 18 4D 4A
00003320  EC 2D 34 3F 34 3F EC 2D 4D 4A 24 18 20 4E 00 00
00003330  4D 4A DC E7 34 3F 14 D2 EC 2D CC C0 24 18 B3 B5
00003340  00 00 E0 B1 DC E7 B3 B5 14 D2 CC C0 CC C0 14 D2
00003350  B3 B5 DC E7 E0 B1 00 00 B3 B5 24 18 CC C0 EC 2D
00003360  14 D2 34 3F DC E7 4D 4A 00 00 20 4E 24 18 4D 4A
00003370  EC 2D 34 3F 34 3F EC 2D 4D 4A 24 18 20 4E 00 00
00003380  4D 4A DC E7 34 3F 14 D2 EC 2D CC C0 24 18 B3 B5
00003390  00 00 E0 B1 DC E7 B3 B5 14 D2 CC C0 CC C0 14 D2
000033A0  B3 B5 DC E7 E0 B1 00 00 B3 B5 24 18 CC C0 EC 2D
000033B0  14 D2 34 3F DC E7 4D 4A 00 00 20 4E 24 18 4D 4A
000033C0  EC 2D 34 3F 34 3F EC 2D 4D 4A 24 18 20 4E 00 00
000033D0  4D 4A DC E7 34 3F 14 D2 EC 2D CC C0 24 18 B3 B5
000033E0  00 00 E0 B1 DC E7 B3 B5 14 D2 CC C0 CC C0 14 D2
000033F0  B3 B5 DC E7 E0 B1 00 00 B3 B5 24 18 CC C0 EC 2D
00003400  14 D2 34 3F DC E7 4D 4A 00 00 20 4E 24 18 4D 4A
00003410  EC 2D 34 3F 34 3F EC 2D 4D 4A 24 18 20 4E 00 00
00003420  4D 4A DC E7 34 3F 14 D2 EC 2D CC C0 24 18 B3 B5
00003430  00 00 E0 B1 DC E7 B3 B5 14 D2 CC C0 CC C0 14 D2
00003440  B3 B5 DC E7 E0 B1 00 00 B3 B5 24 18 CC C0 EC 2D
00003450  14 D2 34 3F DC E7 4D 4A 00 00 20 4E 24 18 4D 4A
00003460  EC 2D 34 3F 34 3F EC 2D 4D 4A 24 18 20 4E 00 00
00003470  4D 4A DC E7 34 3F 14 D2 EC 2D CC C0 24 18 B3 B5
00003480  00 00 E0 B1 DC E7 B3 B5 14 D2 CC C0 CC C0 14 D2
00003490  B3 B5 DC E7 E0 B1 00 00 B3 B5 24 18 CC C0 EC 2D
000034A0  14 D2 34 3F DC E7 4D 4A 00 00 20 4E 24 18 4D 4A
000034B0  EC 2D 34 3F 34 3F EC 2D 4D 4A 24 18 20 4E 00 00
000034C0  4D 4A DC E7 34 3F 14 D2 EC 2D CC C0 24 18 B3 B5
000034D0  00 00 E0 B1 DC E7 B3 B5 14 D2 CC C0 CC C0 14 D2
000034E0  B3 B5 DC E7 E0 B1 00 00 B3 B5 24 18 CC C0 EC 2D
000034F0  14 D2 34 3F DC E7 4D 4A 00 00 20 4E 24 18 4D 4A
00003500  EC 2D 34 3F 34 3F EC 2D 4D 4A 24 18 20 4E 00 00
00003510  4D 4A DC E7 34 3F 14 D2 EC 2D CC C0 24 18 B3 B5
00003520  00 00 E0 B1 DC E7 B3 B5 14 D2 CC C0 CC C0 14 D2
00003530  B3 B5 DC E7 E0 B1 00 00 B3 B5 24 18 CC C0 EC 2D
00003540  14 D2 34 3F DC E7 4D 4A 00 00 20 4E 24 18 4D 4A
00003550  EC 2D 34 3F 34 3F EC 2D 4D 4A 24 18 20 4E 00 00
00003560  4D 4A DC E7 34 3F 14 D2 EC 2D CC C0 24 18 B3 B5
00003570  00 00 E0 B1 DC E7 B3 B5 14 D2 CC C0 CC C0 14 D2
00003580  B3 B5 DC E7 E0 B1 00 00 B3 B5 24 18 CC C0 EC 2D
00003590  14 D2 34 3F DC E7 4D 4A 00 00 20 4E 24 18 4D 4A
000035A0  EC 2D 34 3F 34 3F EC 2D 4D 4A 24 18 20 4E 00 00
000035B0  4D 4A DC E7 34 3F 14 D2 EC 2D CC C0 24 18 B3 B5
000035C0  00 00 E0 B1 DC E7 B3 B5 14 D2 CC C0 CC C0 14 D2
000035D0  B3 B5 DC E7 E0 B1 00 00 B3 B5 24 18 CC C0 EC 2D
000035E0  14 D2 34 3F DC E7 4D 4A 00 00 20 4E 24 18 4D 4A
000035F0  EC 2D 34 3F 34 3F EC 2D 4D 4A 24 18 20 4E 00 00
00003600  4D 4A DC E7 34 3F 14 D2 EC 2D CC C0 24 18 B3 B5
00003610  00 00 E0 B1 DC E7 B3 B5 14 D2 CC C0 CC C0 14 D2
00003620  B3 B5 DC E7 E0 B1 00 00 B3 B5 24 18 CC C0 EC 2D
00003630  14 D2 34 3F DC E7 4D 4A 00 00 20 4E 24 18 4D 4A
00003640  EC 2D 34 3F 34 3F EC 2D 4D 4A 24 18 20 4E 00 00
00003650  4D 4A DC E7 34 3F 14 D2 EC 2D CC C0 24 18 B3 B5
00003660  00 00 E0 B1 DC E7 B3 B5 14 D2 CC C0 CC C0 14 D2
00003670  B3 B5 DC E7 E0 B1 00 00 B3 B5 24 18 CC C0 EC 2D
00003680  14 D2 34 3F DC E7 4D 4A 00 00 20 4E 24 18 4D 4A
00003690  EC 2D 34 3F 34 3F EC 2D 4D 4A 24 18 20 4E 00 00
000036A0  4D 4A DC E7 34 3F 14 D2 EC 2D CC C0 24 18 B3 B5
000036B0  00 00 E0 B1 DC E7 B3 B5 14 D2 CC C0 CC C0 14 D2
000036C0  B3 B5 DC E7 E0 B1 00 00 B3 B5 24 18 CC C0 EC 2D
000036D0  14 D2 34 3F DC E7 4D 4A 00 00 20 4E 24 18 4D 4A
000036E0  EC 2D 34 3F 34 3F EC 2D 4D 4A 24 18 20 4E 00 00
000036F0  4D 4A DC E7 34 3F 14 D2 EC 2D CC C0 24 18 B3 B5
00003700  00 00 E0 B1 DC E7 B3 B5 14 D2 CC C0 CC C0 14 D2
00003710  B3 B5 DC E7 E0 B1 00 00 B3 B5 24 18 CC C0 EC 2D
00003720  14 D2 34 3F DC E7 4D 4A 00 00 20 4E 24 18 4D 4A
00003730  EC 2D 34 3F 34 3F EC 2D 4D 4A 24 18 20 4E 00 00
00003740  4D 4A DC E7 34 3F 14 D2 EC 2D CC C0 24 18 B3 B5
00003750  00 00 E0 B1 DC E7 B3 B5 14 D2 CC C0 CC C0 14 D2
00003760  B3 B5 DC E7 E0 B1 00 00 B3 B5 24 18 CC C0 EC 2D
00003770  14 D2 34 3F DC E7 4D 4A 00 00 20 4E 24 18 4D 4A
00003780  EC 2D 34 3F 34 3F EC 2D 4D 4A 24 18 20 4E 00 00
00003790  4D 4A DC E7 34 3F 14 D2 EC 2D CC C0 24 18 B3 B5
000037A0  00 00 E0 B1 DC E7 B3 B5 14 D2 CC C0 CC C0 14 D2
000037B0  B3 B5 DC E7 E0 B1 00 00 B3 B5 24 18 CC C0 EC 2D
000037C0  14 D2 34 3F DC E7 4D 4A 00 00 20 4E 24 18 4D 4A
000037D0  EC 2D 34 3F 34 3F EC 2D 4D 4A 24 18 20 4E 00 00
000037E0  4D 4A DC E7 34 3F 14 D2 EC 2D CC C0 24 18 B3 B5
000037F0  00 00 E0 B1 DC E7 B3 B5 14 D2 CC C0 CC C0 14 D2
00003800  B3 B5 DC E7 E0 B1 00 00 B3 B5 24 18 CC C0 EC 2D
00003810  14 D2 34 3F DC E7 4D 4A 00 00 20 4E 24 18 4D 4A
00003820  EC 2D 34 3F 34 3F EC 2D 4D 4A 24 18 20 4E 00 00
00003830  4D 4A DC E7 34 3F 14 D2 EC 2D CC C0 24 18 B3 B5
00003840  00 00 E0 B1 DC E7 B3 B5 14 D2 CC C0 CC C0 14 D2
00003850  B3 B5 DC E7 E0 B1 00 00 B3 B5 24 18 CC C0 EC 2D
00003860  14 D2 34 3F DC E7 4D 4A 00 00 20 4E 24 18 4D 4A
00003870  EC 2D 34 3F 34 3F EC 2D 4D 4A 24 18 20 4E 00 00
00003880  4D 4A DC E7 34 3F 14 D2 EC 2D CC C0 24 18 B3 B5
00003890  00 00 E0 B1 DC E7 B3 B5 14 D2 CC C0 CC C0 14 D2
000038A0  B3 B5 DC E7 E0 B1 00 00 B3 B5 24 18 CC C0 EC 2D
000038B0  14 D2 34 3F DC E7 4D 4A 00 00 20 4E 24 18 4D 4A
000038C0  EC 2D 34 3F 34 3F EC 2D 4D 4A 24 18 20 4E 00 00
000038D0  4D 4A DC E7 34 3F 14 D2 EC 2D CC C0 24 18 B3 B5
000038E0  00 00 E0 B1 DC E7 B3 B5 14 D2 CC C0 CC C0 14 D2
000038F0  B3 B5 DC E7 E0 B1 00 00 B3 B5 24 18 CC C0 EC 2D
00003900  14 D2 34 3F DC E7 4D 4A 00 00 20 4E 24 18 4D 4A
00003910  EC 2D 34 3F 34 3F EC 2D 4D 4A 24 18 20 4E 00 00
00003920  4D 4A DC E7 34 3F 14 D2 EC 2D CC C0 24 18 B3 B5
00003930  00 00 E0 B1 DC E7 B3 B5 14 D2 CC C0 CC C0 14 D2
00003940  B3 B5 DC E7 E0 B1 00 00 B3 B5 24 18 CC C0 EC 2D
00003950  14 D2 34 3F DC E7 4D 4A 00 00 20 4E 24 18 4D 4A
00003960  EC 2D 34 3F 34 3F EC 2D 4D 4A 24 18 20 4E 00 00
00003970  4D 4A DC E7 34 3F 14 D2 EC 2D CC C0 24 18 B3 B5
00003980  00 00 E0 B1 DC E7 B3 B5 14 D2 CC C0 CC C0 14 D2
00003990  B3 B5 DC E7 E0 B1 00 00 B3 B5 24 18 CC C0 EC 2D
000039A0  14 D2 34 3F DC E7 4D 4A 00 00 20 4E 24 18 4D 4A
000039B0  EC 2D 34 3F 34 3F EC 2D 4D 4A 24 18 20 4E 00 00
000039C0  4D 4A DC E7 34 3F 14 D2 EC 2D CC C0 24 18 B3 B5
000039D0  00 00 E0 B1 DC E7 B3 B5 14 D2 CC C0 CC C0 14 D2
000039E0  B3 B5 DC E7 E0 B1 00 00 B3 B5 24 18 CC C0 EC 2D
000039F0  14 D2 34 3F DC E7 4D 4A 00 00 20 4E 24 18 4D 4A
00003A00  EC 2D 34 3F 34 3F EC 2D 4D 4A 24 18 20 4E 00 00
00003A10  4D 4A DC E7 34 3F 14 D2 EC 2D CC C0 24 18 B3 B5
00003A20  00 00 E0 B1 DC E7 B3 B5 14 D2 CC C0 CC C0 14 D2
00003A30  B3 B5 DC E7 E0 B1 00 00 B3 B5 24 18 CC C0 EC 2D
00003A40  14 D2 34 3F DC E7 4D 4A 00 00 20 4E 24 18 4D 4A
00003A50  EC 2D 34 3F 34 3F EC 2D 4D 4A 24 18 20 4E 00 00
00003A60  4D 4A DC E7 34 3F 14 D2 EC 2D CC C0 24 18 B3 B5
00003A70  00 00 E0 B1 DC E7 B3 B5 14 D2 CC C0 CC C0 14 D2
00003A80  B3 B5 DC E7 E0 B1 00 00 B3 B5 24 18 CC C0 EC 2D
00003A90  14 D2 34 3F DC E7 4D 4A 00 00 20 4E 24 18 4D 4A
00003AA0  EC 2D 34 3F 34 3F EC 2D 4D 4A 24 18 20 4E 00 00
00003AB0  4D 4A DC E7 34 3F 14 D2 EC 2D CC C0 24 18 B3 B5
00003AC0  00 00 E0 B1 DC E7 B3 B5 14 D2 CC C0 CC C0 14 D2
00003AD0  B3 B5 DC E7 E0 B1 00 00 B3 B5 24 18 CC C0 EC 2D
00003AE0  14 D2 34 3F DC E7 4D 4A 00 00 20 4E 24 18 4D 4A
00003AF0  EC 2D 34 3F 34 3F EC 2D 4D 4A 24 18 20 4E 00 00
00003B00  4D 4A DC E7 34 3F 14 D2 EC 2D CC C0 24 18 B3 B5
00003B10  00 00 E0 B1 DC E7 B3 B5 14 D2 CC C0 CC C0 14 D2
00003B20  B3 B5 DC E7 E0 B1 00 00 B3 B5 24 18 CC C0 EC 2D
00003B30  14 D2 34 3F DC E7 4D 4A 00 00 20 4E 24 18 4D 4A
00003B40  EC 2D 34 3F 34 3F EC 2D 4D 4A 24 18 20 4E 00 00
00003B50  4D 4A DC E7 34 3F 14 D2 EC 2D CC C0 24 18 B3 B5
00003B60  00 00 E0 B1 DC E7 B3 B5 14 D2 CC C0 CC C0 14 D2
00003B70  B3 B5 DC E7 E0 B1 00 00 B3 B5 24 18 CC C0 EC 2D
00003B80  14 D2 34 3F DC E7 4D 4A 00 00 20 4E 24 18 4D 4A
00003B90  EC 2D 34 3F 34 3F EC 2D 4D 4A 24 18 20 4E 00 00
00003BA0  4D 4A DC E7 34 3F 14 D2 EC 2D CC C0 24 18 B3 B5
00003BB0  00 00 E0 B1 DC E7 B3 B5 14 D2 CC C0 CC C0 14 D2
00003BC0  B3 B5 DC E7 E0 B1 00 00 B3 B5 24 18 CC C0 EC 2D
00003BD0  14 D2 34 3F DC E7 4D 4A 00 00 20 4E 24 18 4D 4A
00003BE0  EC 2D 34 3F 34 3F EC 2D 4D 4A 24 18 20 4E 00 00
00003BF0  4D 4A DC E7 34 3F 14 D2 EC 2D CC C0 24 18 B3 B5
00003C00  00 00 E0 B1 DC E7 B3 B5 14 D2 CC C0 CC C0 14 D2
00003C10  B3 B5 DC E7 E0 B1 00 00 B3 B5 24 18 CC C0 EC 2D
00003C20  14 D2 34 3F DC E7 4D 4A 00 00 20 4E 24 18 4D 4A
00003C30  EC 2D 34 3F 34 3F EC 2D 4D 4A 24 18 20 4E 00 00
00003C40  4D 4A DC E7 34 3F 14 D2 EC 2D CC C0 24 18 B3 B5
00003C50  00 00 E0 B1 DC E7 B3 B5 14 D2 CC C0 CC C0 14 D2
00003C60  B3 B5 DC E7 E0 B1 00 00 B3 B5 24 18 CC C0 EC 2D
00003C70  14 D2 34 3F DC E7 4D 4A 00 00 20 4E 24 18 4D 4A
00003C80  EC 2D 34 3F 34 3F EC 2D 4D 4A 24 18 20 4E 00 00
00003C90  4D 4A DC E7 34 3F 14 D2 EC 2D CC C0 24 18 B3 B5
00003CA0  00 00 E0 B1 DC E7 B3 B5 14 D2 CC C0 CC C0 14 D2
00003CB0  B3 B5 DC E7 E0 B1 00 00 B3 B5 24 18 CC C0 EC 2D
00003CC0  14 D2 34 3F DC E7 4D 4A 00 00 20 4E 24 18 4D 4A
00003CD0  EC 2D 34 3F 34 3F EC 2D 4D 4A 24 18 20 4E 00 00
00003CE0  4D 4A DC E7 34 3F 14 D2 EC 2D CC C0 24 18 B3 B5
00003CF0  00 00 E0 B1 DC E7 B3 B5 14 D2 CC C0 CC C0 14 D2
00003D00  B3 B5 DC E7 E0 B1 00 00 B3 B5 24 18 CC C0 EC 2D
00003D10  14 D2 34 3F DC E7 4D 4A 00 00 20 4E 24 18 4D 4A
00003D20  EC 2D 34 3F 34 3F EC 2D 4D 4A 24 18 20 4E 00 00
00003D30  4D 4A DC E7 34 3F 14 D2 EC 2D CC C0 24 18 B3 B5
00003D40  00 00 E0 B1 DC E7 B3 B5 14 D2 CC C0 CC C0 14 D2
00003D50  B3 B5 DC E7 E0 B1 00 00 B3 B5 24 18 CC C0 EC 2D
00003D60  14 D2 34 3F DC E7 4D 4A 00 00 20 4E 24 18 4D 4A
00003D70  EC 2D 34 3F 34 3F EC 2D 4D 4A 24 18 20 4E 00 00
00003D80  4D 4A DC E7 34 3F 14 D2 EC 2D CC C0 24 18 B3 B5
00003D90  00 00 E0 B1 DC E7 B3 B5 14 D2 CC C0 CC C0 14 D2
00003DA0  B3 B5 DC E7 E0 B1 00 00 B3 B5 24 18 CC C0 EC 2D
00003DB0  14 D2 34 3F DC E7 4D 4A 00 00 20 4E 24 18 4D 4A
00003DC0  EC 2D 34 3F 34 3F EC 2D 4D 4A 24 18 20 4E 00 00
00003DD0  4D 4A DC E7 34 3F 14 D2 EC 2D CC C0 24 18 B3 B5
00003DE0  00 00 E0 B1 DC E7 B3 B5 14 D2 CC C0 CC C0 14 D2
00003DF0  B3 B5 DC E7 E0 B1 00 00 B3 B5 24 18 CC C0 EC 2D
00003E00  14 D2 34 3F DC E7 4D 4A 00 00 20 4E 24 18 4D 4A
00003E10  EC 2D 34 3F 34 3F EC 2D 4D 4A 24 18 20 4E 00 00
00003E20  4D 4A DC E7 34 3F 14 D2 EC 2D CC C0 24 18 B3 B5
00003E30  00 00 E0 B1 DC E7 B3 B5 14 D2 CC C0 CC C0 14 D2
00003E40  B3 B5 DC E7 E0 B1 00 00 B3 B5 24 18 CC C0 EC 2D
00003E50  14 D2 34 3F DC E7 4D 4A 00 00 20 4E 24 18 4D 4A
00003E60  EC 2D 34 3F 34 3F EC 2D 4D 4A 24 18 20 4E 00 00
00003E70  4D 4A DC E7 34 3F 14 D2 EC 2D CC C0 24 18 B3 B5
00003E80  00 00 E0 B1 DC E7 B3 B5 14 D2 CC C0 CC C0 14 D2
00003E90  B3 B5 DC E7 E0 B1 00 00 B3 B5 24 18 CC C0 EC 2D
00003EA0  14 D2 34 3F DC E7 4D 4A 00 00 20 4E 24 18 4D 4A
00003EB0  EC 2D 34 3F 34 3F EC 2D 4D 4A 24 18 20 4E 00 00
00003EC0  4D 4A DC E7 34 3F 14 D2 EC 2D CC C0 24 18 B3 B5
00003ED0  00 00 E0 B1 DC E7 B3 B5 14 D2 CC C0 CC C0 14 D2
00003EE0  B3 B5 DC E7 E0 B1 00 00 B3 B5 24 18 CC C0 EC 2D
00003EF0  14 D2 34 3F DC E7 4D 4A 00 00 20 4E 24 18 4D 4A
00003F00  EC 2D 34 3F 34 3F EC 2D 4D 4A 24 18 20 4E 00 00
00003F10  4D 4A DC E7 34 3F 14 D2 EC 2D CC C0 24 18 B3 B5
00003F20  00 00 E0 B1 DC E7 B3 B5 14 D2 CC C0 CC C0 14 D2
00003F30  B3 B5 DC E7 E0 B1 00 00 B3 B5 24 18 CC C0 EC 2D
00003F40  14 D2 34 3F DC E7 4D 4A 00 00 20 4E 24 18 4D 4A
00003F50  EC 2D 34 3F 34 3F EC 2D 4D 4A 24 18 20 4E 00 00
00003F60  4D 4A DC E7 34 3F 14 D2 EC 2D CC C0 24 18 B3 B5
00003F70  00 00 E0 B1 DC E7 B3 B5 14 D2 CC C0 CC C0 14 D2
00003F80  B3 B5 DC E7 E0 B1 00 00 B3 B5 24 18 CC C0 EC 2D
00003F90  14 D2 34 3F DC E7 4D 4A 00 00 20 4E 24 18 4D 4A
00003FA0  EC 2D 34 3F 34 3F EC 2D 4D 4A 24 18 20 4E 00 00
00003FB0  4D 4A DC E7 34 3F 14 D2 EC 2D CC C0 24 18 B3 B5
00003FC0  00 00 E0 B1 DC E7 B3 B5 14 D2 CC C0 CC C0 14 D2
00003FD0  B3 B5 DC E7 E0 B1 00 00 B3 B5 24 18 CC C0 EC 2D
00003FE0  14 D2 34 3F DC E7 4D 4A 00 00 20 4E 24 18 4D 4A
00003FF0  EC 2D 34 3F 34 3F EC 2D 4D 4A 24 18 20 4E 00 00
00004000  4D 4A DC E7 34 3F 14 D2 EC 2D CC C0 24 18 B3 B5
00004010  00 00 E0 B1 DC E7 B3 B5 14 D2 CC C0 CC C0 14 D2
00004020  B3 B5 DC E7 E0 B1 00 00 B3 B5 24 18 CC C0 EC 2D
00004030  14 D2 34 3F DC E7 4D 4A 00 00 20 4E 24 18 4D 4A
00004040  EC 2D 34 3F 34 3F EC 2D 4D 4A 24 18 20 4E 00 00
00004050  4D 4A DC E7 34 3F 14 D2 EC 2D CC C0 24 18 B3 B5
00004060  00 00 E0 B1 DC E7 B3 B5 14 D2 CC C0 CC C0 14 D2
00004070  B3 B5 DC E7 E0 B1 00 00 B3 B5 24 18 CC C0 EC 2D
00004080  14 D2 34 3F DC E7 4D 4A 00 00 20 4E 24 18 4D 4A
00004090  EC 2D 34 3F 34 3F EC 2D 4D 4A 24 18 20 4E 00 00
000040A0  4D 4A DC E7 34 3F 14 D2 EC 2D CC C0 24 18 B3 B5
000040B0  00 00 E0 B1 DC E7 B3 B5 14 D2 CC C0 CC C0 14 D2
000040C0  B3 B5 DC E7 E0 B1 00 00 B3 B5 24 18 CC C0 EC 2D
000040D0  14 D2 34 3F DC E7 4D 4A 00 00 20 4E 24 18 4D 4A
000040E0  EC 2D 34 3F 34 3F EC 2D 4D 4A 24 18 20 4E 00 00
000040F0  4D 4A DC E7 34 3F 14 D2 EC 2D CC C0 24 18 B3 B5
00004100  00 00 E0 B1 DC E7 B3 B5 14 D2 CC C0 CC C0 14 D2
00004110  B3 B5 DC E7 E0 B1 00 00 B3 B5 24 18 CC C0 EC 2D
00004120  14 D2 34 3F DC E7 4D 4A 00 00 20 4E 24 18 4D 4A
00004130  EC 2D 34 3F 34 3F EC 2D 4D 4A 24 18 20 4E 00 00
00004140  4D 4A DC E7 34 3F 14 D2 EC 2D CC C0 24 18 B3 B5
00004150  00 00 E0 B1 DC E7 B3 B5 14 D2 CC C0 CC C0 14 D2
00004160  B3 B5 DC E7 E0 B1 00 00 B3 B5 24 18 CC C0 EC 2D
00004170  14 D2 34 3F DC E7 4D 4A 00 00 20 4E 24 18 4D 4A
00004180  EC 2D 34 3F 34 3F EC 2D 4D 4A 24 18 20 4E 00 00
00004190  4D 4A DC E7 34 3F 14 D2 EC 2D CC C0 24 18 B3 B5
000041A0  00 00 E0 B1 DC E7 B3 B5 14 D2 CC C0 CC C0 14 D2
000041B0  B3 B5 DC E7 E0 B1 00 00 B3 B5 24 18 CC C0 EC 2D
000041C0  14 D2 34 3F DC E7 4D 4A 00 00 20 4E 24 18 4D 4A
000041D0  EC 2D 34 3F 34 3F EC 2D 4D 4A 24 18 20 4E 00 00
000041E0  4D 4A DC E7 34 3F 14 D2 EC 2D CC C0 24 18 B3 B5
000041F0  00 00 E0 B1 DC E7 B3 B5 14 D2 CC C0 CC C0 14 D2
00004200  B3 B5 DC E7 E0 B1 00 00 B3 B5 24 18 CC C0 EC 2D
00004210  14 D2 34 3F DC E7 4D 4A 00 00 20 4E 24 18 4D 4A
00004220  EC 2D 34 3F 34 3F EC 2D 4D 4A 24 18 20 4E 00 00
00004230  4D 4A DC E7 34 3F 14 D2 EC 2D CC C0 24 18 B3 B5
00004240  00 00 E0 B1 DC E7 B3 B5 14 D2 CC C0 CC C0 14 D2
00004250  B3 B5 DC E7 E0 B1 00 00 B3 B5 24 18 CC C0 EC 2D
00004260  14 D2 34 3F DC E7 4D 4A 00 00 20 4E 24 18 4D 4A
00004270  EC 2D 34 3F 34 3F EC 2D 4D 4A 24 18 20 4E 00 00
00004280  4D 4A DC E7 34 3F 14 D2 EC 2D CC C0 24 18 B3 B5
00004290  00 00 E0 B1 DC E7 B3 B5 14 D2 CC C0 CC C0 14 D2
000042A0  B3 B5 DC E7 E0 B1 00 00 B3 B5 24 18 CC C0 EC 2D
000042B0  14 D2 34 3F DC E7 4D 4A 00 00 20 4E 24 18 4D 4A
000042C0  EC 2D 34 3F 34 3F EC 2D 4D 4A 24 18 20 4E 00 00
000042D0  4D 4A DC E7 34 3F 14 D2 EC 2D CC C0 24 18 B3 B5
000042E0  00 00 E0 B1 DC E7 B3 B5 14 D2 CC C0 CC C0 14 D2
000042F0  B3 B5 DC E7 E0 B1 00 00 B3 B5 24 18 CC C0 EC 2D
00004300  14 D2 34 3F DC E7 4D 4A 00 00 20 4E 24 18 4D 4A
00004310  EC 2D 34 3F 34 3F EC 2D 4D 4A 24 18 20 4E 00 00
00004320  4D 4A DC E7 34 3F 14 D2 EC 2D CC C0 24 18 B3 B5
00004330  00 00 E0 B1 DC E7 B3 B5 14 D2 CC C0 CC C0 14 D2
00004340  B3 B5 DC E7 E0 B1 00 00 B3 B5 24 18 CC C0 EC 2D
00004350  14 D2 34 3F DC E7 4D 4A 00 00 20 4E 24 18 4D 4A
00004360  EC 2D 34 3F 34 3F EC 2D 4D 4A 24 18 20 4E 00 00
00004370  4D 4A DC E7 34 3F 14 D2 EC 2D CC C0 24 18 B3 B5
00004380  00 00 E0 B1 DC E7 B3 B5 14 D2 CC C0 CC C0 14 D2
00004390  B3 B5 DC E7 E0 B1 00 00 B3 B5 24 18 CC C0 EC 2D
000043A0  14 D2 34 3F DC E7 4D 4A 00 00 20 4E 24 18 4D 4A
000043B0  EC 2D 34 3F 34 3F EC 2D 4D 4A 24 18 20 4E 00 00
000043C0  4D 4A DC E7 34 3F 14 D2 EC 2D CC C0 24 18 B3 B5
000043D0  00 00 E0 B1 DC E7 B3 B5 14 D2 CC C0 CC C0 14 D2
000043E0  B3 B5 DC E7 E0 B1 00 00 B3 B5 24 18 CC C0 EC 2D
000043F0  14 D2 34 3F DC E7 4D 4A 00 00 20 4E 24 18 4D 4A
00004400  EC 2D 34 3F 34 3F EC 2D 4D 4A 24 18 20 4E 00 00
00004410  4D 4A DC E7 34 3F 14 D2 EC 2D CC C0 24 18 B3 B5
00004420  00 00 E0 B1 DC E7 B3 B5 14 D2 CC C0 CC C0 14 D2
00004430  B3 B5 DC E7 E0 B1 00 00 B3 B5 24 18 CC C0 EC 2D
00004440  14 D2 34 3F DC E7 4D 4A 00 00 20 4E 24 18 4D 4A
00004450  EC 2D 34 3F 34 3F EC 2D 4D 4A 24 18 20 4E 00 00
00004460  4D 4A DC E7 34 3F 14 D2 EC 2D CC C0 24 18 B3 B5
00004470  00 00 E0 B1 DC E7 B3 B5 14 D2 CC C0 CC C0 14 D2
00004480  B3 B5 DC E7 E0 B1 00 00 B3 B5 24 18 CC C0 EC 2D
00004490  14 D2 34 3F DC E7 4D 4A 00 00 20 4E 24 18 4D 4A
000044A0  EC 2D 34 3F 34 3F EC 2D 4D 4A 24 18 20 4E 00 00
000044B0  4D 4A DC E7 34 3F 14 D2 EC 2D CC C0 24 18 B3 B5
000044C0  00 00 E0 B1 DC E7 B3 B5 14 D2 CC C0 CC C0 14 D2
000044D0  B3 B5 DC E7 E0 B1 00 00 B3 B5 24 18 CC C0 EC 2D
000044E0  14 D2 34 3F DC E7 4D 4A 00 00 20 4E 24 18 4D 4A
000044F0  EC 2D 34 3F 34 3F EC 2D 4D 4A 24 18 20 4E 00 00
00004500  4D 4A DC E7 34 3F 14 D2 EC 2D CC C0 24 18 B3 B5
00004510  00 00 E0 B1 DC E7 B3 B5 14 D2 CC C0 CC C0 14 D2
00004520  B3 B5 DC E7 E0 B1 00 00 B3 B5 24 18 CC C0 EC 2D
00004530  14 D2 34 3F DC E7 4D 4A 00 00 20 4E 24 18 4D 4A
00004540  EC 2D 34 3F 34 3F EC 2D 4D 4A 24 18 20 4E 00 00
00004550  4D 4A DC E7 34 3F 14 D2 EC 2D CC C0 24 18 B3 B5
00004560  00 00 E0 B1 DC E7 B3 B5 14 D2 CC C0 CC C0 14 D2
00004570  B3 B5 DC E7 E0 B1 00 00 B3 B5 24 18 CC C0 EC 2D
00004580  14 D2 34 3F DC E7 4D 4A 00 00 20 4E 24 18 4D 4A
00004590  EC 2D 34 3F 34 3F EC 2D 4D 4A 24 18 20 4E 00 00
000045A0  4D 4A DC E7 34 3F 14 D2 EC 2D CC C0 24 18 B3 B5
000045B0  00 00 E0 B1 DC E7 B3 B5 14 D2 CC C0 CC C0 14 D2
000045C0  B3 B5 DC E7 E0 B1 00 00 B3 B5 24 18 CC C0 EC 2D
000045D0  14 D2 34 3F DC E7 4D 4A 00 00 20 4E 24 18 4D 4A
000045E0  EC 2D 34 3F 34 3F EC 2D 4D 4A 24 18 20 4E 00 00
000045F0  4D 4A DC E7 34 3F 14 D2 EC 2D CC C0 24 18 B3 B5
00004600  00 00 E0 B1 DC E7 B3 B5 14 D2 CC C0 CC C0 14 D2
00004610  B3 B5 DC E7 E0 B1 00 00 B3 B5 24 18 CC C0 EC 2D
00004620  14 D2 34 3F DC E7 4D 4A 00 00 20 4E 24 18 4D 4A
00004630  EC 2D 34 3F 34 3F EC 2D 4D 4A 24 18 20 4E 00 00
00004640  4D 4A DC E7 34 3F 14 D2 EC 2D CC C0 24 18 B3 B5
00004650  00 00 E0 B1 DC E7 B3 B5 14 D2 CC C0 CC C0 14 D2
00004660  B3 B5 DC E7 E0 B1 00 00 B3 B5 24 18 CC C0 EC 2D
00004670  14 D2 34 3F DC E7 4D 4A 00 00 20 4E 24 18 4D 4A
00004680  EC 2D 34 3F 34 3F EC 2D 4D 4A 24 18 20 4E 00 00
00004690  4D 4A DC E7 34 3F 14 D2 EC 2D CC C0 24 18 B3 B5
000046A0  00 00 E0 B1 DC E7 B3 B5 14 D2 CC C0 CC C0 14 D2
000046B0  B3 B5 DC E7 E0 B1 00 00 B3 B5 24 18 CC C0 EC 2D
000046C0  14 D2 34 3F DC E7 4D 4A 00 00 20 4E 24 18 4D 4A
000046D0  EC 2D 34 3F 34 3F EC 2D 4D 4A 24 18 20 4E 00 00
000046E0  4D 4A DC E7 34 3F 14 D2 EC 2D CC C0 24 18 B3 B5
000046F0  00 00 E0 B1 DC E7 B3 B5 14 D2 CC C0 CC C0 14 D2
00004700  B3 B5 DC E7 E0 B1 00 00 B3 B5 24 18 CC C0 EC 2D
00004710  14 D2 34 3F DC E7 4D 4A 00 00 20 4E 24 18 4D 4A
00004720  EC 2D 34 3F 34 3F EC 2D 4D 4A 24 18 20 4E 00 00
00004730  4D 4A DC E7 34 3F 14 D2 EC 2D CC C0 24 18 B3 B5
00004740  00 00 E0 B1 DC E7 B3 B5 14 D2 CC C0 CC C0 14 D2
00004750  B3 B5 DC E7 E0 B1 00 00 B3 B5 24 18 CC C0 EC 2D
00004760  14 D2 34 3F DC E7 4D 4A 00 00 20 4E 24 18 4D 4A
00004770  EC 2D 34 3F 34 3F EC 2D 4D 4A 24 18 20 4E 00 00
00004780  4D 4A DC E7 34 3F 14 D2 EC 2D CC C0 24 18 B3 B5
00004790  00 00 E0 B1 DC E7 B3 B5 14 D2 CC C0 CC C0 14 D2
000047A0  B3 B5 DC E7 E0 B1 00 00 B3 B5 24 18 CC C0 EC 2D
000047B0  14 D2 34 3F DC E7 4D 4A 00 00 20 4E 24 18 4D 4A
000047C0  EC 2D 34 3F 34 3F EC 2D 4D 4A 24 18 20 4E 00 00
000047D0  4D 4A DC E7 34 3F 14 D2 EC 2D CC C0 24 18 B3 B5
000047E0  00 00 E0 B1 DC E7 B3 B5 14 D2 CC C0 CC C0 14 D2
000047F0  B3 B5 DC E7 E0 B1 00 00 B3 B5 24 18 CC C0 EC 2D
00004800  14 D2 34 3F DC E7 4D 4A 00 00 20 4E 24 18 4D 4A
00004810  EC 2D 34 3F 34 3F EC 2D 4D 4A 24 18 20 4E 00 00
00004820  4D 4A DC E7 34 3F 14 D2 EC 2D CC C0 24 18 B3 B5
00004830  00 00 E0 B1 DC E7 B3 B5 14 D2 CC C0 CC C0 14 D2
00004840  B3 B5 DC E7 E0 B1 00 00 B3 B5 24 18 CC C0 EC 2D
00004850  14 D2 34 3F DC E7 4D 4A 00 00 20 4E 24 18 4D 4A
00004860  EC 2D 34 3F 34 3F EC 2D 4D 4A 24 18 20 4E 00 00
00004870  4D 4A DC E7 34 3F 14 D2 EC 2D CC C0 24 18 B3 B5
00004880  00 00 E0 B1 DC E7 B3 B5 14 D2 CC C0 CC C0 14 D2
00004890  B3 B5 DC E7 E0 B1 00 00 B3 B5 24 18 CC C0 EC 2D
000048A0  14 D2 34 3F DC E7 4D 4A 00 00 20 4E 24 18 4D 4A
000048B0  EC 2D 34 3F 34 3F EC 2D 4D 4A 24 18 20 4E 00 00
000048C0  4D 4A DC E7 34 3F 14 D2 EC 2D CC C0 24 18 B3 B5
000048D0  00 00 E0 B1 DC E7 B3 B5 14 D2 CC C0 CC C0 14 D2
000048E0  B3 B5 DC E7 E0 B1 00 00 B3 B5 24 18 CC C0 EC 2D
000048F0  14 D2 34 3F DC E7 4D 4A 00 00 20 4E 24 18 4D 4A
00004900  EC 2D 34 3F 34 3F EC 2D 4D 4A 24 18 20 4E 00 00
00004910  4D 4A DC E7 34 3F 14 D2 EC 2D CC C0 24 18 B3 B5
00004920  00 00 E0 B1 DC E7 B3 B5 14 D2 CC C0 CC C0 14 D2
00004930  B3 B5 DC E7 E0 B1 00 00 B3 B5 24 18 CC C0 EC 2D
00004940  14 D2 34 3F DC E7 4D 4A 00 00 20 4E 24 18 4D 4A
00004950  EC 2D 34 3F 34 3F EC 2D 4D 4A 24 18 20 4E 00 00
00004960  4D 4A DC E7 34 3F 14 D2 EC 2D CC C0 24 18 B3 B5
00004970  00 00 E0 B1 DC E7 B3 B5 14 D2 CC C0 CC C0 14 D2
00004980  B3 B5 DC E7 E0 B1 00 00 B3 B5 24 18 CC C0 EC 2D
00004990  14 D2 34 3F DC E7 4D 4A 00 00 20 4E 24 18 4D 4A
000049A0  EC 2D 34 3F 34 3F EC 2D 4D 4A 24 18 20 4E 00 00
000049B0  4D 4A DC E7 34 3F 14 D2 EC 2D CC C0 24 18 B3 B5
000049C0  00 00 E0 B1 DC E7 B3 B5 14 D2 CC C0 CC C0 14 D2
000049D0  B3 B5 DC E7 E0 B1 00 00 B3 B5 24 18 CC C0 EC 2D
000049E0  14 D2 34 3F DC E7 4D 4A 00 00 20 4E 24 18 4D 4A
000049F0  EC 2D 34 3F 34 3F EC 2D 4D 4A 24 18 20 4E 00 00
00004A00  4D 4A DC E7 34 3F 14 D2 EC 2D CC C0 24 18 B3 B5
00004A10  00 00 E0 B1 DC E7 B3 B5 14 D2 CC C0 CC C0 14 D2
00004A20  B3 B5 DC E7 E0 B1 00 00 B3 B5 24 18 CC C0 EC 2D
00004A30  14 D2 34 3F DC E7 4D 4A 00 00 20 4E 24 18 4D 4A
00004A40  EC 2D 34 3F 34 3F EC 2D 4D 4A 24 18 20 4E 00 00
00004A50  4D 4A DC E7 34 3F 14 D2 EC 2D CC C0 24 18 B3 B5
00004A60  00 00 E0 B1 DC E7 B3 B5 14 D2 CC C0 CC C0 14 D2
00004A70  B3 B5 DC E7 E0 B1 00 00 B3 B5 24 18 CC C0 EC 2D
00004A80  14 D2 34 3F DC E7 4D 4A 00 00 20 4E 24 18 4D 4A
00004A90  EC 2D 34 3F 34 3F EC 2D 4D 4A 24 18 20 4E 00 00
00004AA0  4D 4A DC E7 34 3F 14 D2 EC 2D CC C0 24 18 B3 B5
00004AB0  00 00 E0 B1 DC E7 B3 B5 14 D2 CC C0 CC C0 14 D2
00004AC0  B3 B5 DC E7 E0 B1 00 00 B3 B5 24 18 CC C0 EC 2D
00004AD0  14 D2 34 3F DC E7 4D 4A 00 00 20 4E 24 18 4D 4A
00004AE0  EC 2D 34 3F 34 3F EC 2D 4D 4A 24 18 20 4E 00 00
00004AF0  4D 4A DC E7 34 3F 14 D2 EC 2D CC C0 24 18 B3 B5
00004B00  00 00 E0 B1 DC E7 B3 B5 14 D2 CC C0 CC C0 14 D2
00004B10  B3 B5 DC E7 E0 B1 00 00 B3 B5 24 18 CC C0 EC 2D
00004B20  14 D2 34 3F DC E7 4D 4A 00 00 20 4E 24 18 4D 4A
00004B30  EC 2D 34 3F 34 3F EC 2D 4D 4A 24 18 20 4E 00 00
00004B40  4D 4A DC E7 34 3F 14 D2 EC 2D CC C0 24 18 B3 B5
00004B50  00 00 E0 B1 DC E7 B3 B5 14 D2 CC C0 CC C0 14 D2
00004B60  B3 B5 DC E7 E0 B1 00 00 B3 B5 24 18 CC C0 EC 2D
00004B70  14 D2 34 3F DC E7 4D 4A 00 00 20 4E 24 18 4D 4A
00004B80  EC 2D 34 3F 34 3F EC 2D 4D 4A 24 18 20 4E 00 00
00004B90  4D 4A DC E7 34 3F 14 D2 EC 2D CC C0 24 18 B3 B5
00004BA0  00 00 E0 B1 DC E7 B3 B5 14 D2 CC C0 CC C0 14 D2
00004BB0  B3 B5 DC E7 E0 B1 00 00 B3 B5 24 18 CC C0 EC 2D
00004BC0  14 D2 34 3F DC E7 4D 4A 00 00 20 4E 24 18 4D 4A
00004BD0  EC 2D 34 3F 34 3F EC 2D 4D 4A 24 18 20 4E 00 00
00004BE0  4D 4A DC E7 34 3F 14 D2 EC 2D CC C0 24 18 B3 B5
00004BF0  00 00 E0 B1 DC E7 B3 B5 14 D2 CC C0 CC C0 14 D2
00004C00  B3 B5 DC E7 E0 B1 00 00 B3 B5 24 18 CC C0 EC 2D
00004C10  14 D2 34 3F DC E7 4D 4A 00 00 20 4E 24 18 4D 4A
00004C20  EC 2D 34 3F 34 3F EC 2D 4D 4A 24 18 20 4E 00 00
00004C30  4D 4A DC E7 34 3F 14 D2 EC 2D CC C0 24 18 B3 B5
00004C40  00 00 E0 B1 DC E7 B3 B5 14 D2 CC C0 CC C0 14 D2
00004C50  B3 B5 DC E7 E0 B1 00 00 B3 B5 24 18 CC C0 EC 2D
00004C60  14 D2 34 3F DC E7 4D 4A 00 00 20 4E 24 18 4D 4A
00004C70  EC 2D 34 3F 34 3F EC 2D 4D 4A 24 18 20 4E 00 00
00004C80  4D 4A DC E7 34 3F 14 D2 EC 2D CC C0 24 18 B3 B5
00004C90  00 00 E0 B1 DC E7 B3 B5 14 D2 CC C0 CC C0 14 D2
00004CA0  B3 B5 DC E7 E0 B1 00 00 B3 B5 24 18 CC C0 EC 2D
00004CB0  14 D2 34 3F DC E7 4D 4A 00 00 20 4E 24 18 4D 4A
00004CC0  EC 2D 34 3F 34 3F EC 2D 4D 4A 24 18 20 4E 00 00
00004CD0  4D 4A DC E7 34 3F 14 D2 EC 2D CC C0 24 18 B3 B5
00004CE0  00 00 E0 B1 DC E7 B3 B5 14 D2 CC C0 CC C0 14 D2
00004CF0  B3 B5 DC E7 E0 B1 00 00 B3 B5 24 18 CC C0 EC 2D
00004D00  14 D2 34 3F DC E7 4D 4A 00 00 20 4E 24 18 4D 4A
00004D10  EC 2D 34 3F 34 3F EC 2D 4D 4A 24 18 20 4E 00 00
00004D20  4D 4A DC E7 34 3F 14 D2 EC 2D CC C0 24 18 B3 B5
00004D30  00 00 E0 B1 DC E7 B3 B5 14 D2 CC C0 CC C0 14 D2
00004D40  B3 B5 DC E7 E0 B1 00 00 B3 B5 24 18 CC C0 EC 2D
00004D50  14 D2 34 3F DC E7 4D 4A 00 00 20 4E 24 18 4D 4A
00004D60  EC 2D 34 3F 34 3F EC 2D 4D 4A 24 18 20 4E 00 00
00004D70  4D 4A DC E7 34 3F 14 D2 EC 2D CC C0 24 18 B3 B5
00004D80  00 00 E0 B1 DC E7 B3 B5 14 D2 CC C0 CC C0 14 D2
00004D90  B3 B5 DC E7 E0 B1 00 00 B3 B5 24 18 CC C0 EC 2D
00004DA0  14 D2 34 3F DC E7 4D 4A 00 00 20 4E 24 18 4D 4A
00004DB0  EC 2D 34 3F 34 3F EC 2D 4D 4A 24 18 20 4E 00 00
00004DC0  4D 4A DC E7 34 3F 14 D2 EC 2D CC C0 24 18 B3 B5
00004DD0  00 00 E0 B1 DC E7 B3 B5 14 D2 CC C0 CC C0 14 D2
00004DE0  B3 B5 DC E7 E0 B1 00 00 B3 B5 24 18 CC C0 EC 2D
00004DF0  14 D2 34 3F DC E7 4D 4A 00 00 20 4E 24 18 4D 4A
00004E00  EC 2D 34 3F 34 3F EC 2D 4D 4A 24 18 20 4E 00 00
00004E10  4D 4A DC E7 34 3F 14 D2 EC 2D CC C0 24 18 B3 B5
00004E20  00 00 E0 B1 DC E7 B3 B5 14 D2 CC C0 CC C0 14 D2
00004E30  B3 B5 DC E7 E0 B1 00 00 B3 B5 24 18 CC C0 EC 2D
00004E40  14 D2 34 3F DC E7 4D 4A 00 00 20 4E 24 18 4D 4A
00004E50  EC 2D 34 3F 34 3F EC 2D 4D 4A 24 18 20 4E 00 00
00004E60  4D 4A DC E7 34 3F 14 D2 EC 2D CC C0 24 18 B3 B5
00004E70  00 00 E0 B1 DC E7 B3 B5 14 D2 CC C0 CC C0 14 D2
00004E80  B3 B5 DC E7 E0 B1 00 00 B3 B5 24 18 CC C0 EC 2D
00004E90  14 D2 34 3F DC E7 4D 4A 00 00 20 4E 24 18 4D 4A
00004EA0  EC 2D 34 3F 34 3F EC 2D 4D 4A 24 18 20 4E 00 00
00004EB0  4D 4A DC E7 34 3F 14 D2 EC 2D CC C0 24 18 B3 B5
00004EC0  00 00 E0 B1 DC E7 B3 B5 14 D2 CC C0 CC C0 14 D2
00004ED0  B3 B5 DC E7 E0 B1 00 00 B3 B5 24 18 CC C0 EC 2D
00004EE0  14 D2 34 3F DC E7 4D 4A 00 00 20 4E 24 18 4D 4A
00004EF0  EC 2D 34 3F 34 3F EC 2D 4D 4A 24 18 20 4E 00 00
00004F00  4D 4A DC E7 34 3F 14 D2 EC 2D CC C0 24 18 B3 B5
00004F10  00 00 E0 B1 DC E7 B3 B5 14 D2 CC C0 CC C0 14 D2
00004F20  B3 B5 DC E7 E0 B1 00 00 B3 B5 24 18 CC C0 EC 2D
00004F30  14 D2 34 3F DC E7 4D 4A 00 00 20 4E 24 18 4D 4A
00004F40  EC 2D 34 3F 34 3F EC 2D 4D 4A 24 18 20 4E 00 00
00004F50  4D 4A DC E7 34 3F 14 D2 EC 2D CC C0 24 18 B3 B5
00004F60  00 00 E0 B1 DC E7 B3 B5 14 D2 CC C0 CC C0 14 D2
00004F70  B3 B5 DC E7 E0 B1 00 00 B3 B5 24 18 CC C0 EC 2D
00004F80  14 D2 34 3F DC E7 4D 4A 00 00 20 4E 24 18 4D 4A
00004F90  EC 2D 34 3F 34 3F EC 2D 4D 4A 24 18 20 4E 00 00
00004FA0  4D 4A DC E7 34 3F 14 D2 EC 2D CC C0 24 18 B3 B5
00004FB0  00 00 E0 B1 DC E7 B3 B5 14 D2 CC C0 CC C0 14 D2
00004FC0  B3 B5 DC E7 E0 B1 00 00 B3 B5 24 18 CC C0 EC 2D
00004FD0  14 D2 34 3F DC E7 4D 4A 00 00 20 4E 24 18 4D 4A
00004FE0  EC 2D 34 3F 34 3F EC 2D 4D 4A 24 18 20 4E 00 00
00004FF0  4D 4A DC E7 34 3F 14 D2 EC 2D CC C0 24 18 B3 B5
00005000  00 00 E0 B1 DC E7 B3 B5 14 D2 CC C0 CC C0 14 D2
00005010  B3 B5 DC E7 E0 B1 00 00 B3 B5 24 18 CC C0 EC 2D
00005020  14 D2 34 3F DC E7 4D 4A 00 00 20 4E 24 18 4D 4A
00005030  EC 2D 34 3F 34 3F EC 2D 4D 4A 24 18 20 4E 00 00
00005040  4D 4A DC E7 34 3F 14 D2 EC 2D CC C0 24 18 B3 B5
00005050  00 00 E0 B1 DC E7 B3 B5 14 D2 CC C0 CC C0 14 D2
00005060  B3 B5 DC E7 E0 B1 00 00 B3 B5 24 18 CC C0 EC 2D
00005070  14 D2 34 3F DC E7 4D 4A 00 00 20 4E 24 18 4D 4A
00005080  EC 2D 34 3F 34 3F EC 2D 4D 4A 24 18 20 4E 00 00
00005090  4D 4A DC E7 34 3F 14 D2 EC 2D CC C0 24 18 B3 B5
000050A0  00 00 E0 B1 DC E7 B3 B5 14 D2 CC C0 CC C0 14 D2
000050B0  B3 B5 DC E7 E0 B1 00 00 B3 B5 24 18 CC C0 EC 2D
000050C0  14 D2 34 3F DC E7 4D 4A 00 00 20 4E 24 18 4D 4A
000050D0  EC 2D 34 3F 34 3F EC 2D 4D 4A 24 18 20 4E 00 00
000050E0  4D 4A DC E7 34 3F 14 D2 EC 2D CC C0 24 18 B3 B5
000050F0  00 00 E0 B1 DC E7 B3 B5 14 D2 CC C0 CC C0 14 D2
00005100  B3 B5 DC E7 E0 B1 00 00 B3 B5 24 18 CC C0 EC 2D
00005110  14 D2 34 3F DC E7 4D 4A 00 00 20 4E 24 18 4D 4A
00005120  EC 2D 34 3F 34 3F EC 2D 4D 4A 24 18 20 4E 00 00
00005130  4D 4A DC E7 34 3F 14 D2 EC 2D CC C0 24 18 B3 B5
00005140  00 00 E0 B1 DC E7 B3 B5 14 D2 CC C0 CC C0 14 D2
00005150  B3 B5 DC E7 E0 B1 00 00 B3 B5 24 18 CC C0 EC 2D
00005160  14 D2 34 3F DC E7 4D 4A 00 00 20 4E 24 18 4D 4A
00005170  EC 2D 34 3F 34 3F EC 2D 4D 4A 24 18 20 4E 00 00
00005180  4D 4A DC E7 34 3F 14 D2 EC 2D CC C0 24 18 B3 B5
00005190  00 00 E0 B1 DC E7 B3 B5 14 D2 CC C0 CC C0 14 D2
000051A0  B3 B5 DC E7 E0 B1 00 00 B3 B5 24 18 CC C0 EC 2D
000051B0  14 D2 34 3F DC E7 4D 4A 00 00 20 4E 24 18 4D 4A
000051C0  EC 2D 34 3F 34 3F EC 2D 4D 4A 24 18 20 4E 00 00
000051D0  4D 4A DC E7 34 3F 14 D2 EC 2D CC C0 24 18 B3 B5
000051E0  00 00 E0 B1 DC E7 B3 B5 14 D2 CC C0 CC C0 14 D2
000051F0  B3 B5 DC E7 E0 B1 00 00 B3 B5 24 18 CC C0 EC 2D
00005200  14 D2 34 3F DC E7 4D 4A 00 00 20 4E 24 18 4D 4A
00005210  EC 2D 34 3F 34 3F EC 2D 4D 4A 24 18 20 4E 00 00
00005220  4D 4A DC E7 34 3F 14 D2 EC 2D CC C0 24 18 B3 B5
00005230  00 00 E0 B1 DC E7 B3 B5 14 D2 CC C0 CC C0 14 D2
00005240  B3 B5 DC E7 E0 B1 00 00 B3 B5 24 18 CC C0 EC 2D
00005250  14 D2 34 3F DC E7 4D 4A 00 00 20 4E 24 18 4D 4A
00005260  EC 2D 34 3F 34 3F EC 2D 4D 4A 24 18 20 4E 00 00
00005270  4D 4A DC E7 34 3F 14 D2 EC 2D CC C0 24 18 B3 B5
00005280  00 00 E0 B1 DC E7 B3 B5 14 D2 CC C0 CC C0 14 D2
00005290  B3 B5 DC E7 E0 B1 00 00 B3 B5 24 18 CC C0 EC 2D
000052A0  14 D2 34 3F DC E7 4D 4A 00 00 20 4E 24 18 4D 4A
000052B0  EC 2D 34 3F 34 3F EC 2D 4D 4A 24 18 20 4E 00 00
000052C0  4D 4A DC E7 34 3F 14 D2 EC 2D CC C0 24 18 B3 B5
000052D0  00 00 E0 B1 DC E7 B3 B5 14 D2 CC C0 CC C0 14 D2
000052E0  B3 B5 DC E7 E0 B1 00 00 B3 B5 24 18 CC C0 EC 2D
000052F0  14 D2 34 3F DC E7 4D 4A 00 00 20 4E 24 18 4D 4A
00005300  EC 2D 34 3F 34 3F EC 2D 4D 4A 24 18 20 4E 00 00
00005310  4D 4A DC E7 34 3F 14 D2 EC 2D CC C0 24 18 B3 B5
00005320  00 00 E0 B1 DC E7 B3 B5 14 D2 CC C0 CC C0 14 D2
00005330  B3 B5 DC E7 E0 B1 00 00 B3 B5 24 18 CC C0 EC 2D
00005340  14 D2 34 3F DC E7 4D 4A 00 00 20 4E 24 18 4D 4A
00005350  EC 2D 34 3F 34 3F EC 2D 4D 4A 24 18 20 4E 00 00
00005360  4D 4A DC E7 34 3F 14 D2 EC 2D CC C0 24 18 B3 B5
00005370  00 00 E0 B1 DC E7 B3 B5 14 D2 CC C0 CC C0 14 D2
00005380  B3 B5 DC E7 E0 B1 00 00 B3 B5 24 18 CC C0 EC 2D
00005390  14 D2 34 3F DC E7 4D 4A 00 00 20 4E 24 18 4D 4A
000053A0  EC 2D 34 3F 34 3F EC 2D 4D 4A 24 18 20 4E 00 00
000053B0  4D 4A DC E7 34 3F 14 D2 EC 2D CC C0 24 18 B3 B5
000053C0  00 00 E0 B1 DC E7 B3 B5 14 D2 CC C0 CC C0 14 D2
000053D0  B3 B5 DC E7 E0 B1 00 00 B3 B5 24 18 CC C0 EC 2D
000053E0  14 D2 34 3F DC E7 4D 4A 00 00 20 4E 24 18 4D 4A
000053F0  EC 2D 34 3F 34 3F EC 2D 4D 4A 24 18 20 4E 00 00
00005400  4D 4A DC E7 34 3F 14 D2 EC 2D CC C0 24 18 B3 B5
00005410  00 00 E0 B1 DC E7 B3 B5 14 D2 CC C0 CC C0 14 D2
00005420  B3 B5 DC E7 E0 B1 00 00 B3 B5 24 18 CC C0 EC 2D
00005430  14 D2 34 3F DC E7 4D 4A 00 00 20 4E 24 18 4D 4A
00005440  EC 2D 34 3F 34 3F EC 2D 4D 4A 24 18 20 4E 00 00
00005450  4D 4A DC E7 34 3F 14 D2 EC 2D CC C0 24 18 B3 B5
00005460  00 00 E0 B1 DC E7 B3 B5 14 D2 CC C0 CC C0 14 D2
00005470  B3 B5 DC E7 E0 B1 00 00 B3 B5 24 18 CC C0 EC 2D
00005480  14 D2 34 3F DC E7 4D 4A 00 00 20 4E 24 18 4D 4A
00005490  EC 2D 34 3F 34 3F EC 2D 4D 4A 24 18 20 4E 00 00
000054A0  4D 4A DC E7 34 3F 14 D2 EC 2D CC C0 24 18 B3 B5
000054B0  00 00 E0 B1 DC E7 B3 B5 14 D2 CC C0 CC C0 14 D2
000054C0  B3 B5 DC E7 E0 B1 00 00 B3 B5 24 18 CC C0 EC 2D
000054D0  14 D2 34 3F DC E7 4D 4A 00 00 20 4E 24 18 4D 4A
000054E0  EC 2D 34 3F 34 3F EC 2D 4D 4A 24 18 20 4E 00 00
000054F0  4D 4A DC E7 34 3F 14 D2 EC 2D CC C0 24 18 B3 B5
00005500  00 00 E0 B1 DC E7 B3 B5 14 D2 CC C0 CC C0 14 D2
00005510  B3 B5 DC E7 E0 B1 00 00 B3 B5 24 18 CC C0 EC 2D
00005520  14 D2 34 3F DC E7 4D 4A 00 00 20 4E 24 18 4D 4A
00005530  EC 2D 34 3F 34 3F EC 2D 4D 4A 24 18 20 4E 00 00
00005540  4D 4A DC E7 34 3F 14 D2 EC 2D CC C0 24 18 B3 B5
00005550  00 00 E0 B1 DC E7 B3 B5 14 D2 CC C0 CC C0 14 D2
00005560  B3 B5 DC E7 E0 B1 00 00 B3 B5 24 18 CC C0 EC 2D
00005570  14 D2 34 3F DC E7 4D 4A 00 00 20 4E 24 18 4D 4A
00005580  EC 2D 34 3F 34 3F EC 2D 4D 4A 24 18 20 4E 00 00
00005590  4D 4A DC E7 34 3F 14 D2 EC 2D CC C0 24 18 B3 B5
000055A0  00 00 E0 B1 DC E7 B3 B5 14 D2 CC C0 CC C0 14 D2
000055B0  B3 B5 DC E7 E0 B1 00 00 B3 B5 24 18 CC C0 EC 2D
000055C0  14 D2 34 3F DC E7 4D 4A 00 00 20 4E 24 18 4D 4A
000055D0  EC 2D 34 3F 34 3F EC 2D 4D 4A 24 18 20 4E 00 00
000055E0  4D 4A DC E7 34 3F 14 D2 EC 2D CC C0 24 18 B3 B5
000055F0  00 00 E0 B1 DC E7 B3 B5 14 D2 CC C0 CC C0 14 D2
00005600  B3 B5 DC E7 E0 B1 00 00 B3 B5 24 18 CC C0 EC 2D
00005610  14 D2 34 3F DC E7 4D 4A 00 00 20 4E 24 18 4D 4A
00005620  EC 2D 34 3F 34 3F EC 2D 4D 4A 24 18 20 4E 00 00
00005630  4D 4A DC E7 34 3F 14 D2 EC 2D CC C0 24 18 B3 B5
00005640  00 00 E0 B1 DC E7 B3 B5 14 D2 CC C0 CC C0 14 D2
00005650  B3 B5 DC E7 E0 B1 00 00 B3 B5 24 18 CC C0 EC 2D
00005660  14 D2 34 3F DC E7 4D 4A 00 00 20 4E 24 18 4D 4A
00005670  EC 2D 34 3F 34 3F EC 2D 4D 4A 24 18 20 4E 00 00
00005680  4D 4A DC E7 34 3F 14 D2 EC 2D CC C0 24 18 B3 B5
00005690  00 00 E0 B1 DC E7 B3 B5 14 D2 CC C0 CC C0 14 D2
000056A0  B3 B5 DC E7 E0 B1 00 00 B3 B5 24 18 CC C0 EC 2D
000056B0  14 D2 34 3F DC E7 4D 4A 00 00 20 4E 24 18 4D 4A
000056C0  EC 2D 34 3F 34 3F EC 2D 4D 4A 24 18 20 4E 00 00
000056D0  4D 4A DC E7 34 3F 14 D2 EC 2D CC C0 24 18 B3 B5
000056E0  00 00 E0 B1 DC E7 B3 B5 14 D2 CC C0 CC C0 14 D2
000056F0  B3 B5 DC E7 E0 B1 00 00 B3 B5 24 18 CC C0 EC 2D
00005700  14 D2 34 3F DC E7 4D 4A 00 00 20 4E 24 18 4D 4A
00005710  EC 2D 34 3F 34 3F EC 2D 4D 4A 24 18 20 4E 00 00
00005720  4D 4A DC E7 34 3F 14 D2 EC 2D CC C0 24 18 B3 B5
00005730  00 00 E0 B1 DC E7 B3 B5 14 D2 CC C0 CC C0 14 D2
00005740  B3 B5 DC E7 E0 B1 00 00 B3 B5 24 18 CC C0 EC 2D
00005750  14 D2 34 3F DC E7 4D 4A 00 00 20 4E 24 18 4D 4A
00005760  EC 2D 34 3F 34 3F EC 2D 4D 4A 24 18 20 4E 00 00
00005770  4D 4A DC E7 34 3F 14 D2 EC 2D CC C0 24 18 B3 B5
00005780  00 00 E0 B1 DC E7 B3 B5 14 D2 CC C0 CC C0 14 D2
00005790  B3 B5 DC E7 E0 B1 00 00 B3 B5 24 18 CC C0 EC 2D
000057A0  14 D2 34 3F DC E7 4D 4A 00 00 20 4E 24 18 4D 4A
000057B0  EC 2D 34 3F 34 3F EC 2D 4D 4A 24 18 20 4E 00 00
000057C0  4D 4A DC E7 34 3F 14 D2 EC 2D CC C0 24 18 B3 B5
000057D0  00 00 E0 B1 DC E7 B3 B5 14 D2 CC C0 CC C0 14 D2
000057E0  B3 B5 DC E7 E0 B1 00 00 B3 B5 24 18 CC C0 EC 2D
000057F0  14 D2 34 3F DC E7 4D 4A 00 00 20 4E 24 18 4D 4A
00005800  EC 2D 34 3F 34 3F EC 2D 4D 4A 24 18 20 4E 00 00
00005810  4D 4A DC E7 34 3F 14 D2 EC 2D CC C0 24 18 B3 B5
00005820  00 00 E0 B1 DC E7 B3 B5 14 D2 CC C0 CC C0 14 D2
00005830  B3 B5 DC E7 E0 B1 00 00 B3 B5 24 18 CC C0 EC 2D
00005840  14 D2 34 3F DC E7 4D 4A 00 00 20 4E 24 18 4D 4A
00005850  EC 2D 34 3F 34 3F EC 2D 4D 4A 24 18 20 4E 00 00
00005860  4D 4A DC E7 34 3F 14 D2 EC 2D CC C0 24 18 B3 B5
00005870  00 00 E0 B1 DC E7 B3 B5 14 D2 CC C0 CC C0 14 D2
00005880  B3 B5 DC E7 E0 B1 00 00 B3 B5 24 18 CC C0 EC 2D
00005890  14 D2 34 3F DC E7 4D 4A 00 00 20 4E 24 18 4D 4A
000058A0  EC 2D 34 3F 34 3F EC 2D 4D 4A 24 18 20 4E 00 00
000058B0  4D 4A DC E7 34 3F 14 D2 EC 2D CC C0 24 18 B3 B5
000058C0  00 00 E0 B1 DC E7 B3 B5 14 D2 CC C0 CC C0 14 D2
000058D0  B3 B5 DC E7 E0 B1 00 00 B3 B5 24 18 CC C0 EC 2D
000058E0  14 D2 34 3F DC E7 4D 4A 00 00 20 4E 24 18 4D 4A
000058F0  EC 2D 34 3F 34 3F EC 2D 4D 4A 24 18 20 4E 00 00
00005900  4D 4A DC E7 34 3F 14 D2 EC 2D CC C0 24 18 B3 B5
00005910  00 00 E0 B1 DC E7 B3 B5 14 D2 CC C0 CC C0 14 D2
00005920  B3 B5 DC E7 E0 B1 00 00 B3 B5 24 18 CC C0 EC 2D
00005930  14 D2 34 3F DC E7 4D 4A 00 00 20 4E 24 18 4D 4A
00005940  EC 2D 34 3F 34 3F EC 2D 4D 4A 24 18 20 4E 00 00
00005950  4D 4A DC E7 34 3F 14 D2 EC 2D CC C0 24 18 B3 B5
00005960  00 00 E0 B1 DC E7 B3 B5 14 D2 CC C0 CC C0 14 D2
00005970  B3 B5 DC E7 E0 B1 00 00 B3 B5 24 18 CC C0 EC 2D
00005980  14 D2 34 3F DC E7 4D 4A 00 00 20 4E 24 18 4D 4A
00005990  EC 2D 34 3F 34 3F EC 2D 4D 4A 24 18 20 4E 00 00
000059A0  4D 4A DC E7 34 3F 14 D2 EC 2D CC C0 24 18 B3 B5
000059B0  00 00 E0 B1 DC E7 B3 B5 14 D2 CC C0 CC C0 14 D2
000059C0  B3 B5 DC E7 E0 B1 00 00 B3 B5 24 18 CC C0 EC 2D
000059D0  14 D2 34 3F DC E7 4D 4A 00 00 20 4E 24 18 4D 4A
000059E0  EC 2D 34 3F 34 3F EC 2D 4D 4A 24 18 20 4E 00 00
000059F0  4D 4A DC E7 34 3F 14 D2 EC 2D CC C0 24 18 B3 B5
00005A00  00 00 E0 B1 DC E7 B3 B5 14 D2 CC C0 CC C0 14 D2
00005A10  B3 B5 DC E7 E0 B1 00 00 B3 B5 24 18 CC C0 EC 2D
00005A20  14 D2 34 3F DC E7 4D 4A 00 00 20 4E 24 18 4D 4A
00005A30  EC 2D 34 3F 34 3F EC 2D 4D 4A 24 18 20 4E 00 00
00005A40  4D 4A DC E7 34 3F 14 D2 EC 2D CC C0 24 18 B3 B5
00005A50  00 00 E0 B1 DC E7 B3 B5 14 D2 CC C0 CC C0 14 D2
00005A60  B3 B5 DC E7 E0 B1 00 00 B3 B5 24 18 CC C0 EC 2D
00005A70  14 D2 34 3F DC E7 4D 4A 00 00 20 4E 24 18 4D 4A
00005A80  EC 2D 34 3F 34 3F EC 2D 4D 4A 24 18 20 4E 00 00
00005A90  4D 4A DC E7 34 3F 14 D2 EC 2D CC C0 24 18 B3 B5
00005AA0  00 00 E0 B1 DC E7 B3 B5 14 D2 CC C0 CC C0 14 D2
00005AB0  B3 B5 DC E7 E0 B1 00 00 B3 B5 24 18 CC C0 EC 2D
00005AC0  14 D2 34 3F DC E7 4D 4A 00 00 20 4E 24 18 4D 4A
00005AD0  EC 2D 34 3F 34 3F EC 2D 4D 4A 24 18 20 4E 00 00
00005AE0  4D 4A DC E7 34 3F 14 D2 EC 2D CC C0 24 18 B3 B5
00005AF0  00 00 E0 B1 DC E7 B3 B5 14 D2 CC C0 CC C0 14 D2
00005B00  B3 B5 DC E7 E0 B1 00 00 B3 B5 24 18 CC C0 EC 2D
00005B10  14 D2 34 3F DC E7 4D 4A 00 00 20 4E 24 18 4D 4A
00005B20  EC 2D 34 3F 34 3F EC 2D 4D 4A 24 18 20 4E 00 00
00005B30  4D 4A DC E7 34 3F 14 D2 EC 2D CC C0 24 18 B3 B5
00005B40  00 00 E0 B1 DC E7 B3 B5 14 D2 CC C0 CC C0 14 D2
00005B50  B3 B5 DC E7 E0 B1 00 00 B3 B5 24 18 CC C0 EC 2D
00005B60  14 D2 34 3F DC E7 4D 4A 00 00 20 4E 24 18 4D 4A
00005B70  EC 2D 34 3F 34 3F EC 2D 4D 4A 24 18 20 4E 00 00
00005B80  4D 4A DC E7 34 3F 14 D2 EC 2D CC C0 24 18 B3 B5
00005B90  00 00 E0 B1 DC E7 B3 B5 14 D2 CC C0 CC C0 14 D2
00005BA0  B3 B5 DC E7 E0 B1 00 00 B3 B5 24 18 CC C0 EC 2D
00005BB0  14 D2 34 3F DC E7 4D 4A 00 00 20 4E 24 18 4D 4A
00005BC0  EC 2D 34 3F 34 3F EC 2D 4D 4A 24 18 20 4E 00 00
00005BD0  4D 4A DC E7 34 3F 14 D2 EC 2D CC C0 24 18 B3 B5
00005BE0  00 00 E0 B1 DC E7 B3 B5 14 D2 CC C0 CC C0 14 D2
00005BF0  B3 B5 DC E7 E0 B1 00 00 B3 B5 24 18 CC C0 EC 2D
00005C00  14 D2 34 3F DC E7 4D 4A 00 00 20 4E 24 18 4D 4A
00005C10  EC 2D 34 3F 34 3F EC 2D 4D 4A 24 18 20 4E 00 00
00005C20  4D 4A DC E7 34 3F 14 D2 EC 2D CC C0 24 18 B3 B5
00005C30  00 00 E0 B1 DC E7 B3 B5 14 D2 CC C0 CC C0 14 D2
00005C40  B3 B5 DC E7 E0 B1 00 00 B3 B5 24 18 CC C0 EC 2D
00005C50  14 D2 34 3F DC E7 4D 4A 00 00 20 4E 24 18 4D 4A
00005C60  EC 2D 34 3F 34 3F EC 2D 4D 4A 24 18 20 4E 00 00
00005C70  4D 4A DC E7 34 3F 14 D2 EC 2D CC C0 24 18 B3 B5
00005C80  00 00 E0 B1 DC E7 B3 B5 14 D2 CC C0 CC C0 14 D2
00005C90  B3 B5 DC E7 E0 B1 00 00 B3 B5 24 18 CC C0 EC 2D
00005CA0  14 D2 34 3F DC E7 4D 4A 00 00 20 4E 24 18 4D 4A
00005CB0  EC 2D 34 3F 34 3F EC 2D 4D 4A 24 18 20 4E 00 00
00005CC0  4D 4A DC E7 34 3F 14 D2 EC 2D CC C0 24 18 B3 B5
00005CD0  00 00 E0 B1 DC E7 B3 B5 14 D2 CC C0 CC C0 14 D2
00005CE0  B3 B5 DC E7 E0 B1 00 00 B3 B5 24 18 CC C0 EC 2D
00005CF0  14 D2 34 3F DC E7 4D 4A 00 00 20 4E 24 18 4D 4A
00005D00  EC 2D 34 3F 34 3F EC 2D 4D 4A 24 18 20 4E 00 00
00005D10  4D 4A DC E7 34 3F 14 D2 EC 2D CC C0 24 18 B3 B5
00005D20  00 00 E0 B1 DC E7 B3 B5 14 D2 CC C0 CC C0 14 D2
00005D30  B3 B5 DC E7 E0 B1 00 00 B3 B5 24 18 CC C0 EC 2D
00005D40  14 D2 34 3F DC E7 4D 4A 00 00 20 4E 24 18 4D 4A
00005D50  EC 2D 34 3F 34 3F EC 2D 4D 4A 24 18 20 4E 00 00
00005D60  4D 4A DC E7 34 3F 14 D2 EC 2D CC C0 24 18 B3 B5
00005D70  00 00 E0 B1 DC E7 B3 B5 14 D2 CC C0 CC C0 14 D2
00005D80  B3 B5 DC E7 E0 B1 00 00 B3 B5 24 18 CC C0 EC 2D
00005D90  14 D2 34 3F DC E7 4D 4A 00 00 20 4E 24 18 4D 4A
00005DA0  EC 2D 34 3F 34 3F EC 2D 4D 4A 24 18 20 4E 00 00
00005DB0  4D 4A DC E7 34 3F 14 D2 EC 2D CC C0 24 18 B3 B5
00005DC0  00 00 E0 B1 DC E7 B3 B5 14 D2 CC C0 CC C0 14 D2
00005DD0  B3 B5 DC E7 E0 B1 00 00 B3 B5 24 18 CC C0 EC 2D
00005DE0  14 D2 34 3F DC E7 4D 4A 00 00 20 4E 24 18 4D 4A
00005DF0  EC 2D 34 3F 34 3F EC 2D 4D 4A 24 18 20 4E 00 00
00005E00  4D 4A DC E7 34 3F 14 D2 EC 2D CC C0 24 18 B3 B5
00005E10  00 00 E0 B1 DC E7 B3 B5 14 D2 CC C0 CC C0 14 D2
00005E20  B3 B5 DC E7 E0 B1 00 00 B3 B5 24 18 CC C0 EC 2D
00005E30  14 D2 34 3F DC E7 4D 4A 00 00 20 4E 24 18 4D 4A
00005E40  EC 2D 34 3F 34 3F EC 2D 4D 4A 24 18 20 4E 00 00
00005E50  4D 4A DC E7 34 3F 14 D2 EC 2D CC C0 24 18 B3 B5
00005E60  00 00 E0 B1 DC E7 B3 B5 14 D2 CC C0 CC C0 14 D2
00005E70  B3 B5 DC E7 E0 B1 00 00 B3 B5 24 18 CC C0 EC 2D
00005E80  14 D2 34 3F DC E7 4D 4A 00 00 20 4E 24 18 4D 4A
00005E90  EC 2D 34 3F 34 3F EC 2D 4D 4A 24 18 20 4E 00 00
00005EA0  4D 4A DC E7 34 3F 14 D2 EC 2D CC C0 24 18 B3 B5
00005EB0  00 00 E0 B1 DC E7 B3 B5 14 D2 CC C0 CC C0 14 D2
00005EC0  B3 B5 DC E7 E0 B1 00 00 B3 B5 24 18 CC C0 EC 2D
00005ED0  14 D2 34 3F DC E7 4D 4A 00 00 20 4E 24 18 4D 4A
00005EE0  EC 2D 34 3F 34 3F EC 2D 4D 4A 24 18 20 4E 00 00
00005EF0  4D 4A DC E7 34 3F 14 D2 EC 2D CC C0 24 18 B3 B5
00005F00  00 00 E0 B1 DC E7 B3 B5 14 D2 CC C0 CC C0 14 D2
00005F10  B3 B5 DC E7 E0 B1 00 00 B3 B5 24 18 CC C0 EC 2D
00005F20  14 D2 34 3F DC E7 4D 4A 00 00 20 4E 24 18 4D 4A
00005F30  EC 2D 34 3F 34 3F EC 2D 4D 4A 24 18 20 4E 00 00
00005F40  4D 4A DC E7 34 3F 14 D2 EC 2D CC C0 24 18 B3 B5
00005F50  00 00 E0 B1 DC E7 B3 B5 14 D2 CC C0 CC C0 14 D2
00005F60  B3 B5 DC E7 E0 B1 00 00 B3 B5 24 18 CC C0 EC 2D
00005F70  14 D2 34 3F DC E7 4D 4A 00 00 20 4E 24 18 4D 4A
00005F80  EC 2D 34 3F 34 3F EC 2D 4D 4A 24 18 20 4E 00 00
00005F90  4D 4A DC E7 34 3F 14 D2 EC 2D CC C0 24 18 B3 B5
00005FA0  00 00 E0 B1 DC E7 B3 B5 14 D2 CC C0 CC C0 14 D2
00005FB0  B3 B5 DC E7 E0 B1 00 00 B3 B5 24 18 CC C0 EC 2D
00005FC0  14 D2 34 3F DC E7 4D 4A 00 00 20 4E 24 18 4D 4A
00005FD0  EC 2D 34 3F 34 3F EC 2D 4D 4A 24 18 20 4E 00 00
00005FE0  4D 4A DC E7 34 3F 14 D2 EC 2D CC C0 24 18 B3 B5
00005FF0  00 00 E0 B1 DC E7 B3 B5 14 D2 CC C0 CC C0 14 D2
00006000  B3 B5 DC E7 E0 B1 00 00 B3 B5 24 18 CC C0 EC 2D
00006010  14 D2 34 3F DC E7 4D 4A 00 00 20 4E 24 18 4D 4A
00006020  EC 2D 34 3F 34 3F EC 2D 4D 4A 24 18 20 4E 00 00
00006030  4D 4A DC E7 34 3F 14 D2 EC 2D CC C0 24 18 B3 B5
00006040  00 00 E0 B1 DC E7 B3 B5 14 D2 CC C0 CC C0 14 D2
00006050  B3 B5 DC E7 E0 B1 00 00 B3 B5 24 18 CC C0 EC 2D
00006060  14 D2 34 3F DC E7 4D 4A 00 00 20 4E 24 18 4D 4A
00006070  EC 2D 34 3F 34 3F EC 2D 4D 4A 24 18 20 4E 00 00
00006080  4D 4A DC E7 34 3F 14 D2 EC 2D CC C0 24 18 B3 B5
00006090  00 00 E0 B1 DC E7 B3 B5 14 D2 CC C0 CC C0 14 D2
000060A0  B3 B5 DC E7 E0 B1 00 00 B3 B5 24 18 CC C0 EC 2D
000060B0  14 D2 34 3F DC E7 4D 4A 00 00 20 4E 24 18 4D 4A
000060C0  EC 2D 34 3F 34 3F EC 2D 4D 4A 24 18 20 4E 00 00
000060D0  4D 4A DC E7 34 3F 14 D2 EC 2D CC C0 24 18 B3 B5
000060E0  00 00 E0 B1 DC E7 B3 B5 14 D2 CC C0 CC C0 14 D2
000060F0  B3 B5 DC E7 E0 B1 00 00 B3 B5 24 18 CC C0 EC 2D
00006100  14 D2 34 3F DC E7 4D 4A 00 00 20 4E 24 18 4D 4A
00006110  EC 2D 34 3F 34 3F EC 2D 4D 4A 24 18 20 4E 00 00
00006120  4D 4A DC E7 34 3F 14 D2 EC 2D CC C0 24 18 B3 B5
00006130  00 00 E0 B1 DC E7 B3 B5 14 D2 CC C0 CC C0 14 D2
00006140  B3 B5 DC E7 E0 B1 00 00 B3 B5 24 18 CC C0 EC 2D
00006150  14 D2 34 3F DC E7 4D 4A 00 00 20 4E 24 18 4D 4A
00006160  EC 2D 34 3F 34 3F EC 2D 4D 4A 24 18 20 4E 00 00
00006170  4D 4A DC E7 34 3F 14 D2 EC 2D CC C0 24 18 B3 B5
00006180  00 00 E0 B1 DC E7 B3 B5 14 D2 CC C0 CC C0 14 D2
00006190  B3 B5 DC E7 E0 B1 00 00 B3 B5 24 18 CC C0 EC 2D
000061A0  14 D2 34 3F DC E7 4D 4A 00 00 20 4E 24 18 4D 4A
000061B0  EC 2D 34 3F 34 3F EC 2D 4D 4A 24 18 20 4E 00 00
000061C0  4D 4A DC E7 34 3F 14 D2 EC 2D CC C0 24 18 B3 B5
000061D0  00 00 E0 B1 DC E7 B3 B5 14 D2 CC C0 CC C0 14 D2
000061E0  B3 B5 DC E7 E0 B1 00 00 B3 B5 24 18 CC C0 EC 2D
000061F0  14 D2 34 3F DC E7 4D 4A 00 00 20 4E 24 18 4D 4A
00006200  EC 2D 34 3F 34 3F EC 2D 4D 4A 24 18 20 4E 00 00
00006210  4D 4A DC E7 34 3F 14 D2 EC 2D CC C0 24 18 B3 B5
00006220  00 00 E0 B1 DC E7 B3 B5 14 D2 CC C0 CC C0 14 D2
00006230  B3 B5 DC E7 E0 B1 00 00 B3 B5 24 18 CC C0 EC 2D
00006240  14 D2 34 3F DC E7 4D 4A 00 00 20 4E 24 18 4D 4A
00006250  EC 2D 34 3F 34 3F EC 2D 4D 4A 24 18 20 4E 00 00
00006260  4D 4A DC E7 34 3F 14 D2 EC 2D CC C0 24 18 B3 B5
00006270  00 00 E0 B1 DC E7 B3 B5 14 D2 CC C0 CC C0 14 D2
00006280  B3 B5 DC E7 E0 B1 00 00 B3 B5 24 18 CC C0 EC 2D
00006290  14 D2 34 3F DC E7 4D 4A 00 00 20 4E 24 18 4D 4A
000062A0  EC 2D 34 3F 34 3F EC 2D 4D 4A 24 18 20 4E 00 00
000062B0  4D 4A DC E7 34 3F 14 D2 EC 2D CC C0 24 18 B3 B5
000062C0  00 00 E0 B1 DC E7 B3 B5 14 D2 CC C0 CC C0 14 D2
000062D0  B3 B5 DC E7 E0 B1 00 00 B3 B5 24 18 CC C0 EC 2D
000062E0  14 D2 34 3F DC E7 4D 4A 00 00 20 4E 24 18 4D 4A
000062F0  EC 2D 34 3F 34 3F EC 2D 4D 4A 24 18 20 4E 00 00
00006300  4D 4A DC E7 34 3F 14 D2 EC 2D CC C0 24 18 B3 B5
00006310  00 00 E0 B1 DC E7 B3 B5 14 D2 CC C0 CC C0 14 D2
00006320  B3 B5 DC E7 E0 B1 00 00 B3 B5 24 18 CC C0 EC 2D
00006330  14 D2 34 3F DC E7 4D 4A 00 00 20 4E 24 18 4D 4A
00006340  EC 2D 34 3F 34 3F EC 2D 4D 4A 24 18 20 4E 00 00
00006350  4D 4A DC E7 34 3F 14 D2 EC 2D CC C0 24 18 B3 B5
00006360  00 00 E0 B1 DC E7 B3 B5 14 D2 CC C0 CC C0 14 D2
00006370  B3 B5 DC E7 E0 B1 00 00 B3 B5 24 18 CC C0 EC 2D
00006380  14 D2 34 3F DC E7 4D 4A 00 00 20 4E 24 18 4D 4A
00006390  EC 2D 34 3F 34 3F EC 2D 4D 4A 24 18 20 4E 00 00
000063A0  4D 4A DC E7 34 3F 14 D2 EC 2D CC C0 24 18 B3 B5
000063B0  00 00 E0 B1 DC E7 B3 B5 14 D2 CC C0 CC C0 14 D2
000063C0  B3 B5 DC E7 E0 B1 00 00 B3 B5 24 18 CC C0 EC 2D
000063D0  14 D2 34 3F DC E7 4D 4A 00 00 20 4E 24 18 4D 4A
000063E0  EC 2D 34 3F 34 3F EC 2D 4D 4A 24 18 20 4E 00 00
000063F0  4D 4A DC E7 34 3F 14 D2 EC 2D CC C0 24 18 B3 B5
00006400  00 00 E0 B1 DC E7 B3 B5 14 D2 CC C0 CC C0 14 D2
00006410  B3 B5 DC E7 E0 B1 00 00 B3 B5 24 18 CC C0 EC 2D
00006420  14 D2 34 3F DC E7 4D 4A 00 00 20 4E 24 18 4D 4A
00006430  EC 2D 34 3F 34 3F EC 2D 4D 4A 24 18 20 4E 00 00
00006440  4D 4A DC E7 34 3F 14 D2 EC 2D CC C0 24 18 B3 B5
00006450  00 00 E0 B1 DC E7 B3 B5 14 D2 CC C0 CC C0 14 D2
00006460  B3 B5 DC E7 E0 B1 00 00 B3 B5 24 18 CC C0 EC 2D
00006470  14 D2 34 3F DC E7 4D 4A 00 00 20 4E 24 18 4D 4A
00006480  EC 2D 34 3F 34 3F EC 2D 4D 4A 24 18 20 4E 00 00
00006490  4D 4A DC E7 34 3F 14 D2 EC 2D CC C0 24 18 B3 B5
000064A0  00 00 E0 B1 DC E7 B3 B5 14 D2 CC C0 CC C0 14 D2
000064B0  B3 B5 DC E7 E0 B1 00 00 B3 B5 24 18 CC C0 EC 2D
000064C0  14 D2 34 3F DC E7 4D 4A 00 00 20 4E 24 18 4D 4A
000064D0  EC 2D 34 3F 34 3F EC 2D 4D 4A 24 18 20 4E 00 00
000064E0  4D 4A DC E7 34 3F 14 D2 EC 2D CC C0 24 18 B3 B5
000064F0  00 00 E0 B1 DC E7 B3 B5 14 D2 CC C0 CC C0 14 D2
00006500  B3 B5 DC E7 E0 B1 00 00 B3 B5 24 18 CC C0 EC 2D
00006510  14 D2 34 3F DC E7 4D 4A 00 00 20 4E 24 18 4D 4A
00006520  EC 2D 34 3F 34 3F EC 2D 4D 4A 24 18 20 4E 00 00
00006530  4D 4A DC E7 34 3F 14 D2 EC 2D CC C0 24 18 B3 B5
00006540  00 00 E0 B1 DC E7 B3 B5 14 D2 CC C0 CC C0 14 D2
00006550  B3 B5 DC E7 E0 B1 00 00 B3 B5 24 18 CC C0 EC 2D
00006560  14 D2 34 3F DC E7 4D 4A 00 00 20 4E 24 18 4D 4A
00006570  EC 2D 34 3F 34 3F EC 2D 4D 4A 24 18 20 4E 00 00
00006580  4D 4A DC E7 34 3F 14 D2 EC 2D CC C0 24 18 B3 B5
00006590  00 00 E0 B1 DC E7 B3 B5 14 D2 CC C0 CC C0 14 D2
000065A0  B3 B5 DC E7 E0 B1 00 00 B3 B5 24 18 CC C0 EC 2D
000065B0  14 D2 34 3F DC E7 4D 4A 00 00 20 4E 24 18 4D 4A
000065C0  EC 2D 34 3F 34 3F EC 2D 4D 4A 24 18 20 4E 00 00
000065D0  4D 4A DC E7 34 3F 14 D2 EC 2D CC C0 24 18 B3 B5
000065E0  00 00 E0 B1 DC E7 B3 B5 14 D2 CC C0 CC C0 14 D2
000065F0  B3 B5 DC E7 E0 B1 00 00 B3 B5 24 18 CC C0 EC 2D
00006600  14 D2 34 3F DC E7 4D 4A 00 00 20 4E 24 18 4D 4A
00006610  EC 2D 34 3F 34 3F EC 2D 4D 4A 24 18 20 4E 00 00
00006620  4D 4A DC E7 34 3F 14 D2 EC 2D CC C0 24 18 B3 B5
00006630  00 00 E0 B1 DC E7 B3 B5 14 D2 CC C0 CC C0 14 D2
00006640  B3 B5 DC E7 E0 B1 00 00 B3 B5 24 18 CC C0 EC 2D
00006650  14 D2 34 3F DC E7 4D 4A 00 00 20 4E 24 18 4D 4A
00006660  EC 2D 34 3F 34 3F EC 2D 4D 4A 24 18 20 4E 00 00
00006670  4D 4A DC E7 34 3F 14 D2 EC 2D CC C0 24 18 B3 B5
00006680  00 00 E0 B1 DC E7 B3 B5 14 D2 CC C0 CC C0 14 D2
00006690  B3 B5 DC E7 E0 B1 00 00 B3 B5 24 18 CC C0 EC 2D
000066A0  14 D2 34 3F DC E7 4D 4A 00 00 20 4E 24 18 4D 4A
000066B0  EC 2D 34 3F 34 3F EC 2D 4D 4A 24 18 20 4E 00 00
000066C0  4D 4A DC E7 34 3F 14 D2 EC 2D CC C0 24 18 B3 B5
000066D0  00 00 E0 B1 DC E7 B3 B5 14 D2 CC C0 CC C0 14 D2
000066E0  B3 B5 DC E7 E0 B1 00 00 B3 B5 24 18 CC C0 EC 2D
000066F0  14 D2 34 3F DC E7 4D 4A 00 00 20 4E 24 18 4D 4A
00006700  EC 2D 34 3F 34 3F EC 2D 4D 4A 24 18 20 4E 00 00
00006710  4D 4A DC E7 34 3F 14 D2 EC 2D CC C0 24 18 B3 B5
00006720  00 00 E0 B1 DC E7 B3 B5 14 D2 CC C0 CC C0 14 D2
00006730  B3 B5 DC E7 E0 B1 00 00 B3 B5 24 18 CC C0 EC 2D
00006740  14 D2 34 3F DC E7 4D 4A 00 00 20 4E 24 18 4D 4A
00006750  EC 2D 34 3F 34 3F EC 2D 4D 4A 24 18 20 4E 00 00
00006760  4D 4A DC E7 34 3F 14 D2 EC 2D CC C0 24 18 B3 B5
00006770  00 00 E0 B1 DC E7 B3 B5 14 D2 CC C0 CC C0 14 D2
00006780  B3 B5 DC E7 E0 B1 00 00 B3 B5 24 18 CC C0 EC 2D
00006790  14 D2 34 3F DC E7 4D 4A 00 00 20 4E 24 18 4D 4A
000067A0  EC 2D 34 3F 34 3F EC 2D 4D 4A 24 18 20 4E 00 00
000067B0  4D 4A DC E7 34 3F 14 D2 EC 2D CC C0 24 18 B3 B5
000067C0  00 00 E0 B1 DC E7 B3 B5 14 D2 CC C0 CC C0 14 D2
000067D0  B3 B5 DC E7 E0 B1 00 00 B3 B5 24 18 CC C0 EC 2D
000067E0  14 D2 34 3F DC E7 4D 4A 00 00 20 4E 24 18 4D 4A
000067F0  EC 2D 34 3F 34 3F EC 2D 4D 4A 24 18 20 4E 00 00
00006800  4D 4A DC E7 34 3F 14 D2 EC 2D CC C0 24 18 B3 B5
00006810  00 00 E0 B1 DC E7 B3 B5 14 D2 CC C0 CC C0 14 D2
00006820  B3 B5 DC E7 E0 B1 00 00 B3 B5 24 18 CC C0 EC 2D
00006830  14 D2 34 3F DC E7 4D 4A 00 00 20 4E 24 18 4D 4A
00006840  EC 2D 34 3F 34 3F EC 2D 4D 4A 24 18 20 4E 00 00
00006850  4D 4A DC E7 34 3F 14 D2 EC 2D CC C0 24 18 B3 B5
00006860  00 00 E0 B1 DC E7 B3 B5 14 D2 CC C0 CC C0 14 D2
00006870  B3 B5 DC E7 E0 B1 00 00 B3 B5 24 18 CC C0 EC 2D
00006880  14 D2 34 3F DC E7 4D 4A 00 00 20 4E 24 18 4D 4A
00006890  EC 2D 34 3F 34 3F EC 2D 4D 4A 24 18 20 4E 00 00
000068A0  4D 4A DC E7 34 3F 14 D2 EC 2D CC C0 24 18 B3 B5
000068B0  00 00 E0 B1 DC E7 B3 B5 14 D2 CC C0 CC C0 14 D2
000068C0  B3 B5 DC E7 E0 B1 00 00 B3 B5 24 18 CC C0 EC 2D
000068D0  14 D2 34 3F DC E7 4D 4A 00 00 20 4E 24 18 4D 4A
000068E0  EC 2D 34 3F 34 3F EC 2D 4D 4A 24 18 20 4E 00 00
000068F0  4D 4A DC E7 34 3F 14 D2 EC 2D CC C0 24 18 B3 B5
00006900  00 00 E0 B1 DC E7 B3 B5 14 D2 CC C0 CC C0 14 D2
00006910  B3 B5 DC E7 E0 B1 00 00 B3 B5 24 18 CC C0 EC 2D
00006920  14 D2 34 3F DC E7 4D 4A 00 00 20 4E 24 18 4D 4A
00006930  EC 2D 34 3F 34 3F EC 2D 4D 4A 24 18 20 4E 00 00
00006940  4D 4A DC E7 34 3F 14 D2 EC 2D CC C0 24 18 B3 B5
00006950  00 00 E0 B1 DC E7 B3 B5 14 D2 CC C0 CC C0 14 D2
00006960  B3 B5 DC E7 E0 B1 00 00 B3 B5 24 18 CC C0 EC 2D
00006970  14 D2 34 3F DC E7 4D 4A 00 00 20 4E 24 18 4D 4A
00006980  EC 2D 34 3F 34 3F EC 2D 4D 4A 24 18 20 4E 00 00
00006990  4D 4A DC E7 34 3F 14 D2 EC 2D CC C0 24 18 B3 B5
000069A0  00 00 E0 B1 DC E7 B3 B5 14 D2 CC C0 CC C0 14 D2
000069B0  B3 B5 DC E7 E0 B1 00 00 B3 B5 24 18 CC C0 EC 2D
000069C0  14 D2 34 3F DC E7 4D 4A 00 00 20 4E 24 18 4D 4A
000069D0  EC 2D 34 3F 34 3F EC 2D 4D 4A 24 18 20 4E 00 00
000069E0  4D 4A DC E7 34 3F 14 D2 EC 2D CC C0 24 18 B3 B5
000069F0  00 00 E0 B1 DC E7 B3 B5 14 D2 CC C0 CC C0 14 D2
00006A00  B3 B5 DC E7 E0 B1 00 00 B3 B5 24 18 CC C0 EC 2D
00006A10  14 D2 34 3F DC E7 4D 4A 00 00 20 4E 24 18 4D 4A
00006A20  EC 2D 34 3F 34 3F EC 2D 4D 4A 24 18 20 4E 00 00
00006A30  4D 4A DC E7 34 3F 14 D2 EC 2D CC C0 24 18 B3 B5
00006A40  00 00 E0 B1 DC E7 B3 B5 14 D2 CC C0 CC C0 14 D2
00006A50  B3 B5 DC E7 E0 B1 00 00 B3 B5 24 18 CC C0 EC 2D
00006A60  14 D2 34 3F DC E7 4D 4A 00 00 20 4E 24 18 4D 4A
00006A70  EC 2D 34 3F 34 3F EC 2D 4D 4A 24 18 20 4E 00 00
00006A80  4D 4A DC E7 34 3F 14 D2 EC 2D CC C0 24 18 B3 B5
00006A90  00 00 E0 B1 DC E7 B3 B5 14 D2 CC C0 CC C0 14 D2
00006AA0  B3 B5 DC E7 E0 B1 00 00 B3 B5 24 18 CC C0 EC 2D
00006AB0  14 D2 34 3F DC E7 4D 4A 00 00 20 4E 24 18 4D 4A
00006AC0  EC 2D 34 3F 34 3F EC 2D 4D 4A 24 18 20 4E 00 00
00006AD0  4D 4A DC E7 34 3F 14 D2 EC 2D CC C0 24 18 B3 B5
00006AE0  00 00 E0 B1 DC E7 B3 B5 14 D2 CC C0 CC C0 14 D2
00006AF0  B3 B5 DC E7 E0 B1 00 00 B3 B5 24 18 CC C0 EC 2D
00006B00  14 D2 34 3F DC E7 4D 4A 00 00 20 4E 24 18 4D 4A
00006B10  EC 2D 34 3F 34 3F EC 2D 4D 4A 24 18 20 4E 00 00
00006B20  4D 4A DC E7 34 3F 14 D2 EC 2D CC C0 24 18 B3 B5
00006B30  00 00 E0 B1 DC E7 B3 B5 14 D2 CC C0 CC C0 14 D2
00006B40  B3 B5 DC E7 E0 B1 00 00 B3 B5 24 18 CC C0 EC 2D
00006B50  14 D2 34 3F DC E7 4D 4A 00 00 20 4E 24 18 4D 4A
00006B60  EC 2D 34 3F 34 3F EC 2D 4D 4A 24 18 20 4E 00 00
00006B70  4D 4A DC E7 34 3F 14 D2 EC 2D CC C0 24 18 B3 B5
00006B80  00 00 E0 B1 DC E7 B3 B5 14 D2 CC C0 CC C0 14 D2
00006B90  B3 B5 DC E7 E0 B1 00 00 B3 B5 24 18 CC C0 EC 2D
00006BA0  14 D2 34 3F DC E7 4D 4A 00 00 20 4E 24 18 4D 4A
00006BB0  EC 2D 34 3F 34 3F EC 2D 4D 4A 24 18 20 4E 00 00
00006BC0  4D 4A DC E7 34 3F 14 D2 EC 2D CC C0 24 18 B3 B5
00006BD0  00 00 E0 B1 DC E7 B3 B5 14 D2 CC C0 CC C0 14 D2
00006BE0  B3 B5 DC E7 E0 B1 00 00 B3 B5 24 18 CC C0 EC 2D
00006BF0  14 D2 34 3F DC E7 4D 4A 00 00 20 4E 24 18 4D 4A
00006C00  EC 2D 34 3F 34 3F EC 2D 4D 4A 24 18 20 4E 00 00
00006C10  4D 4A DC E7 34 3F 14 D2 EC 2D CC C0 24 18 B3 B5
00006C20  00 00 E0 B1 DC E7 B3 B5 14 D2 CC C0 CC C0 14 D2
00006C30  B3 B5 DC E7 E0 B1 00 00 B3 B5 24 18 CC C0 EC 2D
00006C40  14 D2 34 3F DC E7 4D 4A 00 00 20 4E 24 18 4D 4A
00006C50  EC 2D 34 3F 34 3F EC 2D 4D 4A 24 18 20 4E 00 00
00006C60  4D 4A DC E7 34 3F 14 D2 EC 2D CC C0 24 18 B3 B5
00006C70  00 00 E0 B1 DC E7 B3 B5 14 D2 CC C0 CC C0 14 D2
00006C80  B3 B5 DC E7 E0 B1 00 00 B3 B5 24 18 CC C0 EC 2D
00006C90  14 D2 34 3F DC E7 4D 4A 00 00 20 4E 24 18 4D 4A
00006CA0  EC 2D 34 3F 34 3F EC 2D 4D 4A 24 18 20 4E 00 00
00006CB0  4D 4A DC E7 34 3F 14 D2 EC 2D CC C0 24 18 B3 B5
00006CC0  00 00 E0 B1 DC E7 B3 B5 14 D2 CC C0 CC C0 14 D2
00006CD0  B3 B5 DC E7 E0 B1 00 00 B3 B5 24 18 CC C0 EC 2D
00006CE0  14 D2 34 3F DC E7 4D 4A 00 00 20 4E 24 18 4D 4A
00006CF0  EC 2D 34 3F 34 3F EC 2D 4D 4A 24 18 20 4E 00 00
00006D00  4D 4A DC E7 34 3F 14 D2 EC 2D CC C0 24 18 B3 B5
00006D10  00 00 E0 B1 DC E7 B3 B5 14 D2 CC C0 CC C0 14 D2
00006D20  B3 B5 DC E7 E0 B1 00 00 B3 B5 24 18 CC C0 EC 2D
00006D30  14 D2 34 3F DC E7 4D 4A 00 00 20 4E 24 18 4D 4A
00006D40  EC 2D 34 3F 34 3F EC 2D 4D 4A 24 18 20 4E 00 00
00006D50  4D 4A DC E7 34 3F 14 D2 EC 2D CC C0 24 18 B3 B5
00006D60  00 00 E0 B1 DC E7 B3 B5 14 D2 CC C0 CC C0 14 D2
00006D70  B3 B5 DC E7 E0 B1 00 00 B3 B5 24 18 CC C0 EC 2D
00006D80  14 D2 34 3F DC E7 4D 4A 00 00 20 4E 24 18 4D 4A
00006D90  EC 2D 34 3F 34 3F EC 2D 4D 4A 24 18 20 4E 00 00
00006DA0  4D 4A DC E7 34 3F 14 D2 EC 2D CC C0 24 18 B3 B5
00006DB0  00 00 E0 B1 DC E7 B3 B5 14 D2 CC C0 CC C0 14 D2
00006DC0  B3 B5 DC E7 E0 B1 00 00 B3 B5 24 18 CC C0 EC 2D
00006DD0  14 D2 34 3F DC E7 4D 4A 00 00 20 4E 24 18 4D 4A
00006DE0  EC 2D 34 3F 34 3F EC 2D 4D 4A 24 18 20 4E 00 00
00006DF0  4D 4A DC E7 34 3F 14 D2 EC 2D CC C0 24 18 B3 B5
00006E00  00 00 E0 B1 DC E7 B3 B5 14 D2 CC C0 CC C0 14 D2
00006E10  B3 B5 DC E7 E0 B1 00 00 B3 B5 24 18 CC C0 EC 2D
00006E20  14 D2 34 3F DC E7 4D 4A 00 00 20 4E 24 18 4D 4A
00006E30  EC 2D 34 3F 34 3F EC 2D 4D 4A 24 18 20 4E 00 00
00006E40  4D 4A DC E7 34 3F 14 D2 EC 2D CC C0 24 18 B3 B5
00006E50  00 00 E0 B1 DC E7 B3 B5 14 D2 CC C0 CC C0 14 D2
00006E60  B3 B5 DC E7 E0 B1 00 00 B3 B5 24 18 CC C0 EC 2D
00006E70  14 D2 34 3F DC E7 4D 4A 00 00 20 4E 24 18 4D 4A
00006E80  EC 2D 34 3F 34 3F EC 2D 4D 4A 24 18 20 4E 00 00
00006E90  4D 4A DC E7 34 3F 14 D2 EC 2D CC C0 24 18 B3 B5
00006EA0  00 00 E0 B1 DC E7 B3 B5 14 D2 CC C0 CC C0 14 D2
00006EB0  B3 B5 DC E7 E0 B1 00 00 B3 B5 24 18 CC C0 EC 2D
00006EC0  14 D2 34 3F DC E7 4D 4A 00 00 20 4E 24 18 4D 4A
00006ED0  EC 2D 34 3F 34 3F EC 2D 4D 4A 24 18 20 4E 00 00
00006EE0  4D 4A DC E7 34 3F 14 D2 EC 2D CC C0 24 18 B3 B5
00006EF0  00 00 E0 B1 DC E7 B3 B5 14 D2 CC C0 CC C0 14 D2
00006F00  B3 B5 DC E7 E0 B1 00 00 B3 B5 24 18 CC C0 EC 2D
00006F10  14 D2 34 3F DC E7 4D 4A 00 00 20 4E 24 18 4D 4A
00006F20  EC 2D 34 3F 34 3F EC 2D 4D 4A 24 18 20 4E 00 00
00006F30  4D 4A DC E7 34 3F 14 D2 EC 2D CC C0 24 18 B3 B5
00006F40  00 00 E0 B1 DC E7 B3 B5 14 D2 CC C0 CC C0 14 D2
00006F50  B3 B5 DC E7 E0 B1 00 00 B3 B5 24 18 CC C0 EC 2D
00006F60  14 D2 34 3F DC E7 4D 4A 00 00 20 4E 24 18 4D 4A
00006F70  EC 2D 34 3F 34 3F EC 2D 4D 4A 24 18 20 4E 00 00
00006F80  4D 4A DC E7 34 3F 14 D2 EC 2D CC C0 24 18 B3 B5
00006F90  00 00 E0 B1 DC E7 B3 B5 14 D2 CC C0 CC C0 14 D2
00006FA0  B3 B5 DC E7 E0 B1 00 00 B3 B5 24 18 CC C0 EC 2D
00006FB0  14 D2 34 3F DC E7 4D 4A 00 00 20 4E 24 18 4D 4A
00006FC0  EC 2D 34 3F 34 3F EC 2D 4D 4A 24 18 20 4E 00 00
00006FD0  4D 4A DC E7 34 3F 14 D2 EC 2D CC C0 24 18 B3 B5
00006FE0  00 00 E0 B1 DC E7 B3 B5 14 D2 CC C0 CC C0 14 D2
00006FF0  B3 B5 DC E7 E0 B1 00 00 B3 B5 24 18 CC C0 EC 2D
00007000  14 D2 34 3F DC E7 4D 4A 00 00 20 4E 24 18 4D 4A
00007010  EC 2D 34 3F 34 3F EC 2D 4D 4A 24 18 20 4E 00 00
00007020  4D 4A DC E7 34 3F 14 D2 EC 2D CC C0 24 18 B3 B5
00007030  00 00 E0 B1 DC E7 B3 B5 14 D2 CC C0 CC C0 14 D2
00007040  B3 B5 DC E7 E0 B1 00 00 B3 B5 24 18 CC C0 EC 2D
00007050  14 D2 34 3F DC E7 4D 4A 00 00 20 4E 24 18 4D 4A
00007060  EC 2D 34 3F 34 3F EC 2D 4D 4A 24 18 20 4E 00 00
00007070  4D 4A DC E7 34 3F 14 D2 EC 2D CC C0 24 18 B3 B5
00007080  00 00 E0 B1 DC E7 B3 B5 14 D2 CC C0 CC C0 14 D2
00007090  B3 B5 DC E7 E0 B1 00 00 B3 B5 24 18 CC C0 EC 2D
000070A0  14 D2 34 3F DC E7 4D 4A 00 00 20 4E 24 18 4D 4A
000070B0  EC 2D 34 3F 34 3F EC 2D 4D 4A 24 18 20 4E 00 00
000070C0  4D 4A DC E7 34 3F 14 D2 EC 2D CC C0 24 18 B3 B5
000070D0  00 00 E0 B1 DC E7 B3 B5 14 D2 CC C0 CC C0 14 D2
000070E0  B3 B5 DC E7 E0 B1 00 00 B3 B5 24 18 CC C0 EC 2D
000070F0  14 D2 34 3F DC E7 4D 4A 00 00 20 4E 24 18 4D 4A
00007100  EC 2D 34 3F 34 3F EC 2D 4D 4A 24 18 20 4E 00 00
00007110  4D 4A DC E7 34 3F 14 D2 EC 2D CC C0 24 18 B3 B5
00007120  00 00 E0 B1 DC E7 B3 B5 14 D2 CC C0 CC C0 14 D2
00007130  B3 B5 DC E7 E0 B1 00 00 B3 B5 24 18 CC C0 EC 2D
00007140  14 D2 34 3F DC E7 4D 4A 00 00 20 4E 24 18 4D 4A
00007150  EC 2D 34 3F 34 3F EC 2D 4D 4A 24 18 20 4E 00 00
00007160  4D 4A DC E7 34 3F 14 D2 EC 2D CC C0 24 18 B3 B5
00007170  00 00 E0 B1 DC E7 B3 B5 14 D2 CC C0 CC C0 14 D2
00007180  B3 B5 DC E7 E0 B1 00 00 B3 B5 24 18 CC C0 EC 2D
00007190  14 D2 34 3F DC E7 4D 4A 00 00 20 4E 24 18 4D 4A
000071A0  EC 2D 34 3F 34 3F EC 2D 4D 4A 24 18 20 4E 00 00
000071B0  4D 4A DC E7 34 3F 14 D2 EC 2D CC C0 24 18 B3 B5
000071C0  00 00 E0 B1 DC E7 B3 B5 14 D2 CC C0 CC C0 14 D2
000071D0  B3 B5 DC E7 E0 B1 00 00 B3 B5 24 18 CC C0 EC 2D
000071E0  14 D2 34 3F DC E7 4D 4A 00 00 20 4E 24 18 4D 4A
000071F0  EC 2D 34 3F 34 3F EC 2D 4D 4A 24 18 20 4E 00 00
00007200  4D 4A DC E7 34 3F 14 D2 EC 2D CC C0 24 18 B3 B5
00007210  00 00 E0 B1 DC E7 B3 B5 14 D2 CC C0 CC C0 14 D2
00007220  B3 B5 DC E7 E0 B1 00 00 B3 B5 24 18 CC C0 EC 2D
00007230  14 D2 34 3F DC E7 4D 4A 00 00 20 4E 24 18 4D 4A
00007240  EC 2D 34 3F 34 3F EC 2D 4D 4A 24 18 20 4E 00 00
00007250  4D 4A DC E7 34 3F 14 D2 EC 2D CC C0 24 18 B3 B5
00007260  00 00 E0 B1 DC E7 B3 B5 14 D2 CC C0 CC C0 14 D2
00007270  B3 B5 DC E7 E0 B1 00 00 B3 B5 24 18 CC C0 EC 2D
00007280  14 D2 34 3F DC E7 4D 4A 00 00 20 4E 24 18 4D 4A
00007290  EC 2D 34 3F 34 3F EC 2D 4D 4A 24 18 20 4E 00 00
000072A0  4D 4A DC E7 34 3F 14 D2 EC 2D CC C0 24 18 B3 B5
000072B0  00 00 E0 B1 DC E7 B3 B5 14 D2 CC C0 CC C0 14 D2
000072C0  B3 B5 DC E7 E0 B1 00 00 B3 B5 24 18 CC C0 EC 2D
000072D0  14 D2 34 3F DC E7 4D 4A 00 00 20 4E 24 18 4D 4A
000072E0  EC 2D 34 3F 34 3F EC 2D 4D 4A 24 18 20 4E 00 00
000072F0  4D 4A DC E7 34 3F 14 D2 EC 2D CC C0 24 18 B3 B5
00007300  00 00 E0 B1 DC E7 B3 B5 14 D2 CC C0 CC C0 14 D2
00007310  B3 B5 DC E7 E0 B1 00 00 B3 B5 24 18 CC C0 EC 2D
00007320  14 D2 34 3F DC E7 4D 4A 00 00 20 4E 24 18 4D 4A
00007330  EC 2D 34 3F 34 3F EC 2D 4D 4A 24 18 20 4E 00 00
00007340  4D 4A DC E7 34 3F 14 D2 EC 2D CC C0 24 18 B3 B5
00007350  00 00 E0 B1 DC E7 B3 B5 14 D2 CC C0 CC C0 14 D2
00007360  B3 B5 DC E7 E0 B1 00 00 B3 B5 24 18 CC C0 EC 2D
00007370  14 D2 34 3F DC E7 4D 4A 00 00 20 4E 24 18 4D 4A
00007380  EC 2D 34 3F 34 3F EC 2D 4D 4A 24 18 20 4E 00 00
00007390  4D 4A DC E7 34 3F 14 D2 EC 2D CC C0 24 18 B3 B5
000073A0  00 00 E0 B1 DC E7 B3 B5 14 D2 CC C0 CC C0 14 D2
000073B0  B3 B5 DC E7 E0 B1 00 00 B3 B5 24 18 CC C0 EC 2D
000073C0  14 D2 34 3F DC E7 4D 4A 00 00 20 4E 24 18 4D 4A
000073D0  EC 2D 34 3F 34 3F EC 2D 4D 4A 24 18 20 4E 00 00
000073E0  4D 4A DC E7 34 3F 14 D2 EC 2D CC C0 24 18 B3 B5
000073F0  00 00 E0 B1 DC E7 B3 B5 14 D2 CC C0 CC C0 14 D2
00007400  B3 B5 DC E7 E0 B1 00 00 B3 B5 24 18 CC C0 EC 2D
00007410  14 D2 34 3F DC E7 4D 4A 00 00 20 4E 24 18 4D 4A
00007420  EC 2D 34 3F 34 3F EC 2D 4D 4A 24 18 20 4E 00 00
00007430  4D 4A DC E7 34 3F 14 D2 EC 2D CC C0 24 18 B3 B5
00007440  00 00 E0 B1 DC E7 B3 B5 14 D2 CC C0 CC C0 14 D2
00007450  B3 B5 DC E7 E0 B1 00 00 B3 B5 24 18 CC C0 EC 2D
00007460  14 D2 34 3F DC E7 4D 4A 00 00 20 4E 24 18 4D 4A
00007470  EC 2D 34 3F 34 3F EC 2D 4D 4A 24 18 20 4E 00 00
00007480  4D 4A DC E7 34 3F 14 D2 EC 2D CC C0 24 18 B3 B5
00007490  00 00 E0 B1 DC E7 B3 B5 14 D2 CC C0 CC C0 14 D2
000074A0  B3 B5 DC E7 E0 B1 00 00 B3 B5 24 18 CC C0 EC 2D
000074B0  14 D2 34 3F DC E7 4D 4A 00 00 20 4E 24 18 4D 4A
000074C0  EC 2D 34 3F 34 3F EC 2D 4D 4A 24 18 20 4E 00 00
000074D0  4D 4A DC E7 34 3F 14 D2 EC 2D CC C0 24 18 B3 B5
000074E0  00 00 E0 B1 DC E7 B3 B5 14 D2 CC C0 CC C0 14 D2
000074F0  B3 B5 DC E7 E0 B1 00 00 B3 B5 24 18 CC C0 EC 2D
00007500  14 D2 34 3F DC E7 4D 4A 00 00 20 4E 24 18 4D 4A
00007510  EC 2D 34 3F 34 3F EC 2D 4D 4A 24 18 20 4E 00 00
00007520  4D 4A DC E7 34 3F 14 D2 EC 2D CC C0 24 18 B3 B5
00007530  00 00 E0 B1 DC E7 B3 B5 14 D2 CC C0 CC C0 14 D2
00007540  B3 B5 DC E7 E0 B1 00 00 B3 B5 24 18 CC C0 EC 2D
00007550  14 D2 34 3F DC E7 4D 4A 00 00 20 4E 24 18 4D 4A
00007560  EC 2D 34 3F 34 3F EC 2D 4D 4A 24 18 20 4E 00 00
00007570  4D 4A DC E7 34 3F 14 D2 EC 2D CC C0 24 18 B3 B5
00007580  00 00 E0 B1 DC E7 B3 B5 14 D2 CC C0 CC C0 14 D2
00007590  B3 B5 DC E7 E0 B1 00 00 B3 B5 24 18 CC C0 EC 2D
000075A0  14 D2 34 3F DC E7 4D 4A 00 00 20 4E 24 18 4D 4A
000075B0  EC 2D 34 3F 34 3F EC 2D 4D 4A 24 18 20 4E 00 00
000075C0  4D 4A DC E7 34 3F 14 D2 EC 2D CC C0 24 18 B3 B5
000075D0  00 00 E0 B1 DC E7 B3 B5 14 D2 CC C0 CC C0 14 D2
000075E0  B3 B5 DC E7 E0 B1 00 00 B3 B5 24 18 CC C0 EC 2D
000075F0  14 D2 34 3F DC E7 4D 4A 00 00 20 4E 24 18 4D 4A
00007600  EC 2D 34 3F 34 3F EC 2D 4D 4A 24 18 20 4E 00 00
00007610  4D 4A DC E7 34 3F 14 D2 EC 2D CC C0 24 18 B3 B5
00007620  00 00 E0 B1 DC E7 B3 B5 14 D2 CC C0 CC C0 14 D2
00007630  B3 B5 DC E7 E0 B1 00 00 B3 B5 24 18 CC C0 EC 2D
00007640  14 D2 34 3F DC E7 4D 4A 00 00 20 4E 24 18 4D 4A
00007650  EC 2D 34 3F 34 3F EC 2D 4D 4A 24 18 20 4E 00 00
00007660  4D 4A DC E7 34 3F 14 D2 EC 2D CC C0 24 18 B3 B5
00007670  00 00 E0 B1 DC E7 B3 B5 14 D2 CC C0 CC C0 14 D2
00007680  B3 B5 DC E7 E0 B1 00 00 B3 B5 24 18 CC C0 EC 2D
00007690  14 D2 34 3F DC E7 4D 4A 00 00 20 4E 24 18 4D 4A
000076A0  EC 2D 34 3F 34 3F EC 2D 4D 4A 24 18 20 4E 00 00
000076B0  4D 4A DC E7 34 3F 14 D2 EC 2D CC C0 24 18 B3 B5
000076C0  00 00 E0 B1 DC E7 B3 B5 14 D2 CC C0 CC C0 14 D2
000076D0  B3 B5 DC E7 E0 B1 00 00 B3 B5 24 18 CC C0 EC 2D
000076E0  14 D2 34 3F DC E7 4D 4A 00 00 20 4E 24 18 4D 4A
000076F0  EC 2D 34 3F 34 3F EC 2D 4D 4A 24 18 20 4E 00 00
00007700  4D 4A DC E7 34 3F 14 D2 EC 2D CC C0 24 18 B3 B5
00007710  00 00 E0 B1 DC E7 B3 B5 14 D2 CC C0 CC C0 14 D2
00007720  B3 B5 DC E7 E0 B1 00 00 B3 B5 24 18 CC C0 EC 2D
00007730  14 D2 34 3F DC E7 4D 4A 00 00 20 4E 24 18 4D 4A
00007740  EC 2D 34 3F 34 3F EC 2D 4D 4A 24 18 20 4E 00 00
00007750  4D 4A DC E7 34 3F 14 D2 EC 2D CC C0 24 18 B3 B5
00007760  00 00 E0 B1 DC E7 B3 B5 14 D2 CC C0 CC C0 14 D2
00007770  B3 B5 DC E7 E0 B1 00 00 B3 B5 24 18 CC C0 EC 2D
00007780  14 D2 34 3F DC E7 4D 4A 00 00 20 4E 24 18 4D 4A
00007790  EC 2D 34 3F 34 3F EC 2D 4D 4A 24 18 20 4E 00 00
000077A0  4D 4A DC E7 34 3F 14 D2 EC 2D CC C0 24 18 B3 B5
000077B0  00 00 E0 B1 DC E7 B3 B5 14 D2 CC C0 CC C0 14 D2
000077C0  B3 B5 DC E7 E0 B1 00 00 B3 B5 24 18 CC C0 EC 2D
000077D0  14 D2 34 3F DC E7 4D 4A 00 00 20 4E 24 18 4D 4A
000077E0  EC 2D 34 3F 34 3F EC 2D 4D 4A 24 18 20 4E 00 00
000077F0  4D 4A DC E7 34 3F 14 D2 EC 2D CC C0 24 18 B3 B5
00007800  00 00 E0 B1 DC E7 B3 B5 14 D2 CC C0 CC C0 14 D2
00007810  B3 B5 DC E7 E0 B1 00 00 B3 B5 24 18 CC C0 EC 2D
00007820  14 D2 34 3F DC E7 4D 4A 00 00 20 4E 24 18 4D 4A
00007830  EC 2D 34 3F 34 3F EC 2D 4D 4A 24 18 20 4E 00 00
00007840  4D 4A DC E7 34 3F 14 D2 EC 2D CC C0 24 18 B3 B5
00007850  00 00 E0 B1 DC E7 B3 B5 14 D2 CC C0 CC C0 14 D2
00007860  B3 B5 DC E7 E0 B1 00 00 B3 B5 24 18 CC C0 EC 2D
00007870  14 D2 34 3F DC E7 4D 4A 00 00 20 4E 24 18 4D 4A
00007880  EC 2D 34 3F 34 3F EC 2D 4D 4A 24 18 20 4E 00 00
00007890  4D 4A DC E7 34 3F 14 D2 EC 2D CC C0 24 18 B3 B5
000078A0  00 00 E0 B1 DC E7 B3 B5 14 D2 CC C0 CC C0 14 D2
000078B0  B3 B5 DC E7 E0 B1 00 00 B3 B5 24 18 CC C0 EC 2D
000078C0  14 D2 34 3F DC E7 4D 4A 00 00 20 4E 24 18 4D 4A
000078D0  EC 2D 34 3F 34 3F EC 2D 4D 4A 24 18 20 4E 00 00
000078E0  4D 4A DC E7 34 3F 14 D2 EC 2D CC C0 24 18 B3 B5
000078F0  00 00 E0 B1 DC E7 B3 B5 14 D2 CC C0 CC C0 14 D2
00007900  B3 B5 DC E7 E0 B1 00 00 B3 B5 24 18 CC C0 EC 2D
00007910  14 D2 34 3F DC E7 4D 4A 00 00 20 4E 24 18 4D 4A
00007920  EC 2D 34 3F 34 3F EC 2D 4D 4A 24 18 20 4E 00 00
00007930  4D 4A DC E7 34 3F 14 D2 EC 2D CC C0 24 18 B3 B5
00007940  00 00 E0 B1 DC E7 B3 B5 14 D2 CC C0 CC C0 14 D2
00007950  B3 B5 DC E7 E0 B1 00 00 B3 B5 24 18 CC C0 EC 2D
00007960  14 D2 34 3F DC E7 4D 4A 00 00 20 4E 24 18 4D 4A
00007970  EC 2D 34 3F 34 3F EC 2D 4D 4A 24 18 20 4E 00 00
00007980  4D 4A DC E7 34 3F 14 D2 EC 2D CC C0 24 18 B3 B5
00007990  00 00 E0 B1 DC E7 B3 B5 14 D2 CC C0 CC C0 14 D2
000079A0  B3 B5 DC E7 E0 B1 00 00 B3 B5 24 18 CC C0 EC 2D
000079B0  14 D2 34 3F DC E7 4D 4A 00 00 20 4E 24 18 4D 4A
000079C0  EC 2D 34 3F 34 3F EC 2D 4D 4A 24 18 20 4E 00 00
000079D0  4D 4A DC E7 34 3F 14 D2 EC 2D CC C0 24 18 B3 B5
000079E0  00 00 E0 B1 DC E7 B3 B5 14 D2 CC C0 CC C0 14 D2
000079F0  B3 B5 DC E7 E0 B1 00 00 B3 B5 24 18 CC C0 EC 2D
00007A00  14 D2 34 3F DC E7 4D 4A 00 00 20 4E 24 18 4D 4A
00007A10  EC 2D 34 3F 34 3F EC 2D 4D 4A 24 18 20 4E 00 00
00007A20  4D 4A DC E7 34 3F 14 D2 EC 2D CC C0 24 18 B3 B5
00007A30  00 00 E0 B1 DC E7 B3 B5 14 D2 CC C0 CC C0 14 D2
00007A40  B3 B5 DC E7 E0 B1 00 00 B3 B5 24 18 CC C0 EC 2D
00007A50  14 D2 34 3F DC E7 4D 4A 00 00 20 4E 24 18 4D 4A
00007A60  EC 2D 34 3F 34 3F EC 2D 4D 4A 24 18 20 4E 00 00
00007A70  4D 4A DC E7 34 3F 14 D2 EC 2D CC C0 24 18 B3 B5
00007A80  00 00 E0 B1 DC E7 B3 B5 14 D2 CC C0 CC C0 14 D2
00007A90  B3 B5 DC E7 E0 B1 00 00 B3 B5 24 18 CC C0 EC 2D
00007AA0  14 D2 34 3F DC E7 4D 4A 00 00 20 4E 24 18 4D 4A
00007AB0  EC 2D 34 3F 34 3F EC 2D 4D 4A 24 18 20 4E 00 00
00007AC0  4D 4A DC E7 34 3F 14 D2 EC 2D CC C0 24 18 B3 B5
00007AD0  00 00 E0 B1 DC E7 B3 B5 14 D2 CC C0 CC C0 14 D2
00007AE0  B3 B5 DC E7 E0 B1 00 00 B3 B5 24 18 CC C0 EC 2D
00007AF0  14 D2 34 3F DC E7 4D 4A 00 00 20 4E 24 18 4D 4A
00007B00  EC 2D 34 3F 34 3F EC 2D 4D 4A 24 18 20 4E 00 00
00007B10  4D 4A DC E7 34 3F 14 D2 EC 2D CC C0 24 18 B3 B5
00007B20  00 00 E0 B1 DC E7 B3 B5 14 D2 CC C0 CC C0 14 D2
00007B30  B3 B5 DC E7 E0 B1 00 00 B3 B5 24 18 CC C0 EC 2D
00007B40  14 D2 34 3F DC E7 4D 4A 00 00 20 4E 24 18 4D 4A
00007B50  EC 2D 34 3F 34 3F EC 2D 4D 4A 24 18 20 4E 00 00
00007B60  4D 4A DC E7 34 3F 14 D2 EC 2D CC C0 24 18 B3 B5
00007B70  00 00 E0 B1 DC E7 B3 B5 14 D2 CC C0 CC C0 14 D2
00007B80  B3 B5 DC E7 E0 B1 00 00 B3 B5 24 18 CC C0 EC 2D
00007B90  14 D2 34 3F DC E7 4D 4A 00 00 20 4E 24 18 4D 4A
00007BA0  EC 2D 34 3F 34 3F EC 2D 4D 4A 24 18 20 4E 00 00
00007BB0  4D 4A DC E7 34 3F 14 D2 EC 2D CC C0 24 18 B3 B5
00007BC0  00 00 E0 B1 DC E7 B3 B5 14 D2 CC C0 CC C0 14 D2
00007BD0  B3 B5 DC E7 E0 B1 00 00 B3 B5 24 18 CC C0 EC 2D
00007BE0  14 D2 34 3F DC E7 4D 4A 00 00 20 4E 24 18 4D 4A
00007BF0  EC 2D 34 3F 34 3F EC 2D 4D 4A 24 18 20 4E 00 00
00007C00  4D 4A DC E7 34 3F 14 D2 EC 2D CC C0 24 18 B3 B5
00007C10  00 00 E0 B1 DC E7 B3 B5 14 D2 CC C0 CC C0 14 D2
00007C20  B3 B5 DC E7 E0 B1 00 00 B3 B5 24 18 CC C0 EC 2D
00007C30  14 D2 34 3F DC E7 4D 4A 00 00 20 4E 24 18 4D 4A
00007C40  EC 2D 34 3F 34 3F EC 2D 4D 4A 24 18 20 4E 00 00
00007C50  4D 4A DC E7 34 3F 14 D2 EC 2D CC C0 24 18 B3 B5
00007C60  00 00 E0 B1 DC E7 B3 B5 14 D2 CC C0 CC C0 14 D2
00007C70  B3 B5 DC E7 E0 B1 00 00 B3 B5 24 18 CC C0 EC 2D
00007C80  14 D2 34 3F DC E7 4D 4A 00 00 20 4E 24 18 4D 4A
00007C90  EC 2D 34 3F 34 3F EC 2D 4D 4A 24 18 20 4E 00 00
00007CA0  4D 4A DC E7 34 3F 14 D2 EC 2D CC C0 24 18 B3 B5
00007CB0  00 00 E0 B1 DC E7 B3 B5 14 D2 CC C0 CC C0 14 D2
00007CC0  B3 B5 DC E7 E0 B1 00 00 B3 B5 24 18 CC C0 EC 2D
00007CD0  14 D2 34 3F DC E7 4D 4A 00 00 20 4E 24 18 4D 4A
00007CE0  EC 2D 34 3F 34 3F EC 2D 4D 4A 24 18 20 4E 00 00
00007CF0  4D 4A DC E7 34 3F 14 D2 EC 2D CC C0 24 18 B3 B5
00007D00  00 00 E0 B1 DC E7 B3 B5 14 D2 CC C0 CC C0 14 D2
00007D10  B3 B5 DC E7 E0 B1 00 00 B3 B5 24 18 CC C0 EC 2D
00007D20  14 D2 34 3F DC E7 4D 4A 00 00 20 4E 24 18 4D 4A
00007D30  EC 2D 34 3F 34 3F EC 2D 4D 4A 24 18 20 4E 00 00
00007D40  4D 4A DC E7 34 3F 14 D2 EC 2D CC C0 24 18 B3 B5
00007D50  00 00 E0 B1 DC E7 B3 B5 14 D2 CC C0 CC C0 14 D2
00007D60  B3 B5 DC E7 E0 B1 00 00 B3 B5 24 18 CC C0 EC 2D
00007D70  14 D2 34 3F DC E7 4D 4A 00 00 20 4E 24 18 4D 4A
00007D80  EC 2D 34 3F 34 3F EC 2D 4D 4A 24 18 20 4E 00 00
00007D90  4D 4A DC E7 34 3F 14 D2 EC 2D CC C0 24 18 B3 B5
00007DA0  00 00 E0 B1 DC E7 B3 B5 14 D2 CC C0 CC C0 14 D2
00007DB0  B3 B5 DC E7 E0 B1 00 00 B3 B5 24 18 CC C0 EC 2D
00007DC0  14 D2 34 3F DC E7 4D 4A 00 00 20 4E 24 18 4D 4A
00007DD0  EC 2D 34 3F 34 3F EC 2D 4D 4A 24 18 20 4E 00 00
00007DE0  4D 4A DC E7 34 3F 14 D2 EC 2D CC C0 24 18 B3 B5
00007DF0  00 00 E0 B1 DC E7 B3 B5 14 D2 CC C0 CC C0 14 D2
00007E00  B3 B5 DC E7 E0 B1 00 00 B3 B5 24 18 CC C0 EC 2D
00007E10  14 D2 34 3F DC E7 4D 4A 00 00 20 4E 24 18 4D 4A
00007E20  EC 2D 34 3F 34 3F EC 2D 4D 4A 24 18 20 4E 00 00
00007E30  4D 4A DC E7 34 3F 14 D2 EC 2D CC C0 24 18 B3 B5
00007E40  00 00 E0 B1 DC E7 B3 B5 14 D2 CC C0 CC C0 14 D2
00007E50  B3 B5 DC E7 E0 B1 00 00 B3 B5 24 18 CC C0 EC 2D
00007E60  14 D2 34 3F DC E7 4D 4A 00 00 20 4E 24 18 4D 4A
00007E70  EC 2D 34 3F 34 3F EC 2D 4D 4A 24 18 20 4E 00 00
00007E80  4D 4A DC E7 34 3F 14 D2 EC 2D CC C0 24 18 B3 B5
00007E90  00 00 E0 B1 DC E7 B3 B5 14 D2 CC C0 CC C0 14 D2
00007EA0  B3 B5 DC E7 E0 B1 00 00 B3 B5 24 18 CC C0 EC 2D
00007EB0  14 D2 34 3F DC E7 4D 4A 00 00 20 4E 24 18 4D 4A
00007EC0  EC 2D 34 3F 34 3F EC 2D 4D 4A 24 18 20 4E 00 00
00007ED0  4D 4A DC E7 34 3F 14 D2 EC 2D CC C0 24 18 B3 B5
00007EE0  00 00 E0 B1 DC E7 B3 B5 14 D2 CC C0 CC C0 14 D2
00007EF0  B3 B5 DC E7 E0 B1 00 00 B3 B5 24 18 CC C0 EC 2D
00007F00  14 D2 34 3F DC E7 4D 4A 00 00 20 4E 24 18 4D 4A
00007F10  EC 2D 34 3F 34 3F EC 2D 4D 4A 24 18 20 4E 00 00
00007F20  4D 4A DC E7 34 3F 14 D2 EC 2D CC C0 24 18 B3 B5
00007F30  00 00 E0 B1 DC E7 B3 B5 14 D2 CC C0 CC C0 14 D2
00007F40  B3 B5 DC E7 E0 B1 00 00 B3 B5 24 18 CC C0 EC 2D
00007F50  14 D2 34 3F DC E7 4D 4A 00 00 20 4E 24 18 4D 4A
00007F60  EC 2D 34 3F 34 3F EC 2D 4D 4A 24 18 20 4E 00 00
00007F70  4D 4A DC E7 34 3F 14 D2 EC 2D CC C0 24 18 B3 B5
00007F80  00 00 E0 B1 DC E7 B3 B5 14 D2 CC C0 CC C0 14 D2
00007F90  B3 B5 DC E7 E0 B1 00 00 B3 B5 24 18 CC C0 EC 2D
00007FA0  14 D2 34 3F DC E7 4D 4A 00 00 20 4E 24 18 4D 4A
00007FB0  EC 2D 34 3F 34 3F EC 2D 4D 4A 24 18 20 4E 00 00
00007FC0  4D 4A DC E7 34 3F 14 D2 EC 2D CC C0 24 18 B3 B5
00007FD0  00 00 E0 B1 DC E7 B3 B5 14 D2 CC C0 CC C0 14 D2
00007FE0  B3 B5 DC E7 E0 B1 00 00 B3 B5 24 18 CC C0 EC 2D
00007FF0  14 D2 34 3F DC E7 4D 4A 00 00 20 4E 24 18 4D 4A
00008000  EC 2D 34 3F 34 3F EC 2D 4D 4A 24 18 20 4E 00 00
00008010  4D 4A DC E7 34 3F 14 D2 EC 2D CC C0 24 18 B3 B5
00008020  00 00 E0 B1 DC E7 B3 B5 14 D2 CC C0 CC C0 14 D2
00008030  B3 B5 DC E7 E0 B1 00 00 B3 B5 24 18 CC C0 EC 2D
00008040  14 D2 34 3F DC E7 4D 4A 00 00 20 4E 24 18 4D 4A
00008050  EC 2D 34 3F 34 3F EC 2D 4D 4A 24 18 20 4E 00 00
00008060  4D 4A DC E7 34 3F 14 D2 EC 2D CC C0 24 18 B3 B5
00008070  00 00 E0 B1 DC E7 B3 B5 14 D2 CC C0 CC C0 14 D2
00008080  B3 B5 DC E7 E0 B1 00 00 B3 B5 24 18 CC C0 EC 2D
00008090  14 D2 34 3F DC E7 4D 4A 00 00 20 4E 24 18 4D 4A
000080A0  EC 2D 34 3F 34 3F EC 2D 4D 4A 24 18 20 4E 00 00
000080B0  4D 4A DC E7 34 3F 14 D2 EC 2D CC C0 24 18 B3 B5
000080C0  00 00 E0 B1 DC E7 B3 B5 14 D2 CC C0 CC C0 14 D2
000080D0  B3 B5 DC E7 E0 B1 00 00 B3 B5 24 18 CC C0 EC 2D
000080E0  14 D2 34 3F DC E7 4D 4A 00 00 20 4E 24 18 4D 4A
000080F0  EC 2D 34 3F 34 3F EC 2D 4D 4A 24 18 20 4E 00 00
00008100  4D 4A DC E7 34 3F 14 D2 EC 2D CC C0 24 18 B3 B5
00008110  00 00 E0 B1 DC E7 B3 B5 14 D2 CC C0 CC C0 14 D2
00008120  B3 B5 DC E7 E0 B1 00 00 B3 B5 24 18 CC C0 EC 2D
00008130  14 D2 34 3F DC E7 4D 4A 00 00 20 4E 24 18 4D 4A
00008140  EC 2D 34 3F 34 3F EC 2D 4D 4A 24 18 20 4E 00 00
00008150  4D 4A DC E7 34 3F 14 D2 EC 2D CC C0 24 18 B3 B5
00008160  00 00 E0 B1 DC E7 B3 B5 14 D2 CC C0 CC C0 14 D2
00008170  B3 B5 DC E7 E0 B1 00 00 B3 B5 24 18 CC C0 EC 2D
00008180  14 D2 34 3F DC E7 4D 4A 00 00 20 4E 24 18 4D 4A
00008190  EC 2D 34 3F 34 3F EC 2D 4D 4A 24 18 20 4E 00 00
000081A0  4D 4A DC E7 34 3F 14 D2 EC 2D CC C0 24 18 B3 B5
000081B0  00 00 E0 B1 DC E7 B3 B5 14 D2 CC C0 CC C0 14 D2
000081C0  B3 B5 DC E7 E0 B1 00 00 B3 B5 24 18 CC C0 EC 2D
000081D0  14 D2 34 3F DC E7 4D 4A 00 00 20 4E 24 18 4D 4A
000081E0  EC 2D 34 3F 34 3F EC 2D 4D 4A 24 18 20 4E 00 00
000081F0  4D 4A DC E7 34 3F 14 D2 EC 2D CC C0 24 18 B3 B5
00008200  00 00 E0 B1 DC E7 B3 B5 14 D2 CC C0 CC C0 14 D2
00008210  B3 B5 DC E7 E0 B1 00 00 B3 B5 24 18 CC C0 EC 2D
00008220  14 D2 34 3F DC E7 4D 4A 00 00 20 4E 24 18 4D 4A
00008230  EC 2D 34 3F 34 3F EC 2D 4D 4A 24 18 20 4E 00 00
00008240  4D 4A DC E7 34 3F 14 D2 EC 2D CC C0 24 18 B3 B5
00008250  00 00 E0 B1 DC E7 B3 B5 14 D2 CC C0 CC C0 14 D2
00008260  B3 B5 DC E7 E0 B1 00 00 B3 B5 24 18 CC C0 EC 2D
00008270  14 D2 34 3F DC E7 4D 4A 00 00 20 4E 24 18 4D 4A
00008280  EC 2D 34 3F 34 3F EC 2D 4D 4A 24 18 20 4E 00 00
00008290  4D 4A DC E7 34 3F 14 D2 EC 2D CC C0 24 18 B3 B5
000082A0  00 00 E0 B1 DC E7 B3 B5 14 D2 CC C0 CC C0 14 D2
000082B0  B3 B5 DC E7 E0 B1 00 00 B3 B5 24 18 CC C0 EC 2D
000082C0  14 D2 34 3F DC E7 4D 4A 00 00 20 4E 24 18 4D 4A
000082D0  EC 2D 34 3F 34 3F EC 2D 4D 4A 24 18 20 4E 00 00
000082E0  4D 4A DC E7 34 3F 14 D2 EC 2D CC C0 24 18 B3 B5
000082F0  00 00 E0 B1 DC E7 B3 B5 14 D2 CC C0 CC C0 14 D2
00008300  B3 B5 DC E7 E0 B1 00 00 B3 B5 24 18 CC C0 EC 2D
00008310  14 D2 34 3F DC E7 4D 4A 00 00 20 4E 24 18 4D 4A
00008320  EC 2D 34 3F 34 3F EC 2D 4D 4A 24 18 20 4E 00 00
00008330  4D 4A DC E7 34 3F 14 D2 EC 2D CC C0 24 18 B3 B5
00008340  00 00 E0 B1 DC E7 B3 B5 14 D2 CC C0 CC C0 14 D2
00008350  B3 B5 DC E7 E0 B1 00 00 B3 B5 24 18 CC C0 EC 2D
00008360  14 D2 34 3F DC E7 4D 4A 00 00 20 4E 24 18 4D 4A
00008370  EC 2D 34 3F 34 3F EC 2D 4D 4A 24 18 20 4E 00 00
00008380  4D 4A DC E7 34 3F 14 D2 EC 2D CC C0 24 18 B3 B5
00008390  00 00 E0 B1 DC E7 B3 B5 14 D2 CC C0 CC C0 14 D2
000083A0  B3 B5 DC E7 E0 B1 00 00 B3 B5 24 18 CC C0 EC 2D
000083B0  14 D2 34 3F DC E7 4D 4A 00 00 20 4E 24 18 4D 4A
000083C0  EC 2D 34 3F 34 3F EC 2D 4D 4A 24 18 20 4E 00 00
000083D0  4D 4A DC E7 34 3F 14 D2 EC 2D CC C0 24 18 B3 B5
000083E0  00 00 E0 B1 DC E7 B3 B5 14 D2 CC C0 CC C0 14 D2
000083F0  B3 B5 DC E7 E0 B1 00 00 B3 B5 24 18 CC C0 EC 2D
00008400  14 D2 34 3F DC E7 4D 4A 00 00 20 4E 24 18 4D 4A
00008410  EC 2D 34 3F 34 3F EC 2D 4D 4A 24 18 20 4E 00 00
00008420  4D 4A DC E7 34 3F 14 D2 EC 2D CC C0 24 18 B3 B5
00008430  00 00 E0 B1 DC E7 B3 B5 14 D2 CC C0 CC C0 14 D2
00008440  B3 B5 DC E7 E0 B1 00 00 B3 B5 24 18 CC C0 EC 2D
00008450  14 D2 34 3F DC E7 4D 4A 00 00 20 4E 24 18 4D 4A
00008460  EC 2D 34 3F 34 3F EC 2D 4D 4A 24 18 20 4E 00 00
00008470  4D 4A DC E7 34 3F 14 D2 EC 2D CC C0 24 18 B3 B5
00008480  00 00 E0 B1 DC E7 B3 B5 14 D2 CC C0 CC C0 14 D2
00008490  B3 B5 DC E7 E0 B1 00 00 B3 B5 24 18 CC C0 EC 2D
000084A0  14 D2 34 3F DC E7 4D 4A 00 00 20 4E 24 18 4D 4A
000084B0  EC 2D 34 3F 34 3F EC 2D 4D 4A 24 18 20 4E 00 00
000084C0  4D 4A DC E7 34 3F 14 D2 EC 2D CC C0 24 18 B3 B5
000084D0  00 00 E0 B1 DC E7 B3 B5 14 D2 CC C0 CC C0 14 D2
000084E0  B3 B5 DC E7 E0 B1 00 00 B3 B5 24 18 CC C0 EC 2D
000084F0  14 D2 34 3F DC E7 4D 4A 00 00 20 4E 24 18 4D 4A
00008500  EC 2D 34 3F 34 3F EC 2D 4D 4A 24 18 20 4E 00 00
00008510  4D 4A DC E7 34 3F 14 D2 EC 2D CC C0 24 18 B3 B5
00008520  00 00 E0 B1 DC E7 B3 B5 14 D2 CC C0 CC C0 14 D2
00008530  B3 B5 DC E7 E0 B1 00 00 B3 B5 24 18 CC C0 EC 2D
00008540  14 D2 34 3F DC E7 4D 4A 00 00 20 4E 24 18 4D 4A
00008550  EC 2D 34 3F 34 3F EC 2D 4D 4A 24 18 20 4E 00 00
00008560  4D 4A DC E7 34 3F 14 D2 EC 2D CC C0 24 18 B3 B5
00008570  00 00 E0 B1 DC E7 B3 B5 14 D2 CC C0 CC C0 14 D2
00008580  B3 B5 DC E7 E0 B1 00 00 B3 B5 24 18 CC C0 EC 2D
00008590  14 D2 34 3F DC E7 4D 4A 00 00 20 4E 24 18 4D 4A
000085A0  EC 2D 34 3F 34 3F EC 2D 4D 4A 24 18 20 4E 00 00
000085B0  4D 4A DC E7 34 3F 14 D2 EC 2D CC C0 24 18 B3 B5
000085C0  00 00 E0 B1 DC E7 B3 B5 14 D2 CC C0 CC C0 14 D2
000085D0  B3 B5 DC E7 E0 B1 00 00 B3 B5 24 18 CC C0 EC 2D
000085E0  14 D2 34 3F DC E7 4D 4A 00 00 20 4E 24 18 4D 4A
000085F0  EC 2D 34 3F 34 3F EC 2D 4D 4A 24 18 20 4E 00 00
00008600  4D 4A DC E7 34 3F 14 D2 EC 2D CC C0 24 18 B3 B5
00008610  00 00 E0 B1 DC E7 B3 B5 14 D2 CC C0 CC C0 14 D2
00008620  B3 B5 DC E7 E0 B1 00 00 B3 B5 24 18 CC C0 EC 2D
00008630  14 D2 34 3F DC E7 4D 4A 00 00 20 4E 24 18 4D 4A
00008640  EC 2D 34 3F 34 3F EC 2D 4D 4A 24 18 20 4E 00 00
00008650  4D 4A DC E7 34 3F 14 D2 EC 2D CC C0 24 18 B3 B5
00008660  00 00 E0 B1 DC E7 B3 B5 14 D2 CC C0 CC C0 14 D2
00008670  B3 B5 DC E7 E0 B1 00 00 B3 B5 24 18 CC C0 EC 2D
00008680  14 D2 34 3F DC E7 4D 4A 00 00 20 4E 24 18 4D 4A
00008690  EC 2D 34 3F 34 3F EC 2D 4D 4A 24 18 20 4E 00 00
000086A0  4D 4A DC E7 34 3F 14 D2 EC 2D CC C0 24 18 B3 B5
000086B0  00 00 E0 B1 DC E7 B3 B5 14 D2 CC C0 CC C0 14 D2
000086C0  B3 B5 DC E7 E0 B1 00 00 B3 B5 24 18 CC C0 EC 2D
000086D0  14 D2 34 3F DC E7 4D 4A 00 00 20 4E 24 18 4D 4A
000086E0  EC 2D 34 3F 34 3F EC 2D 4D 4A 24 18 20 4E 00 00
000086F0  4D 4A DC E7 34 3F 14 D2 EC 2D CC C0 24 18 B3 B5
00008700  00 00 E0 B1 DC E7 B3 B5 14 D2 CC C0 CC C0 14 D2
00008710  B3 B5 DC E7 E0 B1 00 00 B3 B5 24 18 CC C0 EC 2D
00008720  14 D2 34 3F DC E7 4D 4A 00 00 20 4E 24 18 4D 4A
00008730  EC 2D 34 3F 34 3F EC 2D 4D 4A 24 18 20 4E 00 00
00008740  4D 4A DC E7 34 3F 14 D2 EC 2D CC C0 24 18 B3 B5
00008750  00 00 E0 B1 DC E7 B3 B5 14 D2 CC C0 CC C0 14 D2
00008760  B3 B5 DC E7 E0 B1 00 00 B3 B5 24 18 CC C0 EC 2D
00008770  14 D2 34 3F DC E7 4D 4A 00 00 20 4E 24 18 4D 4A
00008780  EC 2D 34 3F 34 3F EC 2D 4D 4A 24 18 20 4E 00 00
00008790  4D 4A DC E7 34 3F 14 D2 EC 2D CC C0 24 18 B3 B5
000087A0  00 00 E0 B1 DC E7 B3 B5 14 D2 CC C0 CC C0 14 D2
000087B0  B3 B5 DC E7 E0 B1 00 00 B3 B5 24 18 CC C0 EC 2D
000087C0  14 D2 34 3F DC E7 4D 4A 00 00 20 4E 24 18 4D 4A
000087D0  EC 2D 34 3F 34 3F EC 2D 4D 4A 24 18 20 4E 00 00
000087E0  4D 4A DC E7 34 3F 14 D2 EC 2D CC C0 24 18 B3 B5
000087F0  00 00 E0 B1 DC E7 B3 B5 14 D2 CC C0 CC C0 14 D2
00008800  B3 B5 DC E7 E0 B1 00 00 B3 B5 24 18 CC C0 EC 2D
00008810  14 D2 34 3F DC E7 4D 4A 00 00 20 4E 24 18 4D 4A
00008820  EC 2D 34 3F 34 3F EC 2D 4D 4A 24 18 20 4E 00 00
00008830  4D 4A DC E7 34 3F 14 D2 EC 2D CC C0 24 18 B3 B5
00008840  00 00 E0 B1 DC E7 B3 B5 14 D2 CC C0 CC C0 14 D2
00008850  B3 B5 DC E7 E0 B1 00 00 B3 B5 24 18 CC C0 EC 2D
00008860  14 D2 34 3F DC E7 4D 4A 00 00 20 4E 24 18 4D 4A
00008870  EC 2D 34 3F 34 3F EC 2D 4D 4A 24 18 20 4E 00 00
00008880  4D 4A DC E7 34 3F 14 D2 EC 2D CC C0 24 18 B3 B5
00008890  00 00 E0 B1 DC E7 B3 B5 14 D2 CC C0 CC C0 14 D2
000088A0  B3 B5 DC E7 E0 B1 00 00 B3 B5 24 18 CC C0 EC 2D
000088B0  14 D2 34 3F DC E7 4D 4A 00 00 20 4E 24 18 4D 4A
000088C0  EC 2D 34 3F 34 3F EC 2D 4D 4A 24 18 20 4E 00 00
000088D0  4D 4A DC E7 34 3F 14 D2 EC 2D CC C0 24 18 B3 B5
000088E0  00 00 E0 B1 DC E7 B3 B5 14 D2 CC C0 CC C0 14 D2
000088F0  B3 B5 DC E7 E0 B1 00 00 B3 B5 24 18 CC C0 EC 2D
00008900  14 D2 34 3F DC E7 4D 4A 00 00 20 4E 24 18 4D 4A
00008910  EC 2D 34 3F 34 3F EC 2D 4D 4A 24 18 20 4E 00 00
00008920  4D 4A DC E7 34 3F 14 D2 EC 2D CC C0 24 18 B3 B5
00008930  00 00 E0 B1 DC E7 B3 B5 14 D2 CC C0 CC C0 14 D2
00008940  B3 B5 DC E7 E0 B1 00 00 B3 B5 24 18 CC C0 EC 2D
00008950  14 D2 34 3F DC E7 4D 4A 00 00 20 4E 24 18 4D 4A
00008960  EC 2D 34 3F 34 3F EC 2D 4D 4A 24 18 20 4E 00 00
00008970  4D 4A DC E7 34 3F 14 D2 EC 2D CC C0 24 18 B3 B5
00008980  00 00 E0 B1 DC E7 B3 B5 14 D2 CC C0 CC C0 14 D2
00008990  B3 B5 DC E7 E0 B1 00 00 B3 B5 24 18 CC C0 EC 2D
000089A0  14 D2 34 3F DC E7 4D 4A 00 00 20 4E 24 18 4D 4A
000089B0  EC 2D 34 3F 34 3F EC 2D 4D 4A 24 18 20 4E 00 00
000089C0  4D 4A DC E7 34 3F 14 D2 EC 2D CC C0 24 18 B3 B5
000089D0  00 00 E0 B1 DC E7 B3 B5 14 D2 CC C0 CC C0 14 D2
000089E0  B3 B5 DC E7 E0 B1 00 00 B3 B5 24 18 CC C0 EC 2D
000089F0  14 D2 34 3F DC E7 4D 4A 00 00 20 4E 24 18 4D 4A
00008A00  EC 2D 34 3F 34 3F EC 2D 4D 4A 24 18 20 4E 00 00
00008A10  4D 4A DC E7 34 3F 14 D2 EC 2D CC C0 24 18 B3 B5
00008A20  00 00 E0 B1 DC E7 B3 B5 14 D2 CC C0 CC C0 14 D2
00008A30  B3 B5 DC E7 E0 B1 00 00 B3 B5 24 18 CC C0 EC 2D
00008A40  14 D2 34 3F DC E7 4D 4A 00 00 20 4E 24 18 4D 4A
00008A50  EC 2D 34 3F 34 3F EC 2D 4D 4A 24 18 20 4E 00 00
00008A60  4D 4A DC E7 34 3F 14 D2 EC 2D CC C0 24 18 B3 B5
00008A70  00 00 E0 B1 DC E7 B3 B5 14 D2 CC C0 CC C0 14 D2
00008A80  B3 B5 DC E7 E0 B1 00 00 B3 B5 24 18 CC C0 EC 2D
00008A90  14 D2 34 3F DC E7 4D 4A 00 00 20 4E 24 18 4D 4A
00008AA0  EC 2D 34 3F 34 3F EC 2D 4D 4A 24 18 20 4E 00 00
00008AB0  4D 4A DC E7 34 3F 14 D2 EC 2D CC C0 24 18 B3 B5
00008AC0  00 00 E0 B1 DC E7 B3 B5 14 D2 CC C0 CC C0 14 D2
00008AD0  B3 B5 DC E7 E0 B1 00 00 B3 B5 24 18 CC C0 EC 2D
00008AE0  14 D2 34 3F DC E7 4D 4A 00 00 20 4E 24 18 4D 4A
00008AF0  EC 2D 34 3F 34 3F EC 2D 4D 4A 24 18 20 4E 00 00
00008B00  4D 4A DC E7 34 3F 14 D2 EC 2D CC C0 24 18 B3 B5
00008B10  00 00 E0 B1 DC E7 B3 B5 14 D2 CC C0 CC C0 14 D2
00008B20  B3 B5 DC E7 E0 B1 00 00 B3 B5 24 18 CC C0 EC 2D
00008B30  14 D2 34 3F DC E7 4D 4A 00 00 20 4E 24 18 4D 4A
00008B40  EC 2D 34 3F 34 3F EC 2D 4D 4A 24 18 20 4E 00 00
00008B50  4D 4A DC E7 34 3F 14 D2 EC 2D CC C0 24 18 B3 B5
00008B60  00 00 E0 B1 DC E7 B3 B5 14 D2 CC C0 CC C0 14 D2
00008B70  B3 B5 DC E7 E0 B1 00 00 B3 B5 24 18 CC C0 EC 2D
00008B80  14 D2 34 3F DC E7 4D 4A 00 00 20 4E 24 18 4D 4A
00008B90  EC 2D 34 3F 34 3F EC 2D 4D 4A 24 18 20 4E 00 00
00008BA0  4D 4A DC E7 34 3F 14 D2 EC 2D CC C0 24 18 B3 B5
00008BB0  00 00 E0 B1 DC E7 B3 B5 14 D2 CC C0 CC C0 14 D2
00008BC0  B3 B5 DC E7 E0 B1 00 00 B3 B5 24 18 CC C0 EC 2D
00008BD0  14 D2 34 3F DC E7 4D 4A 00 00 20 4E 24 18 4D 4A
00008BE0  EC 2D 34 3F 34 3F EC 2D 4D 4A 24 18 20 4E 00 00
00008BF0  4D 4A DC E7 34 3F 14 D2 EC 2D CC C0 24 18 B3 B5
00008C00  00 00 E0 B1 DC E7 B3 B5 14 D2 CC C0 CC C0 14 D2
00008C10  B3 B5 DC E7 E0 B1 00 00 B3 B5 24 18 CC C0 EC 2D
00008C20  14 D2 34 3F DC E7 4D 4A 00 00 20 4E 24 18 4D 4A
00008C30  EC 2D 34 3F 34 3F EC 2D 4D 4A 24 18 20 4E 00 00
00008C40  4D 4A DC E7 34 3F 14 D2 EC 2D CC C0 24 18 B3 B5
00008C50  00 00 E0 B1 DC E7 B3 B5 14 D2 CC C0 CC C0 14 D2
00008C60  B3 B5 DC E7 E0 B1 00 00 B3 B5 24 18 CC C0 EC 2D
00008C70  14 D2 34 3F DC E7 4D 4A 00 00 20 4E 24 18 4D 4A
00008C80  EC 2D 34 3F 34 3F EC 2D 4D 4A 24 18 20 4E 00 00
00008C90  4D 4A DC E7 34 3F 14 D2 EC 2D CC C0 24 18 B3 B5
00008CA0  00 00 E0 B1 DC E7 B3 B5 14 D2 CC C0 CC C0 14 D2
00008CB0  B3 B5 DC E7 E0 B1 00 00 B3 B5 24 18 CC C0 EC 2D
00008CC0  14 D2 34 3F DC E7 4D 4A 00 00 20 4E 24 18 4D 4A
00008CD0  EC 2D 34 3F 34 3F EC 2D 4D 4A 24 18 20 4E 00 00
00008CE0  4D 4A DC E7 34 3F 14 D2 EC 2D CC C0 24 18 B3 B5
00008CF0  00 00 E0 B1 DC E7 B3 B5 14 D2 CC C0 CC C0 14 D2
00008D00  B3 B5 DC E7 E0 B1 00 00 B3 B5 24 18 CC C0 EC 2D
00008D10  14 D2 34 3F DC E7 4D 4A 00 00 20 4E 24 18 4D 4A
00008D20  EC 2D 34 3F 34 3F EC 2D 4D 4A 24 18 20 4E 00 00
00008D30  4D 4A DC E7 34 3F 14 D2 EC 2D CC C0 24 18 B3 B5
00008D40  00 00 E0 B1 DC E7 B3 B5 14 D2 CC C0 CC C0 14 D2
00008D50  B3 B5 DC E7 E0 B1 00 00 B3 B5 24 18 CC C0 EC 2D
00008D60  14 D2 34 3F DC E7 4D 4A 00 00 20 4E 24 18 4D 4A
00008D70  EC 2D 34 3F 34 3F EC 2D 4D 4A 24 18 20 4E 00 00
00008D80  4D 4A DC E7 34 3F 14 D2 EC 2D CC C0 24 18 B3 B5
00008D90  00 00 E0 B1 DC E7 B3 B5 14 D2 CC C0 CC C0 14 D2
00008DA0  B3 B5 DC E7 E0 B1 00 00 B3 B5 24 18 CC C0 EC 2D
00008DB0  14 D2 34 3F DC E7 4D 4A 00 00 20 4E 24 18 4D 4A
00008DC0  EC 2D 34 3F 34 3F EC 2D 4D 4A 24 18 20 4E 00 00
00008DD0  4D 4A DC E7 34 3F 14 D2 EC 2D CC C0 24 18 B3 B5
00008DE0  00 00 E0 B1 DC E7 B3 B5 14 D2 CC C0 CC C0 14 D2
00008DF0  B3 B5 DC E7 E0 B1 00 00 B3 B5 24 18 CC C0 EC 2D
00008E00  14 D2 34 3F DC E7 4D 4A 00 00 20 4E 24 18 4D 4A
00008E10  EC 2D 34 3F 34 3F EC 2D 4D 4A 24 18 20 4E 00 00
00008E20  4D 4A DC E7 34 3F 14 D2 EC 2D CC C0 24 18 B3 B5
00008E30  00 00 E0 B1 DC E7 B3 B5 14 D2 CC C0 CC C0 14 D2
00008E40  B3 B5 DC E7 E0 B1 00 00 B3 B5 24 18 CC C0 EC 2D
00008E50  14 D2 34 3F DC E7 4D 4A 00 00 20 4E 24 18 4D 4A
00008E60  EC 2D 34 3F 34 3F EC 2D 4D 4A 24 18 20 4E 00 00
00008E70  4D 4A DC E7 34 3F 14 D2 EC 2D CC C0 24 18 B3 B5
00008E80  00 00 E0 B1 DC E7 B3 B5 14 D2 CC C0 CC C0 14 D2
00008E90  B3 B5 DC E7 E0 B1 00 00 B3 B5 24 18 CC C0 EC 2D
00008EA0  14 D2 34 3F DC E7 4D 4A 00 00 20 4E 24 18 4D 4A
00008EB0  EC 2D 34 3F 34 3F EC 2D 4D 4A 24 18 20 4E 00 00
00008EC0  4D 4A DC E7 34 3F 14 D2 EC 2D CC C0 24 18 B3 B5
00008ED0  00 00 E0 B1 DC E7 B3 B5 14 D2 CC C0 CC C0 14 D2
00008EE0  B3 B5 DC E7 E0 B1 00 00 B3 B5 24 18 CC C0 EC 2D
00008EF0  14 D2 34 3F DC E7 4D 4A 00 00 20 4E 24 18 4D 4A
00008F00  EC 2D 34 3F 34 3F EC 2D 4D 4A 24 18 20 4E 00 00
00008F10  4D 4A DC E7 34 3F 14 D2 EC 2D CC C0 24 18 B3 B5
00008F20  00 00 E0 B1 DC E7 B3 B5 14 D2 CC C0 CC C0 14 D2
00008F30  B3 B5 DC E7 E0 B1 00 00 B3 B5 24 18 CC C0 EC 2D
00008F40  14 D2 34 3F DC E7 4D 4A 00 00 20 4E 24 18 4D 4A
00008F50  EC 2D 34 3F 34 3F EC 2D 4D 4A 24 18 20 4E 00 00
00008F60  4D 4A DC E7 34 3F 14 D2 EC 2D CC C0 24 18 B3 B5
00008F70  00 00 E0 B1 DC E7 B3 B5 14 D2 CC C0 CC C0 14 D2
00008F80  B3 B5 DC E7 E0 B1 00 00 B3 B5 24 18 CC C0 EC 2D
00008F90  14 D2 34 3F DC E7 4D 4A 00 00 20 4E 24 18 4D 4A
00008FA0  EC 2D 34 3F 34 3F EC 2D 4D 4A 24 18 20 4E 00 00
00008FB0  4D 4A DC E7 34 3F 14 D2 EC 2D CC C0 24 18 B3 B5
00008FC0  00 00 E0 B1 DC E7 B3 B5 14 D2 CC C0 CC C0 14 D2
00008FD0  B3 B5 DC E7 E0 B1 00 00 B3 B5 24 18 CC C0 EC 2D
00008FE0  14 D2 34 3F DC E7 4D 4A 00 00 20 4E 24 18 4D 4A
00008FF0  EC 2D 34 3F 34 3F EC 2D 4D 4A 24 18 20 4E 00 00
00009000  4D 4A DC E7 34 3F 14 D2 EC 2D CC C0 24 18 B3 B5
00009010  00 00 E0 B1 DC E7 B3 B5 14 D2 CC C0 CC C0 14 D2
00009020  B3 B5 DC E7 E0 B1 00 00 B3 B5 24 18 CC C0 EC 2D
00009030  14 D2 34 3F DC E7 4D 4A 00 00 20 4E 24 18 4D 4A
00009040  EC 2D 34 3F 34 3F EC 2D 4D 4A 24 18 20 4E 00 00
00009050  4D 4A DC E7 34 3F 14 D2 EC 2D CC C0 24 18 B3 B5
00009060  00 00 E0 B1 DC E7 B3 B5 14 D2 CC C0 CC C0 14 D2
00009070  B3 B5 DC E7 E0 B1 00 00 B3 B5 24 18 CC C0 EC 2D
00009080  14 D2 34 3F DC E7 4D 4A 00 00 20 4E 24 18 4D 4A
00009090  EC 2D 34 3F 34 3F EC 2D 4D 4A 24 18 20 4E 00 00
000090A0  4D 4A DC E7 34 3F 14 D2 EC 2D CC C0 24 18 B3 B5
000090B0  00 00 E0 B1 DC E7 B3 B5 14 D2 CC C0 CC C0 14 D2
000090C0  B3 B5 DC E7 E0 B1 00 00 B3 B5 24 18 CC C0 EC 2D
000090D0  14 D2 34 3F DC E7 4D 4A 00 00 20 4E 24 18 4D 4A
000090E0  EC 2D 34 3F 34 3F EC 2D 4D 4A 24 18 20 4E 00 00
000090F0  4D 4A DC E7 34 3F 14 D2 EC 2D CC C0 24 18 B3 B5
00009100  00 00 E0 B1 DC E7 B3 B5 14 D2 CC C0 CC C0 14 D2
00009110  B3 B5 DC E7 E0 B1 00 00 B3 B5 24 18 CC C0 EC 2D
00009120  14 D2 34 3F DC E7 4D 4A 00 00 20 4E 24 18 4D 4A
00009130  EC 2D 34 3F 34 3F EC 2D 4D 4A 24 18 20 4E 00 00
00009140  4D 4A DC E7 34 3F 14 D2 EC 2D CC C0 24 18 B3 B5
00009150  00 00 E0 B1 DC E7 B3 B5 14 D2 CC C0 CC C0 14 D2
00009160  B3 B5 DC E7 E0 B1 00 00 B3 B5 24 18 CC C0 EC 2D
00009170  14 D2 34 3F DC E7 4D 4A 00 00 20 4E 24 18 4D 4A
00009180  EC 2D 34 3F 34 3F EC 2D 4D 4A 24 18 20 4E 00 00
00009190  4D 4A DC E7 34 3F 14 D2 EC 2D CC C0 24 18 B3 B5
000091A0  00 00 E0 B1 DC E7 B3 B5 14 D2 CC C0 CC C0 14 D2
000091B0  B3 B5 DC E7 E0 B1 00 00 B3 B5 24 18 CC C0 EC 2D
000091C0  14 D2 34 3F DC E7 4D 4A 00 00 20 4E 24 18 4D 4A
000091D0  EC 2D 34 3F 34 3F EC 2D 4D 4A 24 18 20 4E 00 00
000091E0  4D 4A DC E7 34 3F 14 D2 EC 2D CC C0 24 18 B3 B5
000091F0  00 00 E0 B1 DC E7 B3 B5 14 D2 CC C0 CC C0 14 D2
00009200  B3 B5 DC E7 E0 B1 00 00 B3 B5 24 18 CC C0 EC 2D
00009210  14 D2 34 3F DC E7 4D 4A 00 00 20 4E 24 18 4D 4A
00009220  EC 2D 34 3F 34 3F EC 2D 4D 4A 24 18 20 4E 00 00
00009230  4D 4A DC E7 34 3F 14 D2 EC 2D CC C0 24 18 B3 B5
00009240  00 00 E0 B1 DC E7 B3 B5 14 D2 CC C0 CC C0 14 D2
00009250  B3 B5 DC E7 E0 B1 00 00 B3 B5 24 18 CC C0 EC 2D
00009260  14 D2 34 3F DC E7 4D 4A 00 00 20 4E 24 18 4D 4A
00009270  EC 2D 34 3F 34 3F EC 2D 4D 4A 24 18 20 4E 00 00
00009280  4D 4A DC E7 34 3F 14 D2 EC 2D CC C0 24 18 B3 B5
00009290  00 00 E0 B1 DC E7 B3 B5 14 D2 CC C0 CC C0 14 D2
000092A0  B3 B5 DC E7 E0 B1 00 00 B3 B5 24 18 CC C0 EC 2D
000092B0  14 D2 34 3F DC E7 4D 4A 00 00 20 4E 24 18 4D 4A
000092C0  EC 2D 34 3F 34 3F EC 2D 4D 4A 24 18 20 4E 00 00
000092D0  4D 4A DC E7 34 3F 14 D2 EC 2D CC C0 24 18 B3 B5
000092E0  00 00 E0 B1 DC E7 B3 B5 14 D2 CC C0 CC C0 14 D2
000092F0  B3 B5 DC E7 E0 B1 00 00 B3 B5 24 18 CC C0 EC 2D
00009300  14 D2 34 3F DC E7 4D 4A 00 00 20 4E 24 18 4D 4A
00009310  EC 2D 34 3F 34 3F EC 2D 4D 4A 24 18 20 4E 00 00
00009320  4D 4A DC E7 34 3F 14 D2 EC 2D CC C0 24 18 B3 B5
00009330  00 00 E0 B1 DC E7 B3 B5 14 D2 CC C0 CC C0 14 D2
00009340  B3 B5 DC E7 E0 B1 00 00 B3 B5 24 18 CC C0 EC 2D
00009350  14 D2 34 3F DC E7 4D 4A 00 00 20 4E 24 18 4D 4A
00009360  EC 2D 34 3F 34 3F EC 2D 4D 4A 24 18 20 4E 00 00
00009370  4D 4A DC E7 34 3F 14 D2 EC 2D CC C0 24 18 B3 B5
00009380  00 00 E0 B1 DC E7 B3 B5 14 D2 CC C0 CC C0 14 D2
00009390  B3 B5 DC E7 E0 B1 00 00 B3 B5 24 18 CC C0 EC 2D
000093A0  14 D2 34 3F DC E7 4D 4A 00 00 20 4E 24 18 4D 4A
000093B0  EC 2D 34 3F 34 3F EC 2D 4D 4A 24 18 20 4E 00 00
000093C0  4D 4A DC E7 34 3F 14 D2 EC 2D CC C0 24 18 B3 B5
000093D0  00 00 E0 B1 DC E7 B3 B5 14 D2 CC C0 CC C0 14 D2
000093E0  B3 B5 DC E7 E0 B1 00 00 B3 B5 24 18 CC C0 EC 2D
000093F0  14 D2 34 3F DC E7 4D 4A 00 00 20 4E 24 18 4D 4A
00009400  EC 2D 34 3F 34 3F EC 2D 4D 4A 24 18 20 4E 00 00
00009410  4D 4A DC E7 34 3F 14 D2 EC 2D CC C0 24 18 B3 B5
00009420  00 00 E0 B1 DC E7 B3 B5 14 D2 CC C0 CC C0 14 D2
00009430  B3 B5 DC E7 E0 B1 00 00 B3 B5 24 18 CC C0 EC 2D
00009440  14 D2 34 3F DC E7 4D 4A 00 00 20 4E 24 18 4D 4A
00009450  EC 2D 34 3F 34 3F EC 2D 4D 4A 24 18 20 4E 00 00
00009460  4D 4A DC E7 34 3F 14 D2 EC 2D CC C0 24 18 B3 B5
00009470  00 00 E0 B1 DC E7 B3 B5 14 D2 CC C0 CC C0 14 D2
00009480  B3 B5 DC E7 E0 B1 00 00 B3 B5 24 18 CC C0 EC 2D
00009490  14 D2 34 3F DC E7 4D 4A 00 00 20 4E 24 18 4D 4A
000094A0  EC 2D 34 3F 34 3F EC 2D 4D 4A 24 18 20 4E 00 00
000094B0  4D 4A DC E7 34 3F 14 D2 EC 2D CC C0 24 18 B3 B5
000094C0  00 00 E0 B1 DC E7 B3 B5 14 D2 CC C0 CC C0 14 D2
000094D0  B3 B5 DC E7 E0 B1 00 00 B3 B5 24 18 CC C0 EC 2D
000094E0  14 D2 34 3F DC E7 4D 4A 00 00 20 4E 24 18 4D 4A
000094F0  EC 2D 34 3F 34 3F EC 2D 4D 4A 24 18 20 4E 00 00
00009500  4D 4A DC E7 34 3F 14 D2 EC 2D CC C0 24 18 B3 B5
00009510  00 00 E0 B1 DC E7 B3 B5 14 D2 CC C0 CC C0 14 D2
00009520  B3 B5 DC E7 E0 B1 00 00 B3 B5 24 18 CC C0 EC 2D
00009530  14 D2 34 3F DC E7 4D 4A 00 00 20 4E 24 18 4D 4A
00009540  EC 2D 34 3F 34 3F EC 2D 4D 4A 24 18 20 4E 00 00
00009550  4D 4A DC E7 34 3F 14 D2 EC 2D CC C0 24 18 B3 B5
00009560  00 00 E0 B1 DC E7 B3 B5 14 D2 CC C0 CC C0 14 D2
00009570  B3 B5 DC E7 E0 B1 00 00 B3 B5 24 18 CC C0 EC 2D
00009580  14 D2 34 3F DC E7 4D 4A 00 00 20 4E 24 18 4D 4A
00009590  EC 2D 34 3F 34 3F EC 2D 4D 4A 24 18 20 4E 00 00
000095A0  4D 4A DC E7 34 3F 14 D2 EC 2D CC C0 24 18 B3 B5
000095B0  00 00 E0 B1 DC E7 B3 B5 14 D2 CC C0 CC C0 14 D2
000095C0  B3 B5 DC E7 E0 B1 00 00 B3 B5 24 18 CC C0 EC 2D
000095D0  14 D2 34 3F DC E7 4D 4A 00 00 20 4E 24 18 4D 4A
000095E0  EC 2D 34 3F 34 3F EC 2D 4D 4A 24 18 20 4E 00 00
000095F0  4D 4A DC E7 34 3F 14 D2 EC 2D CC C0 24 18 B3 B5
00009600  00 00 E0 B1 DC E7 B3 B5 14 D2 CC C0 CC C0 14 D2
00009610  B3 B5 DC E7 E0 B1 00 00 B3 B5 24 18 CC C0 EC 2D
00009620  14 D2 34 3F DC E7 4D 4A 00 00 20 4E 24 18 4D 4A
00009630  EC 2D 34 3F 34 3F EC 2D 4D 4A 24 18 20 4E 00 00
00009640  4D 4A DC E7 34 3F 14 D2 EC 2D CC C0 24 18 B3 B5
00009650  00 00 E0 B1 DC E7 B3 B5 14 D2 CC C0 CC C0 14 D2
00009660  B3 B5 DC E7 E0 B1 00 00 B3 B5 24 18 CC C0 EC 2D
00009670  14 D2 34 3F DC E7 4D 4A 00 00 20 4E 24 18 4D 4A
00009680  EC 2D 34 3F 34 3F EC 2D 4D 4A 24 18 20 4E 00 00
00009690  4D 4A DC E7 34 3F 14 D2 EC 2D CC C0 24 18 B3 B5
000096A0  00 00 E0 B1 DC E7 B3 B5 14 D2 CC C0 CC C0 14 D2
000096B0  B3 B5 DC E7 E0 B1 00 00 B3 B5 24 18 CC C0 EC 2D
000096C0  14 D2 34 3F DC E7 4D 4A 00 00 20 4E 24 18 4D 4A
000096D0  EC 2D 34 3F 34 3F EC 2D 4D 4A 24 18 20 4E 00 00
000096E0  4D 4A DC E7 34 3F 14 D2 EC 2D CC C0 24 18 B3 B5
000096F0  00 00 E0 B1 DC E7 B3 B5 14 D2 CC C0 CC C0 14 D2
00009700  B3 B5 DC E7 E0 B1 00 00 B3 B5 24 18 CC C0 EC 2D
00009710  14 D2 34 3F DC E7 4D 4A 00 00 20 4E 24 18 4D 4A
00009720  EC 2D 34 3F 34 3F EC 2D 4D 4A 24 18 20 4E 00 00
00009730  4D 4A DC E7 34 3F 14 D2 EC 2D CC C0 24 18 B3 B5
00009740  00 00 E0 B1 DC E7 B3 B5 14 D2 CC C0 CC C0 14 D2
00009750  B3 B5 DC E7 E0 B1 00 00 B3 B5 24 18 CC C0 EC 2D
00009760  14 D2 34 3F DC E7 4D 4A 00 00 20 4E 24 18 4D 4A
00009770  EC 2D 34 3F 34 3F EC 2D 4D 4A 24 18 20 4E 00 00
00009780  4D 4A DC E7 34 3F 14 D2 EC 2D CC C0 24 18 B3 B5
00009790  00 00 E0 B1 DC E7 B3 B5 14 D2 CC C0 CC C0 14 D2
000097A0  B3 B5 DC E7 E0 B1 00 00 B3 B5 24 18 CC C0 EC 2D
000097B0  14 D2 34 3F DC E7 4D 4A 00 00 20 4E 24 18 4D 4A
000097C0  EC 2D 34 3F 34 3F EC 2D 4D 4A 24 18 20 4E 00 00
000097D0  4D 4A DC E7 34 3F 14 D2 EC 2D CC C0 24 18 B3 B5
000097E0  00 00 E0 B1 DC E7 B3 B5 14 D2 CC C0 CC C0 14 D2
000097F0  B3 B5 DC E7 E0 B1 00 00 B3 B5 24 18 CC C0 EC 2D
00009800  14 D2 34 3F DC E7 4D 4A 00 00 20 4E 24 18 4D 4A
00009810  EC 2D 34 3F 34 3F EC 2D 4D 4A 24 18 20 4E 00 00
00009820  4D 4A DC E7 34 3F 14 D2 EC 2D CC C0 24 18 B3 B5
00009830  00 00 E0 B1 DC E7 B3 B5 14 D2 CC C0 CC C0 14 D2
00009840  B3 B5 DC E7 E0 B1 00 00 B3 B5 24 18 CC C0 EC 2D
00009850  14 D2 34 3F DC E7 4D 4A 00 00 20 4E 24 18 4D 4A
00009860  EC 2D 34 3F 34 3F EC 2D 4D 4A 24 18 20 4E 00 00
00009870  4D 4A DC E7 34 3F 14 D2 EC 2D CC C0 24 18 B3 B5
00009880  00 00 E0 B1 DC E7 B3 B5 14 D2 CC C0 CC C0 14 D2
00009890  B3 B5 DC E7 E0 B1 00 00 B3 B5 24 18 CC C0 EC 2D
000098A0  14 D2 34 3F DC E7 4D 4A 00 00 20 4E 24 18 4D 4A
000098B0  EC 2D 34 3F 34 3F EC 2D 4D 4A 24 18 20 4E 00 00
000098C0  4D 4A DC E7 34 3F 14 D2 EC 2D CC C0 24 18 B3 B5
000098D0  00 00 E0 B1 DC E7 B3 B5 14 D2 CC C0 CC C0 14 D2
000098E0  B3 B5 DC E7 E0 B1 00 00 B3 B5 24 18 CC C0 EC 2D
000098F0  14 D2 34 3F DC E7 4D 4A 00 00 20 4E 24 18 4D 4A
00009900  EC 2D 34 3F 34 3F EC 2D 4D 4A 24 18 20 4E 00 00
00009910  4D 4A DC E7 34 3F 14 D2 EC 2D CC C0 24 18 B3 B5
00009920  00 00 E0 B1 DC E7 B3 B5 14 D2 CC C0 CC C0 14 D2
00009930  B3 B5 DC E7 E0 B1 00 00 B3 B5 24 18 CC C0 EC 2D
00009940  14 D2 34 3F DC E7 4D 4A 00 00 20 4E 24 18 4D 4A
00009950  EC 2D 34 3F 34 3F EC 2D 4D 4A 24 18 20 4E 00 00
00009960  4D 4A DC E7 34 3F 14 D2 EC 2D CC C0 24 18 B3 B5
00009970  00 00 E0 B1 DC E7 B3 B5 14 D2 CC C0 CC C0 14 D2
00009980  B3 B5 DC E7 E0 B1 00 00 B3 B5 24 18 CC C0 EC 2D
00009990  14 D2 34 3F DC E7 4D 4A 00 00 20 4E 24 18 4D 4A
000099A0  EC 2D 34 3F 34 3F EC 2D 4D 4A 24 18 20 4E 00 00
000099B0  4D 4A DC E7 34 3F 14 D2 EC 2D CC C0 24 18 B3 B5
000099C0  00 00 E0 B1 DC E7 B3 B5 14 D2 CC C0 CC C0 14 D2
000099D0  B3 B5 DC E7 E0 B1 00 00 B3 B5 24 18 CC C0 EC 2D
000099E0  14 D2 34 3F DC E7 4D 4A 00 00 20 4E 24 18 4D 4A
000099F0  EC 2D 34 3F 34 3F EC 2D 4D 4A 24 18 20 4E 00 00
00009A00  4D 4A DC E7 34 3F 14 D2 EC 2D CC C0 24 18 B3 B5
00009A10  00 00 E0 B1 DC E7 B3 B5 14 D2 CC C0 CC C0 14 D2
00009A20  B3 B5 DC E7 E0 B1 00 00 B3 B5 24 18 CC C0 EC 2D
00009A30  14 D2 34 3F DC E7 4D 4A 00 00 20 4E 24 18 4D 4A
00009A40  EC 2D 34 3F 34 3F EC 2D 4D 4A 24 18 20 4E 00 00
00009A50  4D 4A DC E7 34 3F 14 D2 EC 2D CC C0 24 18 B3 B5
00009A60  00 00 E0 B1 DC E7 B3 B5 14 D2 CC C0 CC C0 14 D2
00009A70  B3 B5 DC E7 E0 B1 00 00 B3 B5 24 18 CC C0 EC 2D
00009A80  14 D2 34 3F DC E7 4D 4A 00 00 20 4E 24 18 4D 4A
00009A90  EC 2D 34 3F 34 3F EC 2D 4D 4A 24 18 20 4E 00 00
00009AA0  4D 4A DC E7 34 3F 14 D2 EC 2D CC C0 24 18 B3 B5
00009AB0  00 00 E0 B1 DC E7 B3 B5 14 D2 CC C0 CC C0 14 D2
00009AC0  B3 B5 DC E7 E0 B1 00 00 B3 B5 24 18 CC C0 EC 2D
00009AD0  14 D2 34 3F DC E7 4D 4A 00 00 20 4E 24 18 4D 4A
00009AE0  EC 2D 34 3F 34 3F EC 2D 4D 4A 24 18 20 4E 00 00
00009AF0  4D 4A DC E7 34 3F 14 D2 EC 2D CC C0 24 18 B3 B5
00009B00  00 00 E0 B1 DC E7 B3 B5 14 D2 CC C0 CC C0 14 D2
00009B10  B3 B5 DC E7 E0 B1 00 00 B3 B5 24 18 CC C0 EC 2D
00009B20  14 D2 34 3F DC E7 4D 4A 00 00 20 4E 24 18 4D 4A
00009B30  EC 2D 34 3F 34 3F EC 2D 4D 4A 24 18 20 4E 00 00
00009B40  4D 4A DC E7 34 3F 14 D2 EC 2D CC C0 24 18 B3 B5
00009B50  00 00 E0 B1 DC E7 B3 B5 14 D2 CC C0 CC C0 14 D2
00009B60  B3 B5 DC E7 E0 B1 00 00 B3 B5 24 18 CC C0 EC 2D
00009B70  14 D2 34 3F DC E7 4D 4A 00 00 20 4E 24 18 4D 4A
00009B80  EC 2D 34 3F 34 3F EC 2D 4D 4A 24 18 20 4E 00 00
00009B90  4D 4A DC E7 34 3F 14 D2 EC 2D CC C0 24 18 B3 B5
00009BA0  00 00 E0 B1 DC E7 B3 B5 14 D2 CC C0 CC C0 14 D2
00009BB0  B3 B5 DC E7 E0 B1 00 00 B3 B5 24 18 CC C0 EC 2D
00009BC0  14 D2 34 3F DC E7 4D 4A 00 00 20 4E 24 18 4D 4A
00009BD0  EC 2D 34 3F 34 3F EC 2D 4D 4A 24 18 20 4E 00 00
00009BE0  4D 4A DC E7 34 3F 14 D2 EC 2D CC C0 24 18 B3 B5
00009BF0  00 00 E0 B1 DC E7 B3 B5 14 D2 CC C0 CC C0 14 D2
00009C00  B3 B5 DC E7 E0 B1 00 00 B3 B5 24 18 CC C0 EC 2D
00009C10  14 D2 34 3F DC E7 4D 4A 00 00 20 4E 24 18 4D 4A
00009C20  EC 2D 34 3F 34 3F EC 2D 4D 4A 24 18 20 4E 00 00
00009C30  4D 4A DC E7 34 3F 14 D2 EC 2D CC C0 24 18 B3 B5
00009C40  00 00 E0 B1 DC E7 B3 B5 14 D2 CC C0 CC C0 14 D2
00009C50  B3 B5 DC E7 E0 B1 00 00 B3 B5 24 18 CC C0 EC 2D
00009C60  14 D2 34 3F DC E7 4D 4A 00 00 20 4E 24 18 4D 4A
00009C70  EC 2D 34 3F 34 3F EC 2D 4D 4A 24 18 20 4E 00 00
00009C80  4D 4A DC E7 34 3F 14 D2 EC 2D CC C0 24 18 B3 B5
00009C90  00 00 E0 B1 DC E7 B3 B5 14 D2 CC C0 CC C0 14 D2
00009CA0  B3 B5 DC E7 E0 B1 00 00 B3 B5 24 18 CC C0 EC 2D
00009CB0  14 D2 34 3F DC E7 4D 4A 00 00 20 4E 24 18 4D 4A
00009CC0  EC 2D 34 3F 34 3F EC 2D 4D 4A 24 18 20 4E 00 00
00009CD0  4D 4A DC E7 34 3F 14 D2 EC 2D CC C0 24 18 B3 B5
00009CE0  00 00 E0 B1 DC E7 B3 B5 14 D2 CC C0 CC C0 14 D2
00009CF0  B3 B5 DC E7 E0 B1 00 00 B3 B5 24 18 CC C0 EC 2D
00009D00  14 D2 34 3F DC E7 4D 4A 00 00 20 4E 24 18 4D 4A
00009D10  EC 2D 34 3F 34 3F EC 2D 4D 4A 24 18 20 4E 00 00
00009D20  4D 4A DC E7 34 3F 14 D2 EC 2D CC C0 24 18 B3 B5
00009D30  00 00 E0 B1 DC E7 B3 B5 14 D2 CC C0 CC C0 14 D2
00009D40  B3 B5 DC E7 E0 B1 00 00 B3 B5 24 18 CC C0 EC 2D
00009D50  14 D2 34 3F DC E7 4D 4A 00 00 20 4E 24 18 4D 4A
00009D60  EC 2D 34 3F 34 3F EC 2D 4D 4A 24 18 20 4E 00 00
00009D70  4D 4A DC E7 34 3F 14 D2 EC 2D CC C0 24 18 B3 B5
00009D80  00 00 E0 B1 DC E7 B3 B5 14 D2 CC C0 CC C0 14 D2
00009D90  B3 B5 DC E7 E0 B1 00 00 B3 B5 24 18 CC C0 EC 2D
00009DA0  14 D2 34 3F DC E7 4D 4A 00 00 20 4E 24 18 4D 4A
00009DB0  EC 2D 34 3F 34 3F EC 2D 4D 4A 24 18 20 4E 00 00
00009DC0  4D 4A DC E7 34 3F 14 D2 EC 2D CC C0 24 18 B3 B5
00009DD0  00 00 E0 B1 DC E7 B3 B5 14 D2 CC C0 CC C0 14 D2
00009DE0  B3 B5 DC E7 E0 B1 00 00 B3 B5 24 18 CC C0 EC 2D
00009DF0  14 D2 34 3F DC E7 4D 4A 00 00 20 4E 24 18 4D 4A
00009E00  EC 2D 34 3F 34 3F EC 2D 4D 4A 24 18 20 4E 00 00
00009E10  4D 4A DC E7 34 3F 14 D2 EC 2D CC C0 24 18 B3 B5
00009E20  00 00 E0 B1 DC E7 B3 B5 14 D2 CC C0 CC C0 14 D2
00009E30  B3 B5 DC E7 E0 B1 00 00 B3 B5 24 18 CC C0 EC 2D
00009E40  14 D2 34 3F DC E7 4D 4A 00 00 20 4E 24 18 4D 4A
00009E50  EC 2D 34 3F 34 3F EC 2D 4D 4A 24 18 20 4E 00 00
00009E60  4D 4A DC E7 34 3F 14 D2 EC 2D CC C0 24 18 B3 B5
00009E70  00 00 E0 B1 DC E7 B3 B5 14 D2 CC C0 CC C0 14 D2
00009E80  B3 B5 DC E7 E0 B1 00 00 B3 B5 24 18 CC C0 EC 2D
00009E90  14 D2 34 3F DC E7 4D 4A 00 00 20 4E 24 18 4D 4A
00009EA0  EC 2D 34 3F 34 3F EC 2D 4D 4A 24 18 20 4E 00 00
00009EB0  4D 4A DC E7 34 3F 14 D2 EC 2D CC C0 24 18 B3 B5
00009EC0  00 00 E0 B1 DC E7 B3 B5 14 D2 CC C0 CC C0 14 D2
00009ED0  B3 B5 DC E7 E0 B1 00 00 B3 B5 24 18 CC C0 EC 2D
00009EE0  14 D2 34 3F DC E7 4D 4A 00 00 20 4E 24 18 4D 4A
00009EF0  EC 2D 34 3F 34 3F EC 2D 4D 4A 24 18 20 4E 00 00
00009F00  4D 4A DC E7 34 3F 14 D2 EC 2D CC C0 24 18 B3 B5
00009F10  00 00 E0 B1 DC E7 B3 B5 14 D2 CC C0 CC C0 14 D2
00009F20  B3 B5 DC E7 E0 B1 00 00 B3 B5 24 18 CC C0 EC 2D
00009F30  14 D2 34 3F DC E7 4D 4A 00 00 20 4E 24 18 4D 4A
00009F40  EC 2D 34 3F 34 3F EC 2D 4D 4A 24 18 20 4E 00 00
00009F50  4D 4A DC E7 34 3F 14 D2 EC 2D CC C0 24 18 B3 B5
00009F60  00 00 E0 B1 DC E7 B3 B5 14 D2 CC C0 CC C0 14 D2
00009F70  B3 B5 DC E7 E0 B1 00 00 B3 B5 24 18 CC C0 EC 2D
00009F80  14 D2 34 3F DC E7 4D 4A 00 00 20 4E 24 18 4D 4A
00009F90  EC 2D 34 3F 34 3F EC 2D 4D 4A 24 18 20 4E 00 00
00009FA0  4D 4A DC E7 34 3F 14 D2 EC 2D CC C0 24 18 B3 B5
00009FB0  00 00 E0 B1 DC E7 B3 B5 14 D2 CC C0 CC C0 14 D2
00009FC0  B3 B5 DC E7 E0 B1 00 00 B3 B5 24 18 CC C0 EC 2D
00009FD0  14 D2 34 3F DC E7 4D 4A 00 00 20 4E 24 18 4D 4A
00009FE0  EC 2D 34 3F 34 3F EC 2D 4D 4A 24 18 20 4E 00 00
00009FF0  4D 4A DC E7 34 3F 14 D2 EC 2D CC C0 24 18 B3 B5
0000A000  00 00 E0 B1 DC E7 B3 B5 14 D2 CC C0 CC C0 14 D2
0000A010  B3 B5 DC E7 E0 B1 00 00 B3 B5 24 18 CC C0 EC 2D
0000A020  14 D2 34 3F DC E7 4D 4A 00 00 20 4E 24 18 4D 4A
0000A030  EC 2D 34 3F 34 3F EC 2D 4D 4A 24 18 20 4E 00 00
0000A040  4D 4A DC E7 34 3F 14 D2 EC 2D CC C0 24 18 B3 B5
0000A050  00 00 E0 B1 DC E7 B3 B5 14 D2 CC C0 CC C0 14 D2
0000A060  B3 B5 DC E7 E0 B1 00 00 B3 B5 24 18 CC C0 EC 2D
0000A070  14 D2 34 3F DC E7 4D 4A 00 00 20 4E 24 18 4D 4A
0000A080  EC 2D 34 3F 34 3F EC 2D 4D 4A 24 18 20 4E 00 00
0000A090  4D 4A DC E7 34 3F 14 D2 EC 2D CC C0 24 18 B3 B5
0000A0A0  00 00 E0 B1 DC E7 B3 B5 14 D2 CC C0 CC C0 14 D2
0000A0B0  B3 B5 DC E7 E0 B1 00 00 B3 B5 24 18 CC C0 EC 2D
0000A0C0  14 D2 34 3F DC E7 4D 4A 00 00 20 4E 24 18 4D 4A
0000A0D0  EC 2D 34 3F 34 3F EC 2D 4D 4A 24 18 20 4E 00 00
0000A0E0  4D 4A DC E7 34 3F 14 D2 EC 2D CC C0 24 18 B3 B5
0000A0F0  00 00 E0 B1 DC E7 B3 B5 14 D2 CC C0 CC C0 14 D2
0000A100  B3 B5 DC E7 E0 B1 00 00 B3 B5 24 18 CC C0 EC 2D
0000A110  14 D2 34 3F DC E7 4D 4A 00 00 20 4E 24 18 4D 4A
0000A120  EC 2D 34 3F 34 3F EC 2D 4D 4A 24 18 20 4E 00 00
0000A130  4D 4A DC E7 34 3F 14 D2 EC 2D CC C0 24 18 B3 B5
0000A140  00 00 E0 B1 DC E7 B3 B5 14 D2 CC C0 CC C0 14 D2
0000A150  B3 B5 DC E7 E0 B1 00 00 B3 B5 24 18 CC C0 EC 2D
0000A160  14 D2 34 3F DC E7 4D 4A 00 00 20 4E 24 18 4D 4A
0000A170  EC 2D 34 3F 34 3F EC 2D 4D 4A 24 18 20 4E 00 00
0000A180  4D 4A DC E7 34 3F 14 D2 EC 2D CC C0 24 18 B3 B5
0000A190  00 00 E0 B1 DC E7 B3 B5 14 D2 CC C0 CC C0 14 D2
0000A1A0  B3 B5 DC E7 E0 B1 00 00 B3 B5 24 18 CC C0 EC 2D
0000A1B0  14 D2 34 3F DC E7 4D 4A 00 00 20 4E 24 18 4D 4A
0000A1C0  EC 2D 34 3F 34 3F EC 2D 4D 4A 24 18 20 4E 00 00
0000A1D0  4D 4A DC E7 34 3F 14 D2 EC 2D CC C0 24 18 B3 B5
0000A1E0  00 00 E0 B1 DC E7 B3 B5 14 D2 CC C0 CC C0 14 D2
0000A1F0  B3 B5 DC E7 E0 B1 00 00 B3 B5 24 18 CC C0 EC 2D
0000A200  14 D2 34 3F DC E7 4D 4A 00 00 20 4E 24 18 4D 4A
0000A210  EC 2D 34 3F 34 3F EC 2D 4D 4A 24 18 20 4E 00 00
0000A220  4D 4A DC E7 34 3F 14 D2 EC 2D CC C0 24 18 B3 B5
0000A230  00 00 E0 B1 DC E7 B3 B5 14 D2 CC C0 CC C0 14 D2
0000A240  B3 B5 DC E7 E0 B1 00 00 B3 B5 24 18 CC C0 EC 2D
0000A250  14 D2 34 3F DC E7 4D 4A 00 00 20 4E 24 18 4D 4A
0000A260  EC 2D 34 3F 34 3F EC 2D 4D 4A 24 18 20 4E 00 00
0000A270  4D 4A DC E7 34 3F 14 D2 EC 2D CC C0 24 18 B3 B5
0000A280  00 00 E0 B1 DC E7 B3 B5 14 D2 CC C0 CC C0 14 D2
0000A290  B3 B5 DC E7 E0 B1 00 00 B3 B5 24 18 CC C0 EC 2D
0000A2A0  14 D2 34 3F DC E7 4D 4A 00 00 20 4E 24 18 4D 4A
0000A2B0  EC 2D 34 3F 34 3F EC 2D 4D 4A 24 18 20 4E 00 00
0000A2C0  4D 4A DC E7 34 3F 14 D2 EC 2D CC C0 24 18 B3 B5
0000A2D0  00 00 E0 B1 DC E7 B3 B5 14 D2 CC C0 CC C0 14 D2
0000A2E0  B3 B5 DC E7 E0 B1 00 00 B3 B5 24 18 CC C0 EC 2D
0000A2F0  14 D2 34 3F DC E7 4D 4A 00 00 20 4E 24 18 4D 4A
0000A300  EC 2D 34 3F 34 3F EC 2D 4D 4A 24 18 20 4E 00 00
0000A310  4D 4A DC E7 34 3F 14 D2 EC 2D CC C0 24 18 B3 B5
0000A320  00 00 E0 B1 DC E7 B3 B5 14 D2 CC C0 CC C0 14 D2
0000A330  B3 B5 DC E7 E0 B1 00 00 B3 B5 24 18 CC C0 EC 2D
0000A340  14 D2 34 3F DC E7 4D 4A 00 00 20 4E 24 18 4D 4A
0000A350  EC 2D 34 3F 34 3F EC 2D 4D 4A 24 18 20 4E 00 00
0000A360  4D 4A DC E7 34 3F 14 D2 EC 2D CC C0 24 18 B3 B5
0000A370  00 00 E0 B1 DC E7 B3 B5 14 D2 CC C0 CC C0 14 D2
0000A380  B3 B5 DC E7 E0 B1 00 00 B3 B5 24 18 CC C0 EC 2D
0000A390  14 D2 34 3F DC E7 4D 4A 00 00 20 4E 24 18 4D 4A
0000A3A0  EC 2D 34 3F 34 3F EC 2D 4D 4A 24 18 20 4E 00 00
0000A3B0  4D 4A DC E7 34 3F 14 D2 EC 2D CC C0 24 18 B3 B5
0000A3C0  00 00 E0 B1 DC E7 B3 B5 14 D2 CC C0 CC C0 14 D2
0000A3D0  B3 B5 DC E7 E0 B1 00 00 B3 B5 24 18 CC C0 EC 2D
0000A3E0  14 D2 34 3F DC E7 4D 4A 00 00 20 4E 24 18 4D 4A
0000A3F0  EC 2D 34 3F 34 3F EC 2D 4D 4A 24 18 20 4E 00 00
0000A400  4D 4A DC E7 34 3F 14 D2 EC 2D CC C0 24 18 B3 B5
0000A410  00 00 E0 B1 DC E7 B3 B5 14 D2 CC C0 CC C0 14 D2
0000A420  B3 B5 DC E7 E0 B1 00 00 B3 B5 24 18 CC C0 EC 2D
0000A430  14 D2 34 3F DC E7 4D 4A 00 00 20 4E 24 18 4D 4A
0000A440  EC 2D 34 3F 34 3F EC 2D 4D 4A 24 18 20 4E 00 00
0000A450  4D 4A DC E7 34 3F 14 D2 EC 2D CC C0 24 18 B3 B5
0000A460  00 00 E0 B1 DC E7 B3 B5 14 D2 CC C0 CC C0 14 D2
0000A470  B3 B5 DC E7 E0 B1 00 00 B3 B5 24 18 CC C0 EC 2D
0000A480  14 D2 34 3F DC E7 4D 4A 00 00 20 4E 24 18 4D 4A
0000A490  EC 2D 34 3F 34 3F EC 2D 4D 4A 24 18 20 4E 00 00
0000A4A0  4D 4A DC E7 34 3F 14 D2 EC 2D CC C0 24 18 B3 B5
0000A4B0  00 00 E0 B1 DC E7 B3 B5 14 D2 CC C0 CC C0 14 D2
0000A4C0  B3 B5 DC E7 E0 B1 00 00 B3 B5 24 18 CC C0 EC 2D
0000A4D0  14 D2 34 3F DC E7 4D 4A 00 00 20 4E 24 18 4D 4A
0000A4E0  EC 2D 34 3F 34 3F EC 2D 4D 4A 24 18 20 4E 00 00
0000A4F0  4D 4A DC E7 34 3F 14 D2 EC 2D CC C0 24 18 B3 B5
0000A500  00 00 E0 B1 DC E7 B3 B5 14 D2 CC C0 CC C0 14 D2
0000A510  B3 B5 DC E7 E0 B1 00 00 B3 B5 24 18 CC C0 EC 2D
0000A520  14 D2 34 3F DC E7 4D 4A 00 00 20 4E 24 18 4D 4A
0000A530  EC 2D 34 3F 34 3F EC 2D 4D 4A 24 18 20 4E 00 00
0000A540  4D 4A DC E7 34 3F 14 D2 EC 2D CC C0 24 18 B3 B5
0000A550  00 00 E0 B1 DC E7 B3 B5 14 D2 CC C0 CC C0 14 D2
0000A560  B3 B5 DC E7 E0 B1 00 00 B3 B5 24 18 CC C0 EC 2D
0000A570  14 D2 34 3F DC E7 4D 4A 00 00 20 4E 24 18 4D 4A
0000A580  EC 2D 34 3F 34 3F EC 2D 4D 4A 24 18 20 4E 00 00
0000A590  4D 4A DC E7 34 3F 14 D2 EC 2D CC C0 24 18 B3 B5
0000A5A0  00 00 E0 B1 DC E7 B3 B5 14 D2 CC C0 CC C0 14 D2
0000A5B0  B3 B5 DC E7 E0 B1 00 00 B3 B5 24 18 CC C0 EC 2D
0000A5C0  14 D2 34 3F DC E7 4D 4A 00 00 20 4E 24 18 4D 4A
0000A5D0  EC 2D 34 3F 34 3F EC 2D 4D 4A 24 18 20 4E 00 00
0000A5E0  4D 4A DC E7 34 3F 14 D2 EC 2D CC C0 24 18 B3 B5
0000A5F0  00 00 E0 B1 DC E7 B3 B5 14 D2 CC C0 CC C0 14 D2
0000A600  B3 B5 DC E7 E0 B1 00 00 B3 B5 24 18 CC C0 EC 2D
0000A610  14 D2 34 3F DC E7 4D 4A 00 00 20 4E 24 18 4D 4A
0000A620  EC 2D 34 3F 34 3F EC 2D 4D 4A 24 18 20 4E 00 00
0000A630  4D 4A DC E7 34 3F 14 D2 EC 2D CC C0 24 18 B3 B5
0000A640  00 00 E0 B1 DC E7 B3 B5 14 D2 CC C0 CC C0 14 D2
0000A650  B3 B5 DC E7 E0 B1 00 00 B3 B5 24 18 CC C0 EC 2D
0000A660  14 D2 34 3F DC E7 4D 4A 00 00 20 4E 24 18 4D 4A
0000A670  EC 2D 34 3F 34 3F EC 2D 4D 4A 24 18 20 4E 00 00
0000A680  4D 4A DC E7 34 3F 14 D2 EC 2D CC C0 24 18 B3 B5
0000A690  00 00 E0 B1 DC E7 B3 B5 14 D2 CC C0 CC C0 14 D2
0000A6A0  B3 B5 DC E7 E0 B1 00 00 B3 B5 24 18 CC C0 EC 2D
0000A6B0  14 D2 34 3F DC E7 4D 4A 00 00 20 4E 24 18 4D 4A
0000A6C0  EC 2D 34 3F 34 3F EC 2D 4D 4A 24 18 20 4E 00 00
0000A6D0  4D 4A DC E7 34 3F 14 D2 EC 2D CC C0 24 18 B3 B5
0000A6E0  00 00 E0 B1 DC E7 B3 B5 14 D2 CC C0 CC C0 14 D2
0000A6F0  B3 B5 DC E7 E0 B1 00 00 B3 B5 24 18 CC C0 EC 2D
0000A700  14 D2 34 3F DC E7 4D 4A 00 00 20 4E 24 18 4D 4A
0000A710  EC 2D 34 3F 34 3F EC 2D 4D 4A 24 18 20 4E 00 00
0000A720  4D 4A DC E7 34 3F 14 D2 EC 2D CC C0 24 18 B3 B5
0000A730  00 00 E0 B1 DC E7 B3 B5 14 D2 CC C0 CC C0 14 D2
0000A740  B3 B5 DC E7 E0 B1 00 00 B3 B5 24 18 CC C0 EC 2D
0000A750  14 D2 34 3F DC E7 4D 4A 00 00 20 4E 24 18 4D 4A
0000A760  EC 2D 34 3F 34 3F EC 2D 4D 4A 24 18 20 4E 00 00
0000A770  4D 4A DC E7 34 3F 14 D2 EC 2D CC C0 24 18 B3 B5
0000A780  00 00 E0 B1 DC E7 B3 B5 14 D2 CC C0 CC C0 14 D2
0000A790  B3 B5 DC E7 E0 B1 00 00 B3 B5 24 18 CC C0 EC 2D
0000A7A0  14 D2 34 3F DC E7 4D 4A 00 00 20 4E 24 18 4D 4A
0000A7B0  EC 2D 34 3F 34 3F EC 2D 4D 4A 24 18 20 4E 00 00
0000A7C0  4D 4A DC E7 34 3F 14 D2 EC 2D CC C0 24 18 B3 B5
0000A7D0  00 00 E0 B1 DC E7 B3 B5 14 D2 CC C0 CC C0 14 D2
0000A7E0  B3 B5 DC E7 E0 B1 00 00 B3 B5 24 18 CC C0 EC 2D
0000A7F0  14 D2 34 3F DC E7 4D 4A 00 00 20 4E 24 18 4D 4A
0000A800  EC 2D 34 3F 34 3F EC 2D 4D 4A 24 18 20 4E 00 00
0000A810  4D 4A DC E7 34 3F 14 D2 EC 2D CC C0 24 18 B3 B5
0000A820  00 00 E0 B1 DC E7 B3 B5 14 D2 CC C0 CC C0 14 D2
0000A830  B3 B5 DC E7 E0 B1 00 00 B3 B5 24 18 CC C0 EC 2D
0000A840  14 D2 34 3F DC E7 4D 4A 00 00 20 4E 24 18 4D 4A
0000A850  EC 2D 34 3F 34 3F EC 2D 4D 4A 24 18 20 4E 00 00
0000A860  4D 4A DC E7 34 3F 14 D2 EC 2D CC C0 24 18 B3 B5
0000A870  00 00 E0 B1 DC E7 B3 B5 14 D2 CC C0 CC C0 14 D2
0000A880  B3 B5 DC E7 E0 B1 00 00 B3 B5 24 18 CC C0 EC 2D
0000A890  14 D2 34 3F DC E7 4D 4A 00 00 20 4E 24 18 4D 4A
0000A8A0  EC 2D 34 3F 34 3F EC 2D 4D 4A 24 18 20 4E 00 00
0000A8B0  4D 4A DC E7 34 3F 14 D2 EC 2D CC C0 24 18 B3 B5
0000A8C0  00 00 E0 B1 DC E7 B3 B5 14 D2 CC C0 CC C0 14 D2
0000A8D0  B3 B5 DC E7 E0 B1 00 00 B3 B5 24 18 CC C0 EC 2D
0000A8E0  14 D2 34 3F DC E7 4D 4A 00 00 20 4E 24 18 4D 4A
0000A8F0  EC 2D 34 3F 34 3F EC 2D 4D 4A 24 18 20 4E 00 00
0000A900  4D 4A DC E7 34 3F 14 D2 EC 2D CC C0 24 18 B3 B5
0000A910  00 00 E0 B1 DC E7 B3 B5 14 D2 CC C0 CC C0 14 D2
0000A920  B3 B5 DC E7 E0 B1 00 00 B3 B5 24 18 CC C0 EC 2D
0000A930  14 D2 34 3F DC E7 4D 4A 00 00 20 4E 24 18 4D 4A
0000A940  EC 2D 34 3F 34 3F EC 2D 4D 4A 24 18 20 4E 00 00
0000A950  4D 4A DC E7 34 3F 14 D2 EC 2D CC C0 24 18 B3 B5
0000A960  00 00 E0 B1 DC E7 B3 B5 14 D2 CC C0 CC C0 14 D2
0000A970  B3 B5 DC E7 E0 B1 00 00 B3 B5 24 18 CC C0 EC 2D
0000A980  14 D2 34 3F DC E7 4D 4A 00 00 20 4E 24 18 4D 4A
0000A990  EC 2D 34 3F 34 3F EC 2D 4D 4A 24 18 20 4E 00 00
0000A9A0  4D 4A DC E7 34 3F 14 D2 EC 2D CC C0 24 18 B3 B5
0000A9B0  00 00 E0 B1 DC E7 B3 B5 14 D2 CC C0 CC C0 14 D2
0000A9C0  B3 B5 DC E7 E0 B1 00 00 B3 B5 24 18 CC C0 EC 2D
0000A9D0  14 D2 34 3F DC E7 4D 4A 00 00 20 4E 24 18 4D 4A
0000A9E0  EC 2D 34 3F 34 3F EC 2D 4D 4A 24 18 20 4E 00 00
0000A9F0  4D 4A DC E7 34 3F 14 D2 EC 2D CC C0 24 18 B3 B5
0000AA00  00 00 E0 B1 DC E7 B3 B5 14 D2 CC C0 CC C0 14 D2
0000AA10  B3 B5 DC E7 E0 B1 00 00 B3 B5 24 18 CC C0 EC 2D
0000AA20  14 D2 34 3F DC E7 4D 4A 00 00 20 4E 24 18 4D 4A
0000AA30  EC 2D 34 3F 34 3F EC 2D 4D 4A 24 18 20 4E 00 00
0000AA40  4D 4A DC E7 34 3F 14 D2 EC 2D CC C0 24 18 B3 B5
0000AA50  00 00 E0 B1 DC E7 B3 B5 14 D2 CC C0 CC C0 14 D2
0000AA60  B3 B5 DC E7 E0 B1 00 00 B3 B5 24 18 CC C0 EC 2D
0000AA70  14 D2 34 3F DC E7 4D 4A 00 00 20 4E 24 18 4D 4A
0000AA80  EC 2D 34 3F 34 3F EC 2D 4D 4A 24 18 20 4E 00 00
0000AA90  4D 4A DC E7 34 3F 14 D2 EC 2D CC C0 24 18 B3 B5
0000AAA0  00 00 E0 B1 DC E7 B3 B5 14 D2 CC C0 CC C0 14 D2
0000AAB0  B3 B5 DC E7 E0 B1 00 00 B3 B5 24 18 CC C0 EC 2D
0000AAC0  14 D2 34 3F DC E7 4D 4A 00 00 20 4E 24 18 4D 4A
0000AAD0  EC 2D 34 3F 34 3F EC 2D 4D 4A 24 18 20 4E 00 00
0000AAE0  4D 4A DC E7 34 3F 14 D2 EC 2D CC C0 24 18 B3 B5
0000AAF0  00 00 E0 B1 DC E7 B3 B5 14 D2 CC C0 CC C0 14 D2
0000AB00  B3 B5 DC E7 E0 B1 00 00 B3 B5 24 18 CC C0 EC 2D
0000AB10  14 D2 34 3F DC E7 4D 4A 00 00 20 4E 24 18 4D 4A
0000AB20  EC 2D 34 3F 34 3F EC 2D 4D 4A 24 18 20 4E 00 00
0000AB30  4D 4A DC E7 34 3F 14 D2 EC 2D CC C0 24 18 B3 B5
0000AB40  00 00 E0 B1 DC E7 B3 B5 14 D2 CC C0 CC C0 14 D2
0000AB50  B3 B5 DC E7 E0 B1 00 00 B3 B5 24 18 CC C0 EC 2D
0000AB60  14 D2 34 3F DC E7 4D 4A 00 00 20 4E 24 18 4D 4A
0000AB70  EC 2D 34 3F 34 3F EC 2D 4D 4A 24 18 20 4E 00 00
0000AB80  4D 4A DC E7 34 3F 14 D2 EC 2D CC C0 24 18 B3 B5
0000AB90  00 00 E0 B1 DC E7 B3 B5 14 D2 CC C0 CC C0 14 D2
0000ABA0  B3 B5 DC E7 E0 B1 00 00 B3 B5 24 18 CC C0 EC 2D
0000ABB0  14 D2 34 3F DC E7 4D 4A 00 00 20 4E 24 18 4D 4A
0000ABC0  EC 2D 34 3F 34 3F EC 2D 4D 4A 24 18 20 4E 00 00
0000ABD0  4D 4A DC E7 34 3F 14 D2 EC 2D CC C0 24 18 B3 B5
0000ABE0  00 00 E0 B1 DC E7 B3 B5 14 D2 CC C0 CC C0 14 D2
0000ABF0  B3 B5 DC E7 E0 B1 00 00 B3 B5 24 18 CC C0 EC 2D
0000AC00  14 D2 34 3F DC E7 4D 4A 00 00 20 4E 24 18 4D 4A
0000AC10  EC 2D 34 3F 34 3F EC 2D 4D 4A 24 18 20 4E 00 00
0000AC20  4D 4A DC E7 34 3F 14 D2 EC 2D CC C0 24 18 B3 B5
0000AC30  00 00 E0 B1 DC E7 B3 B5 14 D2 CC C0 CC C0 14 D2
0000AC40  B3 B5 DC E7 E0 B1 00 00 B3 B5 24 18 CC C0 EC 2D
0000AC50  14 D2 34 3F DC E7 4D 4A 00 00 20 4E 24 18 4D 4A
0000AC60  EC 2D 34 3F 34 3F EC 2D 4D 4A 24 18 20 4E 00 00
0000AC70  4D 4A DC E7 34 3F 14 D2 EC 2D CC C0 24 18 B3 B5
0000AC80  00 00 E0 B1 DC E7 B3 B5 14 D2 CC C0 CC C0 14 D2
0000AC90  B3 B5 DC E7 E0 B1 00 00 B3 B5 24 18 CC C0 EC 2D
0000ACA0  14 D2 34 3F DC E7 4D 4A 00 00 20 4E 24 18 4D 4A
0000ACB0  EC 2D 34 3F 34 3F EC 2D 4D 4A 24 18 20 4E 00 00
0000ACC0  4D 4A DC E7 34 3F 14 D2 EC 2D CC C0 24 18 B3 B5
0000ACD0  00 00 E0 B1 DC E7 B3 B5 14 D2 CC C0 CC C0 14 D2
0000ACE0  B3 B5 DC E7 E0 B1 00 00 B3 B5 24 18 CC C0 EC 2D
0000ACF0  14 D2 34 3F DC E7 4D 4A 00 00 20 4E 24 18 4D 4A
0000AD00  EC 2D 34 3F 34 3F EC 2D 4D 4A 24 18 20 4E 00 00
0000AD10  4D 4A DC E7 34 3F 14 D2 EC 2D CC C0 24 18 B3 B5
0000AD20  00 00 E0 B1 DC E7 B3 B5 14 D2 CC C0 CC C0 14 D2
0000AD30  B3 B5 DC E7 E0 B1 00 00 B3 B5 24 18 CC C0 EC 2D
0000AD40  14 D2 34 3F DC E7 4D 4A 00 00 20 4E 24 18 4D 4A
0000AD50  EC 2D 34 3F 34 3F EC 2D 4D 4A 24 18 20 4E 00 00
0000AD60  4D 4A DC E7 34 3F 14 D2 EC 2D CC C0 24 18 B3 B5
0000AD70  00 00 E0 B1 DC E7 B3 B5 14 D2 CC C0 CC C0 14 D2
0000AD80  B3 B5 DC E7 E0 B1 00 00 B3 B5 24 18 CC C0 EC 2D
0000AD90  14 D2 34 3F DC E7 4D 4A 00 00 20 4E 24 18 4D 4A
0000ADA0  EC 2D 34 3F 34 3F EC 2D 4D 4A 24 18 20 4E 00 00
0000ADB0  4D 4A DC E7 34 3F 14 D2 EC 2D CC C0 24 18 B3 B5
0000ADC0  00 00 E0 B1 DC E7 B3 B5 14 D2 CC C0 CC C0 14 D2
0000ADD0  B3 B5 DC E7 E0 B1 00 00 B3 B5 24 18 CC C0 EC 2D
0000ADE0  14 D2 34 3F DC E7 4D 4A 00 00 20 4E 24 18 4D 4A
0000ADF0  EC 2D 34 3F 34 3F EC 2D 4D 4A 24 18 20 4E 00 00
0000AE00  4D 4A DC E7 34 3F 14 D2 EC 2D CC C0 24 18 B3 B5
0000AE10  00 00 E0 B1 DC E7 B3 B5 14 D2 CC C0 CC C0 14 D2
0000AE20  B3 B5 DC E7 E0 B1 00 00 B3 B5 24 18 CC C0 EC 2D
0000AE30  14 D2 34 3F DC E7 4D 4A 00 00 20 4E 24 18 4D 4A
0000AE40  EC 2D 34 3F 34 3F EC 2D 4D 4A 24 18 20 4E 00 00
0000AE50  4D 4A DC E7 34 3F 14 D2 EC 2D CC C0 24 18 B3 B5
0000AE60  00 00 E0 B1 DC E7 B3 B5 14 D2 CC C0 CC C0 14 D2
0000AE70  B3 B5 DC E7 E0 B1 00 00 B3 B5 24 18 CC C0 EC 2D
0000AE80  14 D2 34 3F DC E7 4D 4A 00 00 20 4E 24 18 4D 4A
0000AE90  EC 2D 34 3F 34 3F EC 2D 4D 4A 24 18 20 4E 00 00
0000AEA0  4D 4A DC E7 34 3F 14 D2 EC 2D CC C0 24 18 B3 B5
0000AEB0  00 00 E0 B1 DC E7 B3 B5 14 D2 CC C0 CC C0 14 D2
0000AEC0  B3 B5 DC E7 E0 B1 00 00 B3 B5 24 18 CC C0 EC 2D
0000AED0  14 D2 34 3F DC E7 4D 4A 00 00 20 4E 24 18 4D 4A
0000AEE0  EC 2D 34 3F 34 3F EC 2D 4D 4A 24 18 20 4E 00 00
0000AEF0  4D 4A DC E7 34 3F 14 D2 EC 2D CC C0 24 18 B3 B5
0000AF00  00 00 E0 B1 DC E7 B3 B5 14 D2 CC C0 CC C0 14 D2
0000AF10  B3 B5 DC E7 E0 B1 00 00 B3 B5 24 18 CC C0 EC 2D
0000AF20  14 D2 34 3F DC E7 4D 4A 00 00 20 4E 24 18 4D 4A
0000AF30  EC 2D 34 3F 34 3F EC 2D 4D 4A 24 18 20 4E 00 00
0000AF40  4D 4A DC E7 34 3F 14 D2 EC 2D CC C0 24 18 B3 B5
0000AF50  00 00 E0 B1 DC E7 B3 B5 14 D2 CC C0 CC C0 14 D2
0000AF60  B3 B5 DC E7 E0 B1 00 00 B3 B5 24 18 CC C0 EC 2D
0000AF70  14 D2 34 3F DC E7 4D 4A 00 00 20 4E 24 18 4D 4A
0000AF80  EC 2D 34 3F 34 3F EC 2D 4D 4A 24 18 20 4E 00 00
0000AF90  4D 4A DC E7 34 3F 14 D2 EC 2D CC C0 24 18 B3 B5
0000AFA0  00 00 E0 B1 DC E7 B3 B5 14 D2 CC C0 CC C0 14 D2
0000AFB0  B3 B5 DC E7 E0 B1 00 00 B3 B5 24 18 CC C0 EC 2D
0000AFC0  14 D2 34 3F DC E7 4D 4A 00 00 20 4E 24 18 4D 4A
0000AFD0  EC 2D 34 3F 34 3F EC 2D 4D 4A 24 18 20 4E 00 00
0000AFE0  4D 4A DC E7 34 3F 14 D2 EC 2D CC C0 24 18 B3 B5
0000AFF0  00 00 E0 B1 DC E7 B3 B5 14 D2 CC C0 CC C0 14 D2
0000B000  B3 B5 DC E7 E0 B1 00 00 B3 B5 24 18 CC C0 EC 2D
0000B010  14 D2 34 3F DC E7 4D 4A 00 00 20 4E 24 18 4D 4A
0000B020  EC 2D 34 3F 34 3F EC 2D 4D 4A 24 18 20 4E 00 00
0000B030  4D 4A DC E7 34 3F 14 D2 EC 2D CC C0 24 18 B3 B5
0000B040  00 00 E0 B1 DC E7 B3 B5 14 D2 CC C0 CC C0 14 D2
0000B050  B3 B5 DC E7 E0 B1 00 00 B3 B5 24 18 CC C0 EC 2D
0000B060  14 D2 34 3F DC E7 4D 4A 00 00 20 4E 24 18 4D 4A
0000B070  EC 2D 34 3F 34 3F EC 2D 4D 4A 24 18 20 4E 00 00
0000B080  4D 4A DC E7 34 3F 14 D2 EC 2D CC C0 24 18 B3 B5
0000B090  00 00 E0 B1 DC E7 B3 B5 14 D2 CC C0 CC C0 14 D2
0000B0A0  B3 B5 DC E7 E0 B1 00 00 B3 B5 24 18 CC C0 EC 2D
0000B0B0  14 D2 34 3F DC E7 4D 4A 00 00 20 4E 24 18 4D 4A
0000B0C0  EC 2D 34 3F 34 3F EC 2D 4D 4A 24 18 20 4E 00 00
0000B0D0  4D 4A DC E7 34 3F 14 D2 EC 2D CC C0 24 18 B3 B5
0000B0E0  00 00 E0 B1 DC E7 B3 B5 14 D2 CC C0 CC C0 14 D2
0000B0F0  B3 B5 DC E7 E0 B1 00 00 B3 B5 24 18 CC C0 EC 2D
0000B100  14 D2 34 3F DC E7 4D 4A 00 00 20 4E 24 18 4D 4A
0000B110  EC 2D 34 3F 34 3F EC 2D 4D 4A 24 18 20 4E 00 00
0000B120  4D 4A DC E7 34 3F 14 D2 EC 2D CC C0 24 18 B3 B5
0000B130  00 00 E0 B1 DC E7 B3 B5 14 D2 CC C0 CC C0 14 D2
0000B140  B3 B5 DC E7 E0 B1 00 00 B3 B5 24 18 CC C0 EC 2D
0000B150  14 D2 34 3F DC E7 4D 4A 00 00 20 4E 24 18 4D 4A
0000B160  EC 2D 34 3F 34 3F EC 2D 4D 4A 24 18 20 4E 00 00
0000B170  4D 4A DC E7 34 3F 14 D2 EC 2D CC C0 24 18 B3 B5
0000B180  00 00 E0 B1 DC E7 B3 B5 14 D2 CC C0 CC C0 14 D2
0000B190  B3 B5 DC E7 E0 B1 00 00 B3 B5 24 18 CC C0 EC 2D
0000B1A0  14 D2 34 3F DC E7 4D 4A 00 00 20 4E 24 18 4D 4A
0000B1B0  EC 2D 34 3F 34 3F EC 2D 4D 4A 24 18 20 4E 00 00
0000B1C0  4D 4A DC E7 34 3F 14 D2 EC 2D CC C0 24 18 B3 B5
0000B1D0  00 00 E0 B1 DC E7 B3 B5 14 D2 CC C0 CC C0 14 D2
0000B1E0  B3 B5 DC E7 E0 B1 00 00 B3 B5 24 18 CC C0 EC 2D
0000B1F0  14 D2 34 3F DC E7 4D 4A 00 00 20 4E 24 18 4D 4A
0000B200  EC 2D 34 3F 34 3F EC 2D 4D 4A 24 18 20 4E 00 00
0000B210  4D 4A DC E7 34 3F 14 D2 EC 2D CC C0 24 18 B3 B5
0000B220  00 00 E0 B1 DC E7 B3 B5 14 D2 CC C0 CC C0 14 D2
0000B230  B3 B5 DC E7 E0 B1 00 00 B3 B5 24 18 CC C0 EC 2D
0000B240  14 D2 34 3F DC E7 4D 4A 00 00 20 4E 24 18 4D 4A
0000B250  EC 2D 34 3F 34 3F EC 2D 4D 4A 24 18 20 4E 00 00
0000B260  4D 4A DC E7 34 3F 14 D2 EC 2D CC C0 24 18 B3 B5
0000B270  00 00 E0 B1 DC E7 B3 B5 14 D2 CC C0 CC C0 14 D2
0000B280  B3 B5 DC E7 E0 B1 00 00 B3 B5 24 18 CC C0 EC 2D
0000B290  14 D2 34 3F DC E7 4D 4A 00 00 20 4E 24 18 4D 4A
0000B2A0  EC 2D 34 3F 34 3F EC 2D 4D 4A 24 18 20 4E 00 00
0000B2B0  4D 4A DC E7 34 3F 14 D2 EC 2D CC C0 24 18 B3 B5
0000B2C0  00 00 E0 B1 DC E7 B3 B5 14 D2 CC C0 CC C0 14 D2
0000B2D0  B3 B5 DC E7 E0 B1 00 00 B3 B5 24 18 CC C0 EC 2D
0000B2E0  14 D2 34 3F DC E7 4D 4A 00 00 20 4E 24 18 4D 4A
0000B2F0  EC 2D 34 3F 34 3F EC 2D 4D 4A 24 18 20 4E 00 00
0000B300  4D 4A DC E7 34 3F 14 D2 EC 2D CC C0 24 18 B3 B5
0000B310  00 00 E0 B1 DC E7 B3 B5 14 D2 CC C0 CC C0 14 D2
0000B320  B3 B5 DC E7 E0 B1 00 00 B3 B5 24 18 CC C0 EC 2D
0000B330  14 D2 34 3F DC E7 4D 4A 00 00 20 4E 24 18 4D 4A
0000B340  EC 2D 34 3F 34 3F EC 2D 4D 4A 24 18 20 4E 00 00
0000B350  4D 4A DC E7 34 3F 14 D2 EC 2D CC C0 24 18 B3 B5
0000B360  00 00 E0 B1 DC E7 B3 B5 14 D2 CC C0 CC C0 14 D2
0000B370  B3 B5 DC E7 E0 B1 00 00 B3 B5 24 18 CC C0 EC 2D
0000B380  14 D2 34 3F DC E7 4D 4A 00 00 20 4E 24 18 4D 4A
0000B390  EC 2D 34 3F 34 3F EC 2D 4D 4A 24 18 20 4E 00 00
0000B3A0  4D 4A DC E7 34 3F 14 D2 EC 2D CC C0 24 18 B3 B5
0000B3B0  00 00 E0 B1 DC E7 B3 B5 14 D2 CC C0 CC C0 14 D2
0000B3C0  B3 B5 DC E7 E0 B1 00 00 B3 B5 24 18 CC C0 EC 2D
0000B3D0  14 D2 34 3F DC E7 4D 4A 00 00 20 4E 24 18 4D 4A
0000B3E0  EC 2D 34 3F 34 3F EC 2D 4D 4A 24 18 20 4E 00 00
0000B3F0  4D 4A DC E7 34 3F 14 D2 EC 2D CC C0 24 18 B3 B5
0000B400  00 00 E0 B1 DC E7 B3 B5 14 D2 CC C0 CC C0 14 D2
0000B410  B3 B5 DC E7 E0 B1 00 00 B3 B5 24 18 CC C0 EC 2D
0000B420  14 D2 34 3F DC E7 4D 4A 00 00 20 4E 24 18 4D 4A
0000B430  EC 2D 34 3F 34 3F EC 2D 4D 4A 24 18 20 4E 00 00
0000B440  4D 4A DC E7 34 3F 14 D2 EC 2D CC C0 24 18 B3 B5
0000B450  00 00 E0 B1 DC E7 B3 B5 14 D2 CC C0 CC C0 14 D2
0000B460  B3 B5 DC E7 E0 B1 00 00 B3 B5 24 18 CC C0 EC 2D
0000B470  14 D2 34 3F DC E7 4D 4A 00 00 20 4E 24 18 4D 4A
0000B480  EC 2D 34 3F 34 3F EC 2D 4D 4A 24 18 20 4E 00 00
0000B490  4D 4A DC E7 34 3F 14 D2 EC 2D CC C0 24 18 B3 B5
0000B4A0  00 00 E0 B1 DC E7 B3 B5 14 D2 CC C0 CC C0 14 D2
0000B4B0  B3 B5 DC E7 E0 B1 00 00 B3 B5 24 18 CC C0 EC 2D
0000B4C0  14 D2 34 3F DC E7 4D 4A 00 00 20 4E 24 18 4D 4A
0000B4D0  EC 2D 34 3F 34 3F EC 2D 4D 4A 24 18 20 4E 00 00
0000B4E0  4D 4A DC E7 34 3F 14 D2 EC 2D CC C0 24 18 B3 B5
0000B4F0  00 00 E0 B1 DC E7 B3 B5 14 D2 CC C0 CC C0 14 D2
0000B500  B3 B5 DC E7 E0 B1 00 00 B3 B5 24 18 CC C0 EC 2D
0000B510  14 D2 34 3F DC E7 4D 4A 00 00 20 4E 24 18 4D 4A
0000B520  EC 2D 34 3F 34 3F EC 2D 4D 4A 24 18 20 4E 00 00
0000B530  4D 4A DC E7 34 3F 14 D2 EC 2D CC C0 24 18 B3 B5
0000B540  00 00 E0 B1 DC E7 B3 B5 14 D2 CC C0 CC C0 14 D2
0000B550  B3 B5 DC E7 E0 B1 00 00 B3 B5 24 18 CC C0 EC 2D
0000B560  14 D2 34 3F DC E7 4D 4A 00 00 20 4E 24 18 4D 4A
0000B570  EC 2D 34 3F 34 3F EC 2D 4D 4A 24 18 20 4E 00 00
0000B580  4D 4A DC E7 34 3F 14 D2 EC 2D CC C0 24 18 B3 B5
0000B590  00 00 E0 B1 DC E7 B3 B5 14 D2 CC C0 CC C0 14 D2
0000B5A0  B3 B5 DC E7 E0 B1 00 00 B3 B5 24 18 CC C0 EC 2D
0000B5B0  14 D2 34 3F DC E7 4D 4A 00 00 20 4E 24 18 4D 4A
0000B5C0  EC 2D 34 3F 34 3F EC 2D 4D 4A 24 18 20 4E 00 00
0000B5D0  4D 4A DC E7 34 3F 14 D2 EC 2D CC C0 24 18 B3 B5
0000B5E0  00 00 E0 B1 DC E7 B3 B5 14 D2 CC C0 CC C0 14 D2
0000B5F0  B3 B5 DC E7 E0 B1 00 00 B3 B5 24 18 CC C0 EC 2D
0000B600  14 D2 34 3F DC E7 4D 4A 00 00 20 4E 24 18 4D 4A
0000B610  EC 2D 34 3F 34 3F EC 2D 4D 4A 24 18 20 4E 00 00
0000B620  4D 4A DC E7 34 3F 14 D2 EC 2D CC C0 24 18 B3 B5
0000B630  00 00 E0 B1 DC E7 B3 B5 14 D2 CC C0 CC C0 14 D2
0000B640  B3 B5 DC E7 E0 B1 00 00 B3 B5 24 18 CC C0 EC 2D
0000B650  14 D2 34 3F DC E7 4D 4A 00 00 20 4E 24 18 4D 4A
0000B660  EC 2D 34 3F 34 3F EC 2D 4D 4A 24 18 20 4E 00 00
0000B670  4D 4A DC E7 34 3F 14 D2 EC 2D CC C0 24 18 B3 B5
0000B680  00 00 E0 B1 DC E7 B3 B5 14 D2 CC C0 CC C0 14 D2
0000B690  B3 B5 DC E7 E0 B1 00 00 B3 B5 24 18 CC C0 EC 2D
0000B6A0  14 D2 34 3F DC E7 4D 4A 00 00 20 4E 24 18 4D 4A
0000B6B0  EC 2D 34 3F 34 3F EC 2D 4D 4A 24 18 20 4E 00 00
0000B6C0  4D 4A DC E7 34 3F 14 D2 EC 2D CC C0 24 18 B3 B5
0000B6D0  00 00 E0 B1 DC E7 B3 B5 14 D2 CC C0 CC C0 14 D2
0000B6E0  B3 B5 DC E7 E0 B1 00 00 B3 B5 24 18 CC C0 EC 2D
0000B6F0  14 D2 34 3F DC E7 4D 4A 00 00 20 4E 24 18 4D 4A
0000B700  EC 2D 34 3F 34 3F EC 2D 4D 4A 24 18 20 4E 00 00
0000B710  4D 4A DC E7 34 3F 14 D2 EC 2D CC C0 24 18 B3 B5
0000B720  00 00 E0 B1 DC E7 B3 B5 14 D2 CC C0 CC C0 14 D2
0000B730  B3 B5 DC E7 E0 B1 00 00 B3 B5 24 18 CC C0 EC 2D
0000B740  14 D2 34 3F DC E7 4D 4A 00 00 20 4E 24 18 4D 4A
0000B750  EC 2D 34 3F 34 3F EC 2D 4D 4A 24 18 20 4E 00 00
0000B760  4D 4A DC E7 34 3F 14 D2 EC 2D CC C0 24 18 B3 B5
0000B770  00 00 E0 B1 DC E7 B3 B5 14 D2 CC C0 CC C0 14 D2
0000B780  B3 B5 DC E7 E0 B1 00 00 B3 B5 24 18 CC C0 EC 2D
0000B790  14 D2 34 3F DC E7 4D 4A 00 00 20 4E 24 18 4D 4A
0000B7A0  EC 2D 34 3F 34 3F EC 2D 4D 4A 24 18 20 4E 00 00
0000B7B0  4D 4A DC E7 34 3F 14 D2 EC 2D CC C0 24 18 B3 B5
0000B7C0  00 00 E0 B1 DC E7 B3 B5 14 D2 CC C0 CC C0 14 D2
0000B7D0  B3 B5 DC E7 E0 B1 00 00 B3 B5 24 18 CC C0 EC 2D
0000B7E0  14 D2 34 3F DC E7 4D 4A 00 00 20 4E 24 18 4D 4A
0000B7F0  EC 2D 34 3F 34 3F EC 2D 4D 4A 24 18 20 4E 00 00
0000B800  4D 4A DC E7 34 3F 14 D2 EC 2D CC C0 24 18 B3 B5
0000B810  00 00 E0 B1 DC E7 B3 B5 14 D2 CC C0 CC C0 14 D2
0000B820  B3 B5 DC E7 E0 B1 00 00 B3 B5 24 18 CC C0 EC 2D
0000B830  14 D2 34 3F DC E7 4D 4A 00 00 20 4E 24 18 4D 4A
0000B840  EC 2D 34 3F 34 3F EC 2D 4D 4A 24 18 20 4E 00 00
0000B850  4D 4A DC E7 34 3F 14 D2 EC 2D CC C0 24 18 B3 B5
0000B860  00 00 E0 B1 DC E7 B3 B5 14 D2 CC C0 CC C0 14 D2
0000B870  B3 B5 DC E7 E0 B1 00 00 B3 B5 24 18 CC C0 EC 2D
0000B880  14 D2 34 3F DC E7 4D 4A 00 00 20 4E 24 18 4D 4A
0000B890  EC 2D 34 3F 34 3F EC 2D 4D 4A 24 18 20 4E 00 00
0000B8A0  4D 4A DC E7 34 3F 14 D2 EC 2D CC C0 24 18 B3 B5
0000B8B0  00 00 E0 B1 DC E7 B3 B5 14 D2 CC C0 CC C0 14 D2
0000B8C0  B3 B5 DC E7 E0 B1 00 00 B3 B5 24 18 CC C0 EC 2D
0000B8D0  14 D2 34 3F DC E7 4D 4A 00 00 20 4E 24 18 4D 4A
0000B8E0  EC 2D 34 3F 34 3F EC 2D 4D 4A 24 18 20 4E 00 00
0000B8F0  4D 4A DC E7 34 3F 14 D2 EC 2D CC C0 24 18 B3 B5
0000B900  00 00 E0 B1 DC E7 B3 B5 14 D2 CC C0 CC C0 14 D2
0000B910  B3 B5 DC E7 E0 B1 00 00 B3 B5 24 18 CC C0 EC 2D
0000B920  14 D2 34 3F DC E7 4D 4A 00 00 20 4E 24 18 4D 4A
0000B930  EC 2D 34 3F 34 3F EC 2D 4D 4A 24 18 20 4E 00 00
0000B940  4D 4A DC E7 34 3F 14 D2 EC 2D CC C0 24 18 B3 B5
0000B950  00 00 E0 B1 DC E7 B3 B5 14 D2 CC C0 CC C0 14 D2
0000B960  B3 B5 DC E7 E0 B1 00 00 B3 B5 24 18 CC C0 EC 2D
0000B970  14 D2 34 3F DC E7 4D 4A 00 00 20 4E 24 18 4D 4A
0000B980  EC 2D 34 3F 34 3F EC 2D 4D 4A 24 18 20 4E 00 00
0000B990  4D 4A DC E7 34 3F 14 D2 EC 2D CC C0 24 18 B3 B5
0000B9A0  00 00 E0 B1 DC E7 B3 B5 14 D2 CC C0 CC C0 14 D2
0000B9B0  B3 B5 DC E7 E0 B1 00 00 B3 B5 24 18 CC C0 EC 2D
0000B9C0  14 D2 34 3F DC E7 4D 4A 00 00 20 4E 24 18 4D 4A
0000B9D0  EC 2D 34 3F 34 3F EC 2D 4D 4A 24 18 20 4E 00 00
0000B9E0  4D 4A DC E7 34 3F 14 D2 EC 2D CC C0 24 18 B3 B5
0000B9F0  00 00 E0 B1 DC E7 B3 B5 14 D2 CC C0 CC C0 14 D2
0000BA00  B3 B5 DC E7 E0 B1 00 00 B3 B5 24 18 CC C0 EC 2D
0000BA10  14 D2 34 3F DC E7 4D 4A 00 00 20 4E 24 18 4D 4A
0000BA20  EC 2D 34 3F 34 3F EC 2D 4D 4A 24 18 20 4E 00 00
0000BA30  4D 4A DC E7 34 3F 14 D2 EC 2D CC C0 24 18 B3 B5
0000BA40  00 00 E0 B1 DC E7 B3 B5 14 D2 CC C0 CC C0 14 D2
0000BA50  B3 B5 DC E7 E0 B1 00 00 B3 B5 24 18 CC C0 EC 2D
0000BA60  14 D2 34 3F DC E7 4D 4A 00 00 20 4E 24 18 4D 4A
0000BA70  EC 2D 34 3F 34 3F EC 2D 4D 4A 24 18 20 4E 00 00
0000BA80  4D 4A DC E7 34 3F 14 D2 EC 2D CC C0 24 18 B3 B5
0000BA90  00 00 E0 B1 DC E7 B3 B5 14 D2 CC C0 CC C0 14 D2
0000BAA0  B3 B5 DC E7 E0 B1 00 00 B3 B5 24 18 CC C0 EC 2D
0000BAB0  14 D2 34 3F DC E7 4D 4A 00 00 20 4E 24 18 4D 4A
0000BAC0  EC 2D 34 3F 34 3F EC 2D 4D 4A 24 18 20 4E 00 00
0000BAD0  4D 4A DC E7 34 3F 14 D2 EC 2D CC C0 24 18 B3 B5
0000BAE0  00 00 E0 B1 DC E7 B3 B5 14 D2 CC C0 CC C0 14 D2
0000BAF0  B3 B5 DC E7 E0 B1 00 00 B3 B5 24 18 CC C0 EC 2D
0000BB00  14 D2 34 3F DC E7 4D 4A 00 00 20 4E 24 18 4D 4A
0000BB10  EC 2D 34 3F 34 3F EC 2D 4D 4A 24 18 20 4E 00 00
0000BB20  4D 4A DC E7 34 3F 14 D2 EC 2D CC C0 24 18 B3 B5
0000BB30  00 00 E0 B1 DC E7 B3 B5 14 D2 CC C0 CC C0 14 D2
0000BB40  B3 B5 DC E7 E0 B1 00 00 B3 B5 24 18 CC C0 EC 2D
0000BB50  14 D2 34 3F DC E7 4D 4A 00 00 20 4E 24 18 4D 4A
0000BB60  EC 2D 34 3F 34 3F EC 2D 4D 4A 24 18 20 4E 00 00
0000BB70  4D 4A DC E7 34 3F 14 D2 EC 2D CC C0 24 18 B3 B5
0000BB80  00 00 E0 B1 DC E7 B3 B5 14 D2 CC C0 CC C0 14 D2
0000BB90  B3 B5 DC E7 E0 B1 00 00 B3 B5 24 18 CC C0 EC 2D
0000BBA0  14 D2 34 3F DC E7 4D 4A 00 00 20 4E 24 18 4D 4A
0000BBB0  EC 2D 34 3F 34 3F EC 2D 4D 4A 24 18 20 4E 00 00
0000BBC0  4D 4A DC E7 34 3F 14 D2 EC 2D CC C0 24 18 B3 B5
0000BBD0  00 00 E0 B1 DC E7 B3 B5 14 D2 CC C0 CC C0 14 D2
0000BBE0  B3 B5 DC E7 E0 B1 00 00 B3 B5 24 18 CC C0 EC 2D
0000BBF0  14 D2 34 3F DC E7 4D 4A 00 00 20 4E 24 18 4D 4A
0000BC00  EC 2D 34 3F 34 3F EC 2D 4D 4A 24 18 20 4E 00 00
0000BC10  4D 4A DC E7 34 3F 14 D2 EC 2D CC C0 24 18 B3 B5
0000BC20  00 00 E0 B1 DC E7 B3 B5 14 D2 CC C0 CC C0 14 D2
0000BC30  B3 B5 DC E7 E0 B1 00 00 B3 B5 24 18 CC C0 EC 2D
0000BC40  14 D2 34 3F DC E7 4D 4A 00 00 20 4E 24 18 4D 4A
0000BC50  EC 2D 34 3F 34 3F EC 2D 4D 4A 24 18 20 4E 00 00
0000BC60  4D 4A DC E7 34 3F 14 D2 EC 2D CC C0 24 18 B3 B5
0000BC70  00 00 E0 B1 DC E7 B3 B5 14 D2 CC C0 CC C0 14 D2
0000BC80  B3 B5 DC E7 E0 B1 00 00 B3 B5 24 18 CC C0 EC 2D
0000BC90  14 D2 34 3F DC E7 4D 4A 00 00 20 4E 24 18 4D 4A
0000BCA0  EC 2D 34 3F 34 3F EC 2D 4D 4A 24 18 20 4E 00 00
0000BCB0  4D 4A DC E7 34 3F 14 D2 EC 2D CC C0 24 18 B3 B5
0000BCC0  00 00 E0 B1 DC E7 B3 B5 14 D2 CC C0 CC C0 14 D2
0000BCD0  B3 B5 DC E7 E0 B1 00 00 B3 B5 24 18 CC C0 EC 2D
0000BCE0  14 D2 34 3F DC E7 4D 4A 00 00 20 4E 24 18 4D 4A
0000BCF0  EC 2D 34 3F 34 3F EC 2D 4D 4A 24 18 20 4E 00 00
0000BD00  4D 4A DC E7 34 3F 14 D2 EC 2D CC C0 24 18 B3 B5
0000BD10  00 00 E0 B1 DC E7 B3 B5 14 D2 CC C0 CC C0 14 D2
0000BD20  B3 B5 DC E7 E0 B1 00 00 B3 B5 24 18 CC C0 EC 2D
0000BD30  14 D2 34 3F DC E7 4D 4A 00 00 20 4E 24 18 4D 4A
0000BD40  EC 2D 34 3F 34 3F EC 2D 4D 4A 24 18 20 4E 00 00
0000BD50  4D 4A DC E7 34 3F 14 D2 EC 2D CC C0 24 18 B3 B5
0000BD60  00 00 E0 B1 DC E7 B3 B5 14 D2 CC C0 CC C0 14 D2
0000BD70  B3 B5 DC E7 E0 B1 00 00 B3 B5 24 18 CC C0 EC 2D
0000BD80  14 D2 34 3F DC E7 4D 4A 00 00 20 4E 24 18 4D 4A
0000BD90  EC 2D 34 3F 34 3F EC 2D 4D 4A 24 18 20 4E 00 00
0000BDA0  4D 4A DC E7 34 3F 14 D2 EC 2D CC C0 24 18 B3 B5
0000BDB0  00 00 E0 B1 DC E7 B3 B5 14 D2 CC C0 CC C0 14 D2
0000BDC0  B3 B5 DC E7 E0 B1 00 00 B3 B5 24 18 CC C0 EC 2D
0000BDD0  14 D2 34 3F DC E7 4D 4A 00 00 20 4E 24 18 4D 4A
0000BDE0  EC 2D 34 3F 34 3F EC 2D 4D 4A 24 18 20 4E 00 00
0000BDF0  4D 4A DC E7 34 3F 14 D2 EC 2D CC C0 24 18 B3 B5
0000BE00  00 00 E0 B1 DC E7 B3 B5 14 D2 CC C0 CC C0 14 D2
0000BE10  B3 B5 DC E7 E0 B1 00 00 B3 B5 24 18 CC C0 EC 2D
0000BE20  14 D2 34 3F DC E7 4D 4A 00 00 20 4E 24 18 4D 4A
0000BE30  EC 2D 34 3F 34 3F EC 2D 4D 4A 24 18 20 4E 00 00
0000BE40  4D 4A DC E7 34 3F 14 D2 EC 2D CC C0 24 18 B3 B5
0000BE50  00 00 E0 B1 DC E7 B3 B5 14 D2 CC C0 CC C0 14 D2
0000BE60  B3 B5 DC E7 E0 B1 00 00 B3 B5 24 18 CC C0 EC 2D
0000BE70  14 D2 34 3F DC E7 4D 4A 00 00 20 4E 24 18 4D 4A
0000BE80  EC 2D 34 3F 34 3F EC 2D 4D 4A 24 18 20 4E 00 00
0000BE90  4D 4A DC E7 34 3F 14 D2 EC 2D CC C0 24 18 B3 B5
0000BEA0  00 00 E0 B1 DC E7 B3 B5 14 D2 CC C0 CC C0 14 D2
0000BEB0  B3 B5 DC E7 E0 B1 00 00 B3 B5 24 18 CC C0 EC 2D
0000BEC0  14 D2 34 3F DC E7 4D 4A 00 00 20 4E 24 18 4D 4A
0000BED0  EC 2D 34 3F 34 3F EC 2D 4D 4A 24 18 20 4E 00 00
0000BEE0  4D 4A DC E7 34 3F 14 D2 EC 2D CC C0 24 18 B3 B5
0000BEF0  00 00 E0 B1 DC E7 B3 B5 14 D2 CC C0 CC C0 14 D2
0000BF00  B3 B5 DC E7 E0 B1 00 00 B3 B5 24 18 CC C0 EC 2D
0000BF10  14 D2 34 3F DC E7 4D 4A 00 00 20 4E 24 18 4D 4A
0000BF20  EC 2D 34 3F 34 3F EC 2D 4D 4A 24 18 20 4E 00 00
0000BF30  4D 4A DC E7 34 3F 14 D2 EC 2D CC C0 24 18 B3 B5
0000BF40  00 00 E0 B1 DC E7 B3 B5 14 D2 CC C0 CC C0 14 D2
0000BF50  B3 B5 DC E7 E0 B1 00 00 B3 B5 24 18 CC C0 EC 2D
0000BF60  14 D2 34 3F DC E7 4D 4A 00 00 20 4E 24 18 4D 4A
0000BF70  EC 2D 34 3F 34 3F EC 2D 4D 4A 24 18 20 4E 00 00
0000BF80  4D 4A DC E7 34 3F 14 D2 EC 2D CC C0 24 18 B3 B5
0000BF90  00 00 E0 B1 DC E7 B3 B5 14 D2 CC C0 CC C0 14 D2
0000BFA0  B3 B5 DC E7 E0 B1 00 00 B3 B5 24 18 CC C0 EC 2D
0000BFB0  14 D2 34 3F DC E7 4D 4A 00 00 20 4E 24 18 4D 4A
0000BFC0  EC 2D 34 3F 34 3F EC 2D 4D 4A 24 18 20 4E 00 00
0000BFD0  4D 4A DC E7 34 3F 14 D2 EC 2D CC C0 24 18 B3 B5
0000BFE0  00 00 E0 B1 DC E7 B3 B5 14 D2 CC C0 CC C0 14 D2
0000BFF0  B3 B5 DC E7 E0 B1 00 00 B3 B5 24 18 CC C0 EC 2D
0000C000  14 D2 34 3F DC E7 4D 4A 00 00 20 4E 24 18 4D 4A
0000C010  EC 2D 34 3F 34 3F EC 2D 4D 4A 24 18 20 4E 00 00
0000C020  4D 4A DC E7 34 3F 14 D2 EC 2D CC C0 24 18 B3 B5
0000C030  00 00 E0 B1 DC E7 B3 B5 14 D2 CC C0 CC C0 14 D2
0000C040  B3 B5 DC E7 E0 B1 00 00 B3 B5 24 18 CC C0 EC 2D
0000C050  14 D2 34 3F DC E7 4D 4A 00 00 20 4E 24 18 4D 4A
0000C060  EC 2D 34 3F 34 3F EC 2D 4D 4A 24 18 20 4E 00 00
0000C070  4D 4A DC E7 34 3F 14 D2 EC 2D CC C0 24 18 B3 B5
0000C080  00 00 E0 B1 DC E7 B3 B5 14 D2 CC C0 CC C0 14 D2
0000C090  B3 B5 DC E7 E0 B1 00 00 B3 B5 24 18 CC C0 EC 2D
0000C0A0  14 D2 34 3F DC E7 4D 4A 00 00 20 4E 24 18 4D 4A
0000C0B0  EC 2D 34 3F 34 3F EC 2D 4D 4A 24 18 20 4E 00 00
0000C0C0  4D 4A DC E7 34 3F 14 D2 EC 2D CC C0 24 18 B3 B5
0000C0D0  00 00 E0 B1 DC E7 B3 B5 14 D2 CC C0 CC C0 14 D2
0000C0E0  B3 B5 DC E7 E0 B1 00 00 B3 B5 24 18 CC C0 EC 2D
0000C0F0  14 D2 34 3F DC E7 4D 4A 00 00 20 4E 24 18 4D 4A
0000C100  EC 2D 34 3F 34 3F EC 2D 4D 4A 24 18 20 4E 00 00
0000C110  4D 4A DC E7 34 3F 14 D2 EC 2D CC C0 24 18 B3 B5
0000C120  00 00 E0 B1 DC E7 B3 B5 14 D2 CC C0 CC C0 14 D2
0000C130  B3 B5 DC E7 E0 B1 00 00 B3 B5 24 18 CC C0 EC 2D
0000C140  14 D2 34 3F DC E7 4D 4A 00 00 20 4E 24 18 4D 4A
0000C150  EC 2D 34 3F 34 3F EC 2D 4D 4A 24 18 20 4E 00 00
0000C160  4D 4A DC E7 34 3F 14 D2 EC 2D CC C0 24 18 B3 B5
0000C170  00 00 E0 B1 DC E7 B3 B5 14 D2 CC C0 CC C0 14 D2
0000C180  B3 B5 DC E7 E0 B1 00 00 B3 B5 24 18 CC C0 EC 2D
0000C190  14 D2 34 3F DC E7 4D 4A 00 00 20 4E 24 18 4D 4A
0000C1A0  EC 2D 34 3F 34 3F EC 2D 4D 4A 24 18 20 4E 00 00
0000C1B0  4D 4A DC E7 34 3F 14 D2 EC 2D CC C0 24 18 B3 B5
0000C1C0  00 00 E0 B1 DC E7 B3 B5 14 D2 CC C0 CC C0 14 D2
0000C1D0  B3 B5 DC E7 E0 B1 00 00 B3 B5 24 18 CC C0 EC 2D
0000C1E0  14 D2 34 3F DC E7 4D 4A 00 00 20 4E 24 18 4D 4A
0000C1F0  EC 2D 34 3F 34 3F EC 2D 4D 4A 24 18 20 4E 00 00
0000C200  4D 4A DC E7 34 3F 14 D2 EC 2D CC C0 24 18 B3 B5
0000C210  00 00 E0 B1 DC E7 B3 B5 14 D2 CC C0 CC C0 14 D2
0000C220  B3 B5 DC E7 E0 B1 00 00 B3 B5 24 18 CC C0 EC 2D
0000C230  14 D2 34 3F DC E7 4D 4A 00 00 20 4E 24 18 4D 4A
0000C240  EC 2D 34 3F 34 3F EC 2D 4D 4A 24 18 20 4E 00 00
0000C250  4D 4A DC E7 34 3F 14 D2 EC 2D CC C0 24 18 B3 B5
0000C260  00 00 E0 B1 DC E7 B3 B5 14 D2 CC C0 CC C0 14 D2
0000C270  B3 B5 DC E7 E0 B1 00 00 B3 B5 24 18 CC C0 EC 2D
0000C280  14 D2 34 3F DC E7 4D 4A 00 00 20 4E 24 18 4D 4A
0000C290  EC 2D 34 3F 34 3F EC 2D 4D 4A 24 18 20 4E 00 00
0000C2A0  4D 4A DC E7 34 3F 14 D2 EC 2D CC C0 24 18 B3 B5
0000C2B0  00 00 E0 B1 DC E7 B3 B5 14 D2 CC C0 CC C0 14 D2
0000C2C0  B3 B5 DC E7 E0 B1 00 00 B3 B5 24 18 CC C0 EC 2D
0000C2D0  14 D2 34 3F DC E7 4D 4A 00 00 20 4E 24 18 4D 4A
0000C2E0  EC 2D 34 3F 34 3F EC 2D 4D 4A 24 18 20 4E 00 00
0000C2F0  4D 4A DC E7 34 3F 14 D2 EC 2D CC C0 24 18 B3 B5
0000C300  00 00 E0 B1 DC E7 B3 B5 14 D2 CC C0 CC C0 14 D2
0000C310  B3 B5 DC E7 E0 B1 00 00 B3 B5 24 18 CC C0 EC 2D
0000C320  14 D2 34 3F DC E7 4D 4A 00 00 20 4E 24 18 4D 4A
0000C330  EC 2D 34 3F 34 3F EC 2D 4D 4A 24 18 20 4E 00 00
0000C340  4D 4A DC E7 34 3F 14 D2 EC 2D CC C0 24 18 B3 B5
0000C350  00 00 E0 B1 DC E7 B3 B5 14 D2 CC C0 CC C0 14 D2
0000C360  B3 B5 DC E7 E0 B1 00 00 B3 B5 24 18 CC C0 EC 2D
0000C370  14 D2 34 3F DC E7 4D 4A 00 00 20 4E 24 18 4D 4A
0000C380  EC 2D 34 3F 34 3F EC 2D 4D 4A 24 18 20 4E 00 00
0000C390  4D 4A DC E7 34 3F 14 D2 EC 2D CC C0 24 18 B3 B5
0000C3A0  00 00 E0 B1 DC E7 B3 B5 14 D2 CC C0 CC C0 14 D2
0000C3B0  B3 B5 DC E7 E0 B1 00 00 B3 B5 24 18 CC C0 EC 2D
0000C3C0  14 D2 34 3F DC E7 4D 4A 00 00 20 4E 24 18 4D 4A
0000C3D0  EC 2D 34 3F 34 3F EC 2D 4D 4A 24 18 20 4E 00 00
0000C3E0  4D 4A DC E7 34 3F 14 D2 EC 2D CC C0 24 18 B3 B5
0000C3F0  00 00 E0 B1 DC E7 B3 B5 14 D2 CC C0 CC C0 14 D2
0000C400  B3 B5 DC E7 E0 B1 00 00 B3 B5 24 18 CC C0 EC 2D
0000C410  14 D2 34 3F DC E7 4D 4A 00 00 20 4E 24 18 4D 4A
0000C420  EC 2D 34 3F 34 3F EC 2D 4D 4A 24 18 20 4E 00 00
0000C430  4D 4A DC E7 34 3F 14 D2 EC 2D CC C0 24 18 B3 B5
0000C440  00 00 E0 B1 DC E7 B3 B5 14 D2 CC C0 CC C0 14 D2
0000C450  B3 B5 DC E7 E0 B1 00 00 B3 B5 24 18 CC C0 EC 2D
0000C460  14 D2 34 3F DC E7 4D 4A 00 00 20 4E 24 18 4D 4A
0000C470  EC 2D 34 3F 34 3F EC 2D 4D 4A 24 18 20 4E 00 00
0000C480  4D 4A DC E7 34 3F 14 D2 EC 2D CC C0 24 18 B3 B5
0000C490  00 00 E0 B1 DC E7 B3 B5 14 D2 CC C0 CC C0 14 D2
0000C4A0  B3 B5 DC E7 E0 B1 00 00 B3 B5 24 18 CC C0 EC 2D
0000C4B0  14 D2 34 3F DC E7 4D 4A 00 00 20 4E 24 18 4D 4A
0000C4C0  EC 2D 34 3F 34 3F EC 2D 4D 4A 24 18 20 4E 00 00
0000C4D0  4D 4A DC E7 34 3F 14 D2 EC 2D CC C0 24 18 B3 B5
0000C4E0  00 00 E0 B1 DC E7 B3 B5 14 D2 CC C0 CC C0 14 D2
0000C4F0  B3 B5 DC E7 E0 B1 00 00 B3 B5 24 18 CC C0 EC 2D
0000C500  14 D2 34 3F DC E7 4D 4A 00 00 20 4E 24 18 4D 4A
0000C510  EC 2D 34 3F 34 3F EC 2D 4D 4A 24 18 20 4E 00 00
0000C520  4D 4A DC E7 34 3F 14 D2 EC 2D CC C0 24 18 B3 B5
0000C530  00 00 E0 B1 DC E7 B3 B5 14 D2 CC C0 CC C0 14 D2
0000C540  B3 B5 DC E7 E0 B1 00 00 B3 B5 24 18 CC C0 EC 2D
0000C550  14 D2 34 3F DC E7 4D 4A 00 00 20 4E 24 18 4D 4A
0000C560  EC 2D 34 3F 34 3F EC 2D 4D 4A 24 18 20 4E 00 00
0000C570  4D 4A DC E7 34 3F 14 D2 EC 2D CC C0 24 18 B3 B5
0000C580  00 00 E0 B1 DC E7 B3 B5 14 D2 CC C0 CC C0 14 D2
0000C590  B3 B5 DC E7 E0 B1 00 00 B3 B5 24 18 CC C0 EC 2D
0000C5A0  14 D2 34 3F DC E7 4D 4A 00 00 20 4E 24 18 4D 4A
0000C5B0  EC 2D 34 3F 34 3F EC 2D 4D 4A 24 18 20 4E 00 00
0000C5C0  4D 4A DC E7 34 3F 14 D2 EC 2D CC C0 24 18 B3 B5
0000C5D0  00 00 E0 B1 DC E7 B3 B5 14 D2 CC C0 CC C0 14 D2
0000C5E0  B3 B5 DC E7 E0 B1 00 00 B3 B5 24 18 CC C0 EC 2D
0000C5F0  14 D2 34 3F DC E7 4D 4A 00 00 20 4E 24 18 4D 4A
0000C600  EC 2D 34 3F 34 3F EC 2D 4D 4A 24 18 20 4E 00 00
0000C610  4D 4A DC E7 34 3F 14 D2 EC 2D CC C0 24 18 B3 B5
0000C620  00 00 E0 B1 DC E7 B3 B5 14 D2 CC C0 CC C0 14 D2
0000C630  B3 B5 DC E7 E0 B1 00 00 B3 B5 24 18 CC C0 EC 2D
0000C640  14 D2 34 3F DC E7 4D 4A 00 00 20 4E 24 18 4D 4A
0000C650  EC 2D 34 3F 34 3F EC 2D 4D 4A 24 18 20 4E 00 00
0000C660  4D 4A DC E7 34 3F 14 D2 EC 2D CC C0 24 18 B3 B5
0000C670  00 00 E0 B1 DC E7 B3 B5 14 D2 CC C0 CC C0 14 D2
0000C680  B3 B5 DC E7 E0 B1 00 00 B3 B5 24 18 CC C0 EC 2D
0000C690  14 D2 34 3F DC E7 4D 4A 00 00 20 4E 24 18 4D 4A
0000C6A0  EC 2D 34 3F 34 3F EC 2D 4D 4A 24 18 20 4E 00 00
0000C6B0  4D 4A DC E7 34 3F 14 D2 EC 2D CC C0 24 18 B3 B5
0000C6C0  00 00 E0 B1 DC E7 B3 B5 14 D2 CC C0 CC C0 14 D2
0000C6D0  B3 B5 DC E7 E0 B1 00 00 B3 B5 24 18 CC C0 EC 2D
0000C6E0  14 D2 34 3F DC E7 4D 4A 00 00 20 4E 24 18 4D 4A
0000C6F0  EC 2D 34 3F 34 3F EC 2D 4D 4A 24 18 20 4E 00 00
0000C700  4D 4A DC E7 34 3F 14 D2 EC 2D CC C0 24 18 B3 B5
0000C710  00 00 E0 B1 DC E7 B3 B5 14 D2 CC C0 CC C0 14 D2
0000C720  B3 B5 DC E7 E0 B1 00 00 B3 B5 24 18 CC C0 EC 2D
0000C730  14 D2 34 3F DC E7 4D 4A 00 00 20 4E 24 18 4D 4A
0000C740  EC 2D 34 3F 34 3F EC 2D 4D 4A 24 18 20 4E 00 00
0000C750  4D 4A DC E7 34 3F 14 D2 EC 2D CC C0 24 18 B3 B5
0000C760  00 00 E0 B1 DC E7 B3 B5 14 D2 CC C0 CC C0 14 D2
0000C770  B3 B5 DC E7 E0 B1 00 00 B3 B5 24 18 CC C0 EC 2D
0000C780  14 D2 34 3F DC E7 4D 4A 00 00 20 4E 24 18 4D 4A
0000C790  EC 2D 34 3F 34 3F EC 2D 4D 4A 24 18 20 4E 00 00
0000C7A0  4D 4A DC E7 34 3F 14 D2 EC 2D CC C0 24 18 B3 B5
0000C7B0  00 00 E0 B1 DC E7 B3 B5 14 D2 CC C0 CC C0 14 D2
0000C7C0  B3 B5 DC E7 E0 B1 00 00 B3 B5 24 18 CC C0 EC 2D
0000C7D0  14 D2 34 3F DC E7 4D 4A 00 00 20 4E 24 18 4D 4A
0000C7E0  EC 2D 34 3F 34 3F EC 2D 4D 4A 24 18 20 4E 00 00
0000C7F0  4D 4A DC E7 34 3F 14 D2 EC 2D CC C0 24 18 B3 B5
0000C800  00 00 E0 B1 DC E7 B3 B5 14 D2 CC C0 CC C0 14 D2
0000C810  B3 B5 DC E7 E0 B1 00 00 B3 B5 24 18 CC C0 EC 2D
0000C820  14 D2 34 3F DC E7 4D 4A 00 00 20 4E 24 18 4D 4A
0000C830  EC 2D 34 3F 34 3F EC 2D 4D 4A 24 18 20 4E 00 00
0000C840  4D 4A DC E7 34 3F 14 D2 EC 2D CC C0 24 18 B3 B5
0000C850  00 00 E0 B1 DC E7 B3 B5 14 D2 CC C0 CC C0 14 D2
0000C860  B3 B5 DC E7 E0 B1 00 00 B3 B5 24 18 CC C0 EC 2D
0000C870  14 D2 34 3F DC E7 4D 4A 00 00 20 4E 24 18 4D 4A
0000C880  EC 2D 34 3F 34 3F EC 2D 4D 4A 24 18 20 4E 00 00
0000C890  4D 4A DC E7 34 3F 14 D2 EC 2D CC C0 24 18 B3 B5
0000C8A0  00 00 E0 B1 DC E7 B3 B5 14 D2 CC C0 CC C0 14 D2
0000C8B0  B3 B5 DC E7 E0 B1 00 00 B3 B5 24 18 CC C0 EC 2D
0000C8C0  14 D2 34 3F DC E7 4D 4A 00 00 20 4E 24 18 4D 4A
0000C8D0  EC 2D 34 3F 34 3F EC 2D 4D 4A 24 18 20 4E 00 00
0000C8E0  4D 4A DC E7 34 3F 14 D2 EC 2D CC C0 24 18 B3 B5
0000C8F0  00 00 E0 B1 DC E7 B3 B5 14 D2 CC C0 CC C0 14 D2
0000C900  B3 B5 DC E7 E0 B1 00 00 B3 B5 24 18 CC C0 EC 2D
0000C910  14 D2 34 3F DC E7 4D 4A 00 00 20 4E 24 18 4D 4A
0000C920  EC 2D 34 3F 34 3F EC 2D 4D 4A 24 18 20 4E 00 00
0000C930  4D 4A DC E7 34 3F 14 D2 EC 2D CC C0 24 18 B3 B5
0000C940  00 00 E0 B1 DC E7 B3 B5 14 D2 CC C0 CC C0 14 D2
0000C950  B3 B5 DC E7 E0 B1 00 00 B3 B5 24 18 CC C0 EC 2D
0000C960  14 D2 34 3F DC E7 4D 4A 00 00 20 4E 24 18 4D 4A
0000C970  EC 2D 34 3F 34 3F EC 2D 4D 4A 24 18 20 4E 00 00
0000C980  4D 4A DC E7 34 3F 14 D2 EC 2D CC C0 24 18 B3 B5
0000C990  00 00 E0 B1 DC E7 B3 B5 14 D2 CC C0 CC C0 14 D2
0000C9A0  B3 B5 DC E7 E0 B1 00 00 B3 B5 24 18 CC C0 EC 2D
0000C9B0  14 D2 34 3F DC E7 4D 4A 00 00 20 4E 24 18 4D 4A
0000C9C0  EC 2D 34 3F 34 3F EC 2D 4D 4A 24 18 20 4E 00 00
0000C9D0  4D 4A DC E7 34 3F 14 D2 EC 2D CC C0 24 18 B3 B5
0000C9E0  00 00 E0 B1 DC E7 B3 B5 14 D2 CC C0 CC C0 14 D2
0000C9F0  B3 B5 DC E7 E0 B1 00 00 B3 B5 24 18 CC C0 EC 2D
0000CA00  14 D2 34 3F DC E7 4D 4A 00 00 20 4E 24 18 4D 4A
0000CA10  EC 2D 34 3F 34 3F EC 2D 4D 4A 24 18 20 4E 00 00
0000CA20  4D 4A DC E7 34 3F 14 D2 EC 2D CC C0 24 18 B3 B5
0000CA30  00 00 E0 B1 DC E7 B3 B5 14 D2 CC C0 CC C0 14 D2
0000CA40  B3 B5 DC E7 E0 B1 00 00 B3 B5 24 18 CC C0 EC 2D
0000CA50  14 D2 34 3F DC E7 4D 4A 00 00 20 4E 24 18 4D 4A
0000CA60  EC 2D 34 3F 34 3F EC 2D 4D 4A 24 18 20 4E 00 00
0000CA70  4D 4A DC E7 34 3F 14 D2 EC 2D CC C0 24 18 B3 B5
0000CA80  00 00 E0 B1 DC E7 B3 B5 14 D2 CC C0 CC C0 14 D2
0000CA90  B3 B5 DC E7 E0 B1 00 00 B3 B5 24 18 CC C0 EC 2D
0000CAA0  14 D2 34 3F DC E7 4D 4A 00 00 20 4E 24 18 4D 4A
0000CAB0  EC 2D 34 3F 34 3F EC 2D 4D 4A 24 18 20 4E 00 00
0000CAC0  4D 4A DC E7 34 3F 14 D2 EC 2D CC C0 24 18 B3 B5
0000CAD0  00 00 E0 B1 DC E7 B3 B5 14 D2 CC C0 CC C0 14 D2
0000CAE0  B3 B5 DC E7 E0 B1 00 00 B3 B5 24 18 CC C0 EC 2D
0000CAF0  14 D2 34 3F DC E7 4D 4A 00 00 20 4E 24 18 4D 4A
0000CB00  EC 2D 34 3F 34 3F EC 2D 4D 4A 24 18 20 4E 00 00
0000CB10  4D 4A DC E7 34 3F 14 D2 EC 2D CC C0 24 18 B3 B5
0000CB20  00 00 E0 B1 DC E7 B3 B5 14 D2 CC C0 CC C0 14 D2
0000CB30  B3 B5 DC E7 E0 B1 00 00 B3 B5 24 18 CC C0 EC 2D
0000CB40  14 D2 34 3F DC E7 4D 4A 00 00 20 4E 24 18 4D 4A
0000CB50  EC 2D 34 3F 34 3F EC 2D 4D 4A 24 18 20 4E 00 00
0000CB60  4D 4A DC E7 34 3F 14 D2 EC 2D CC C0 24 18 B3 B5
0000CB70  00 00 E0 B1 DC E7 B3 B5 14 D2 CC C0 CC C0 14 D2
0000CB80  B3 B5 DC E7 E0 B1 00 00 B3 B5 24 18 CC C0 EC 2D
0000CB90  14 D2 34 3F DC E7 4D 4A 00 00 20 4E 24 18 4D 4A
0000CBA0  EC 2D 34 3F 34 3F EC 2D 4D 4A 24 18 20 4E 00 00
0000CBB0  4D 4A DC E7 34 3F 14 D2 EC 2D CC C0 24 18 B3 B5
0000CBC0  00 00 E0 B1 DC E7 B3 B5 14 D2 CC C0 CC C0 14 D2
0000CBD0  B3 B5 DC E7 E0 B1 00 00 B3 B5 24 18 CC C0 EC 2D
0000CBE0  14 D2 34 3F DC E7 4D 4A 00 00 20 4E 24 18 4D 4A
0000CBF0  EC 2D 34 3F 34 3F EC 2D 4D 4A 24 18 20 4E 00 00
0000CC00  4D 4A DC E7 34 3F 14 D2 EC 2D CC C0 24 18 B3 B5
0000CC10  00 00 E0 B1 DC E7 B3 B5 14 D2 CC C0 CC C0 14 D2
0000CC20  B3 B5 DC E7 E0 B1 00 00 B3 B5 24 18 CC C0 EC 2D
0000CC30  14 D2 34 3F DC E7 4D 4A 00 00 20 4E 24 18 4D 4A
0000CC40  EC 2D 34 3F 34 3F EC 2D 4D 4A 24 18 20 4E 00 00
0000CC50  4D 4A DC E7 34 3F 14 D2 EC 2D CC C0 24 18 B3 B5
0000CC60  00 00 E0 B1 DC E7 B3 B5 14 D2 CC C0 CC C0 14 D2
0000CC70  B3 B5 DC E7 E0 B1 00 00 B3 B5 24 18 CC C0 EC 2D
0000CC80  14 D2 34 3F DC E7 4D 4A 00 00 20 4E 24 18 4D 4A
0000CC90  EC 2D 34 3F 34 3F EC 2D 4D 4A 24 18 20 4E 00 00
0000CCA0  4D 4A DC E7 34 3F 14 D2 EC 2D CC C0 24 18 B3 B5
0000CCB0  00 00 E0 B1 DC E7 B3 B5 14 D2 CC C0 CC C0 14 D2
0000CCC0  B3 B5 DC E7 E0 B1 00 00 B3 B5 24 18 CC C0 EC 2D
0000CCD0  14 D2 34 3F DC E7 4D 4A 00 00 20 4E 24 18 4D 4A
0000CCE0  EC 2D 34 3F 34 3F EC 2D 4D 4A 24 18 20 4E 00 00
0000CCF0  4D 4A DC E7 34 3F 14 D2 EC 2D CC C0 24 18 B3 B5
0000CD00  00 00 E0 B1 DC E7 B3 B5 14 D2 CC C0 CC C0 14 D2
0000CD10  B3 B5 DC E7 E0 B1 00 00 B3 B5 24 18 CC C0 EC 2D
0000CD20  14 D2 34 3F DC E7 4D 4A 00 00 20 4E 24 18 4D 4A
0000CD30  EC 2D 34 3F 34 3F EC 2D 4D 4A 24 18 20 4E 00 00
0000CD40  4D 4A DC E7 34 3F 14 D2 EC 2D CC C0 24 18 B3 B5
0000CD50  00 00 E0 B1 DC E7 B3 B5 14 D2 CC C0 CC C0 14 D2
0000CD60  B3 B5 DC E7 E0 B1 00 00 B3 B5 24 18 CC C0 EC 2D
0000CD70  14 D2 34 3F DC E7 4D 4A 00 00 20 4E 24 18 4D 4A
0000CD80  EC 2D 34 3F 34 3F EC 2D 4D 4A 24 18 20 4E 00 00
0000CD90  4D 4A DC E7 34 3F 14 D2 EC 2D CC C0 24 18 B3 B5
0000CDA0  00 00 E0 B1 DC E7 B3 B5 14 D2 CC C0 CC C0 14 D2
0000CDB0  B3 B5 DC E7 E0 B1 00 00 B3 B5 24 18 CC C0 EC 2D
0000CDC0  14 D2 34 3F DC E7 4D 4A 00 00 20 4E 24 18 4D 4A
0000CDD0  EC 2D 34 3F 34 3F EC 2D 4D 4A 24 18 20 4E 00 00
0000CDE0  4D 4A DC E7 34 3F 14 D2 EC 2D CC C0 24 18 B3 B5
0000CDF0  00 00 E0 B1 DC E7 B3 B5 14 D2 CC C0 CC C0 14 D2
0000CE00  B3 B5 DC E7 E0 B1 00 00 B3 B5 24 18 CC C0 EC 2D
0000CE10  14 D2 34 3F DC E7 4D 4A 00 00 20 4E 24 18 4D 4A
0000CE20  EC 2D 34 3F 34 3F EC 2D 4D 4A 24 18 20 4E 00 00
0000CE30  4D 4A DC E7 34 3F 14 D2 EC 2D CC C0 24 18 B3 B5
0000CE40  00 00 E0 B1 DC E7 B3 B5 14 D2 CC C0 CC C0 14 D2
0000CE50  B3 B5 DC E7 E0 B1 00 00 B3 B5 24 18 CC C0 EC 2D
0000CE60  14 D2 34 3F DC E7 4D 4A 00 00 20 4E 24 18 4D 4A
0000CE70  EC 2D 34 3F 34 3F EC 2D 4D 4A 24 18 20 4E 00 00
0000CE80  4D 4A DC E7 34 3F 14 D2 EC 2D CC C0 24 18 B3 B5
0000CE90  00 00 E0 B1 DC E7 B3 B5 14 D2 CC C0 CC C0 14 D2
0000CEA0  B3 B5 DC E7 E0 B1 00 00 B3 B5 24 18 CC C0 EC 2D
0000CEB0  14 D2 34 3F DC E7 4D 4A 00 00 20 4E 24 18 4D 4A
0000CEC0  EC 2D 34 3F 34 3F EC 2D 4D 4A 24 18 20 4E 00 00
0000CED0  4D 4A DC E7 34 3F 14 D2 EC 2D CC C0 24 18 B3 B5
0000CEE0  00 00 E0 B1 DC E7 B3 B5 14 D2 CC C0 CC C0 14 D2
0000CEF0  B3 B5 DC E7 E0 B1 00 00 B3 B5 24 18 CC C0 EC 2D
0000CF00  14 D2 34 3F DC E7 4D 4A 00 00 20 4E 24 18 4D 4A
0000CF10  EC 2D 34 3F 34 3F EC 2D 4D 4A 24 18 20 4E 00 00
0000CF20  4D 4A DC E7 34 3F 14 D2 EC 2D CC C0 24 18 B3 B5
0000CF30  00 00 E0 B1 DC E7 B3 B5 14 D2 CC C0 CC C0 14 D2
0000CF40  B3 B5 DC E7 E0 B1 00 00 B3 B5 24 18 CC C0 EC 2D
0000CF50  14 D2 34 3F DC E7 4D 4A 00 00 20 4E 24 18 4D 4A
0000CF60  EC 2D 34 3F 34 3F EC 2D 4D 4A 24 18 20 4E 00 00
0000CF70  4D 4A DC E7 34 3F 14 D2 EC 2D CC C0 24 18 B3 B5
0000CF80  00 00 E0 B1 DC E7 B3 B5 14 D2 CC C0 CC C0 14 D2
0000CF90  B3 B5 DC E7 E0 B1 00 00 B3 B5 24 18 CC C0 EC 2D
0000CFA0  14 D2 34 3F DC E7 4D 4A 00 00 20 4E 24 18 4D 4A
0000CFB0  EC 2D 34 3F 34 3F EC 2D 4D 4A 24 18 20 4E 00 00
0000CFC0  4D 4A DC E7 34 3F 14 D2 EC 2D CC C0 24 18 B3 B5
0000CFD0  00 00 E0 B1 DC E7 B3 B5 14 D2 CC C0 CC C0 14 D2
0000CFE0  B3 B5 DC E7 E0 B1 00 00 B3 B5 24 18 CC C0 EC 2D
0000CFF0  14 D2 34 3F DC E7 4D 4A 00 00 20 4E 24 18 4D 4A
0000D000  EC 2D 34 3F 34 3F EC 2D 4D 4A 24 18 20 4E 00 00
0000D010  4D 4A DC E7 34 3F 14 D2 EC 2D CC C0 24 18 B3 B5
0000D020  00 00 E0 B1 DC E7 B3 B5 14 D2 CC C0 CC C0 14 D2
0000D030  B3 B5 DC E7 E0 B1 00 00 B3 B5 24 18 CC C0 EC 2D
0000D040  14 D2 34 3F DC E7 4D 4A 00 00 20 4E 24 18 4D 4A
0000D050  EC 2D 34 3F 34 3F EC 2D 4D 4A 24 18 20 4E 00 00
0000D060  4D 4A DC E7 34 3F 14 D2 EC 2D CC C0 24 18 B3 B5
0000D070  00 00 E0 B1 DC E7 B3 B5 14 D2 CC C0 CC C0 14 D2
0000D080  B3 B5 DC E7 E0 B1 00 00 B3 B5 24 18 CC C0 EC 2D
0000D090  14 D2 34 3F DC E7 4D 4A 00 00 20 4E 24 18 4D 4A
0000D0A0  EC 2D 34 3F 34 3F EC 2D 4D 4A 24 18 20 4E 00 00
0000D0B0  4D 4A DC E7 34 3F 14 D2 EC 2D CC C0 24 18 B3 B5
0000D0C0  00 00 E0 B1 DC E7 B3 B5 14 D2 CC C0 CC C0 14 D2
0000D0D0  B3 B5 DC E7 E0 B1 00 00 B3 B5 24 18 CC C0 EC 2D
0000D0E0  14 D2 34 3F DC E7 4D 4A 00 00 20 4E 24 18 4D 4A
0000D0F0  EC 2D 34 3F 34 3F EC 2D 4D 4A 24 18 20 4E 00 00
0000D100  4D 4A DC E7 34 3F 14 D2 EC 2D CC C0 24 18 B3 B5
0000D110  00 00 E0 B1 DC E7 B3 B5 14 D2 CC C0 CC C0 14 D2
0000D120  B3 B5 DC E7 E0 B1 00 00 B3 B5 24 18 CC C0 EC 2D
0000D130  14 D2 34 3F DC E7 4D 4A 00 00 20 4E 24 18 4D 4A
0000D140  EC 2D 34 3F 34 3F EC 2D 4D 4A 24 18 20 4E 00 00
0000D150  4D 4A DC E7 34 3F 14 D2 EC 2D CC C0 24 18 B3 B5
0000D160  00 00 E0 B1 DC E7 B3 B5 14 D2 CC C0 CC C0 14 D2
0000D170  B3 B5 DC E7 E0 B1 00 00 B3 B5 24 18 CC C0 EC 2D
0000D180  14 D2 34 3F DC E7 4D 4A 00 00 20 4E 24 18 4D 4A
0000D190  EC 2D 34 3F 34 3F EC 2D 4D 4A 24 18 20 4E 00 00
0000D1A0  4D 4A DC E7 34 3F 14 D2 EC 2D CC C0 24 18 B3 B5
0000D1B0  00 00 E0 B1 DC E7 B3 B5 14 D2 CC C0 CC C0 14 D2
0000D1C0  B3 B5 DC E7 E0 B1 00 00 B3 B5 24 18 CC C0 EC 2D
0000D1D0  14 D2 34 3F DC E7 4D 4A 00 00 20 4E 24 18 4D 4A
0000D1E0  EC 2D 34 3F 34 3F EC 2D 4D 4A 24 18 20 4E 00 00
0000D1F0  4D 4A DC E7 34 3F 14 D2 EC 2D CC C0 24 18 B3 B5
0000D200  00 00 E0 B1 DC E7 B3 B5 14 D2 CC C0 CC C0 14 D2
0000D210  B3 B5 DC E7 E0 B1 00 00 B3 B5 24 18 CC C0 EC 2D
0000D220  14 D2 34 3F DC E7 4D 4A 00 00 20 4E 24 18 4D 4A
0000D230  EC 2D 34 3F 34 3F EC 2D 4D 4A 24 18 20 4E 00 00
0000D240  4D 4A DC E7 34 3F 14 D2 EC 2D CC C0 24 18 B3 B5
0000D250  00 00 E0 B1 DC E7 B3 B5 14 D2 CC C0 CC C0 14 D2
0000D260  B3 B5 DC E7 E0 B1 00 00 B3 B5 24 18 CC C0 EC 2D
0000D270  14 D2 34 3F DC E7 4D 4A 00 00 20 4E 24 18 4D 4A
0000D280  EC 2D 34 3F 34 3F EC 2D 4D 4A 24 18 20 4E 00 00
0000D290  4D 4A DC E7 34 3F 14 D2 EC 2D CC C0 24 18 B3 B5
0000D2A0  00 00 E0 B1 DC E7 B3 B5 14 D2 CC C0 CC C0 14 D2
0000D2B0  B3 B5 DC E7 E0 B1 00 00 B3 B5 24 18 CC C0 EC 2D
0000D2C0  14 D2 34 3F DC E7 4D 4A 00 00 20 4E 24 18 4D 4A
0000D2D0  EC 2D 34 3F 34 3F EC 2D 4D 4A 24 18 20 4E 00 00
0000D2E0  4D 4A DC E7 34 3F 14 D2 EC 2D CC C0 24 18 B3 B5
0000D2F0  00 00 E0 B1 DC E7 B3 B5 14 D2 CC C0 CC C0 14 D2
0000D300  B3 B5 DC E7 E0 B1 00 00 B3 B5 24 18 CC C0 EC 2D
0000D310  14 D2 34 3F DC E7 4D 4A 00 00 20 4E 24 18 4D 4A
0000D320  EC 2D 34 3F 34 3F EC 2D 4D 4A 24 18 20 4E 00 00
0000D330  4D 4A DC E7 34 3F 14 D2 EC 2D CC C0 24 18 B3 B5
0000D340  00 00 E0 B1 DC E7 B3 B5 14 D2 CC C0 CC C0 14 D2
0000D350  B3 B5 DC E7 E0 B1 00 00 B3 B5 24 18 CC C0 EC 2D
0000D360  14 D2 34 3F DC E7 4D 4A 00 00 20 4E 24 18 4D 4A
0000D370  EC 2D 34 3F 34 3F EC 2D 4D 4A 24 18 20 4E 00 00
0000D380  4D 4A DC E7 34 3F 14 D2 EC 2D CC C0 24 18 B3 B5
0000D390  00 00 E0 B1 DC E7 B3 B5 14 D2 CC C0 CC C0 14 D2
0000D3A0  B3 B5 DC E7 E0 B1 00 00 B3 B5 24 18 CC C0 EC 2D
0000D3B0  14 D2 34 3F DC E7 4D 4A 00 00 20 4E 24 18 4D 4A
0000D3C0  EC 2D 34 3F 34 3F EC 2D 4D 4A 24 18 20 4E 00 00
0000D3D0  4D 4A DC E7 34 3F 14 D2 EC 2D CC C0 24 18 B3 B5
0000D3E0  00 00 E0 B1 DC E7 B3 B5 14 D2 CC C0 CC C0 14 D2
0000D3F0  B3 B5 DC E7 E0 B1 00 00 B3 B5 24 18 CC C0 EC 2D
0000D400  14 D2 34 3F DC E7 4D 4A 00 00 20 4E 24 18 4D 4A
0000D410  EC 2D 34 3F 34 3F EC 2D 4D 4A 24 18 20 4E 00 00
0000D420  4D 4A DC E7 34 3F 14 D2 EC 2D CC C0 24 18 B3 B5
0000D430  00 00 E0 B1 DC E7 B3 B5 14 D2 CC C0 CC C0 14 D2
0000D440  B3 B5 DC E7 E0 B1 00 00 B3 B5 24 18 CC C0 EC 2D
0000D450  14 D2 34 3F DC E7 4D 4A 00 00 20 4E 24 18 4D 4A
0000D460  EC 2D 34 3F 34 3F EC 2D 4D 4A 24 18 20 4E 00 00
0000D470  4D 4A DC E7 34 3F 14 D2 EC 2D CC C0 24 18 B3 B5
0000D480  00 00 E0 B1 DC E7 B3 B5 14 D2 CC C0 CC C0 14 D2
0000D490  B3 B5 DC E7 E0 B1 00 00 B3 B5 24 18 CC C0 EC 2D
0000D4A0  14 D2 34 3F DC E7 4D 4A 00 00 20 4E 24 18 4D 4A
0000D4B0  EC 2D 34 3F 34 3F EC 2D 4D 4A 24 18 20 4E 00 00
0000D4C0  4D 4A DC E7 34 3F 14 D2 EC 2D CC C0 24 18 B3 B5
0000D4D0  00 00 E0 B1 DC E7 B3 B5 14 D2 CC C0 CC C0 14 D2
0000D4E0  B3 B5 DC E7 E0 B1 00 00 B3 B5 24 18 CC C0 EC 2D
0000D4F0  14 D2 34 3F DC E7 4D 4A 00 00 20 4E 24 18 4D 4A
0000D500  EC 2D 34 3F 34 3F EC 2D 4D 4A 24 18 20 4E 00 00
0000D510  4D 4A DC E7 34 3F 14 D2 EC 2D CC C0 24 18 B3 B5
0000D520  00 00 E0 B1 DC E7 B3 B5 14 D2 CC C0 CC C0 14 D2
0000D530  B3 B5 DC E7 E0 B1 00 00 B3 B5 24 18 CC C0 EC 2D
0000D540  14 D2 34 3F DC E7 4D 4A 00 00 20 4E 24 18 4D 4A
0000D550  EC 2D 34 3F 34 3F EC 2D 4D 4A 24 18 20 4E 00 00
0000D560  4D 4A DC E7 34 3F 14 D2 EC 2D CC C0 24 18 B3 B5
0000D570  00 00 E0 B1 DC E7 B3 B5 14 D2 CC C0 CC C0 14 D2
0000D580  B3 B5 DC E7 E0 B1 00 00 B3 B5 24 18 CC C0 EC 2D
0000D590  14 D2 34 3F DC E7 4D 4A 00 00 20 4E 24 18 4D 4A
0000D5A0  EC 2D 34 3F 34 3F EC 2D 4D 4A 24 18 20 4E 00 00
0000D5B0  4D 4A DC E7 34 3F 14 D2 EC 2D CC C0 24 18 B3 B5
0000D5C0  00 00 E0 B1 DC E7 B3 B5 14 D2 CC C0 CC C0 14 D2
0000D5D0  B3 B5 DC E7 E0 B1 00 00 B3 B5 24 18 CC C0 EC 2D
0000D5E0  14 D2 34 3F DC E7 4D 4A 00 00 20 4E 24 18 4D 4A
0000D5F0  EC 2D 34 3F 34 3F EC 2D 4D 4A 24 18 20 4E 00 00
0000D600  4D 4A DC E7 34 3F 14 D2 EC 2D CC C0 24 18 B3 B5
0000D610  00 00 E0 B1 DC E7 B3 B5 14 D2 CC C0 CC C0 14 D2
0000D620  B3 B5 DC E7 E0 B1 00 00 B3 B5 24 18 CC C0 EC 2D
0000D630  14 D2 34 3F DC E7 4D 4A 00 00 20 4E 24 18 4D 4A
0000D640  EC 2D 34 3F 34 3F EC 2D 4D 4A 24 18 20 4E 00 00
0000D650  4D 4A DC E7 34 3F 14 D2 EC 2D CC C0 24 18 B3 B5
0000D660  00 00 E0 B1 DC E7 B3 B5 14 D2 CC C0 CC C0 14 D2
0000D670  B3 B5 DC E7 E0 B1 00 00 B3 B5 24 18 CC C0 EC 2D
0000D680  14 D2 34 3F DC E7 4D 4A 00 00 20 4E 24 18 4D 4A
0000D690  EC 2D 34 3F 34 3F EC 2D 4D 4A 24 18 20 4E 00 00
0000D6A0  4D 4A DC E7 34 3F 14 D2 EC 2D CC C0 24 18 B3 B5
0000D6B0  00 00 E0 B1 DC E7 B3 B5 14 D2 CC C0 CC C0 14 D2
0000D6C0  B3 B5 DC E7 E0 B1 00 00 B3 B5 24 18 CC C0 EC 2D
0000D6D0  14 D2 34 3F DC E7 4D 4A 00 00 20 4E 24 18 4D 4A
0000D6E0  EC 2D 34 3F 34 3F EC 2D 4D 4A 24 18 20 4E 00 00
0000D6F0  4D 4A DC E7 34 3F 14 D2 EC 2D CC C0 24 18 B3 B5
0000D700  00 00 E0 B1 DC E7 B3 B5 14 D2 CC C0 CC C0 14 D2
0000D710  B3 B5 DC E7 E0 B1 00 00 B3 B5 24 18 CC C0 EC 2D
0000D720  14 D2 34 3F DC E7 4D 4A 00 00 20 4E 24 18 4D 4A
0000D730  EC 2D 34 3F 34 3F EC 2D 4D 4A 24 18 20 4E 00 00
0000D740  4D 4A DC E7 34 3F 14 D2 EC 2D CC C0 24 18 B3 B5
0000D750  00 00 E0 B1 DC E7 B3 B5 14 D2 CC C0 CC C0 14 D2
0000D760  B3 B5 DC E7 E0 B1 00 00 B3 B5 24 18 CC C0 EC 2D
0000D770  14 D2 34 3F DC E7 4D 4A 00 00 20 4E 24 18 4D 4A
0000D780  EC 2D 34 3F 34 3F EC 2D 4D 4A 24 18 20 4E 00 00
0000D790  4D 4A DC E7 34 3F 14 D2 EC 2D CC C0 24 18 B3 B5
0000D7A0  00 00 E0 B1 DC E7 B3 B5 14 D2 CC C0 CC C0 14 D2
0000D7B0  B3 B5 DC E7 E0 B1 00 00 B3 B5 24 18 CC C0 EC 2D
0000D7C0  14 D2 34 3F DC E7 4D 4A 00 00 20 4E 24 18 4D 4A
0000D7D0  EC 2D 34 3F 34 3F EC 2D 4D 4A 24 18 20 4E 00 00
0000D7E0  4D 4A DC E7 34 3F 14 D2 EC 2D CC C0 24 18 B3 B5
0000D7F0  00 00 E0 B1 DC E7 B3 B5 14 D2 CC C0 CC C0 14 D2
0000D800  B3 B5 DC E7 E0 B1 00 00 B3 B5 24 18 CC C0 EC 2D
0000D810  14 D2 34 3F DC E7 4D 4A 00 00 20 4E 24 18 4D 4A
0000D820  EC 2D 34 3F 34 3F EC 2D 4D 4A 24 18 20 4E 00 00
0000D830  4D 4A DC E7 34 3F 14 D2 EC 2D CC C0 24 18 B3 B5
0000D840  00 00 E0 B1 DC E7 B3 B5 14 D2 CC C0 CC C0 14 D2
0000D850  B3 B5 DC E7 E0 B1 00 00 B3 B5 24 18 CC C0 EC 2D
0000D860  14 D2 34 3F DC E7 4D 4A 00 00 20 4E 24 18 4D 4A
0000D870  EC 2D 34 3F 34 3F EC 2D 4D 4A 24 18 20 4E 00 00
0000D880  4D 4A DC E7 34 3F 14 D2 EC 2D CC C0 24 18 B3 B5
0000D890  00 00 E0 B1 DC E7 B3 B5 14 D2 CC C0 CC C0 14 D2
0000D8A0  B3 B5 DC E7 E0 B1 00 00 B3 B5 24 18 CC C0 EC 2D
0000D8B0  14 D2 34 3F DC E7 4D 4A 00 00 20 4E 24 18 4D 4A
0000D8C0  EC 2D 34 3F 34 3F EC 2D 4D 4A 24 18 20 4E 00 00
0000D8D0  4D 4A DC E7 34 3F 14 D2 EC 2D CC C0 24 18 B3 B5
0000D8E0  00 00 E0 B1 DC E7 B3 B5 14 D2 CC C0 CC C0 14 D2
0000D8F0  B3 B5 DC E7 E0 B1 00 00 B3 B5 24 18 CC C0 EC 2D
0000D900  14 D2 34 3F DC E7 4D 4A 00 00 20 4E 24 18 4D 4A
0000D910  EC 2D 34 3F 34 3F EC 2D 4D 4A 24 18 20 4E 00 00
0000D920  4D 4A DC E7 34 3F 14 D2 EC 2D CC C0 24 18 B3 B5
0000D930  00 00 E0 B1 DC E7 B3 B5 14 D2 CC C0 CC C0 14 D2
0000D940  B3 B5 DC E7 E0 B1 00 00 B3 B5 24 18 CC C0 EC 2D
0000D950  14 D2 34 3F DC E7 4D 4A 00 00 20 4E 24 18 4D 4A
0000D960  EC 2D 34 3F 34 3F EC 2D 4D 4A 24 18 20 4E 00 00
0000D970  4D 4A DC E7 34 3F 14 D2 EC 2D CC C0 24 18 B3 B5
0000D980  00 00 E0 B1 DC E7 B3 B5 14 D2 CC C0 CC C0 14 D2
0000D990  B3 B5 DC E7 E0 B1 00 00 B3 B5 24 18 CC C0 EC 2D
0000D9A0  14 D2 34 3F DC E7 4D 4A 00 00 20 4E 24 18 4D 4A
0000D9B0  EC 2D 34 3F 34 3F EC 2D 4D 4A 24 18 20 4E 00 00
0000D9C0  4D 4A DC E7 34 3F 14 D2 EC 2D CC C0 24 18 B3 B5
0000D9D0  00 00 E0 B1 DC E7 B3 B5 14 D2 CC C0 CC C0 14 D2
0000D9E0  B3 B5 DC E7 E0 B1 00 00 B3 B5 24 18 CC C0 EC 2D
0000D9F0  14 D2 34 3F DC E7 4D 4A 00 00 20 4E 24 18 4D 4A
0000DA00  EC 2D 34 3F 34 3F EC 2D 4D 4A 24 18 20 4E 00 00
0000DA10  4D 4A DC E7 34 3F 14 D2 EC 2D CC C0 24 18 B3 B5
0000DA20  00 00 E0 B1 DC E7 B3 B5 14 D2 CC C0 CC C0 14 D2
0000DA30  B3 B5 DC E7 E0 B1 00 00 B3 B5 24 18 CC C0 EC 2D
0000DA40  14 D2 34 3F DC E7 4D 4A 00 00 20 4E 24 18 4D 4A
0000DA50  EC 2D 34 3F 34 3F EC 2D 4D 4A 24 18 20 4E 00 00
0000DA60  4D 4A DC E7 34 3F 14 D2 EC 2D CC C0 24 18 B3 B5
0000DA70  00 00 E0 B1 DC E7 B3 B5 14 D2 CC C0 CC C0 14 D2
0000DA80  B3 B5 DC E7 E0 B1 00 00 B3 B5 24 18 CC C0 EC 2D
0000DA90  14 D2 34 3F DC E7 4D 4A 00 00 20 4E 24 18 4D 4A
0000DAA0  EC 2D 34 3F 34 3F EC 2D 4D 4A 24 18 20 4E 00 00
0000DAB0  4D 4A DC E7 34 3F 14 D2 EC 2D CC C0 24 18 B3 B5
0000DAC0  00 00 E0 B1 DC E7 B3 B5 14 D2 CC C0 CC C0 14 D2
0000DAD0  B3 B5 DC E7 E0 B1 00 00 B3 B5 24 18 CC C0 EC 2D
0000DAE0  14 D2 34 3F DC E7 4D 4A 00 00 20 4E 24 18 4D 4A
0000DAF0  EC 2D 34 3F 34 3F EC 2D 4D 4A 24 18 20 4E 00 00
0000DB00  4D 4A DC E7 34 3F 14 D2 EC 2D CC C0 24 18 B3 B5
0000DB10  00 00 E0 B1 DC E7 B3 B5 14 D2 CC C0 CC C0 14 D2
0000DB20  B3 B5 DC E7 E0 B1 00 00 B3 B5 24 18 CC C0 EC 2D
0000DB30  14 D2 34 3F DC E7 4D 4A 00 00 20 4E 24 18 4D 4A
0000DB40  EC 2D 34 3F 34 3F EC 2D 4D 4A 24 18 20 4E 00 00
0000DB50  4D 4A DC E7 34 3F 14 D2 EC 2D CC C0 24 18 B3 B5
0000DB60  00 00 E0 B1 DC E7 B3 B5 14 D2 CC C0 CC C0 14 D2
0000DB70  B3 B5 DC E7 E0 B1 00 00 B3 B5 24 18 CC C0 EC 2D
0000DB80  14 D2 34 3F DC E7 4D 4A 00 00 20 4E 24 18 4D 4A
0000DB90  EC 2D 34 3F 34 3F EC 2D 4D 4A 24 18 20 4E 00 00
0000DBA0  4D 4A DC E7 34 3F 14 D2 EC 2D CC C0 24 18 B3 B5
0000DBB0  00 00 E0 B1 DC E7 B3 B5 14 D2 CC C0 CC C0 14 D2
0000DBC0  B3 B5 DC E7 E0 B1 00 00 B3 B5 24 18 CC C0 EC 2D
0000DBD0  14 D2 34 3F DC E7 4D 4A 00 00 20 4E 24 18 4D 4A
0000DBE0  EC 2D 34 3F 34 3F EC 2D 4D 4A 24 18 20 4E 00 00
0000DBF0  4D 4A DC E7 34 3F 14 D2 EC 2D CC C0 24 18 B3 B5
0000DC00  00 00 E0 B1 DC E7 B3 B5 14 D2 CC C0 CC C0 14 D2
0000DC10  B3 B5 DC E7 E0 B1 00 00 B3 B5 24 18 CC C0 EC 2D
0000DC20  14 D2 34 3F DC E7 4D 4A 00 00 20 4E 24 18 4D 4A
0000DC30  EC 2D 34 3F 34 3F EC 2D 4D 4A 24 18 20 4E 00 00
0000DC40  4D 4A DC E7 34 3F 14 D2 EC 2D CC C0 24 18 B3 B5
0000DC50  00 00 E0 B1 DC E7 B3 B5 14 D2 CC C0 CC C0 14 D2
0000DC60  B3 B5 DC E7 E0 B1 00 00 B3 B5 24 18 CC C0 EC 2D
0000DC70  14 D2 34 3F DC E7 4D 4A 00 00 20 4E 24 18 4D 4A
0000DC80  EC 2D 34 3F 34 3F EC 2D 4D 4A 24 18 20 4E 00 00
0000DC90  4D 4A DC E7 34 3F 14 D2 EC 2D CC C0 24 18 B3 B5
0000DCA0  00 00 E0 B1 DC E7 B3 B5 14 D2 CC C0 CC C0 14 D2
0000DCB0  B3 B5 DC E7 E0 B1 00 00 B3 B5 24 18 CC C0 EC 2D
0000DCC0  14 D2 34 3F DC E7 4D 4A 00 00 20 4E 24 18 4D 4A
0000DCD0  EC 2D 34 3F 34 3F EC 2D 4D 4A 24 18 20 4E 00 00
0000DCE0  4D 4A DC E7 34 3F 14 D2 EC 2D CC C0 24 18 B3 B5
0000DCF0  00 00 E0 B1 DC E7 B3 B5 14 D2 CC C0 CC C0 14 D2
0000DD00  B3 B5 DC E7 E0 B1 00 00 B3 B5 24 18 CC C0 EC 2D
0000DD10  14 D2 34 3F DC E7 4D 4A 00 00 20 4E 24 18 4D 4A
0000DD20  EC 2D 34 3F 34 3F EC 2D 4D 4A 24 18 20 4E 00 00
0000DD30  4D 4A DC E7 34 3F 14 D2 EC 2D CC C0 24 18 B3 B5
0000DD40  00 00 E0 B1 DC E7 B3 B5 14 D2 CC C0 CC C0 14 D2
0000DD50  B3 B5 DC E7 E0 B1 00 00 B3 B5 24 18 CC C0 EC 2D
0000DD60  14 D2 34 3F DC E7 4D 4A 00 00 20 4E 24 18 4D 4A
0000DD70  EC 2D 34 3F 34 3F EC 2D 4D 4A 24 18 20 4E 00 00
0000DD80  4D 4A DC E7 34 3F 14 D2 EC 2D CC C0 24 18 B3 B5
0000DD90  00 00 E0 B1 DC E7 B3 B5 14 D2 CC C0 CC C0 14 D2
0000DDA0  B3 B5 DC E7 E0 B1 00 00 B3 B5 24 18 CC C0 EC 2D
0000DDB0  14 D2 34 3F DC E7 4D 4A 00 00 20 4E 24 18 4D 4A
0000DDC0  EC 2D 34 3F 34 3F EC 2D 4D 4A 24 18 20 4E 00 00
0000DDD0  4D 4A DC E7 34 3F 14 D2 EC 2D CC C0 24 18 B3 B5
0000DDE0  00 00 E0 B1 DC E7 B3 B5 14 D2 CC C0 CC C0 14 D2
0000DDF0  B3 B5 DC E7 E0 B1 00 00 B3 B5 24 18 CC C0 EC 2D
0000DE00  14 D2 34 3F DC E7 4D 4A 00 00 20 4E 24 18 4D 4A
0000DE10  EC 2D 34 3F 34 3F EC 2D 4D 4A 24 18 20 4E 00 00
0000DE20  4D 4A DC E7 34 3F 14 D2 EC 2D CC C0 24 18 B3 B5
0000DE30  00 00 E0 B1 DC E7 B3 B5 14 D2 CC C0 CC C0 14 D2
0000DE40  B3 B5 DC E7 E0 B1 00 00 B3 B5 24 18 CC C0 EC 2D
0000DE50  14 D2 34 3F DC E7 4D 4A 00 00 20 4E 24 18 4D 4A
0000DE60  EC 2D 34 3F 34 3F EC 2D 4D 4A 24 18 20 4E 00 00
0000DE70  4D 4A DC E7 34 3F 14 D2 EC 2D CC C0 24 18 B3 B5
0000DE80  00 00 E0 B1 DC E7 B3 B5 14 D2 CC C0 CC C0 14 D2
0000DE90  B3 B5 DC E7 E0 B1 00 00 B3 B5 24 18 CC C0 EC 2D
0000DEA0  14 D2 34 3F DC E7 4D 4A 00 00 20 4E 24 18 4D 4A
0000DEB0  EC 2D 34 3F 34 3F EC 2D 4D 4A 24 18 20 4E 00 00
0000DEC0  4D 4A DC E7 34 3F 14 D2 EC 2D CC C0 24 18 B3 B5
0000DED0  00 00 E0 B1 DC E7 B3 B5 14 D2 CC C0 CC C0 14 D2
0000DEE0  B3 B5 DC E7 E0 B1 00 00 B3 B5 24 18 CC C0 EC 2D
0000DEF0  14 D2 34 3F DC E7 4D 4A 00 00 20 4E 24 18 4D 4A
0000DF00  EC 2D 34 3F 34 3F EC 2D 4D 4A 24 18 20 4E 00 00
0000DF10  4D 4A DC E7 34 3F 14 D2 EC 2D CC C0 24 18 B3 B5
0000DF20  00 00 E0 B1 DC E7 B3 B5 14 D2 CC C0 CC C0 14 D2
0000DF30  B3 B5 DC E7 E0 B1 00 00 B3 B5 24 18 CC C0 EC 2D
0000DF40  14 D2 34 3F DC E7 4D 4A 00 00 20 4E 24 18 4D 4A
0000DF50  EC 2D 34 3F 34 3F EC 2D 4D 4A 24 18 20 4E 00 00
0000DF60  4D 4A DC E7 34 3F 14 D2 EC 2D CC C0 24 18 B3 B5
0000DF70  00 00 E0 B1 DC E7 B3 B5 14 D2 CC C0 CC C0 14 D2
0000DF80  B3 B5 DC E7 E0 B1 00 00 B3 B5 24 18 CC C0 EC 2D
0000DF90  14 D2 34 3F DC E7 4D 4A 00 00 20 4E 24 18 4D 4A
0000DFA0  EC 2D 34 3F 34 3F EC 2D 4D 4A 24 18 20 4E 00 00
0000DFB0  4D 4A DC E7 34 3F 14 D2 EC 2D CC C0 24 18 B3 B5
0000DFC0  00 00 E0 B1 DC E7 B3 B5 14 D2 CC C0 CC C0 14 D2
0000DFD0  B3 B5 DC E7 E0 B1 00 00 B3 B5 24 18 CC C0 EC 2D
0000DFE0  14 D2 34 3F DC E7 4D 4A 00 00 20 4E 24 18 4D 4A
0000DFF0  EC 2D 34 3F 34 3F EC 2D 4D 4A 24 18 20 4E 00 00
0000E000  4D 4A DC E7 34 3F 14 D2 EC 2D CC C0 24 18 B3 B5
0000E010  00 00 E0 B1 DC E7 B3 B5 14 D2 CC C0 CC C0 14 D2
0000E020  B3 B5 DC E7 E0 B1 00 00 B3 B5 24 18 CC C0 EC 2D
0000E030  14 D2 34 3F DC E7 4D 4A 00 00 20 4E 24 18 4D 4A
0000E040  EC 2D 34 3F 34 3F EC 2D 4D 4A 24 18 20 4E 00 00
0000E050  4D 4A DC E7 34 3F 14 D2 EC 2D CC C0 24 18 B3 B5
0000E060  00 00 E0 B1 DC E7 B3 B5 14 D2 CC C0 CC C0 14 D2
0000E070  B3 B5 DC E7 E0 B1 00 00 B3 B5 24 18 CC C0 EC 2D
0000E080  14 D2 34 3F DC E7 4D 4A 00 00 20 4E 24 18 4D 4A
0000E090  EC 2D 34 3F 34 3F EC 2D 4D 4A 24 18 20 4E 00 00
0000E0A0  4D 4A DC E7 34 3F 14 D2 EC 2D CC C0 24 18 B3 B5
0000E0B0  00 00 E0 B1 DC E7 B3 B5 14 D2 CC C0 CC C0 14 D2
0000E0C0  B3 B5 DC E7 E0 B1 00 00 B3 B5 24 18 CC C0 EC 2D
0000E0D0  14 D2 34 3F DC E7 4D 4A 00 00 20 4E 24 18 4D 4A
0000E0E0  EC 2D 34 3F 34 3F EC 2D 4D 4A 24 18 20 4E 00 00
0000E0F0  4D 4A DC E7 34 3F 14 D2 EC 2D CC C0 24 18 B3 B5
0000E100  00 00 E0 B1 DC E7 B3 B5 14 D2 CC C0 CC C0 14 D2
0000E110  B3 B5 DC E7 E0 B1 00 00 B3 B5 24 18 CC C0 EC 2D
0000E120  14 D2 34 3F DC E7 4D 4A 00 00 20 4E 24 18 4D 4A
0000E130  EC 2D 34 3F 34 3F EC 2D 4D 4A 24 18 20 4E 00 00
0000E140  4D 4A DC E7 34 3F 14 D2 EC 2D CC C0 24 18 B3 B5
0000E150  00 00 E0 B1 DC E7 B3 B5 14 D2 CC C0 CC C0 14 D2
0000E160  B3 B5 DC E7 E0 B1 00 00 B3 B5 24 18 CC C0 EC 2D
0000E170  14 D2 34 3F DC E7 4D 4A 00 00 20 4E 24 18 4D 4A
0000E180  EC 2D 34 3F 34 3F EC 2D 4D 4A 24 18 20 4E 00 00
0000E190  4D 4A DC E7 34 3F 14 D2 EC 2D CC C0 24 18 B3 B5
0000E1A0  00 00 E0 B1 DC E7 B3 B5 14 D2 CC C0 CC C0 14 D2
0000E1B0  B3 B5 DC E7 E0 B1 00 00 B3 B5 24 18 CC C0 EC 2D
0000E1C0  14 D2 34 3F DC E7 4D 4A 00 00 20 4E 24 18 4D 4A
0000E1D0  EC 2D 34 3F 34 3F EC 2D 4D 4A 24 18 20 4E 00 00
0000E1E0  4D 4A DC E7 34 3F 14 D2 EC 2D CC C0 24 18 B3 B5
0000E1F0  00 00 E0 B1 DC E7 B3 B5 14 D2 CC C0 CC C0 14 D2
0000E200  B3 B5 DC E7 E0 B1 00 00 B3 B5 24 18 CC C0 EC 2D
0000E210  14 D2 34 3F DC E7 4D 4A 00 00 20 4E 24 18 4D 4A
0000E220  EC 2D 34 3F 34 3F EC 2D 4D 4A 24 18 20 4E 00 00
0000E230  4D 4A DC E7 34 3F 14 D2 EC 2D CC C0 24 18 B3 B5
0000E240  00 00 E0 B1 DC E7 B3 B5 14 D2 CC C0 CC C0 14 D2
0000E250  B3 B5 DC E7 E0 B1 00 00 B3 B5 24 18 CC C0 EC 2D
0000E260  14 D2 34 3F DC E7 4D 4A 00 00 20 4E 24 18 4D 4A
0000E270  EC 2D 34 3F 34 3F EC 2D 4D 4A 24 18 20 4E 00 00
0000E280  4D 4A DC E7 34 3F 14 D2 EC 2D CC C0 24 18 B3 B5
0000E290  00 00 E0 B1 DC E7 B3 B5 14 D2 CC C0 CC C0 14 D2
0000E2A0  B3 B5 DC E7 E0 B1 00 00 B3 B5 24 18 CC C0 EC 2D
0000E2B0  14 D2 34 3F DC E7 4D 4A 00 00 20 4E 24 18 4D 4A
0000E2C0  EC 2D 34 3F 34 3F EC 2D 4D 4A 24 18 20 4E 00 00
0000E2D0  4D 4A DC E7 34 3F 14 D2 EC 2D CC C0 24 18 B3 B5
0000E2E0  00 00 E0 B1 DC E7 B3 B5 14 D2 CC C0 CC C0 14 D2
0000E2F0  B3 B5 DC E7 E0 B1 00 00 B3 B5 24 18 CC C0 EC 2D
0000E300  14 D2 34 3F DC E7 4D 4A 00 00 20 4E 24 18 4D 4A
0000E310  EC 2D 34 3F 34 3F EC 2D 4D 4A 24 18 20 4E 00 00
0000E320  4D 4A DC E7 34 3F 14 D2 EC 2D CC C0 24 18 B3 B5
0000E330  00 00 E0 B1 DC E7 B3 B5 14 D2 CC C0 CC C0 14 D2
0000E340  B3 B5 DC E7 E0 B1 00 00 B3 B5 24 18 CC C0 EC 2D
0000E350  14 D2 34 3F DC E7 4D 4A 00 00 20 4E 24 18 4D 4A
0000E360  EC 2D 34 3F 34 3F EC 2D 4D 4A 24 18 20 4E 00 00
0000E370  4D 4A DC E7 34 3F 14 D2 EC 2D CC C0 24 18 B3 B5
0000E380  00 00 E0 B1 DC E7 B3 B5 14 D2 CC C0 CC C0 14 D2
0000E390  B3 B5 DC E7 E0 B1 00 00 B3 B5 24 18 CC C0 EC 2D
0000E3A0  14 D2 34 3F DC E7 4D 4A 00 00 20 4E 24 18 4D 4A
0000E3B0  EC 2D 34 3F 34 3F EC 2D 4D 4A 24 18 20 4E 00 00
0000E3C0  4D 4A DC E7 34 3F 14 D2 EC 2D CC C0 24 18 B3 B5
0000E3D0  00 00 E0 B1 DC E7 B3 B5 14 D2 CC C0 CC C0 14 D2
0000E3E0  B3 B5 DC E7 E0 B1 00 00 B3 B5 24 18 CC C0 EC 2D
0000E3F0  14 D2 34 3F DC E7 4D 4A 00 00 20 4E 24 18 4D 4A
0000E400  EC 2D 34 3F 34 3F EC 2D 4D 4A 24 18 20 4E 00 00
0000E410  4D 4A DC E7 34 3F 14 D2 EC 2D CC C0 24 18 B3 B5
0000E420  00 00 E0 B1 DC E7 B3 B5 14 D2 CC C0 CC C0 14 D2
0000E430  B3 B5 DC E7 E0 B1 00 00 B3 B5 24 18 CC C0 EC 2D
0000E440  14 D2 34 3F DC E7 4D 4A 00 00 20 4E 24 18 4D 4A
0000E450  EC 2D 34 3F 34 3F EC 2D 4D 4A 24 18 20 4E 00 00
0000E460  4D 4A DC E7 34 3F 14 D2 EC 2D CC C0 24 18 B3 B5
0000E470  00 00 E0 B1 DC E7 B3 B5 14 D2 CC C0 CC C0 14 D2
0000E480  B3 B5 DC E7 E0 B1 00 00 B3 B5 24 18 CC C0 EC 2D
0000E490  14 D2 34 3F DC E7 4D 4A 00 00 20 4E 24 18 4D 4A
0000E4A0  EC 2D 34 3F 34 3F EC 2D 4D 4A 24 18 20 4E 00 00
0000E4B0  4D 4A DC E7 34 3F 14 D2 EC 2D CC C0 24 18 B3 B5
0000E4C0  00 00 E0 B1 DC E7 B3 B5 14 D2 CC C0 CC C0 14 D2
0000E4D0  B3 B5 DC E7 E0 B1 00 00 B3 B5 24 18 CC C0 EC 2D
0000E4E0  14 D2 34 3F DC E7 4D 4A 00 00 20 4E 24 18 4D 4A
0000E4F0  EC 2D 34 3F 34 3F EC 2D 4D 4A 24 18 20 4E 00 00
0000E500  4D 4A DC E7 34 3F 14 D2 EC 2D CC C0 24 18 B3 B5
0000E510  00 00 E0 B1 DC E7 B3 B5 14 D2 CC C0 CC C0 14 D2
0000E520  B3 B5 DC E7 E0 B1 00 00 B3 B5 24 18 CC C0 EC 2D
0000E530  14 D2 34 3F DC E7 4D 4A 00 00 20 4E 24 18 4D 4A
0000E540  EC 2D 34 3F 34 3F EC 2D 4D 4A 24 18 20 4E 00 00
0000E550  4D 4A DC E7 34 3F 14 D2 EC 2D CC C0 24 18 B3 B5
0000E560  00 00 E0 B1 DC E7 B3 B5 14 D2 CC C0 CC C0 14 D2
0000E570  B3 B5 DC E7 E0 B1 00 00 B3 B5 24 18 CC C0 EC 2D
0000E580  14 D2 34 3F DC E7 4D 4A 00 00 20 4E 24 18 4D 4A
0000E590  EC 2D 34 3F 34 3F EC 2D 4D 4A 24 18 20 4E 00 00
0000E5A0  4D 4A DC E7 34 3F 14 D2 EC 2D CC C0 24 18 B3 B5
0000E5B0  00 00 E0 B1 DC E7 B3 B5 14 D2 CC C0 CC C0 14 D2
0000E5C0  B3 B5 DC E7 E0 B1 00 00 B3 B5 24 18 CC C0 EC 2D
0000E5D0  14 D2 34 3F DC E7 4D 4A 00 00 20 4E 24 18 4D 4A
0000E5E0  EC 2D 34 3F 34 3F EC 2D 4D 4A 24 18 20 4E 00 00
0000E5F0  4D 4A DC E7 34 3F 14 D2 EC 2D CC C0 24 18 B3 B5
0000E600  00 00 E0 B1 DC E7 B3 B5 14 D2 CC C0 CC C0 14 D2
0000E610  B3 B5 DC E7 E0 B1 00 00 B3 B5 24 18 CC C0 EC 2D
0000E620  14 D2 34 3F DC E7 4D 4A 00 00 20 4E 24 18 4D 4A
0000E630  EC 2D 34 3F 34 3F EC 2D 4D 4A 24 18 20 4E 00 00
0000E640  4D 4A DC E7 34 3F 14 D2 EC 2D CC C0 24 18 B3 B5
0000E650  00 00 E0 B1 DC E7 B3 B5 14 D2 CC C0 CC C0 14 D2
0000E660  B3 B5 DC E7 E0 B1 00 00 B3 B5 24 18 CC C0 EC 2D
0000E670  14 D2 34 3F DC E7 4D 4A 00 00 20 4E 24 18 4D 4A
0000E680  EC 2D 34 3F 34 3F EC 2D 4D 4A 24 18 20 4E 00 00
0000E690  4D 4A DC E7 34 3F 14 D2 EC 2D CC C0 24 18 B3 B5
0000E6A0  00 00 E0 B1 DC E7 B3 B5 14 D2 CC C0 CC C0 14 D2
0000E6B0  B3 B5 DC E7 E0 B1 00 00 B3 B5 24 18 CC C0 EC 2D
0000E6C0  14 D2 34 3F DC E7 4D 4A 00 00 20 4E 24 18 4D 4A
0000E6D0  EC 2D 34 3F 34 3F EC 2D 4D 4A 24 18 20 4E 00 00
0000E6E0  4D 4A DC E7 34 3F 14 D2 EC 2D CC C0 24 18 B3 B5
0000E6F0  00 00 E0 B1 DC E7 B3 B5 14 D2 CC C0 CC C0 14 D2
0000E700  B3 B5 DC E7 E0 B1 00 00 B3 B5 24 18 CC C0 EC 2D
0000E710  14 D2 34 3F DC E7 4D 4A 00 00 20 4E 24 18 4D 4A
0000E720  EC 2D 34 3F 34 3F EC 2D 4D 4A 24 18 20 4E 00 00
0000E730  4D 4A DC E7 34 3F 14 D2 EC 2D CC C0 24 18 B3 B5
0000E740  00 00 E0 B1 DC E7 B3 B5 14 D2 CC C0 CC C0 14 D2
0000E750  B3 B5 DC E7 E0 B1 00 00 B3 B5 24 18 CC C0 EC 2D
0000E760  14 D2 34 3F DC E7 4D 4A 00 00 20 4E 24 18 4D 4A
0000E770  EC 2D 34 3F 34 3F EC 2D 4D 4A 24 18 20 4E 00 00
0000E780  4D 4A DC E7 34 3F 14 D2 EC 2D CC C0 24 18 B3 B5
0000E790  00 00 E0 B1 DC E7 B3 B5 14 D2 CC C0 CC C0 14 D2
0000E7A0  B3 B5 DC E7 E0 B1 00 00 B3 B5 24 18 CC C0 EC 2D
0000E7B0  14 D2 34 3F DC E7 4D 4A 00 00 20 4E 24 18 4D 4A
0000E7C0  EC 2D 34 3F 34 3F EC 2D 4D 4A 24 18 20 4E 00 00
0000E7D0  4D 4A DC E7 34 3F 14 D2 EC 2D CC C0 24 18 B3 B5
0000E7E0  00 00 E0 B1 DC E7 B3 B5 14 D2 CC C0 CC C0 14 D2
0000E7F0  B3 B5 DC E7 E0 B1 00 00 B3 B5 24 18 CC C0 EC 2D
0000E800  14 D2 34 3F DC E7 4D 4A 00 00 20 4E 24 18 4D 4A
0000E810  EC 2D 34 3F 34 3F EC 2D 4D 4A 24 18 20 4E 00 00
0000E820  4D 4A DC E7 34 3F 14 D2 EC 2D CC C0 24 18 B3 B5
0000E830  00 00 E0 B1 DC E7 B3 B5 14 D2 CC C0 CC C0 14 D2
0000E840  B3 B5 DC E7 E0 B1 00 00 B3 B5 24 18 CC C0 EC 2D
0000E850  14 D2 34 3F DC E7 4D 4A 00 00 20 4E 24 18 4D 4A
0000E860  EC 2D 34 3F 34 3F EC 2D 4D 4A 24 18 20 4E 00 00
0000E870  4D 4A DC E7 34 3F 14 D2 EC 2D CC C0 24 18 B3 B5
0000E880  00 00 E0 B1 DC E7 B3 B5 14 D2 CC C0 CC C0 14 D2
0000E890  B3 B5 DC E7 E0 B1 00 00 B3 B5 24 18 CC C0 EC 2D
0000E8A0  14 D2 34 3F DC E7 4D 4A 00 00 20 4E 24 18 4D 4A
0000E8B0  EC 2D 34 3F 34 3F EC 2D 4D 4A 24 18 20 4E 00 00
0000E8C0  4D 4A DC E7 34 3F 14 D2 EC 2D CC C0 24 18 B3 B5
0000E8D0  00 00 E0 B1 DC E7 B3 B5 14 D2 CC C0 CC C0 14 D2
0000E8E0  B3 B5 DC E7 E0 B1 00 00 B3 B5 24 18 CC C0 EC 2D
0000E8F0  14 D2 34 3F DC E7 4D 4A 00 00 20 4E 24 18 4D 4A
0000E900  EC 2D 34 3F 34 3F EC 2D 4D 4A 24 18 20 4E 00 00
0000E910  4D 4A DC E7 34 3F 14 D2 EC 2D CC C0 24 18 B3 B5
0000E920  00 00 E0 B1 DC E7 B3 B5 14 D2 CC C0 CC C0 14 D2
0000E930  B3 B5 DC E7 E0 B1 00 00 B3 B5 24 18 CC C0 EC 2D
0000E940  14 D2 34 3F DC E7 4D 4A 00 00 20 4E 24 18 4D 4A
0000E950  EC 2D 34 3F 34 3F EC 2D 4D 4A 24 18 20 4E 00 00
0000E960  4D 4A DC E7 34 3F 14 D2 EC 2D CC C0 24 18 B3 B5
0000E970  00 00 E0 B1 DC E7 B3 B5 14 D2 CC C0 CC C0 14 D2
0000E980  B3 B5 DC E7 E0 B1 00 00 B3 B5 24 18 CC C0 EC 2D
0000E990  14 D2 34 3F DC E7 4D 4A 00 00 20 4E 24 18 4D 4A
0000E9A0  EC 2D 34 3F 34 3F EC 2D 4D 4A 24 18 20 4E 00 00
0000E9B0  4D 4A DC E7 34 3F 14 D2 EC 2D CC C0 24 18 B3 B5
0000E9C0  00 00 E0 B1 DC E7 B3 B5 14 D2 CC C0 CC C0 14 D2
0000E9D0  B3 B5 DC E7 E0 B1 00 00 B3 B5 24 18 CC C0 EC 2D
0000E9E0  14 D2 34 3F DC E7 4D 4A 00 00 20 4E 24 18 4D 4A
0000E9F0  EC 2D 34 3F 34 3F EC 2D 4D 4A 24 18 20 4E 00 00
0000EA00  4D 4A DC E7 34 3F 14 D2 EC 2D CC C0 24 18 B3 B5
0000EA10  00 00 E0 B1 DC E7 B3 B5 14 D2 CC C0 CC C0 14 D2
0000EA20  B3 B5 DC E7 E0 B1 00 00 B3 B5 24 18 CC C0 EC 2D
0000EA30  14 D2 34 3F DC E7 4D 4A 00 00 20 4E 24 18 4D 4A
0000EA40  EC 2D 34 3F 34 3F EC 2D 4D 4A 24 18 20 4E 00 00
0000EA50  4D 4A DC E7 34 3F 14 D2 EC 2D CC C0 24 18 B3 B5
0000EA60  00 00 E0 B1 DC E7 B3 B5 14 D2 CC C0 CC C0 14 D2
0000EA70  B3 B5 DC E7 E0 B1 00 00 B3 B5 24 18 CC C0 EC 2D
0000EA80  14 D2 34 3F DC E7 4D 4A 00 00 20 4E 24 18 4D 4A
0000EA90  EC 2D 34 3F 34 3F EC 2D 4D 4A 24 18 20 4E 00 00
0000EAA0  4D 4A DC E7 34 3F 14 D2 EC 2D CC C0 24 18 B3 B5
0000EAB0  00 00 E0 B1 DC E7 B3 B5 14 D2 CC C0 CC C0 14 D2
0000EAC0  B3 B5 DC E7 E0 B1 00 00 B3 B5 24 18 CC C0 EC 2D
0000EAD0  14 D2 34 3F DC E7 4D 4A 00 00 20 4E 24 18 4D 4A
0000EAE0  EC 2D 34 3F 34 3F EC 2D 4D 4A 24 18 20 4E 00 00
0000EAF0  4D 4A DC E7 34 3F 14 D2 EC 2D CC C0 24 18 B3 B5
0000EB00  00 00 E0 B1 DC E7 B3 B5 14 D2 CC C0 CC C0 14 D2
0000EB10  B3 B5 DC E7 E0 B1 00 00 B3 B5 24 18 CC C0 EC 2D
0000EB20  14 D2 34 3F DC E7 4D 4A 00 00 20 4E 24 18 4D 4A
0000EB30  EC 2D 34 3F 34 3F EC 2D 4D 4A 24 18 20 4E 00 00
0000EB40  4D 4A DC E7 34 3F 14 D2 EC 2D CC C0 24 18 B3 B5
0000EB50  00 00 E0 B1 DC E7 B3 B5 14 D2 CC C0 CC C0 14 D2
0000EB60  B3 B5 DC E7 E0 B1 00 00 B3 B5 24 18 CC C0 EC 2D
0000EB70  14 D2 34 3F DC E7 4D 4A 00 00 20 4E 24 18 4D 4A
0000EB80  EC 2D 34 3F 34 3F EC 2D 4D 4A 24 18 20 4E 00 00
0000EB90  4D 4A DC E7 34 3F 14 D2 EC 2D CC C0 24 18 B3 B5
0000EBA0  00 00 E0 B1 DC E7 B3 B5 14 D2 CC C0 CC C0 14 D2
0000EBB0  B3 B5 DC E7 E0 B1 00 00 B3 B5 24 18 CC C0 EC 2D
0000EBC0  14 D2 34 3F DC E7 4D 4A 00 00 20 4E 24 18 4D 4A
0000EBD0  EC 2D 34 3F 34 3F EC 2D 4D 4A 24 18 20 4E 00 00
0000EBE0  4D 4A DC E7 34 3F 14 D2 EC 2D CC C0 24 18 B3 B5
0000EBF0  00 00 E0 B1 DC E7 B3 B5 14 D2 CC C0 CC C0 14 D2
0000EC00  B3 B5 DC E7 E0 B1 00 00 B3 B5 24 18 CC C0 EC 2D
0000EC10  14 D2 34 3F DC E7 4D 4A 00 00 20 4E 24 18 4D 4A
0000EC20  EC 2D 34 3F 34 3F EC 2D 4D 4A 24 18 20 4E 00 00
0000EC30  4D 4A DC E7 34 3F 14 D2 EC 2D CC C0 24 18 B3 B5
0000EC40  00 00 E0 B1 DC E7 B3 B5 14 D2 CC C0 CC C0 14 D2
0000EC50  B3 B5 DC E7 E0 B1 00 00 B3 B5 24 18 CC C0 EC 2D
0000EC60  14 D2 34 3F DC E7 4D 4A 00 00 20 4E 24 18 4D 4A
0000EC70  EC 2D 34 3F 34 3F EC 2D 4D 4A 24 18 20 4E 00 00
0000EC80  4D 4A DC E7 34 3F 14 D2 EC 2D CC C0 24 18 B3 B5
0000EC90  00 00 E0 B1 DC E7 B3 B5 14 D2 CC C0 CC C0 14 D2
0000ECA0  B3 B5 DC E7 E0 B1 00 00 B3 B5 24 18 CC C0 EC 2D
0000ECB0  14 D2 34 3F DC E7 4D 4A 00 00 20 4E 24 18 4D 4A
0000ECC0  EC 2D 34 3F 34 3F EC 2D 4D 4A 24 18 20 4E 00 00
0000ECD0  4D 4A DC E7 34 3F 14 D2 EC 2D CC C0 24 18 B3 B5
0000ECE0  00 00 E0 B1 DC E7 B3 B5 14 D2 CC C0 CC C0 14 D2
0000ECF0  B3 B5 DC E7 E0 B1 00 00 B3 B5 24 18 CC C0 EC 2D
0000ED00  14 D2 34 3F DC E7 4D 4A 00 00 20 4E 24 18 4D 4A
0000ED10  EC 2D 34 3F 34 3F EC 2D 4D 4A 24 18 20 4E 00 00
0000ED20  4D 4A DC E7 34 3F 14 D2 EC 2D CC C0 24 18 B3 B5
0000ED30  00 00 E0 B1 DC E7 B3 B5 14 D2 CC C0 CC C0 14 D2
0000ED40  B3 B5 DC E7 E0 B1 00 00 B3 B5 24 18 CC C0 EC 2D
0000ED50  14 D2 34 3F DC E7 4D 4A 00 00 20 4E 24 18 4D 4A
0000ED60  EC 2D 34 3F 34 3F EC 2D 4D 4A 24 18 20 4E 00 00
0000ED70  4D 4A DC E7 34 3F 14 D2 EC 2D CC C0 24 18 B3 B5
0000ED80  00 00 E0 B1 DC E7 B3 B5 14 D2 CC C0 CC C0 14 D2
0000ED90  B3 B5 DC E7 E0 B1 00 00 B3 B5 24 18 CC C0 EC 2D
0000EDA0  14 D2 34 3F DC E7 4D 4A 00 00 20 4E 24 18 4D 4A
0000EDB0  EC 2D 34 3F 34 3F EC 2D 4D 4A 24 18 20 4E 00 00
0000EDC0  4D 4A DC E7 34 3F 14 D2 EC 2D CC C0 24 18 B3 B5
0000EDD0  00 00 E0 B1 DC E7 B3 B5 14 D2 CC C0 CC C0 14 D2
0000EDE0  B3 B5 DC E7 E0 B1 00 00 B3 B5 24 18 CC C0 EC 2D
0000EDF0  14 D2 34 3F DC E7 4D 4A 00 00 20 4E 24 18 4D 4A
0000EE00  EC 2D 34 3F 34 3F EC 2D 4D 4A 24 18 20 4E 00 00
0000EE10  4D 4A DC E7 34 3F 14 D2 EC 2D CC C0 24 18 B3 B5
0000EE20  00 00 E0 B1 DC E7 B3 B5 14 D2 CC C0 CC C0 14 D2
0000EE30  B3 B5 DC E7 E0 B1 00 00 B3 B5 24 18 CC C0 EC 2D
0000EE40  14 D2 34 3F DC E7 4D 4A 00 00 20 4E 24 18 4D 4A
0000EE50  EC 2D 34 3F 34 3F EC 2D 4D 4A 24 18 20 4E 00 00
0000EE60  4D 4A DC E7 34 3F 14 D2 EC 2D CC C0 24 18 B3 B5
0000EE70  00 00 E0 B1 DC E7 B3 B5 14 D2 CC C0 CC C0 14 D2
0000EE80  B3 B5 DC E7 E0 B1 00 00 B3 B5 24 18 CC C0 EC 2D
0000EE90  14 D2 34 3F DC E7 4D 4A 00 00 20 4E 24 18 4D 4A
0000EEA0  EC 2D 34 3F 34 3F EC 2D 4D 4A 24 18 20 4E 00 00
0000EEB0  4D 4A DC E7 34 3F 14 D2 EC 2D CC C0 24 18 B3 B5
0000EEC0  00 00 E0 B1 DC E7 B3 B5 14 D2 CC C0 CC C0 14 D2
0000EED0  B3 B5 DC E7 E0 B1 00 00 B3 B5 24 18 CC C0 EC 2D
0000EEE0  14 D2 34 3F DC E7 4D 4A 00 00 20 4E 24 18 4D 4A
0000EEF0  EC 2D 34 3F 34 3F EC 2D 4D 4A 24 18 20 4E 00 00
0000EF00  4D 4A DC E7 34 3F 14 D2 EC 2D CC C0 24 18 B3 B5
0000EF10  00 00 E0 B1 DC E7 B3 B5 14 D2 CC C0 CC C0 14 D2
0000EF20  B3 B5 DC E7 E0 B1 00 00 B3 B5 24 18 CC C0 EC 2D
0000EF30  14 D2 34 3F DC E7 4D 4A 00 00 20 4E 24 18 4D 4A
0000EF40  EC 2D 34 3F 34 3F EC 2D 4D 4A 24 18 20 4E 00 00
0000EF50  4D 4A DC E7 34 3F 14 D2 EC 2D CC C0 24 18 B3 B5
0000EF60  00 00 E0 B1 DC E7 B3 B5 14 D2 CC C0 CC C0 14 D2
0000EF70  B3 B5 DC E7 E0 B1 00 00 B3 B5 24 18 CC C0 EC 2D
0000EF80  14 D2 34 3F DC E7 4D 4A 00 00 20 4E 24 18 4D 4A
0000EF90  EC 2D 34 3F 34 3F EC 2D 4D 4A 24 18 20 4E 00 00
0000EFA0  4D 4A DC E7 34 3F 14 D2 EC 2D CC C0 24 18 B3 B5
0000EFB0  00 00 E0 B1 DC E7 B3 B5 14 D2 CC C0 CC C0 14 D2
0000EFC0  B3 B5 DC E7 E0 B1 00 00 B3 B5 24 18 CC C0 EC 2D
0000EFD0  14 D2 34 3F DC E7 4D 4A 00 00 20 4E 24 18 4D 4A
0000EFE0  EC 2D 34 3F 34 3F EC 2D 4D 4A 24 18 20 4E 00 00
0000EFF0  4D 4A DC E7 34 3F 14 D2 EC 2D CC C0 24 18 B3 B5
0000F000  00 00 E0 B1 DC E7 B3 B5 14 D2 CC C0 CC C0 14 D2
0000F010  B3 B5 DC E7 E0 B1 00 00 B3 B5 24 18 CC C0 EC 2D
0000F020  14 D2 34 3F DC E7 4D 4A 00 00 20 4E 24 18 4D 4A
0000F030  EC 2D 34 3F 34 3F EC 2D 4D 4A 24 18 20 4E 00 00
0000F040  4D 4A DC E7 34 3F 14 D2 EC 2D CC C0 24 18 B3 B5
0000F050  00 00 E0 B1 DC E7 B3 B5 14 D2 CC C0 CC C0 14 D2
0000F060  B3 B5 DC E7 E0 B1 00 00 B3 B5 24 18 CC C0 EC 2D
0000F070  14 D2 34 3F DC E7 4D 4A 00 00 20 4E 24 18 4D 4A
0000F080  EC 2D 34 3F 34 3F EC 2D 4D 4A 24 18 20 4E 00 00
0000F090  4D 4A DC E7 34 3F 14 D2 EC 2D CC C0 24 18 B3 B5
0000F0A0  00 00 E0 B1 DC E7 B3 B5 14 D2 CC C0 CC C0 14 D2
0000F0B0  B3 B5 DC E7 E0 B1 00 00 B3 B5 24 18 CC C0 EC 2D
0000F0C0  14 D2 34 3F DC E7 4D 4A 00 00 20 4E 24 18 4D 4A
0000F0D0  EC 2D 34 3F 34 3F EC 2D 4D 4A 24 18 20 4E 00 00
0000F0E0  4D 4A DC E7 34 3F 14 D2 EC 2D CC C0 24 18 B3 B5
0000F0F0  00 00 E0 B1 DC E7 B3 B5 14 D2 CC C0 CC C0 14 D2
0000F100  B3 B5 DC E7 E0 B1 00 00 B3 B5 24 18 CC C0 EC 2D
0000F110  14 D2 34 3F DC E7 4D 4A 00 00 20 4E 24 18 4D 4A
0000F120  EC 2D 34 3F 34 3F EC 2D 4D 4A 24 18 20 4E 00 00
0000F130  4D 4A DC E7 34 3F 14 D2 EC 2D CC C0 24 18 B3 B5
0000F140  00 00 E0 B1 DC E7 B3 B5 14 D2 CC C0 CC C0 14 D2
0000F150  B3 B5 DC E7 E0 B1 00 00 B3 B5 24 18 CC C0 EC 2D
0000F160  14 D2 34 3F DC E7 4D 4A 00 00 20 4E 24 18 4D 4A
0000F170  EC 2D 34 3F 34 3F EC 2D 4D 4A 24 18 20 4E 00 00
0000F180  4D 4A DC E7 34 3F 14 D2 EC 2D CC C0 24 18 B3 B5
0000F190  00 00 E0 B1 DC E7 B3 B5 14 D2 CC C0 CC C0 14 D2
0000F1A0  B3 B5 DC E7 E0 B1 00 00 B3 B5 24 18 CC C0 EC 2D
0000F1B0  14 D2 34 3F DC E7 4D 4A 00 00 20 4E 24 18 4D 4A
0000F1C0  EC 2D 34 3F 34 3F EC 2D 4D 4A 24 18 20 4E 00 00
0000F1D0  4D 4A DC E7 34 3F 14 D2 EC 2D CC C0 24 18 B3 B5
0000F1E0  00 00 E0 B1 DC E7 B3 B5 14 D2 CC C0 CC C0 14 D2
0000F1F0  B3 B5 DC E7 E0 B1 00 00 B3 B5 24 18 CC C0 EC 2D
0000F200  14 D2 34 3F DC E7 4D 4A 00 00 20 4E 24 18 4D 4A
0000F210  EC 2D 34 3F 34 3F EC 2D 4D 4A 24 18 20 4E 00 00
0000F220  4D 4A DC E7 34 3F 14 D2 EC 2D CC C0 24 18 B3 B5
0000F230  00 00 E0 B1 DC E7 B3 B5 14 D2 CC C0 CC C0 14 D2
0000F240  B3 B5 DC E7 E0 B1 00 00 B3 B5 24 18 CC C0 EC 2D
0000F250  14 D2 34 3F DC E7 4D 4A 00 00 20 4E 24 18 4D 4A
0000F260  EC 2D 34 3F 34 3F EC 2D 4D 4A 24 18 20 4E 00 00
0000F270  4D 4A DC E7 34 3F 14 D2 EC 2D CC C0 24 18 B3 B5
0000F280  00 00 E0 B1 DC E7 B3 B5 14 D2 CC C0 CC C0 14 D2
0000F290  B3 B5 DC E7 E0 B1 00 00 B3 B5 24 18 CC C0 EC 2D
0000F2A0  14 D2 34 3F DC E7 4D 4A 00 00 20 4E 24 18 4D 4A
0000F2B0  EC 2D 34 3F 34 3F EC 2D 4D 4A 24 18 20 4E 00 00
0000F2C0  4D 4A DC E7 34 3F 14 D2 EC 2D CC C0 24 18 B3 B5
0000F2D0  00 00 E0 B1 DC E7 B3 B5 14 D2 CC C0 CC C0 14 D2
0000F2E0  B3 B5 DC E7 E0 B1 00 00 B3 B5 24 18 CC C0 EC 2D
0000F2F0  14 D2 34 3F DC E7 4D 4A 00 00 20 4E 24 18 4D 4A
0000F300  EC 2D 34 3F 34 3F EC 2D 4D 4A 24 18 20 4E 00 00
0000F310  4D 4A DC E7 34 3F 14 D2 EC 2D CC C0 24 18 B3 B5
0000F320  00 00 E0 B1 DC E7 B3 B5 14 D2 CC C0 CC C0 14 D2
0000F330  B3 B5 DC E7 E0 B1 00 00 B3 B5 24 18 CC C0 EC 2D
0000F340  14 D2 34 3F DC E7 4D 4A 00 00 20 4E 24 18 4D 4A
0000F350  EC 2D 34 3F 34 3F EC 2D 4D 4A 24 18 20 4E 00 00
0000F360  4D 4A DC E7 34 3F 14 D2 EC 2D CC C0 24 18 B3 B5
0000F370  00 00 E0 B1 DC E7 B3 B5 14 D2 CC C0 CC C0 14 D2
0000F380  B3 B5 DC E7 E0 B1 00 00 B3 B5 24 18 CC C0 EC 2D
0000F390  14 D2 34 3F DC E7 4D 4A 00 00 20 4E 24 18 4D 4A
0000F3A0  EC 2D 34 3F 34 3F EC 2D 4D 4A 24 18 20 4E 00 00
0000F3B0  4D 4A DC E7 34 3F 14 D2 EC 2D CC C0 24 18 B3 B5
0000F3C0  00 00 E0 B1 DC E7 B3 B5 14 D2 CC C0 CC C0 14 D2
0000F3D0  B3 B5 DC E7 E0 B1 00 00 B3 B5 24 18 CC C0 EC 2D
0000F3E0  14 D2 34 3F DC E7 4D 4A 00 00 20 4E 24 18 4D 4A
0000F3F0  EC 2D 34 3F 34 3F EC 2D 4D 4A 24 18 20 4E 00 00
0000F400  4D 4A DC E7 34 3F 14 D2 EC 2D CC C0 24 18 B3 B5
0000F410  00 00 E0 B1 DC E7 B3 B5 14 D2 CC C0 CC C0 14 D2
0000F420  B3 B5 DC E7 E0 B1 00 00 B3 B5 24 18 CC C0 EC 2D
0000F430  14 D2 34 3F DC E7 4D 4A 00 00 20 4E 24 18 4D 4A
0000F440  EC 2D 34 3F 34 3F EC 2D 4D 4A 24 18 20 4E 00 00
0000F450  4D 4A DC E7 34 3F 14 D2 EC 2D CC C0 24 18 B3 B5
0000F460  00 00 E0 B1 DC E7 B3 B5 14 D2 CC C0 CC C0 14 D2
0000F470  B3 B5 DC E7 E0 B1 00 00 B3 B5 24 18 CC C0 EC 2D
0000F480  14 D2 34 3F DC E7 4D 4A 00 00 20 4E 24 18 4D 4A
0000F490  EC 2D 34 3F 34 3F EC 2D 4D 4A 24 18 20 4E 00 00
0000F4A0  4D 4A DC E7 34 3F 14 D2 EC 2D CC C0 24 18 B3 B5
0000F4B0  00 00 E0 B1 DC E7 B3 B5 14 D2 CC C0 CC C0 14 D2
0000F4C0  B3 B5 DC E7 E0 B1 00 00 B3 B5 24 18 CC C0 EC 2D
0000F4D0  14 D2 34 3F DC E7 4D 4A 00 00 20 4E 24 18 4D 4A
0000F4E0  EC 2D 34 3F 34 3F EC 2D 4D 4A 24 18 20 4E 00 00
0000F4F0  4D 4A DC E7 34 3F 14 D2 EC 2D CC C0 24 18 B3 B5
0000F500  00 00 E0 B1 DC E7 B3 B5 14 D2 CC C0 CC C0 14 D2
0000F510  B3 B5 DC E7 E0 B1 00 00 B3 B5 24 18 CC C0 EC 2D
0000F520  14 D2 34 3F DC E7 4D 4A 00 00 20 4E 24 18 4D 4A
0000F530  EC 2D 34 3F 34 3F EC 2D 4D 4A 24 18 20 4E 00 00
0000F540  4D 4A DC E7 34 3F 14 D2 EC 2D CC C0 24 18 B3 B5
0000F550  00 00 E0 B1 DC E7 B3 B5 14 D2 CC C0 CC C0 14 D2
0000F560  B3 B5 DC E7 E0 B1 00 00 B3 B5 24 18 CC C0 EC 2D
0000F570  14 D2 34 3F DC E7 4D 4A 00 00 20 4E 24 18 4D 4A
0000F580  EC 2D 34 3F 34 3F EC 2D 4D 4A 24 18 20 4E 00 00
0000F590  4D 4A DC E7 34 3F 14 D2 EC 2D CC C0 24 18 B3 B5
0000F5A0  00 00 E0 B1 DC E7 B3 B5 14 D2 CC C0 CC C0 14 D2
0000F5B0  B3 B5 DC E7 E0 B1 00 00 B3 B5 24 18 CC C0 EC 2D
0000F5C0  14 D2 34 3F DC E7 4D 4A 00 00 20 4E 24 18 4D 4A
0000F5D0  EC 2D 34 3F 34 3F EC 2D 4D 4A 24 18 20 4E 00 00
0000F5E0  4D 4A DC E7 34 3F 14 D2 EC 2D CC C0 24 18 B3 B5
0000F5F0  00 00 E0 B1 DC E7 B3 B5 14 D2 CC C0 CC C0 14 D2
0000F600  B3 B5 DC E7 E0 B1 00 00 B3 B5 24 18 CC C0 EC 2D
0000F610  14 D2 34 3F DC E7 4D 4A 00 00 20 4E 24 18 4D 4A
0000F620  EC 2D 34 3F 34 3F EC 2D 4D 4A 24 18 20 4E 00 00
0000F630  4D 4A DC E7 34 3F 14 D2 EC 2D CC C0 24 18 B3 B5
0000F640  00 00 E0 B1 DC E7 B3 B5 14 D2 CC C0 CC C0 14 D2
0000F650  B3 B5 DC E7 E0 B1 00 00 B3 B5 24 18 CC C0 EC 2D
0000F660  14 D2 34 3F DC E7 4D 4A 00 00 20 4E 24 18 4D 4A
0000F670  EC 2D 34 3F 34 3F EC 2D 4D 4A 24 18 20 4E 00 00
0000F680  4D 4A DC E7 34 3F 14 D2 EC 2D CC C0 24 18 B3 B5
0000F690  00 00 E0 B1 DC E7 B3 B5 14 D2 CC C0 CC C0 14 D2
0000F6A0  B3 B5 DC E7 E0 B1 00 00 B3 B5 24 18 CC C0 EC 2D
0000F6B0  14 D2 34 3F DC E7 4D 4A 00 00 20 4E 24 18 4D 4A
0000F6C0  EC 2D 34 3F 34 3F EC 2D 4D 4A 24 18 20 4E 00 00
0000F6D0  4D 4A DC E7 34 3F 14 D2 EC 2D CC C0 24 18 B3 B5
0000F6E0  00 00 E0 B1 DC E7 B3 B5 14 D2 CC C0 CC C0 14 D2
0000F6F0  B3 B5 DC E7 E0 B1 00 00 B3 B5 24 18 CC C0 EC 2D
0000F700  14 D2 34 3F DC E7 4D 4A 00 00 20 4E 24 18 4D 4A
0000F710  EC 2D 34 3F 34 3F EC 2D 4D 4A 24 18 20 4E 00 00
0000F720  4D 4A DC E7 34 3F 14 D2 EC 2D CC C0 24 18 B3 B5
0000F730  00 00 E0 B1 DC E7 B3 B5 14 D2 CC C0 CC C0 14 D2
0000F740  B3 B5 DC E7 E0 B1 00 00 B3 B5 24 18 CC C0 EC 2D
0000F750  14 D2 34 3F DC E7 4D 4A 00 00 20 4E 24 18 4D 4A
0000F760  EC 2D 34 3F 34 3F EC 2D 4D 4A 24 18 20 4E 00 00
0000F770  4D 4A DC E7 34 3F 14 D2 EC 2D CC C0 24 18 B3 B5
0000F780  00 00 E0 B1 DC E7 B3 B5 14 D2 CC C0 CC C0 14 D2
0000F790  B3 B5 DC E7 E0 B1 00 00 B3 B5 24 18 CC C0 EC 2D
0000F7A0  14 D2 34 3F DC E7 4D 4A 00 00 20 4E 24 18 4D 4A
0000F7B0  EC 2D 34 3F 34 3F EC 2D 4D 4A 24 18 20 4E 00 00
0000F7C0  4D 4A DC E7 34 3F 14 D2 EC 2D CC C0 24 18 B3 B5
0000F7D0  00 00 E0 B1 DC E7 B3 B5 14 D2 CC C0 CC C0 14 D2
0000F7E0  B3 B5 DC E7 E0 B1 00 00 B3 B5 24 18 CC C0 EC 2D
0000F7F0  14 D2 34 3F DC E7 4D 4A 00 00 20 4E 24 18 4D 4A
0000F800  EC 2D 34 3F 34 3F EC 2D 4D 4A 24 18 20 4E 00 00
0000F810  4D 4A DC E7 34 3F 14 D2 EC 2D CC C0 24 18 B3 B5
0000F820  00 00 E0 B1 DC E7 B3 B5 14 D2 CC C0 CC C0 14 D2
0000F830  B3 B5 DC E7 E0 B1 00 00 B3 B5 24 18 CC C0 EC 2D
0000F840  14 D2 34 3F DC E7 4D 4A 00 00 20 4E 24 18 4D 4A
0000F850  EC 2D 34 3F 34 3F EC 2D 4D 4A 24 18 20 4E 00 00
0000F860  4D 4A DC E7 34 3F 14 D2 EC 2D CC C0 24 18 B3 B5
0000F870  00 00 E0 B1 DC E7 B3 B5 14 D2 CC C0 CC C0 14 D2
0000F880  B3 B5 DC E7 E0 B1 00 00 B3 B5 24 18 CC C0 EC 2D
0000F890  14 D2 34 3F DC E7 4D 4A 00 00 20 4E 24 18 4D 4A
0000F8A0  EC 2D 34 3F 34 3F EC 2D 4D 4A 24 18 20 4E 00 00
0000F8B0  4D 4A DC E7 34 3F 14 D2 EC 2D CC C0 24 18 B3 B5
0000F8C0  00 00 E0 B1 DC E7 B3 B5 14 D2 CC C0 CC C0 14 D2
0000F8D0  B3 B5 DC E7 E0 B1 00 00 B3 B5 24 18 CC C0 EC 2D
0000F8E0  14 D2 34 3F DC E7 4D 4A 00 00 20 4E 24 18 4D 4A
0000F8F0  EC 2D 34 3F 34 3F EC 2D 4D 4A 24 18 20 4E 00 00
0000F900  4D 4A DC E7 34 3F 14 D2 EC 2D CC C0 24 18 B3 B5
0000F910  00 00 E0 B1 DC E7 B3 B5 14 D2 CC C0 CC C0 14 D2
0000F920  B3 B5 DC E7 E0 B1 00 00 B3 B5 24 18 CC C0 EC 2D
0000F930  14 D2 34 3F DC E7 4D 4A 00 00 20 4E 24 18 4D 4A
0000F940  EC 2D 34 3F 34 3F EC 2D 4D 4A 24 18 20 4E 00 00
0000F950  4D 4A DC E7 34 3F 14 D2 EC 2D CC C0 24 18 B3 B5
0000F960  00 00 E0 B1 DC E7 B3 B5 14 D2 CC C0 CC C0 14 D2
0000F970  B3 B5 DC E7 E0 B1 00 00 B3 B5 24 18 CC C0 EC 2D
0000F980  14 D2 34 3F DC E7 4D 4A 00 00 20 4E 24 18 4D 4A
0000F990  EC 2D 34 3F 34 3F EC 2D 4D 4A 24 18 20 4E 00 00
0000F9A0  4D 4A DC E7 34 3F 14 D2 EC 2D CC C0 24 18 B3 B5
0000F9B0  00 00 E0 B1 DC E7 B3 B5 14 D2 CC C0 CC C0 14 D2
0000F9C0  B3 B5 DC E7 E0 B1 00 00 B3 B5 24 18 CC C0 EC 2D
0000F9D0  14 D2 34 3F DC E7 4D 4A 00 00 20 4E 24 18 4D 4A
0000F9E0  EC 2D 34 3F 34 3F EC 2D 4D 4A 24 18 20 4E 00 00
0000F9F0  4D 4A DC E7 34 3F 14 D2 EC 2D CC C0 24 18 B3 B5
0000FA00  00 00 E0 B1 DC E7 B3 B5 14 D2 CC C0 CC C0 14 D2
0000FA10  B3 B5 DC E7 E0 B1 00 00 B3 B5 24 18 CC C0 EC 2D
0000FA20  14 D2 34 3F DC E7 4D 4A 00 00 20 4E 24 18 4D 4A
0000FA30  EC 2D 34 3F 34 3F EC 2D 4D 4A 24 18 20 4E 00 00
0000FA40  4D 4A DC E7 34 3F 14 D2 EC 2D CC C0 24 18 B3 B5
0000FA50  00 00 E0 B1 DC E7 B3 B5 14 D2 CC C0 CC C0 14 D2
0000FA60  B3 B5 DC E7 E0 B1 00 00 B3 B5 24 18 CC C0 EC 2D
0000FA70  14 D2 34 3F DC E7 4D 4A 00 00 20 4E 24 18 4D 4A
0000FA80  EC 2D 34 3F 34 3F EC 2D 4D 4A 24 18 20 4E 00 00
0000FA90  4D 4A DC E7 34 3F 14 D2 EC 2D CC C0 24 18 B3 B5
0000FAA0  00 00 E0 B1 DC E7 B3 B5 14 D2 CC C0 CC C0 14 D2
0000FAB0  B3 B5 DC E7 E0 B1 00 00 B3 B5 24 18 CC C0 EC 2D
0000FAC0  14 D2 34 3F DC E7 4D 4A 00 00 20 4E 24 18 4D 4A
0000FAD0  EC 2D 34 3F 34 3F EC 2D 4D 4A 24 18 20 4E 00 00
0000FAE0  4D 4A DC E7 34 3F 14 D2 EC 2D CC C0 24 18 B3 B5
0000FAF0  00 00 E0 B1 DC E7 B3 B5 14 D2 CC C0 CC C0 14 D2
0000FB00  B3 B5 DC E7 E0 B1 00 00 B3 B5 24 18 CC C0 EC 2D
0000FB10  14 D2 34 3F DC E7 4D 4A 00 00 20 4E 24 18 4D 4A
0000FB20  EC 2D 34 3F 34 3F EC 2D 4D 4A 24 18 20 4E 00 00
0000FB30  4D 4A DC E7 34 3F 14 D2 EC 2D CC C0 24 18 B3 B5
0000FB40  00 00 E0 B1 DC E7 B3 B5 14 D2 CC C0 CC C0 14 D2
0000FB50  B3 B5 DC E7 E0 B1 00 00 B3 B5 24 18 CC C0 EC 2D
0000FB60  14 D2 34 3F DC E7 4D 4A 00 00 20 4E 24 18 4D 4A
0000FB70  EC 2D 34 3F 34 3F EC 2D 4D 4A 24 18 20 4E 00 00
0000FB80  4D 4A DC E7 34 3F 14 D2 EC 2D CC C0 24 18 B3 B5
0000FB90  00 00 E0 B1 DC E7 B3 B5 14 D2 CC C0 CC C0 14 D2
0000FBA0  B3 B5 DC E7 E0 B1 00 00 B3 B5 24 18 CC C0 EC 2D
0000FBB0  14 D2 34 3F DC E7 4D 4A 00 00 20 4E 24 18 4D 4A
0000FBC0  EC 2D 34 3F 34 3F EC 2D 4D 4A 24 18 20 4E 00 00
0000FBD0  4D 4A DC E7 34 3F 14 D2 EC 2D CC C0 24 18 B3 B5
0000FBE0  00 00 E0 B1 DC E7 B3 B5 14 D2 CC C0 CC C0 14 D2
0000FBF0  B3 B5 DC E7 E0 B1 00 00 B3 B5 24 18 CC C0 EC 2D
0000FC00  14 D2 34 3F DC E7 4D 4A 00 00 20 4E 24 18 4D 4A
0000FC10  EC 2D 34 3F 34 3F EC 2D 4D 4A 24 18 20 4E 00 00
0000FC20  4D 4A DC E7 34 3F 14 D2 EC 2D CC C0 24 18 B3 B5
0000FC30  00 00 E0 B1 DC E7 B3 B5 14 D2 CC C0 CC C0 14 D2
0000FC40  B3 B5 DC E7 E0 B1 00 00 B3 B5 24 18 CC C0 EC 2D
0000FC50  14 D2 34 3F DC E7 4D 4A 00 00 20 4E 24 18 4D 4A
0000FC60  EC 2D 34 3F 34 3F EC 2D 4D 4A 24 18 20 4E 00 00
0000FC70  4D 4A DC E7 34 3F 14 D2 EC 2D CC C0 24 18 B3 B5
0000FC80  00 00 E0 B1 DC E7 B3 B5 14 D2 CC C0 CC C0 14 D2
0000FC90  B3 B5 DC E7 E0 B1 00 00 B3 B5 24 18 CC C0 EC 2D
0000FCA0  14 D2 34 3F DC E7 4D 4A 00 00 20 4E 24 18 4D 4A
0000FCB0  EC 2D 34 3F 34 3F EC 2D 4D 4A 24 18 20 4E 00 00
0000FCC0  4D 4A DC E7 34 3F 14 D2 EC 2D CC C0 24 18 B3 B5
0000FCD0  00 00 E0 B1 DC E7 B3 B5 14 D2 CC C0 CC C0 14 D2
0000FCE0  B3 B5 DC E7 E0 B1 00 00 B3 B5 24 18 CC C0 EC 2D
0000FCF0  14 D2 34 3F DC E7 4D 4A 00 00 20 4E 24 18 4D 4A
0000FD00  EC 2D 34 3F 34 3F EC 2D 4D 4A 24 18 20 4E 00 00
0000FD10  4D 4A DC E7 34 3F 14 D2 EC 2D CC C0 24 18 B3 B5
0000FD20  00 00 E0 B1 DC E7 B3 B5 14 D2 CC C0 CC C0 14 D2
0000FD30  B3 B5 DC E7 E0 B1 00 00 B3 B5 24 18 CC C0 EC 2D
0000FD40  14 D2 34 3F DC E7 4D 4A 00 00 20 4E 24 18 4D 4A
0000FD50  EC 2D 34 3F 34 3F EC 2D 4D 4A 24 18 20 4E 00 00
0000FD60  4D 4A DC E7 34 3F 14 D2 EC 2D CC C0 24 18 B3 B5
0000FD70  00 00 E0 B1 DC E7 B3 B5 14 D2 CC C0 CC C0 14 D2
0000FD80  B3 B5 DC E7 E0 B1 00 00 B3 B5 24 18 CC C0 EC 2D
0000FD90  14 D2 34 3F DC E7 4D 4A 00 00 20 4E 24 18 4D 4A
0000FDA0  EC 2D 34 3F 34 3F EC 2D 4D 4A 24 18 20 4E 00 00
0000FDB0  4D 4A DC E7 34 3F 14 D2 EC 2D CC C0 24 18 B3 B5
0000FDC0  00 00 E0 B1 DC E7 B3 B5 14 D2 CC C0 CC C0 14 D2
0000FDD0  B3 B5 DC E7 E0 B1 00 00 B3 B5 24 18 CC C0 EC 2D
0000FDE0  14 D2 34 3F DC E7 4D 4A 00 00 20 4E 24 18 4D 4A
0000FDF0  EC 2D 34 3F 34 3F EC 2D 4D 4A 24 18 20 4E 00 00
0000FE00  4D 4A DC E7 34 3F 14 D2 EC 2D CC C0 24 18 B3 B5
0000FE10  00 00 E0 B1 DC E7 B3 B5 14 D2 CC C0 CC C0 14 D2
0000FE20  B3 B5 DC E7 E0 B1 00 00 B3 B5 24 18 CC C0 EC 2D
0000FE30  14 D2 34 3F DC E7 4D 4A 00 00 20 4E 24 18 4D 4A
0000FE40  EC 2D 34 3F 34 3F EC 2D 4D 4A 24 18 20 4E 00 00
0000FE50  4D 4A DC E7 34 3F 14 D2 EC 2D CC C0 24 18 B3 B5
0000FE60  00 00 E0 B1 DC E7 B3 B5 14 D2 CC C0 CC C0 14 D2
0000FE70  B3 B5 DC E7 E0 B1 00 00 B3 B5 24 18 CC C0 EC 2D
0000FE80  14 D2 34 3F DC E7 4D 4A 00 00 20 4E 24 18 4D 4A
0000FE90  EC 2D 34 3F 34 3F EC 2D 4D 4A 24 18 20 4E 00 00
0000FEA0  4D 4A DC E7 34 3F 14 D2 EC 2D CC C0 24 18 B3 B5
0000FEB0  00 00 E0 B1 DC E7 B3 B5 14 D2 CC C0 CC C0 14 D2
0000FEC0  B3 B5 DC E7 E0 B1 00 00 B3 B5 24 18 CC C0 EC 2D
0000FED0  14 D2 34 3F DC E7 4D 4A 00 00 20 4E 24 18 4D 4A
0000FEE0  EC 2D 34 3F 34 3F EC 2D 4D 4A 24 18 20 4E 00 00
0000FEF0  4D 4A DC E7 34 3F 14 D2 EC 2D CC C0 24 18 B3 B5
0000FF00  00 00 E0 B1 DC E7 B3 B5 14 D2 CC C0 CC C0 14 D2
0000FF10  B3 B5 DC E7 E0 B1 00 00 B3 B5 24 18 CC C0 EC 2D
0000FF20  14 D2 34 3F DC E7 4D 4A 00 00 20 4E 24 18 4D 4A
0000FF30  EC 2D 34 3F 34 3F EC 2D 4D 4A 24 18 20 4E 00 00
0000FF40  4D 4A DC E7 34 3F 14 D2 EC 2D CC C0 24 18 B3 B5
0000FF50  00 00 E0 B1 DC E7 B3 B5 14 D2 CC C0 CC C0 14 D2
0000FF60  B3 B5 DC E7 E0 B1 00 00 B3 B5 24 18 CC C0 EC 2D
0000FF70  14 D2 34 3F DC E7 4D 4A 00 00 20 4E 24 18 4D 4A
0000FF80  EC 2D 34 3F 34 3F EC 2D 4D 4A 24 18 20 4E 00 00
0000FF90  4D 4A DC E7 34 3F 14 D2 EC 2D CC C0 24 18 B3 B5
0000FFA0  00 00 E0 B1 DC E7 B3 B5 14 D2 CC C0 CC C0 14 D2
0000FFB0  B3 B5 DC E7 E0 B1 00 00 B3 B5 24 18 CC C0 EC 2D
0000FFC0  14 D2 34 3F DC E7 4D 4A 00 00 20 4E 24 18 4D 4A
0000FFD0  EC 2D 34 3F 34 3F EC 2D 4D 4A 24 18 20 4E 00 00
0000FFE0  4D 4A DC E7 34 3F 14 D2 EC 2D CC C0 24 18 B3 B5
0000FFF0  00 00 E0 B1 DC E7 B3 B5 14 D2 CC C0 CC C0 14 D2
00010000  B3 B5 DC E7 E0 B1 00 00 B3 B5 24 18 CC C0 EC 2D
00010010  14 D2 34 3F DC E7 4D 4A 00 00 20 4E 24 18 4D 4A
00010020  EC 2D 34 3F 34 3F EC 2D 4D 4A 24 18 20 4E 00 00
00010030  4D 4A DC E7 34 3F 14 D2 EC 2D CC C0 24 18 B3 B5
00010040  00 00 E0 B1 DC E7 B3 B5 14 D2 CC C0 CC C0 14 D2
00010050  B3 B5 DC E7 E0 B1 00 00 B3 B5 24 18 CC C0 EC 2D
00010060  14 D2 34 3F DC E7 4D 4A 00 00 20 4E 24 18 4D 4A
00010070  EC 2D 34 3F 34 3F EC 2D 4D 4A 24 18 20 4E 00 00
00010080  4D 4A DC E7 34 3F 14 D2 EC 2D CC C0 24 18 B3 B5
00010090  00 00 E0 B1 DC E7 B3 B5 14 D2 CC C0 CC C0 14 D2
000100A0  B3 B5 DC E7 E0 B1 00 00 B3 B5 24 18 CC C0 EC 2D
000100B0  14 D2 34 3F DC E7 4D 4A 00 00 20 4E 24 18 4D 4A
000100C0  EC 2D 34 3F 34 3F EC 2D 4D 4A 24 18 20 4E 00 00
000100D0  4D 4A DC E7 34 3F 14 D2 EC 2D CC C0 24 18 B3 B5
000100E0  00 00 E0 B1 DC E7 B3 B5 14 D2 CC C0 CC C0 14 D2
000100F0  B3 B5 DC E7 E0 B1 00 00 B3 B5 24 18 CC C0 EC 2D
00010100  14 D2 34 3F DC E7 4D 4A 00 00 20 4E 24 18 4D 4A
00010110  EC 2D 34 3F 34 3F EC 2D 4D 4A 24 18 20 4E 00 00
00010120  4D 4A DC E7 34 3F 14 D2 EC 2D CC C0 24 18 B3 B5
00010130  00 00 E0 B1 DC E7 B3 B5 14 D2 CC C0 CC C0 14 D2
00010140  B3 B5 DC E7 E0 B1 00 00 B3 B5 24 18 CC C0 EC 2D
00010150  14 D2 34 3F DC E7 4D 4A 00 00 20 4E 24 18 4D 4A
00010160  EC 2D 34 3F 34 3F EC 2D 4D 4A 24 18 20 4E 00 00
00010170  4D 4A DC E7 34 3F 14 D2 EC 2D CC C0 24 18 B3 B5
00010180  00 00 E0 B1 DC E7 B3 B5 14 D2 CC C0 CC C0 14 D2
00010190  B3 B5 DC E7 E0 B1 00 00 B3 B5 24 18 CC C0 EC 2D
000101A0  14 D2 34 3F DC E7 4D 4A 00 00 20 4E 24 18 4D 4A
000101B0  EC 2D 34 3F 34 3F EC 2D 4D 4A 24 18 20 4E 00 00
000101C0  4D 4A DC E7 34 3F 14 D2 EC 2D CC C0 24 18 B3 B5
000101D0  00 00 E0 B1 DC E7 B3 B5 14 D2 CC C0 CC C0 14 D2
000101E0  B3 B5 DC E7 E0 B1 00 00 B3 B5 24 18 CC C0 EC 2D
000101F0  14 D2 34 3F DC E7 4D 4A 00 00 20 4E 24 18 4D 4A
00010200  EC 2D 34 3F 34 3F EC 2D 4D 4A 24 18 20 4E 00 00
00010210  4D 4A DC E7 34 3F 14 D2 EC 2D CC C0 24 18 B3 B5
00010220  00 00 E0 B1 DC E7 B3 B5 14 D2 CC C0 CC C0 14 D2
00010230  B3 B5 DC E7 E0 B1 00 00 B3 B5 24 18 CC C0 EC 2D
00010240  14 D2 34 3F DC E7 4D 4A 00 00 20 4E 24 18 4D 4A
00010250  EC 2D 34 3F 34 3F EC 2D 4D 4A 24 18 20 4E 00 00
00010260  4D 4A DC E7 34 3F 14 D2 EC 2D CC C0 24 18 B3 B5
00010270  00 00 E0 B1 DC E7 B3 B5 14 D2 CC C0 CC C0 14 D2
00010280  B3 B5 DC E7 E0 B1 00 00 B3 B5 24 18 CC C0 EC 2D
00010290  14 D2 34 3F DC E7 4D 4A 00 00 20 4E 24 18 4D 4A
000102A0  EC 2D 34 3F 34 3F EC 2D 4D 4A 24 18 20 4E 00 00
000102B0  4D 4A DC E7 34 3F 14 D2 EC 2D CC C0 24 18 B3 B5
000102C0  00 00 E0 B1 DC E7 B3 B5 14 D2 CC C0 CC C0 14 D2
000102D0  B3 B5 DC E7 E0 B1 00 00 B3 B5 24 18 CC C0 EC 2D
000102E0  14 D2 34 3F DC E7 4D 4A 00 00 20 4E 24 18 4D 4A
000102F0  EC 2D 34 3F 34 3F EC 2D 4D 4A 24 18 20 4E 00 00
00010300  4D 4A DC E7 34 3F 14 D2 EC 2D CC C0 24 18 B3 B5
00010310  00 00 E0 B1 DC E7 B3 B5 14 D2 CC C0 CC C0 14 D2
00010320  B3 B5 DC E7 E0 B1 00 00 B3 B5 24 18 CC C0 EC 2D
00010330  14 D2 34 3F DC E7 4D 4A 00 00 20 4E 24 18 4D 4A
00010340  EC 2D 34 3F 34 3F EC 2D 4D 4A 24 18 20 4E 00 00
00010350  4D 4A DC E7 34 3F 14 D2 EC 2D CC C0 24 18 B3 B5
00010360  00 00 E0 B1 DC E7 B3 B5 14 D2 CC C0 CC C0 14 D2
00010370  B3 B5 DC E7 E0 B1 00 00 B3 B5 24 18 CC C0 EC 2D
00010380  14 D2 34 3F DC E7 4D 4A 00 00 20 4E 24 18 4D 4A
00010390  EC 2D 34 3F 34 3F EC 2D 4D 4A 24 18 20 4E 00 00
000103A0  4D 4A DC E7 34 3F 14 D2 EC 2D CC C0 24 18 B3 B5
000103B0  00 00 E0 B1 DC E7 B3 B5 14 D2 CC C0 CC C0 14 D2
000103C0  B3 B5 DC E7 E0 B1 00 00 B3 B5 24 18 CC C0 EC 2D
000103D0  14 D2 34 3F DC E7 4D 4A 00 00 20 4E 24 18 4D 4A
000103E0  EC 2D 34 3F 34 3F EC 2D 4D 4A 24 18 20 4E 00 00
000103F0  4D 4A DC E7 34 3F 14 D2 EC 2D CC C0 24 18 B3 B5
00010400  00 00 E0 B1 DC E7 B3 B5 14 D2 CC C0 CC C0 14 D2
00010410  B3 B5 DC E7 E0 B1 00 00 B3 B5 24 18 CC C0 EC 2D
00010420  14 D2 34 3F DC E7 4D 4A 00 00 20 4E 24 18 4D 4A
00010430  EC 2D 34 3F 34 3F EC 2D 4D 4A 24 18 20 4E 00 00
00010440  4D 4A DC E7 34 3F 14 D2 EC 2D CC C0 24 18 B3 B5
00010450  00 00 E0 B1 DC E7 B3 B5 14 D2 CC C0 CC C0 14 D2
00010460  B3 B5 DC E7 E0 B1 00 00 B3 B5 24 18 CC C0 EC 2D
00010470  14 D2 34 3F DC E7 4D 4A 00 00 20 4E 24 18 4D 4A
00010480  EC 2D 34 3F 34 3F EC 2D 4D 4A 24 18 20 4E 00 00
00010490  4D 4A DC E7 34 3F 14 D2 EC 2D CC C0 24 18 B3 B5
000104A0  00 00 E0 B1 DC E7 B3 B5 14 D2 CC C0 CC C0 14 D2
000104B0  B3 B5 DC E7 E0 B1 00 00 B3 B5 24 18 CC C0 EC 2D
000104C0  14 D2 34 3F DC E7 4D 4A 00 00 20 4E 24 18 4D 4A
000104D0  EC 2D 34 3F 34 3F EC 2D 4D 4A 24 18 20 4E 00 00
000104E0  4D 4A DC E7 34 3F 14 D2 EC 2D CC C0 24 18 B3 B5
000104F0  00 00 E0 B1 DC E7 B3 B5 14 D2 CC C0 CC C0 14 D2
00010500  B3 B5 DC E7 E0 B1 00 00 B3 B5 24 18 CC C0 EC 2D
00010510  14 D2 34 3F DC E7 4D 4A 00 00 20 4E 24 18 4D 4A
00010520  EC 2D 34 3F 34 3F EC 2D 4D 4A 24 18 20 4E 00 00
00010530  4D 4A DC E7 34 3F 14 D2 EC 2D CC C0 24 18 B3 B5
00010540  00 00 E0 B1 DC E7 B3 B5 14 D2 CC C0 CC C0 14 D2
00010550  B3 B5 DC E7 E0 B1 00 00 B3 B5 24 18 CC C0 EC 2D
00010560  14 D2 34 3F DC E7 4D 4A 00 00 20 4E 24 18 4D 4A
00010570  EC 2D 34 3F 34 3F EC 2D 4D 4A 24 18 20 4E 00 00
00010580  4D 4A DC E7 34 3F 14 D2 EC 2D CC C0 24 18 B3 B5
00010590  00 00 E0 B1 DC E7 B3 B5 14 D2 CC C0 CC C0 14 D2
000105A0  B3 B5 DC E7 E0 B1 00 00 B3 B5 24 18 CC C0 EC 2D
000105B0  14 D2 34 3F DC E7 4D 4A 00 00 20 4E 24 18 4D 4A
000105C0  EC 2D 34 3F 34 3F EC 2D 4D 4A 24 18 20 4E 00 00
000105D0  4D 4A DC E7 34 3F 14 D2 EC 2D CC C0 24 18 B3 B5
000105E0  00 00 E0 B1 DC E7 B3 B5 14 D2 CC C0 CC C0 14 D2
000105F0  B3 B5 DC E7 E0 B1 00 00 B3 B5 24 18 CC C0 EC 2D
00010600  14 D2 34 3F DC E7 4D 4A 00 00 20 4E 24 18 4D 4A
00010610  EC 2D 34 3F 34 3F EC 2D 4D 4A 24 18 20 4E 00 00
00010620  4D 4A DC E7 34 3F 14 D2 EC 2D CC C0 24 18 B3 B5
00010630  00 00 E0 B1 DC E7 B3 B5 14 D2 CC C0 CC C0 14 D2
00010640  B3 B5 DC E7 E0 B1 00 00 B3 B5 24 18 CC C0 EC 2D
00010650  14 D2 34 3F DC E7 4D 4A 00 00 20 4E 24 18 4D 4A
00010660  EC 2D 34 3F 34 3F EC 2D 4D 4A 24 18 20 4E 00 00
00010670  4D 4A DC E7 34 3F 14 D2 EC 2D CC C0 24 18 B3 B5
00010680  00 00 E0 B1 DC E7 B3 B5 14 D2 CC C0 CC C0 14 D2
00010690  B3 B5 DC E7 E0 B1 00 00 B3 B5 24 18 CC C0 EC 2D
000106A0  14 D2 34 3F DC E7 4D 4A 00 00 20 4E 24 18 4D 4A
000106B0  EC 2D 34 3F 34 3F EC 2D 4D 4A 24 18 20 4E 00 00
000106C0  4D 4A DC E7 34 3F 14 D2 EC 2D CC C0 24 18 B3 B5
000106D0  00 00 E0 B1 DC E7 B3 B5 14 D2 CC C0 CC C0 14 D2
000106E0  B3 B5 DC E7 E0 B1 00 00 B3 B5 24 18 CC C0 EC 2D
000106F0  14 D2 34 3F DC E7 4D 4A 00 00 20 4E 24 18 4D 4A
00010700  EC 2D 34 3F 34 3F EC 2D 4D 4A 24 18 20 4E 00 00
00010710  4D 4A DC E7 34 3F 14 D2 EC 2D CC C0 24 18 B3 B5
00010720  00 00 E0 B1 DC E7 B3 B5 14 D2 CC C0 CC C0 14 D2
00010730  B3 B5 DC E7 E0 B1 00 00 B3 B5 24 18 CC C0 EC 2D
00010740  14 D2 34 3F DC E7 4D 4A 00 00 20 4E 24 18 4D 4A
00010750  EC 2D 34 3F 34 3F EC 2D 4D 4A 24 18 20 4E 00 00
00010760  4D 4A DC E7 34 3F 14 D2 EC 2D CC C0 24 18 B3 B5
00010770  00 00 E0 B1 DC E7 B3 B5 14 D2 CC C0 CC C0 14 D2
00010780  B3 B5 DC E7 E0 B1 00 00 B3 B5 24 18 CC C0 EC 2D
00010790  14 D2 34 3F DC E7 4D 4A 00 00 20 4E 24 18 4D 4A
000107A0  EC 2D 34 3F 34 3F EC 2D 4D 4A 24 18 20 4E 00 00
000107B0  4D 4A DC E7 34 3F 14 D2 EC 2D CC C0 24 18 B3 B5
000107C0  00 00 E0 B1 DC E7 B3 B5 14 D2 CC C0 CC C0 14 D2
000107D0  B3 B5 DC E7 E0 B1 00 00 B3 B5 24 18 CC C0 EC 2D
000107E0  14 D2 34 3F DC E7 4D 4A 00 00 20 4E 24 18 4D 4A
000107F0  EC 2D 34 3F 34 3F EC 2D 4D 4A 24 18 20 4E 00 00
00010800  4D 4A DC E7 34 3F 14 D2 EC 2D CC C0 24 18 B3 B5
00010810  00 00 E0 B1 DC E7 B3 B5 14 D2 CC C0 CC C0 14 D2
00010820  B3 B5 DC E7 E0 B1 00 00 B3 B5 24 18 CC C0 EC 2D
00010830  14 D2 34 3F DC E7 4D 4A 00 00 20 4E 24 18 4D 4A
00010840  EC 2D 34 3F 34 3F EC 2D 4D 4A 24 18 20 4E 00 00
00010850  4D 4A DC E7 34 3F 14 D2 EC 2D CC C0 24 18 B3 B5
00010860  00 00 E0 B1 DC E7 B3 B5 14 D2 CC C0 CC C0 14 D2
00010870  B3 B5 DC E7 E0 B1 00 00 B3 B5 24 18 CC C0 EC 2D
00010880  14 D2 34 3F DC E7 4D 4A 00 00 20 4E 24 18 4D 4A
00010890  EC 2D 34 3F 34 3F EC 2D 4D 4A 24 18 20 4E 00 00
000108A0  4D 4A DC E7 34 3F 14 D2 EC 2D CC C0 24 18 B3 B5
000108B0  00 00 E0 B1 DC E7 B3 B5 14 D2 CC C0 CC C0 14 D2
000108C0  B3 B5 DC E7 E0 B1 00 00 B3 B5 24 18 CC C0 EC 2D
000108D0  14 D2 34 3F DC E7 4D 4A 00 00 20 4E 24 18 4D 4A
000108E0  EC 2D 34 3F 34 3F EC 2D 4D 4A 24 18 20 4E 00 00
000108F0  4D 4A DC E7 34 3F 14 D2 EC 2D CC C0 24 18 B3 B5
00010900  00 00 E0 B1 DC E7 B3 B5 14 D2 CC C0 CC C0 14 D2
00010910  B3 B5 DC E7 E0 B1 00 00 B3 B5 24 18 CC C0 EC 2D
00010920  14 D2 34 3F DC E7 4D 4A 00 00 20 4E 24 18 4D 4A
00010930  EC 2D 34 3F 34 3F EC 2D 4D 4A 24 18 20 4E 00 00
00010940  4D 4A DC E7 34 3F 14 D2 EC 2D CC C0 24 18 B3 B5
00010950  00 00 E0 B1 DC E7 B3 B5 14 D2 CC C0 CC C0 14 D2
00010960  B3 B5 DC E7 E0 B1 00 00 B3 B5 24 18 CC C0 EC 2D
00010970  14 D2 34 3F DC E7 4D 4A 00 00 20 4E 24 18 4D 4A
00010980  EC 2D 34 3F 34 3F EC 2D 4D 4A 24 18 20 4E 00 00
00010990  4D 4A DC E7 34 3F 14 D2 EC 2D CC C0 24 18 B3 B5
000109A0  00 00 E0 B1 DC E7 B3 B5 14 D2 CC C0 CC C0 14 D2
000109B0  B3 B5 DC E7 E0 B1 00 00 B3 B5 24 18 CC C0 EC 2D
000109C0  14 D2 34 3F DC E7 4D 4A 00 00 20 4E 24 18 4D 4A
000109D0  EC 2D 34 3F 34 3F EC 2D 4D 4A 24 18 20 4E 00 00
000109E0  4D 4A DC E7 34 3F 14 D2 EC 2D CC C0 24 18 B3 B5
000109F0  00 00 E0 B1 DC E7 B3 B5 14 D2 CC C0 CC C0 14 D2
00010A00  B3 B5 DC E7 E0 B1 00 00 B3 B5 24 18 CC C0 EC 2D
00010A10  14 D2 34 3F DC E7 4D 4A 00 00 20 4E 24 18 4D 4A
00010A20  EC 2D 34 3F 34 3F EC 2D 4D 4A 24 18 20 4E 00 00
00010A30  4D 4A DC E7 34 3F 14 D2 EC 2D CC C0 24 18 B3 B5
00010A40  00 00 E0 B1 DC E7 B3 B5 14 D2 CC C0 CC C0 14 D2
00010A50  B3 B5 DC E7 E0 B1 00 00 B3 B5 24 18 CC C0 EC 2D
00010A60  14 D2 34 3F DC E7 4D 4A 00 00 20 4E 24 18 4D 4A
00010A70  EC 2D 34 3F 34 3F EC 2D 4D 4A 24 18 20 4E 00 00
00010A80  4D 4A DC E7 34 3F 14 D2 EC 2D CC C0 24 18 B3 B5
00010A90  00 00 E0 B1 DC E7 B3 B5 14 D2 CC C0 CC C0 14 D2
00010AA0  B3 B5 DC E7 E0 B1 00 00 B3 B5 24 18 CC C0 EC 2D
00010AB0  14 D2 34 3F DC E7 4D 4A 00 00 20 4E 24 18 4D 4A
00010AC0  EC 2D 34 3F 34 3F EC 2D 4D 4A 24 18 20 4E 00 00
00010AD0  4D 4A DC E7 34 3F 14 D2 EC 2D CC C0 24 18 B3 B5
00010AE0  00 00 E0 B1 DC E7 B3 B5 14 D2 CC C0 CC C0 14 D2
00010AF0  B3 B5 DC E7 E0 B1 00 00 B3 B5 24 18 CC C0 EC 2D
00010B00  14 D2 34 3F DC E7 4D 4A 00 00 20 4E 24 18 4D 4A
00010B10  EC 2D 34 3F 34 3F EC 2D 4D 4A 24 18 20 4E 00 00
00010B20  4D 4A DC E7 34 3F 14 D2 EC 2D CC C0 24 18 B3 B5
00010B30  00 00 E0 B1 DC E7 B3 B5 14 D2 CC C0 CC C0 14 D2
00010B40  B3 B5 DC E7 E0 B1 00 00 B3 B5 24 18 CC C0 EC 2D
00010B50  14 D2 34 3F DC E7 4D 4A 00 00 20 4E 24 18 4D 4A
00010B60  EC 2D 34 3F 34 3F EC 2D 4D 4A 24 18 20 4E 00 00
00010B70  4D 4A DC E7 34 3F 14 D2 EC 2D CC C0 24 18 B3 B5
00010B80  00 00 E0 B1 DC E7 B3 B5 14 D2 CC C0 CC C0 14 D2
00010B90  B3 B5 DC E7 E0 B1 00 00 B3 B5 24 18 CC C0 EC 2D
00010BA0  14 D2 34 3F DC E7 4D 4A 00 00 20 4E 24 18 4D 4A
00010BB0  EC 2D 34 3F 34 3F EC 2D 4D 4A 24 18 20 4E 00 00
00010BC0  4D 4A DC E7 34 3F 14 D2 EC 2D CC C0 24 18 B3 B5
00010BD0  00 00 E0 B1 DC E7 B3 B5 14 D2 CC C0 CC C0 14 D2
00010BE0  B3 B5 DC E7 E0 B1 00 00 B3 B5 24 18 CC C0 EC 2D
00010BF0  14 D2 34 3F DC E7 4D 4A 00 00 20 4E 24 18 4D 4A
00010C00  EC 2D 34 3F 34 3F EC 2D 4D 4A 24 18 20 4E 00 00
00010C10  4D 4A DC E7 34 3F 14 D2 EC 2D CC C0 24 18 B3 B5
00010C20  00 00 E0 B1 DC E7 B3 B5 14 D2 CC C0 CC C0 14 D2
00010C30  B3 B5 DC E7 E0 B1 00 00 B3 B5 24 18 CC C0 EC 2D
00010C40  14 D2 34 3F DC E7 4D 4A 00 00 20 4E 24 18 4D 4A
00010C50  EC 2D 34 3F 34 3F EC 2D 4D 4A 24 18 20 4E 00 00
00010C60  4D 4A DC E7 34 3F 14 D2 EC 2D CC C0 24 18 B3 B5
00010C70  00 00 E0 B1 DC E7 B3 B5 14 D2 CC C0 CC C0 14 D2
00010C80  B3 B5 DC E7 E0 B1 00 00 B3 B5 24 18 CC C0 EC 2D
00010C90  14 D2 34 3F DC E7 4D 4A 00 00 20 4E 24 18 4D 4A
00010CA0  EC 2D 34 3F 34 3F EC 2D 4D 4A 24 18 20 4E 00 00
00010CB0  4D 4A DC E7 34 3F 14 D2 EC 2D CC C0 24 18 B3 B5
00010CC0  00 00 E0 B1 DC E7 B3 B5 14 D2 CC C0 CC C0 14 D2
00010CD0  B3 B5 DC E7 E0 B1 00 00 B3 B5 24 18 CC C0 EC 2D
00010CE0  14 D2 34 3F DC E7 4D 4A 00 00 20 4E 24 18 4D 4A
00010CF0  EC 2D 34 3F 34 3F EC 2D 4D 4A 24 18 20 4E 00 00
00010D00  4D 4A DC E7 34 3F 14 D2 EC 2D CC C0 24 18 B3 B5
00010D10  00 00 E0 B1 DC E7 B3 B5 14 D2 CC C0 CC C0 14 D2
00010D20  B3 B5 DC E7 E0 B1 00 00 B3 B5 24 18 CC C0 EC 2D
00010D30  14 D2 34 3F DC E7 4D 4A 00 00 20 4E 24 18 4D 4A
00010D40  EC 2D 34 3F 34 3F EC 2D 4D 4A 24 18 20 4E 00 00
00010D50  4D 4A DC E7 34 3F 14 D2 EC 2D CC C0 24 18 B3 B5
00010D60  00 00 E0 B1 DC E7 B3 B5 14 D2 CC C0 CC C0 14 D2
00010D70  B3 B5 DC E7 E0 B1 00 00 B3 B5 24 18 CC C0 EC 2D
00010D80  14 D2 34 3F DC E7 4D 4A 00 00 20 4E 24 18 4D 4A
00010D90  EC 2D 34 3F 34 3F EC 2D 4D 4A 24 18 20 4E 00 00
00010DA0  4D 4A DC E7 34 3F 14 D2 EC 2D CC C0 24 18 B3 B5
00010DB0  00 00 E0 B1 DC E7 B3 B5 14 D2 CC C0 CC C0 14 D2
00010DC0  B3 B5 DC E7 E0 B1 00 00 B3 B5 24 18 CC C0 EC 2D
00010DD0  14 D2 34 3F DC E7 4D 4A 00 00 20 4E 24 18 4D 4A
00010DE0  EC 2D 34 3F 34 3F EC 2D 4D 4A 24 18 20 4E 00 00
00010DF0  4D 4A DC E7 34 3F 14 D2 EC 2D CC C0 24 18 B3 B5
00010E00  00 00 E0 B1 DC E7 B3 B5 14 D2 CC C0 CC C0 14 D2
00010E10  B3 B5 DC E7 E0 B1 00 00 B3 B5 24 18 CC C0 EC 2D
00010E20  14 D2 34 3F DC E7 4D 4A 00 00 20 4E 24 18 4D 4A
00010E30  EC 2D 34 3F 34 3F EC 2D 4D 4A 24 18 20 4E 00 00
00010E40  4D 4A DC E7 34 3F 14 D2 EC 2D CC C0 24 18 B3 B5
00010E50  00 00 E0 B1 DC E7 B3 B5 14 D2 CC C0 CC C0 14 D2
00010E60  B3 B5 DC E7 E0 B1 00 00 B3 B5 24 18 CC C0 EC 2D
00010E70  14 D2 34 3F DC E7 4D 4A 00 00 20 4E 24 18 4D 4A
00010E80  EC 2D 34 3F 34 3F EC 2D 4D 4A 24 18 20 4E 00 00
00010E90  4D 4A DC E7 34 3F 14 D2 EC 2D CC C0 24 18 B3 B5
00010EA0  00 00 E0 B1 DC E7 B3 B5 14 D2 CC C0 CC C0 14 D2
00010EB0  B3 B5 DC E7 E0 B1 00 00 B3 B5 24 18 CC C0 EC 2D
00010EC0  14 D2 34 3F DC E7 4D 4A 00 00 20 4E 24 18 4D 4A
00010ED0  EC 2D 34 3F 34 3F EC 2D 4D 4A 24 18 20 4E 00 00
00010EE0  4D 4A DC E7 34 3F 14 D2 EC 2D CC C0 24 18 B3 B5
00010EF0  00 00 E0 B1 DC E7 B3 B5 14 D2 CC C0 CC C0 14 D2
00010F00  B3 B5 DC E7 E0 B1 00 00 B3 B5 24 18 CC C0 EC 2D
00010F10  14 D2 34 3F DC E7 4D 4A 00 00 20 4E 24 18 4D 4A
00010F20  EC 2D 34 3F 34 3F EC 2D 4D 4A 24 18 20 4E 00 00
00010F30  4D 4A DC E7 34 3F 14 D2 EC 2D CC C0 24 18 B3 B5
00010F40  00 00 E0 B1 DC E7 B3 B5 14 D2 CC C0 CC C0 14 D2
00010F50  B3 B5 DC E7 E0 B1 00 00 B3 B5 24 18 CC C0 EC 2D
00010F60  14 D2 34 3F DC E7 4D 4A 00 00 20 4E 24 18 4D 4A
00010F70  EC 2D 34 3F 34 3F EC 2D 4D 4A 24 18 20 4E 00 00
00010F80  4D 4A DC E7 34 3F 14 D2 EC 2D CC C0 24 18 B3 B5
00010F90  00 00 E0 B1 DC E7 B3 B5 14 D2 CC C0 CC C0 14 D2
00010FA0  B3 B5 DC E7 E0 B1 00 00 B3 B5 24 18 CC C0 EC 2D
00010FB0  14 D2 34 3F DC E7 4D 4A 00 00 20 4E 24 18 4D 4A
00010FC0  EC 2D 34 3F 34 3F EC 2D 4D 4A 24 18 20 4E 00 00
00010FD0  4D 4A DC E7 34 3F 14 D2 EC 2D CC C0 24 18 B3 B5
00010FE0  00 00 E0 B1 DC E7 B3 B5 14 D2 CC C0 CC C0 14 D2
00010FF0  B3 B5 DC E7 E0 B1 00 00 B3 B5 24 18 CC C0 EC 2D
00011000  14 D2 34 3F DC E7 4D 4A 00 00 20 4E 24 18 4D 4A
00011010  EC 2D 34 3F 34 3F EC 2D 4D 4A 24 18 20 4E 00 00
00011020  4D 4A DC E7 34 3F 14 D2 EC 2D CC C0 24 18 B3 B5
00011030  00 00 E0 B1 DC E7 B3 B5 14 D2 CC C0 CC C0 14 D2
00011040  B3 B5 DC E7 E0 B1 00 00 B3 B5 24 18 CC C0 EC 2D
00011050  14 D2 34 3F DC E7 4D 4A 00 00 20 4E 24 18 4D 4A
00011060  EC 2D 34 3F 34 3F EC 2D 4D 4A 24 18 20 4E 00 00
00011070  4D 4A DC E7 34 3F 14 D2 EC 2D CC C0 24 18 B3 B5
00011080  00 00 E0 B1 DC E7 B3 B5 14 D2 CC C0 CC C0 14 D2
00011090  B3 B5 DC E7 E0 B1 00 00 B3 B5 24 18 CC C0 EC 2D
000110A0  14 D2 34 3F DC E7 4D 4A 00 00 20 4E 24 18 4D 4A
000110B0  EC 2D 34 3F 34 3F EC 2D 4D 4A 24 18 20 4E 00 00
000110C0  4D 4A DC E7 34 3F 14 D2 EC 2D CC C0 24 18 B3 B5
000110D0  00 00 E0 B1 DC E7 B3 B5 14 D2 CC C0 CC C0 14 D2
000110E0  B3 B5 DC E7 E0 B1 00 00 B3 B5 24 18 CC C0 EC 2D
000110F0  14 D2 34 3F DC E7 4D 4A 00 00 20 4E 24 18 4D 4A
00011100  EC 2D 34 3F 34 3F EC 2D 4D 4A 24 18 20 4E 00 00
00011110  4D 4A DC E7 34 3F 14 D2 EC 2D CC C0 24 18 B3 B5
00011120  00 00 E0 B1 DC E7 B3 B5 14 D2 CC C0 CC C0 14 D2
00011130  B3 B5 DC E7 E0 B1 00 00 B3 B5 24 18 CC C0 EC 2D
00011140  14 D2 34 3F DC E7 4D 4A 00 00 20 4E 24 18 4D 4A
00011150  EC 2D 34 3F 34 3F EC 2D 4D 4A 24 18 20 4E 00 00
00011160  4D 4A DC E7 34 3F 14 D2 EC 2D CC C0 24 18 B3 B5
00011170  00 00 E0 B1 DC E7 B3 B5 14 D2 CC C0 CC C0 14 D2
00011180  B3 B5 DC E7 E0 B1 00 00 B3 B5 24 18 CC C0 EC 2D
00011190  14 D2 34 3F DC E7 4D 4A 00 00 20 4E 24 18 4D 4A
000111A0  EC 2D 34 3F 34 3F EC 2D 4D 4A 24 18 20 4E 00 00
000111B0  4D 4A DC E7 34 3F 14 D2 EC 2D CC C0 24 18 B3 B5
000111C0  00 00 E0 B1 DC E7 B3 B5 14 D2 CC C0 CC C0 14 D2
000111D0  B3 B5 DC E7 E0 B1 00 00 B3 B5 24 18 CC C0 EC 2D
000111E0  14 D2 34 3F DC E7 4D 4A 00 00 20 4E 24 18 4D 4A
000111F0  EC 2D 34 3F 34 3F EC 2D 4D 4A 24 18 20 4E 00 00
00011200  4D 4A DC E7 34 3F 14 D2 EC 2D CC C0 24 18 B3 B5
00011210  00 00 E0 B1 DC E7 B3 B5 14 D2 CC C0 CC C0 14 D2
00011220  B3 B5 DC E7 E0 B1 00 00 B3 B5 24 18 CC C0 EC 2D
00011230  14 D2 34 3F DC E7 4D 4A 00 00 20 4E 24 18 4D 4A
00011240  EC 2D 34 3F 34 3F EC 2D 4D 4A 24 18 20 4E 00 00
00011250  4D 4A DC E7 34 3F 14 D2 EC 2D CC C0 24 18 B3 B5
00011260  00 00 E0 B1 DC E7 B3 B5 14 D2 CC C0 CC C0 14 D2
00011270  B3 B5 DC E7 E0 B1 00 00 B3 B5 24 18 CC C0 EC 2D
00011280  14 D2 34 3F DC E7 4D 4A 00 00 20 4E 24 18 4D 4A
00011290  EC 2D 34 3F 34 3F EC 2D 4D 4A 24 18 20 4E 00 00
000112A0  4D 4A DC E7 34 3F 14 D2 EC 2D CC C0 24 18 B3 B5
000112B0  00 00 E0 B1 DC E7 B3 B5 14 D2 CC C0 CC C0 14 D2
000112C0  B3 B5 DC E7 E0 B1 00 00 B3 B5 24 18 CC C0 EC 2D
000112D0  14 D2 34 3F DC E7 4D 4A 00 00 20 4E 24 18 4D 4A
000112E0  EC 2D 34 3F 34 3F EC 2D 4D 4A 24 18 20 4E 00 00
000112F0  4D 4A DC E7 34 3F 14 D2 EC 2D CC C0 24 18 B3 B5
00011300  00 00 E0 B1 DC E7 B3 B5 14 D2 CC C0 CC C0 14 D2
00011310  B3 B5 DC E7 E0 B1 00 00 B3 B5 24 18 CC C0 EC 2D
00011320  14 D2 34 3F DC E7 4D 4A 00 00 20 4E 24 18 4D 4A
00011330  EC 2D 34 3F 34 3F EC 2D 4D 4A 24 18 20 4E 00 00
00011340  4D 4A DC E7 34 3F 14 D2 EC 2D CC C0 24 18 B3 B5
00011350  00 00 E0 B1 DC E7 B3 B5 14 D2 CC C0 CC C0 14 D2
00011360  B3 B5 DC E7 E0 B1 00 00 B3 B5 24 18 CC C0 EC 2D
00011370  14 D2 34 3F DC E7 4D 4A 00 00 20 4E 24 18 4D 4A
00011380  EC 2D 34 3F 34 3F EC 2D 4D 4A 24 18 20 4E 00 00
00011390  4D 4A DC E7 34 3F 14 D2 EC 2D CC C0 24 18 B3 B5
000113A0  00 00 E0 B1 DC E7 B3 B5 14 D2 CC C0 CC C0 14 D2
000113B0  B3 B5 DC E7 E0 B1 00 00 B3 B5 24 18 CC C0 EC 2D
000113C0  14 D2 34 3F DC E7 4D 4A 00 00 20 4E 24 18 4D 4A
000113D0  EC 2D 34 3F 34 3F EC 2D 4D 4A 24 18 20 4E 00 00
000113E0  4D 4A DC E7 34 3F 14 D2 EC 2D CC C0 24 18 B3 B5
000113F0  00 00 E0 B1 DC E7 B3 B5 14 D2 CC C0 CC C0 14 D2
00011400  B3 B5 DC E7 E0 B1 00 00 B3 B5 24 18 CC C0 EC 2D
00011410  14 D2 34 3F DC E7 4D 4A 00 00 20 4E 24 18 4D 4A
00011420  EC 2D 34 3F 34 3F EC 2D 4D 4A 24 18 20 4E 00 00
00011430  4D 4A DC E7 34 3F 14 D2 EC 2D CC C0 24 18 B3 B5
00011440  00 00 E0 B1 DC E7 B3 B5 14 D2 CC C0 CC C0 14 D2
00011450  B3 B5 DC E7 E0 B1 00 00 B3 B5 24 18 CC C0 EC 2D
00011460  14 D2 34 3F DC E7 4D 4A 00 00 20 4E 24 18 4D 4A
00011470  EC 2D 34 3F 34 3F EC 2D 4D 4A 24 18 20 4E 00 00
00011480  4D 4A DC E7 34 3F 14 D2 EC 2D CC C0 24 18 B3 B5
00011490  00 00 E0 B1 DC E7 B3 B5 14 D2 CC C0 CC C0 14 D2
000114A0  B3 B5 DC E7 E0 B1 00 00 B3 B5 24 18 CC C0 EC 2D
000114B0  14 D2 34 3F DC E7 4D 4A 00 00 20 4E 24 18 4D 4A
000114C0  EC 2D 34 3F 34 3F EC 2D 4D 4A 24 18 20 4E 00 00
000114D0  4D 4A DC E7 34 3F 14 D2 EC 2D CC C0 24 18 B3 B5
000114E0  00 00 E0 B1 DC E7 B3 B5 14 D2 CC C0 CC C0 14 D2
000114F0  B3 B5 DC E7 E0 B1 00 00 B3 B5 24 18 CC C0 EC 2D
00011500  14 D2 34 3F DC E7 4D 4A 00 00 20 4E 24 18 4D 4A
00011510  EC 2D 34 3F 34 3F EC 2D 4D 4A 24 18 20 4E 00 00
00011520  4D 4A DC E7 34 3F 14 D2 EC 2D CC C0 24 18 B3 B5
00011530  00 00 E0 B1 DC E7 B3 B5 14 D2 CC C0 CC C0 14 D2
00011540  B3 B5 DC E7 E0 B1 00 00 B3 B5 24 18 CC C0 EC 2D
00011550  14 D2 34 3F DC E7 4D 4A 00 00 20 4E 24 18 4D 4A
00011560  EC 2D 34 3F 34 3F EC 2D 4D 4A 24 18 20 4E 00 00
00011570  4D 4A DC E7 34 3F 14 D2 EC 2D CC C0 24 18 B3 B5
00011580  00 00 E0 B1 DC E7 B3 B5 14 D2 CC C0 CC C0 14 D2
00011590  B3 B5 DC E7 E0 B1 00 00 B3 B5 24 18 CC C0 EC 2D
000115A0  14 D2 34 3F DC E7 4D 4A 00 00 20 4E 24 18 4D 4A
000115B0  EC 2D 34 3F 34 3F EC 2D 4D 4A 24 18 20 4E 00 00
000115C0  4D 4A DC E7 34 3F 14 D2 EC 2D CC C0 24 18 B3 B5
000115D0  00 00 E0 B1 DC E7 B3 B5 14 D2 CC C0 CC C0 14 D2
000115E0  B3 B5 DC E7 E0 B1 00 00 B3 B5 24 18 CC C0 EC 2D
000115F0  14 D2 34 3F DC E7 4D 4A 00 00 20 4E 24 18 4D 4A
00011600  EC 2D 34 3F 34 3F EC 2D 4D 4A 24 18 20 4E 00 00
00011610  4D 4A DC E7 34 3F 14 D2 EC 2D CC C0 24 18 B3 B5
00011620  00 00 E0 B1 DC E7 B3 B5 14 D2 CC C0 CC C0 14 D2
00011630  B3 B5 DC E7 E0 B1 00 00 B3 B5 24 18 CC C0 EC 2D
00011640  14 D2 34 3F DC E7 4D 4A 00 00 20 4E 24 18 4D 4A
00011650  EC 2D 34 3F 34 3F EC 2D 4D 4A 24 18 20 4E 00 00
00011660  4D 4A DC E7 34 3F 14 D2 EC 2D CC C0 24 18 B3 B5
00011670  00 00 E0 B1 DC E7 B3 B5 14 D2 CC C0 CC C0 14 D2
00011680  B3 B5 DC E7 E0 B1 00 00 B3 B5 24 18 CC C0 EC 2D
00011690  14 D2 34 3F DC E7 4D 4A 00 00 20 4E 24 18 4D 4A
000116A0  EC 2D 34 3F 34 3F EC 2D 4D 4A 24 18 20 4E 00 00
000116B0  4D 4A DC E7 34 3F 14 D2 EC 2D CC C0 24 18 B3 B5
000116C0  00 00 E0 B1 DC E7 B3 B5 14 D2 CC C0 CC C0 14 D2
000116D0  B3 B5 DC E7 E0 B1 00 00 B3 B5 24 18 CC C0 EC 2D
000116E0  14 D2 34 3F DC E7 4D 4A 00 00 20 4E 24 18 4D 4A
000116F0  EC 2D 34 3F 34 3F EC 2D 4D 4A 24 18 20 4E 00 00
00011700  4D 4A DC E7 34 3F 14 D2 EC 2D CC C0 24 18 B3 B5
00011710  00 00 E0 B1 DC E7 B3 B5 14 D2 CC C0 CC C0 14 D2
00011720  B3 B5 DC E7 E0 B1 00 00 B3 B5 24 18 CC C0 EC 2D
00011730  14 D2 34 3F DC E7 4D 4A 00 00 20 4E 24 18 4D 4A
00011740  EC 2D 34 3F 34 3F EC 2D 4D 4A 24 18 20 4E 00 00
00011750  4D 4A DC E7 34 3F 14 D2 EC 2D CC C0 24 18 B3 B5
00011760  00 00 E0 B1 DC E7 B3 B5 14 D2 CC C0 CC C0 14 D2
00011770  B3 B5 DC E7 E0 B1 00 00 B3 B5 24 18 CC C0 EC 2D
00011780  14 D2 34 3F DC E7 4D 4A 00 00 20 4E 24 18 4D 4A
00011790  EC 2D 34 3F 34 3F EC 2D 4D 4A 24 18 20 4E 00 00
000117A0  4D 4A DC E7 34 3F 14 D2 EC 2D CC C0 24 18 B3 B5
000117B0  00 00 E0 B1 DC E7 B3 B5 14 D2 CC C0 CC C0 14 D2
000117C0  B3 B5 DC E7 E0 B1 00 00 B3 B5 24 18 CC C0 EC 2D
000117D0  14 D2 34 3F DC E7 4D 4A 00 00 20 4E 24 18 4D 4A
000117E0  EC 2D 34 3F 34 3F EC 2D 4D 4A 24 18 20 4E 00 00
000117F0  4D 4A DC E7 34 3F 14 D2 EC 2D CC C0 24 18 B3 B5
00011800  00 00 E0 B1 DC E7 B3 B5 14 D2 CC C0 CC C0 14 D2
00011810  B3 B5 DC E7 E0 B1 00 00 B3 B5 24 18 CC C0 EC 2D
00011820  14 D2 34 3F DC E7 4D 4A 00 00 20 4E 24 18 4D 4A
00011830  EC 2D 34 3F 34 3F EC 2D 4D 4A 24 18 20 4E 00 00
00011840  4D 4A DC E7 34 3F 14 D2 EC 2D CC C0 24 18 B3 B5
00011850  00 00 E0 B1 DC E7 B3 B5 14 D2 CC C0 CC C0 14 D2
00011860  B3 B5 DC E7 E0 B1 00 00 B3 B5 24 18 CC C0 EC 2D
00011870  14 D2 34 3F DC E7 4D 4A 00 00 20 4E 24 18 4D 4A
00011880  EC 2D 34 3F 34 3F EC 2D 4D 4A 24 18 20 4E 00 00
00011890  4D 4A DC E7 34 3F 14 D2 EC 2D CC C0 24 18 B3 B5
000118A0  00 00 E0 B1 DC E7 B3 B5 14 D2 CC C0 CC C0 14 D2
000118B0  B3 B5 DC E7 E0 B1 00 00 B3 B5 24 18 CC C0 EC 2D
000118C0  14 D2 34 3F DC E7 4D 4A 00 00 20 4E 24 18 4D 4A
000118D0  EC 2D 34 3F 34 3F EC 2D 4D 4A 24 18 20 4E 00 00
000118E0  4D 4A DC E7 34 3F 14 D2 EC 2D CC C0 24 18 B3 B5
000118F0  00 00 E0 B1 DC E7 B3 B5 14 D2 CC C0 CC C0 14 D2
00011900  B3 B5 DC E7 E0 B1 00 00 B3 B5 24 18 CC C0 EC 2D
00011910  14 D2 34 3F DC E7 4D 4A 00 00 20 4E 24 18 4D 4A
00011920  EC 2D 34 3F 34 3F EC 2D 4D 4A 24 18 20 4E 00 00
00011930  4D 4A DC E7 34 3F 14 D2 EC 2D CC C0 24 18 B3 B5
00011940  00 00 E0 B1 DC E7 B3 B5 14 D2 CC C0 CC C0 14 D2
00011950  B3 B5 DC E7 E0 B1 00 00 B3 B5 24 18 CC C0 EC 2D
00011960  14 D2 34 3F DC E7 4D 4A 00 00 20 4E 24 18 4D 4A
00011970  EC 2D 34 3F 34 3F EC 2D 4D 4A 24 18 20 4E 00 00
00011980  4D 4A DC E7 34 3F 14 D2 EC 2D CC C0 24 18 B3 B5
00011990  00 00 E0 B1 DC E7 B3 B5 14 D2 CC C0 CC C0 14 D2
000119A0  B3 B5 DC E7 E0 B1 00 00 B3 B5 24 18 CC C0 EC 2D
000119B0  14 D2 34 3F DC E7 4D 4A 00 00 20 4E 24 18 4D 4A
000119C0  EC 2D 34 3F 34 3F EC 2D 4D 4A 24 18 20 4E 00 00
000119D0  4D 4A DC E7 34 3F 14 D2 EC 2D CC C0 24 18 B3 B5
000119E0  00 00 E0 B1 DC E7 B3 B5 14 D2 CC C0 CC C0 14 D2
000119F0  B3 B5 DC E7 E0 B1 00 00 B3 B5 24 18 CC C0 EC 2D
00011A00  14 D2 34 3F DC E7 4D 4A 00 00 20 4E 24 18 4D 4A
00011A10  EC 2D 34 3F 34 3F EC 2D 4D 4A 24 18 20 4E 00 00
00011A20  4D 4A DC E7 34 3F 14 D2 EC 2D CC C0 24 18 B3 B5
00011A30  00 00 E0 B1 DC E7 B3 B5 14 D2 CC C0 CC C0 14 D2
00011A40  B3 B5 DC E7 E0 B1 00 00 B3 B5 24 18 CC C0 EC 2D
00011A50  14 D2 34 3F DC E7 4D 4A 00 00 20 4E 24 18 4D 4A
00011A60  EC 2D 34 3F 34 3F EC 2D 4D 4A 24 18 20 4E 00 00
00011A70  4D 4A DC E7 34 3F 14 D2 EC 2D CC C0 24 18 B3 B5
00011A80  00 00 E0 B1 DC E7 B3 B5 14 D2 CC C0 CC C0 14 D2
00011A90  B3 B5 DC E7 E0 B1 00 00 B3 B5 24 18 CC C0 EC 2D
00011AA0  14 D2 34 3F DC E7 4D 4A 00 00 20 4E 24 18 4D 4A
00011AB0  EC 2D 34 3F 34 3F EC 2D 4D 4A 24 18 20 4E 00 00
00011AC0  4D 4A DC E7 34 3F 14 D2 EC 2D CC C0 24 18 B3 B5
00011AD0  00 00 E0 B1 DC E7 B3 B5 14 D2 CC C0 CC C0 14 D2
00011AE0  B3 B5 DC E7 E0 B1 00 00 B3 B5 24 18 CC C0 EC 2D
00011AF0  14 D2 34 3F DC E7 4D 4A 00 00 20 4E 24 18 4D 4A
00011B00  EC 2D 34 3F 34 3F EC 2D 4D 4A 24 18 20 4E 00 00
00011B10  4D 4A DC E7 34 3F 14 D2 EC 2D CC C0 24 18 B3 B5
00011B20  00 00 E0 B1 DC E7 B3 B5 14 D2 CC C0 CC C0 14 D2
00011B30  B3 B5 DC E7 E0 B1 00 00 B3 B5 24 18 CC C0 EC 2D
00011B40  14 D2 34 3F DC E7 4D 4A 00 00 20 4E 24 18 4D 4A
00011B50  EC 2D 34 3F 34 3F EC 2D 4D 4A 24 18 20 4E 00 00
00011B60  4D 4A DC E7 34 3F 14 D2 EC 2D CC C0 24 18 B3 B5
00011B70  00 00 E0 B1 DC E7 B3 B5 14 D2 CC C0 CC C0 14 D2
00011B80  B3 B5 DC E7 E0 B1 00 00 B3 B5 24 18 CC C0 EC 2D
00011B90  14 D2 34 3F DC E7 4D 4A 00 00 20 4E 24 18 4D 4A
00011BA0  EC 2D 34 3F 34 3F EC 2D 4D 4A 24 18 20 4E 00 00
00011BB0  4D 4A DC E7 34 3F 14 D2 EC 2D CC C0 24 18 B3 B5
00011BC0  00 00 E0 B1 DC E7 B3 B5 14 D2 CC C0 CC C0 14 D2
00011BD0  B3 B5 DC E7 E0 B1 00 00 B3 B5 24 18 CC C0 EC 2D
00011BE0  14 D2 34 3F DC E7 4D 4A 00 00 20 4E 24 18 4D 4A
00011BF0  EC 2D 34 3F 34 3F EC 2D 4D 4A 24 18 20 4E 00 00
00011C00  4D 4A DC E7 34 3F 14 D2 EC 2D CC C0 24 18 B3 B5
00011C10  00 00 E0 B1 DC E7 B3 B5 14 D2 CC C0 CC C0 14 D2
00011C20  B3 B5 DC E7 E0 B1 00 00 B3 B5 24 18 CC C0 EC 2D
00011C30  14 D2 34 3F DC E7 4D 4A 00 00 20 4E 24 18 4D 4A
00011C40  EC 2D 34 3F 34 3F EC 2D 4D 4A 24 18 20 4E 00 00
00011C50  4D 4A DC E7 34 3F 14 D2 EC 2D CC C0 24 18 B3 B5
00011C60  00 00 E0 B1 DC E7 B3 B5 14 D2 CC C0 CC C0 14 D2
00011C70  B3 B5 DC E7 E0 B1 00 00 B3 B5 24 18 CC C0 EC 2D
00011C80  14 D2 34 3F DC E7 4D 4A 00 00 20 4E 24 18 4D 4A
00011C90  EC 2D 34 3F 34 3F EC 2D 4D 4A 24 18 20 4E 00 00
00011CA0  4D 4A DC E7 34 3F 14 D2 EC 2D CC C0 24 18 B3 B5
00011CB0  00 00 E0 B1 DC E7 B3 B5 14 D2 CC C0 CC C0 14 D2
00011CC0  B3 B5 DC E7 E0 B1 00 00 B3 B5 24 18 CC C0 EC 2D
00011CD0  14 D2 34 3F DC E7 4D 4A 00 00 20 4E 24 18 4D 4A
00011CE0  EC 2D 34 3F 34 3F EC 2D 4D 4A 24 18 20 4E 00 00
00011CF0  4D 4A DC E7 34 3F 14 D2 EC 2D CC C0 24 18 B3 B5
00011D00  00 00 E0 B1 DC E7 B3 B5 14 D2 CC C0 CC C0 14 D2
00011D10  B3 B5 DC E7 E0 B1 00 00 B3 B5 24 18 CC C0 EC 2D
00011D20  14 D2 34 3F DC E7 4D 4A 00 00 20 4E 24 18 4D 4A
00011D30  EC 2D 34 3F 34 3F EC 2D 4D 4A 24 18 20 4E 00 00
00011D40  4D 4A DC E7 34 3F 14 D2 EC 2D CC C0 24 18 B3 B5
00011D50  00 00 E0 B1 DC E7 B3 B5 14 D2 CC C0 CC C0 14 D2
00011D60  B3 B5 DC E7 E0 B1 00 00 B3 B5 24 18 CC C0 EC 2D
00011D70  14 D2 34 3F DC E7 4D 4A 00 00 20 4E 24 18 4D 4A
00011D80  EC 2D 34 3F 34 3F EC 2D 4D 4A 24 18 20 4E 00 00
00011D90  4D 4A DC E7 34 3F 14 D2 EC 2D CC C0 24 18 B3 B5
00011DA0  00 00 E0 B1 DC E7 B3 B5 14 D2 CC C0 CC C0 14 D2
00011DB0  B3 B5 DC E7 E0 B1 00 00 B3 B5 24 18 CC C0 EC 2D
00011DC0  14 D2 34 3F DC E7 4D 4A 00 00 20 4E 24 18 4D 4A
00011DD0  EC 2D 34 3F 34 3F EC 2D 4D 4A 24 18 20 4E 00 00
00011DE0  4D 4A DC E7 34 3F 14 D2 EC 2D CC C0 24 18 B3 B5
00011DF0  00 00 E0 B1 DC E7 B3 B5 14 D2 CC C0 CC C0 14 D2
00011E00  B3 B5 DC E7 E0 B1 00 00 B3 B5 24 18 CC C0 EC 2D
00011E10  14 D2 34 3F DC E7 4D 4A 00 00 20 4E 24 18 4D 4A
00011E20  EC 2D 34 3F 34 3F EC 2D 4D 4A 24 18 20 4E 00 00
00011E30  4D 4A DC E7 34 3F 14 D2 EC 2D CC C0 24 18 B3 B5
00011E40  00 00 E0 B1 DC E7 B3 B5 14 D2 CC C0 CC C0 14 D2
00011E50  B3 B5 DC E7 E0 B1 00 00 B3 B5 24 18 CC C0 EC 2D
00011E60  14 D2 34 3F DC E7 4D 4A 00 00 20 4E 24 18 4D 4A
00011E70  EC 2D 34 3F 34 3F EC 2D 4D 4A 24 18 20 4E 00 00
00011E80  4D 4A DC E7 34 3F 14 D2 EC 2D CC C0 24 18 B3 B5
00011E90  00 00 E0 B1 DC E7 B3 B5 14 D2 CC C0 CC C0 14 D2
00011EA0  B3 B5 DC E7 E0 B1 00 00 B3 B5 24 18 CC C0 EC 2D
00011EB0  14 D2 34 3F DC E7 4D 4A 00 00 20 4E 24 18 4D 4A
00011EC0  EC 2D 34 3F 34 3F EC 2D 4D 4A 24 18 20 4E 00 00
00011ED0  4D 4A DC E7 34 3F 14 D2 EC 2D CC C0 24 18 B3 B5
00011EE0  00 00 E0 B1 DC E7 B3 B5 14 D2 CC C0 CC C0 14 D2
00011EF0  B3 B5 DC E7 E0 B1 00 00 B3 B5 24 18 CC C0 EC 2D
00011F00  14 D2 34 3F DC E7 4D 4A 00 00 20 4E 24 18 4D 4A
00011F10  EC 2D 34 3F 34 3F EC 2D 4D 4A 24 18 20 4E 00 00
00011F20  4D 4A DC E7 34 3F 14 D2 EC 2D CC C0 24 18 B3 B5
00011F30  00 00 E0 B1 DC E7 B3 B5 14 D2 CC C0 CC C0 14 D2
00011F40  B3 B5 DC E7 E0 B1 00 00 B3 B5 24 18 CC C0 EC 2D
00011F50  14 D2 34 3F DC E7 4D 4A 00 00 20 4E 24 18 4D 4A
00011F60  EC 2D 34 3F 34 3F EC 2D 4D 4A 24 18 20 4E 00 00
00011F70  4D 4A DC E7 34 3F 14 D2 EC 2D CC C0 24 18 B3 B5
00011F80  00 00 E0 B1 DC E7 B3 B5 14 D2 CC C0 CC C0 14 D2
00011F90  B3 B5 DC E7 E0 B1 00 00 B3 B5 24 18 CC C0 EC 2D
00011FA0  14 D2 34 3F DC E7 4D 4A 00 00 20 4E 24 18 4D 4A
00011FB0  EC 2D 34 3F 34 3F EC 2D 4D 4A 24 18 20 4E 00 00
00011FC0  4D 4A DC E7 34 3F 14 D2 EC 2D CC C0 24 18 B3 B5
00011FD0  00 00 E0 B1 DC E7 B3 B5 14 D2 CC C0 CC C0 14 D2
00011FE0  B3 B5 DC E7 E0 B1 00 00 B3 B5 24 18 CC C0 EC 2D
00011FF0  14 D2 34 3F DC E7 4D 4A 00 00 20 4E 24 18 4D 4A
00012000  EC 2D 34 3F 34 3F EC 2D 4D 4A 24 18 20 4E 00 00
00012010  4D 4A DC E7 34 3F 14 D2 EC 2D CC C0 24 18 B3 B5
00012020  00 00 E0 B1 DC E7 B3 B5 14 D2 CC C0 CC C0 14 D2
00012030  B3 B5 DC E7 E0 B1 00 00 B3 B5 24 18 CC C0 EC 2D
00012040  14 D2 34 3F DC E7 4D 4A 00 00 20 4E 24 18 4D 4A
00012050  EC 2D 34 3F 34 3F EC 2D 4D 4A 24 18 20 4E 00 00
00012060  4D 4A DC E7 34 3F 14 D2 EC 2D CC C0 24 18 B3 B5
00012070  00 00 E0 B1 DC E7 B3 B5 14 D2 CC C0 CC C0 14 D2
00012080  B3 B5 DC E7 E0 B1 00 00 B3 B5 24 18 CC C0 EC 2D
00012090  14 D2 34 3F DC E7 4D 4A 00 00 20 4E 24 18 4D 4A
000120A0  EC 2D 34 3F 34 3F EC 2D 4D 4A 24 18 20 4E 00 00
000120B0  4D 4A DC E7 34 3F 14 D2 EC 2D CC C0 24 18 B3 B5
000120C0  00 00 E0 B1 DC E7 B3 B5 14 D2 CC C0 CC C0 14 D2
000120D0  B3 B5 DC E7 E0 B1 00 00 B3 B5 24 18 CC C0 EC 2D
000120E0  14 D2 34 3F DC E7 4D 4A 00 00 20 4E 24 18 4D 4A
000120F0  EC 2D 34 3F 34 3F EC 2D 4D 4A 24 18 20 4E 00 00
00012100  4D 4A DC E7 34 3F 14 D2 EC 2D CC C0 24 18 B3 B5
00012110  00 00 E0 B1 DC E7 B3 B5 14 D2 CC C0 CC C0 14 D2
00012120  B3 B5 DC E7 E0 B1 00 00 B3 B5 24 18 CC C0 EC 2D
00012130  14 D2 34 3F DC E7 4D 4A 00 00 20 4E 24 18 4D 4A
00012140  EC 2D 34 3F 34 3F EC 2D 4D 4A 24 18 20 4E 00 00
00012150  4D 4A DC E7 34 3F 14 D2 EC 2D CC C0 24 18 B3 B5
00012160  00 00 E0 B1 DC E7 B3 B5 14 D2 CC C0 CC C0 14 D2
00012170  B3 B5 DC E7 E0 B1 00 00 B3 B5 24 18 CC C0 EC 2D
00012180  14 D2 34 3F DC E7 4D 4A 00 00 20 4E 24 18 4D 4A
00012190  EC 2D 34 3F 34 3F EC 2D 4D 4A 24 18 20 4E 00 00
000121A0  4D 4A DC E7 34 3F 14 D2 EC 2D CC C0 24 18 B3 B5
000121B0  00 00 E0 B1 DC E7 B3 B5 14 D2 CC C0 CC C0 14 D2
000121C0  B3 B5 DC E7 E0 B1 00 00 B3 B5 24 18 CC C0 EC 2D
000121D0  14 D2 34 3F DC E7 4D 4A 00 00 20 4E 24 18 4D 4A
000121E0  EC 2D 34 3F 34 3F EC 2D 4D 4A 24 18 20 4E 00 00
000121F0  4D 4A DC E7 34 3F 14 D2 EC 2D CC C0 24 18 B3 B5
00012200  00 00 E0 B1 DC E7 B3 B5 14 D2 CC C0 CC C0 14 D2
00012210  B3 B5 DC E7 E0 B1 00 00 B3 B5 24 18 CC C0 EC 2D
00012220  14 D2 34 3F DC E7 4D 4A 00 00 20 4E 24 18 4D 4A
00012230  EC 2D 34 3F 34 3F EC 2D 4D 4A 24 18 20 4E 00 00
00012240  4D 4A DC E7 34 3F 14 D2 EC 2D CC C0 24 18 B3 B5
00012250  00 00 E0 B1 DC E7 B3 B5 14 D2 CC C0 CC C0 14 D2
00012260  B3 B5 DC E7 E0 B1 00 00 B3 B5 24 18 CC C0 EC 2D
00012270  14 D2 34 3F DC E7 4D 4A 00 00 20 4E 24 18 4D 4A
00012280  EC 2D 34 3F 34 3F EC 2D 4D 4A 24 18 20 4E 00 00
00012290  4D 4A DC E7 34 3F 14 D2 EC 2D CC C0 24 18 B3 B5
000122A0  00 00 E0 B1 DC E7 B3 B5 14 D2 CC C0 CC C0 14 D2
000122B0  B3 B5 DC E7 E0 B1 00 00 B3 B5 24 18 CC C0 EC 2D
000122C0  14 D2 34 3F DC E7 4D 4A 00 00 20 4E 24 18 4D 4A
000122D0  EC 2D 34 3F 34 3F EC 2D 4D 4A 24 18 20 4E 00 00
000122E0  4D 4A DC E7 34 3F 14 D2 EC 2D CC C0 24 18 B3 B5
000122F0  00 00 E0 B1 DC E7 B3 B5 14 D2 CC C0 CC C0 14 D2
00012300  B3 B5 DC E7 E0 B1 00 00 B3 B5 24 18 CC C0 EC 2D
00012310  14 D2 34 3F DC E7 4D 4A 00 00 20 4E 24 18 4D 4A
00012320  EC 2D 34 3F 34 3F EC 2D 4D 4A 24 18 20 4E 00 00
00012330  4D 4A DC E7 34 3F 14 D2 EC 2D CC C0 24 18 B3 B5
00012340  00 00 E0 B1 DC E7 B3 B5 14 D2 CC C0 CC C0 14 D2
00012350  B3 B5 DC E7 E0 B1 00 00 B3 B5 24 18 CC C0 EC 2D
00012360  14 D2 34 3F DC E7 4D 4A 00 00 20 4E 24 18 4D 4A
00012370  EC 2D 34 3F 34 3F EC 2D 4D 4A 24 18 20 4E 00 00
00012380  4D 4A DC E7 34 3F 14 D2 EC 2D CC C0 24 18 B3 B5
00012390  00 00 E0 B1 DC E7 B3 B5 14 D2 CC C0 CC C0 14 D2
000123A0  B3 B5 DC E7 E0 B1 00 00 B3 B5 24 18 CC C0 EC 2D
000123B0  14 D2 34 3F DC E7 4D 4A 00 00 20 4E 24 18 4D 4A
000123C0  EC 2D 34 3F 34 3F EC 2D 4D 4A 24 18 20 4E 00 00
000123D0  4D 4A DC E7 34 3F 14 D2 EC 2D CC C0 24 18 B3 B5
000123E0  00 00 E0 B1 DC E7 B3 B5 14 D2 CC C0 CC C0 14 D2
000123F0  B3 B5 DC E7 E0 B1 00 00 B3 B5 24 18 CC C0 EC 2D
00012400  14 D2 34 3F DC E7 4D 4A 00 00 20 4E 24 18 4D 4A
00012410  EC 2D 34 3F 34 3F EC 2D 4D 4A 24 18 20 4E 00 00
00012420  4D 4A DC E7 34 3F 14 D2 EC 2D CC C0 24 18 B3 B5
00012430  00 00 E0 B1 DC E7 B3 B5 14 D2 CC C0 CC C0 14 D2
00012440  B3 B5 DC E7 E0 B1 00 00 B3 B5 24 18 CC C0 EC 2D
00012450  14 D2 34 3F DC E7 4D 4A 00 00 20 4E 24 18 4D 4A
00012460  EC 2D 34 3F 34 3F EC 2D 4D 4A 24 18 20 4E 00 00
00012470  4D 4A DC E7 34 3F 14 D2 EC 2D CC C0 24 18 B3 B5
00012480  00 00 E0 B1 DC E7 B3 B5 14 D2 CC C0 CC C0 14 D2
00012490  B3 B5 DC E7 E0 B1 00 00 B3 B5 24 18 CC C0 EC 2D
000124A0  14 D2 34 3F DC E7 4D 4A 00 00 20 4E 24 18 4D 4A
000124B0  EC 2D 34 3F 34 3F EC 2D 4D 4A 24 18 20 4E 00 00
000124C0  4D 4A DC E7 34 3F 14 D2 EC 2D CC C0 24 18 B3 B5
000124D0  00 00 E0 B1 DC E7 B3 B5 14 D2 CC C0 CC C0 14 D2
000124E0  B3 B5 DC E7 E0 B1 00 00 B3 B5 24 18 CC C0 EC 2D
000124F0  14 D2 34 3F DC E7 4D 4A 00 00 20 4E 24 18 4D 4A
00012500  EC 2D 34 3F 34 3F EC 2D 4D 4A 24 18 20 4E 00 00
00012510  4D 4A DC E7 34 3F 14 D2 EC 2D CC C0 24 18 B3 B5
00012520  00 00 E0 B1 DC E7 B3 B5 14 D2 CC C0 CC C0 14 D2
00012530  B3 B5 DC E7 E0 B1 00 00 B3 B5 24 18 CC C0 EC 2D
00012540  14 D2 34 3F DC E7 4D 4A 00 00 20 4E 24 18 4D 4A
00012550  EC 2D 34 3F 34 3F EC 2D 4D 4A 24 18 20 4E 00 00
00012560  4D 4A DC E7 34 3F 14 D2 EC 2D CC C0 24 18 B3 B5
00012570  00 00 E0 B1 DC E7 B3 B5 14 D2 CC C0 CC C0 14 D2
00012580  B3 B5 DC E7 E0 B1 00 00 B3 B5 24 18 CC C0 EC 2D
00012590  14 D2 34 3F DC E7 4D 4A 00 00 20 4E 24 18 4D 4A
000125A0  EC 2D 34 3F 34 3F EC 2D 4D 4A 24 18 20 4E 00 00
000125B0  4D 4A DC E7 34 3F 14 D2 EC 2D CC C0 24 18 B3 B5
000125C0  00 00 E0 B1 DC E7 B3 B5 14 D2 CC C0 CC C0 14 D2
000125D0  B3 B5 DC E7 E0 B1 00 00 B3 B5 24 18 CC C0 EC 2D
000125E0  14 D2 34 3F DC E7 4D 4A 00 00 20 4E 24 18 4D 4A
000125F0  EC 2D 34 3F 34 3F EC 2D 4D 4A 24 18 20 4E 00 00
00012600  4D 4A DC E7 34 3F 14 D2 EC 2D CC C0 24 18 B3 B5
00012610  00 00 E0 B1 DC E7 B3 B5 14 D2 CC C0 CC C0 14 D2
00012620  B3 B5 DC E7 E0 B1 00 00 B3 B5 24 18 CC C0 EC 2D
00012630  14 D2 34 3F DC E7 4D 4A 00 00 20 4E 24 18 4D 4A
00012640  EC 2D 34 3F 34 3F EC 2D 4D 4A 24 18 20 4E 00 00
00012650  4D 4A DC E7 34 3F 14 D2 EC 2D CC C0 24 18 B3 B5
00012660  00 00 E0 B1 DC E7 B3 B5 14 D2 CC C0 CC C0 14 D2
00012670  B3 B5 DC E7 E0 B1 00 00 B3 B5 24 18 CC C0 EC 2D
00012680  14 D2 34 3F DC E7 4D 4A 00 00 20 4E 24 18 4D 4A
00012690  EC 2D 34 3F 34 3F EC 2D 4D 4A 24 18 20 4E 00 00
000126A0  4D 4A DC E7 34 3F 14 D2 EC 2D CC C0 24 18 B3 B5
000126B0  00 00 E0 B1 DC E7 B3 B5 14 D2 CC C0 CC C0 14 D2
000126C0  B3 B5 DC E7 E0 B1 00 00 B3 B5 24 18 CC C0 EC 2D
000126D0  14 D2 34 3F DC E7 4D 4A 00 00 20 4E 24 18 4D 4A
000126E0  EC 2D 34 3F 34 3F EC 2D 4D 4A 24 18 20 4E 00 00
000126F0  4D 4A DC E7 34 3F 14 D2 EC 2D CC C0 24 18 B3 B5
00012700  00 00 E0 B1 DC E7 B3 B5 14 D2 CC C0 CC C0 14 D2
00012710  B3 B5 DC E7 E0 B1 00 00 B3 B5 24 18 CC C0 EC 2D
00012720  14 D2 34 3F DC E7 4D 4A 00 00 20 4E 24 18 4D 4A
00012730  EC 2D 34 3F 34 3F EC 2D 4D 4A 24 18 20 4E 00 00
00012740  4D 4A DC E7 34 3F 14 D2 EC 2D CC C0 24 18 B3 B5
00012750  00 00 E0 B1 DC E7 B3 B5 14 D2 CC C0 CC C0 14 D2
00012760  B3 B5 DC E7 E0 B1 00 00 B3 B5 24 18 CC C0 EC 2D
00012770  14 D2 34 3F DC E7 4D 4A 00 00 20 4E 24 18 4D 4A
00012780  EC 2D 34 3F 34 3F EC 2D 4D 4A 24 18 20 4E 00 00
00012790  4D 4A DC E7 34 3F 14 D2 EC 2D CC C0 24 18 B3 B5
000127A0  00 00 E0 B1 DC E7 B3 B5 14 D2 CC C0 CC C0 14 D2
000127B0  B3 B5 DC E7 E0 B1 00 00 B3 B5 24 18 CC C0 EC 2D
000127C0  14 D2 34 3F DC E7 4D 4A 00 00 20 4E 24 18 4D 4A
000127D0  EC 2D 34 3F 34 3F EC 2D 4D 4A 24 18 20 4E 00 00
000127E0  4D 4A DC E7 34 3F 14 D2 EC 2D CC C0 24 18 B3 B5
000127F0  00 00 E0 B1 DC E7 B3 B5 14 D2 CC C0 CC C0 14 D2
00012800  B3 B5 DC E7 E0 B1 00 00 B3 B5 24 18 CC C0 EC 2D
00012810  14 D2 34 3F DC E7 4D 4A 00 00 20 4E 24 18 4D 4A
00012820  EC 2D 34 3F 34 3F EC 2D 4D 4A 24 18 20 4E 00 00
00012830  4D 4A DC E7 34 3F 14 D2 EC 2D CC C0 24 18 B3 B5
00012840  00 00 E0 B1 DC E7 B3 B5 14 D2 CC C0 CC C0 14 D2
00012850  B3 B5 DC E7 E0 B1 00 00 B3 B5 24 18 CC C0 EC 2D
00012860  14 D2 34 3F DC E7 4D 4A 00 00 20 4E 24 18 4D 4A
00012870  EC 2D 34 3F 34 3F EC 2D 4D 4A 24 18 20 4E 00 00
00012880  4D 4A DC E7 34 3F 14 D2 EC 2D CC C0 24 18 B3 B5
00012890  00 00 E0 B1 DC E7 B3 B5 14 D2 CC C0 CC C0 14 D2
000128A0  B3 B5 DC E7 E0 B1 00 00 B3 B5 24 18 CC C0 EC 2D
000128B0  14 D2 34 3F DC E7 4D 4A 00 00 20 4E 24 18 4D 4A
000128C0  EC 2D 34 3F 34 3F EC 2D 4D 4A 24 18 20 4E 00 00
000128D0  4D 4A DC E7 34 3F 14 D2 EC 2D CC C0 24 18 B3 B5
000128E0  00 00 E0 B1 DC E7 B3 B5 14 D2 CC C0 CC C0 14 D2
000128F0  B3 B5 DC E7 E0 B1 00 00 B3 B5 24 18 CC C0 EC 2D
00012900  14 D2 34 3F DC E7 4D 4A 00 00 20 4E 24 18 4D 4A
00012910  EC 2D 34 3F 34 3F EC 2D 4D 4A 24 18 20 4E 00 00
00012920  4D 4A DC E7 34 3F 14 D2 EC 2D CC C0 24 18 B3 B5
00012930  00 00 E0 B1 DC E7 B3 B5 14 D2 CC C0 CC C0 14 D2
00012940  B3 B5 DC E7 E0 B1 00 00 B3 B5 24 18 CC C0 EC 2D
00012950  14 D2 34 3F DC E7 4D 4A 00 00 20 4E 24 18 4D 4A
00012960  EC 2D 34 3F 34 3F EC 2D 4D 4A 24 18 20 4E 00 00
00012970  4D 4A DC E7 34 3F 14 D2 EC 2D CC C0 24 18 B3 B5
00012980  00 00 E0 B1 DC E7 B3 B5 14 D2 CC C0 CC C0 14 D2
00012990  B3 B5 DC E7 E0 B1 00 00 B3 B5 24 18 CC C0 EC 2D
000129A0  14 D2 34 3F DC E7 4D 4A 00 00 20 4E 24 18 4D 4A
000129B0  EC 2D 34 3F 34 3F EC 2D 4D 4A 24 18 20 4E 00 00
000129C0  4D 4A DC E7 34 3F 14 D2 EC 2D CC C0 24 18 B3 B5
000129D0  00 00 E0 B1 DC E7 B3 B5 14 D2 CC C0 CC C0 14 D2
000129E0  B3 B5 DC E7 E0 B1 00 00 B3 B5 24 18 CC C0 EC 2D
000129F0  14 D2 34 3F DC E7 4D 4A 00 00 20 4E 24 18 4D 4A
00012A00  EC 2D 34 3F 34 3F EC 2D 4D 4A 24 18 20 4E 00 00
00012A10  4D 4A DC E7 34 3F 14 D2 EC 2D CC C0 24 18 B3 B5
00012A20  00 00 E0 B1 DC E7 B3 B5 14 D2 CC C0 CC C0 14 D2
00012A30  B3 B5 DC E7 E0 B1 00 00 B3 B5 24 18 CC C0 EC 2D
00012A40  14 D2 34 3F DC E7 4D 4A 00 00 20 4E 24 18 4D 4A
00012A50  EC 2D 34 3F 34 3F EC 2D 4D 4A 24 18 20 4E 00 00
00012A60  4D 4A DC E7 34 3F 14 D2 EC 2D CC C0 24 18 B3 B5
00012A70  00 00 E0 B1 DC E7 B3 B5 14 D2 CC C0 CC C0 14 D2
00012A80  B3 B5 DC E7 E0 B1 00 00 B3 B5 24 18 CC C0 EC 2D
00012A90  14 D2 34 3F DC E7 4D 4A 00 00 20 4E 24 18 4D 4A
00012AA0  EC 2D 34 3F 34 3F EC 2D 4D 4A 24 18 20 4E 00 00
00012AB0  4D 4A DC E7 34 3F 14 D2 EC 2D CC C0 24 18 B3 B5
00012AC0  00 00 E0 B1 DC E7 B3 B5 14 D2 CC C0 CC C0 14 D2
00012AD0  B3 B5 DC E7 E0 B1 00 00 B3 B5 24 18 CC C0 EC 2D
00012AE0  14 D2 34 3F DC E7 4D 4A 00 00 20 4E 24 18 4D 4A
00012AF0  EC 2D 34 3F 34 3F EC 2D 4D 4A 24 18 20 4E 00 00
00012B00  4D 4A DC E7 34 3F 14 D2 EC 2D CC C0 24 18 B3 B5
00012B10  00 00 E0 B1 DC E7 B3 B5 14 D2 CC C0 CC C0 14 D2
00012B20  B3 B5 DC E7 E0 B1 00 00 B3 B5 24 18 CC C0 EC 2D
00012B30  14 D2 34 3F DC E7 4D 4A 00 00 20 4E 24 18 4D 4A
00012B40  EC 2D 34 3F 34 3F EC 2D 4D 4A 24 18 20 4E 00 00
00012B50  4D 4A DC E7 34 3F 14 D2 EC 2D CC C0 24 18 B3 B5
00012B60  00 00 E0 B1 DC E7 B3 B5 14 D2 CC C0 CC C0 14 D2
00012B70  B3 B5 DC E7 E0 B1 00 00 B3 B5 24 18 CC C0 EC 2D
00012B80  14 D2 34 3F DC E7 4D 4A 00 00 20 4E 24 18 4D 4A
00012B90  EC 2D 34 3F 34 3F EC 2D 4D 4A 24 18 20 4E 00 00
00012BA0  4D 4A DC E7 34 3F 14 D2 EC 2D CC C0 24 18 B3 B5
00012BB0  00 00 E0 B1 DC E7 B3 B5 14 D2 CC C0 CC C0 14 D2
00012BC0  B3 B5 DC E7 E0 B1 00 00 B3 B5 24 18 CC C0 EC 2D
00012BD0  14 D2 34 3F DC E7 4D 4A 00 00 20 4E 24 18 4D 4A
00012BE0  EC 2D 34 3F 34 3F EC 2D 4D 4A 24 18 20 4E 00 00
00012BF0  4D 4A DC E7 34 3F 14 D2 EC 2D CC C0 24 18 B3 B5
00012C00  00 00 E0 B1 DC E7 B3 B5 14 D2 CC C0 CC C0 14 D2
00012C10  B3 B5 DC E7 E0 B1 00 00 B3 B5 24 18 CC C0 EC 2D
00012C20  14 D2 34 3F DC E7 4D 4A 00 00 20 4E 24 18 4D 4A
00012C30  EC 2D 34 3F 34 3F EC 2D 4D 4A 24 18 20 4E 00 00
00012C40  4D 4A DC E7 34 3F 14 D2 EC 2D CC C0 24 18 B3 B5
00012C50  00 00 E0 B1 DC E7 B3 B5 14 D2 CC C0 CC C0 14 D2
00012C60  B3 B5 DC E7 E0 B1 00 00 B3 B5 24 18 CC C0 EC 2D
00012C70  14 D2 34 3F DC E7 4D 4A 00 00 20 4E 24 18 4D 4A
00012C80  EC 2D 34 3F 34 3F EC 2D 4D 4A 24 18 20 4E 00 00
00012C90  4D 4A DC E7 34 3F 14 D2 EC 2D CC C0 24 18 B3 B5
00012CA0  00 00 E0 B1 DC E7 B3 B5 14 D2 CC C0 CC C0 14 D2
00012CB0  B3 B5 DC E7 E0 B1 00 00 B3 B5 24 18 CC C0 EC 2D
00012CC0  14 D2 34 3F DC E7 4D 4A 00 00 20 4E 24 18 4D 4A
00012CD0  EC 2D 34 3F 34 3F EC 2D 4D 4A 24 18 20 4E 00 00
00012CE0  4D 4A DC E7 34 3F 14 D2 EC 2D CC C0 24 18 B3 B5
00012CF0  00 00 E0 B1 DC E7 B3 B5 14 D2 CC C0 CC C0 14 D2
00012D00  B3 B5 DC E7 E0 B1 00 00 B3 B5 24 18 CC C0 EC 2D
00012D10  14 D2 34 3F DC E7 4D 4A 00 00 20 4E 24 18 4D 4A
00012D20  EC 2D 34 3F 34 3F EC 2D 4D 4A 24 18 20 4E 00 00
00012D30  4D 4A DC E7 34 3F 14 D2 EC 2D CC C0 24 18 B3 B5
00012D40  00 00 E0 B1 DC E7 B3 B5 14 D2 CC C0 CC C0 14 D2
00012D50  B3 B5 DC E7 E0 B1 00 00 B3 B5 24 18 CC C0 EC 2D
00012D60  14 D2 34 3F DC E7 4D 4A 00 00 20 4E 24 18 4D 4A
00012D70  EC 2D 34 3F 34 3F EC 2D 4D 4A 24 18 20 4E 00 00
00012D80  4D 4A DC E7 34 3F 14 D2 EC 2D CC C0 24 18 B3 B5
00012D90  00 00 E0 B1 DC E7 B3 B5 14 D2 CC C0 CC C0 14 D2
00012DA0  B3 B5 DC E7 E0 B1 00 00 B3 B5 24 18 CC C0 EC 2D
00012DB0  14 D2 34 3F DC E7 4D 4A 00 00 20 4E 24 18 4D 4A
00012DC0  EC 2D 34 3F 34 3F EC 2D 4D 4A 24 18 20 4E 00 00
00012DD0  4D 4A DC E7 34 3F 14 D2 EC 2D CC C0 24 18 B3 B5
00012DE0  00 00 E0 B1 DC E7 B3 B5 14 D2 CC C0 CC C0 14 D2
00012DF0  B3 B5 DC E7 E0 B1 00 00 B3 B5 24 18 CC C0 EC 2D
00012E00  14 D2 34 3F DC E7 4D 4A 00 00 20 4E 24 18 4D 4A
00012E10  EC 2D 34 3F 34 3F EC 2D 4D 4A 24 18 20 4E 00 00
00012E20  4D 4A DC E7 34 3F 14 D2 EC 2D CC C0 24 18 B3 B5
00012E30  00 00 E0 B1 DC E7 B3 B5 14 D2 CC C0 CC C0 14 D2
00012E40  B3 B5 DC E7 E0 B1 00 00 B3 B5 24 18 CC C0 EC 2D
00012E50  14 D2 34 3F DC E7 4D 4A 00 00 20 4E 24 18 4D 4A
00012E60  EC 2D 34 3F 34 3F EC 2D 4D 4A 24 18 20 4E 00 00
00012E70  4D 4A DC E7 34 3F 14 D2 EC 2D CC C0 24 18 B3 B5
00012E80  00 00 E0 B1 DC E7 B3 B5 14 D2 CC C0 CC C0 14 D2
00012E90  B3 B5 DC E7 E0 B1 00 00 B3 B5 24 18 CC C0 EC 2D
00012EA0  14 D2 34 3F DC E7 4D 4A 00 00 20 4E 24 18 4D 4A
00012EB0  EC 2D 34 3F 34 3F EC 2D 4D 4A 24 18 20 4E 00 00
00012EC0  4D 4A DC E7 34 3F 14 D2 EC 2D CC C0 24 18 B3 B5
00012ED0  00 00 E0 B1 DC E7 B3 B5 14 D2 CC C0 CC C0 14 D2
00012EE0  B3 B5 DC E7 E0 B1 00 00 B3 B5 24 18 CC C0 EC 2D
00012EF0  14 D2 34 3F DC E7 4D 4A 00 00 20 4E 24 18 4D 4A
00012F00  EC 2D 34 3F 34 3F EC 2D 4D 4A 24 18 20 4E 00 00
00012F10  4D 4A DC E7 34 3F 14 D2 EC 2D CC C0 24 18 B3 B5
00012F20  00 00 E0 B1 DC E7 B3 B5 14 D2 CC C0 CC C0 14 D2
00012F30  B3 B5 DC E7 E0 B1 00 00 B3 B5 24 18 CC C0 EC 2D
00012F40  14 D2 34 3F DC E7 4D 4A 00 00 20 4E 24 18 4D 4A
00012F50  EC 2D 34 3F 34 3F EC 2D 4D 4A 24 18 20 4E 00 00
00012F60  4D 4A DC E7 34 3F 14 D2 EC 2D CC C0 24 18 B3 B5
00012F70  00 00 E0 B1 DC E7 B3 B5 14 D2 CC C0 CC C0 14 D2
00012F80  B3 B5 DC E7 E0 B1 00 00 B3 B5 24 18 CC C0 EC 2D
00012F90  14 D2 34 3F DC E7 4D 4A 00 00 20 4E 24 18 4D 4A
00012FA0  EC 2D 34 3F 34 3F EC 2D 4D 4A 24 18 20 4E 00 00
00012FB0  4D 4A DC E7 34 3F 14 D2 EC 2D CC C0 24 18 B3 B5
00012FC0  00 00 E0 B1 DC E7 B3 B5 14 D2 CC C0 CC C0 14 D2
00012FD0  B3 B5 DC E7 E0 B1 00 00 B3 B5 24 18 CC C0 EC 2D
00012FE0  14 D2 34 3F DC E7 4D 4A 00 00 20 4E 24 18 4D 4A
00012FF0  EC 2D 34 3F 34 3F EC 2D 4D 4A 24 18 20 4E 00 00
00013000  4D 4A DC E7 34 3F 14 D2 EC 2D CC C0 24 18 B3 B5
00013010  00 00 E0 B1 DC E7 B3 B5 14 D2 CC C0 CC C0 14 D2
00013020  B3 B5 DC E7 E0 B1 00 00 B3 B5 24 18 CC C0 EC 2D
00013030  14 D2 34 3F DC E7 4D 4A 00 00 20 4E 24 18 4D 4A
00013040  EC 2D 34 3F 34 3F EC 2D 4D 4A 24 18 20 4E 00 00
00013050  4D 4A DC E7 34 3F 14 D2 EC 2D CC C0 24 18 B3 B5
00013060  00 00 E0 B1 DC E7 B3 B5 14 D2 CC C0 CC C0 14 D2
00013070  B3 B5 DC E7 E0 B1 00 00 B3 B5 24 18 CC C0 EC 2D
00013080  14 D2 34 3F DC E7 4D 4A 00 00 20 4E 24 18 4D 4A
00013090  EC 2D 34 3F 34 3F EC 2D 4D 4A 24 18 20 4E 00 00
000130A0  4D 4A DC E7 34 3F 14 D2 EC 2D CC C0 24 18 B3 B5
000130B0  00 00 E0 B1 DC E7 B3 B5 14 D2 CC C0 CC C0 14 D2
000130C0  B3 B5 DC E7 E0 B1 00 00 B3 B5 24 18 CC C0 EC 2D
000130D0  14 D2 34 3F DC E7 4D 4A 00 00 20 4E 24 18 4D 4A
000130E0  EC 2D 34 3F 34 3F EC 2D 4D 4A 24 18 20 4E 00 00
000130F0  4D 4A DC E7 34 3F 14 D2 EC 2D CC C0 24 18 B3 B5
00013100  00 00 E0 B1 DC E7 B3 B5 14 D2 CC C0 CC C0 14 D2
00013110  B3 B5 DC E7 E0 B1 00 00 B3 B5 24 18 CC C0 EC 2D
00013120  14 D2 34 3F DC E7 4D 4A 00 00 20 4E 24 18 4D 4A
00013130  EC 2D 34 3F 34 3F EC 2D 4D 4A 24 18 20 4E 00 00
00013140  4D 4A DC E7 34 3F 14 D2 EC 2D CC C0 24 18 B3 B5
00013150  00 00 E0 B1 DC E7 B3 B5 14 D2 CC C0 CC C0 14 D2
00013160  B3 B5 DC E7 E0 B1 00 00 B3 B5 24 18 CC C0 EC 2D
00013170  14 D2 34 3F DC E7 4D 4A 00 00 20 4E 24 18 4D 4A
00013180  EC 2D 34 3F 34 3F EC 2D 4D 4A 24 18 20 4E 00 00
00013190  4D 4A DC E7 34 3F 14 D2 EC 2D CC C0 24 18 B3 B5
000131A0  00 00 E0 B1 DC E7 B3 B5 14 D2 CC C0 CC C0 14 D2
000131B0  B3 B5 DC E7 E0 B1 00 00 B3 B5 24 18 CC C0 EC 2D
000131C0  14 D2 34 3F DC E7 4D 4A 00 00 20 4E 24 18 4D 4A
000131D0  EC 2D 34 3F 34 3F EC 2D 4D 4A 24 18 20 4E 00 00
000131E0  4D 4A DC E7 34 3F 14 D2 EC 2D CC C0 24 18 B3 B5
000131F0  00 00 E0 B1 DC E7 B3 B5 14 D2 CC C0 CC C0 14 D2
00013200  B3 B5 DC E7 E0 B1 00 00 B3 B5 24 18 CC C0 EC 2D
00013210  14 D2 34 3F DC E7 4D 4A 00 00 20 4E 24 18 4D 4A
00013220  EC 2D 34 3F 34 3F EC 2D 4D 4A 24 18 20 4E 00 00
00013230  4D 4A DC E7 34 3F 14 D2 EC 2D CC C0 24 18 B3 B5
00013240  00 00 E0 B1 DC E7 B3 B5 14 D2 CC C0 CC C0 14 D2
00013250  B3 B5 DC E7 E0 B1 00 00 B3 B5 24 18 CC C0 EC 2D
00013260  14 D2 34 3F DC E7 4D 4A 00 00 20 4E 24 18 4D 4A
00013270  EC 2D 34 3F 34 3F EC 2D 4D 4A 24 18 20 4E 00 00
00013280  4D 4A DC E7 34 3F 14 D2 EC 2D CC C0 24 18 B3 B5
00013290  00 00 E0 B1 DC E7 B3 B5 14 D2 CC C0 CC C0 14 D2
000132A0  B3 B5 DC E7 E0 B1 00 00 B3 B5 24 18 CC C0 EC 2D
000132B0  14 D2 34 3F DC E7 4D 4A 00 00 20 4E 24 18 4D 4A
000132C0  EC 2D 34 3F 34 3F EC 2D 4D 4A 24 18 20 4E 00 00
000132D0  4D 4A DC E7 34 3F 14 D2 EC 2D CC C0 24 18 B3 B5
000132E0  00 00 E0 B1 DC E7 B3 B5 14 D2 CC C0 CC C0 14 D2
000132F0  B3 B5 DC E7 E0 B1 00 00 B3 B5 24 18 CC C0 EC 2D
00013300  14 D2 34 3F DC E7 4D 4A 00 00 20 4E 24 18 4D 4A
00013310  EC 2D 34 3F 34 3F EC 2D 4D 4A 24 18 20 4E 00 00
00013320  4D 4A DC E7 34 3F 14 D2 EC 2D CC C0 24 18 B3 B5
00013330  00 00 E0 B1 DC E7 B3 B5 14 D2 CC C0 CC C0 14 D2
00013340  B3 B5 DC E7 E0 B1 00 00 B3 B5 24 18 CC C0 EC 2D
00013350  14 D2 34 3F DC E7 4D 4A 00 00 20 4E 24 18 4D 4A
00013360  EC 2D 34 3F 34 3F EC 2D 4D 4A 24 18 20 4E 00 00
00013370  4D 4A DC E7 34 3F 14 D2 EC 2D CC C0 24 18 B3 B5
00013380  00 00 E0 B1 DC E7 B3 B5 14 D2 CC C0 CC C0 14 D2
00013390  B3 B5 DC E7 E0 B1 00 00 B3 B5 24 18 CC C0 EC 2D
000133A0  14 D2 34 3F DC E7 4D 4A 00 00 20 4E 24 18 4D 4A
000133B0  EC 2D 34 3F 34 3F EC 2D 4D 4A 24 18 20 4E 00 00
000133C0  4D 4A DC E7 34 3F 14 D2 EC 2D CC C0 24 18 B3 B5
000133D0  00 00 E0 B1 DC E7 B3 B5 14 D2 CC C0 CC C0 14 D2
000133E0  B3 B5 DC E7 E0 B1 00 00 B3 B5 24 18 CC C0 EC 2D
000133F0  14 D2 34 3F DC E7 4D 4A 00 00 20 4E 24 18 4D 4A
00013400  EC 2D 34 3F 34 3F EC 2D 4D 4A 24 18 20 4E 00 00
00013410  4D 4A DC E7 34 3F 14 D2 EC 2D CC C0 24 18 B3 B5
00013420  00 00 E0 B1 DC E7 B3 B5 14 D2 CC C0 CC C0 14 D2
00013430  B3 B5 DC E7 E0 B1 00 00 B3 B5 24 18 CC C0 EC 2D
00013440  14 D2 34 3F DC E7 4D 4A 00 00 20 4E 24 18 4D 4A
00013450  EC 2D 34 3F 34 3F EC 2D 4D 4A 24 18 20 4E 00 00
00013460  4D 4A DC E7 34 3F 14 D2 EC 2D CC C0 24 18 B3 B5
00013470  00 00 E0 B1 DC E7 B3 B5 14 D2 CC C0 CC C0 14 D2
00013480  B3 B5 DC E7 E0 B1 00 00 B3 B5 24 18 CC C0 EC 2D
00013490  14 D2 34 3F DC E7 4D 4A 00 00 20 4E 24 18 4D 4A
000134A0  EC 2D 34 3F 34 3F EC 2D 4D 4A 24 18 20 4E 00 00
000134B0  4D 4A DC E7 34 3F 14 D2 EC 2D CC C0 24 18 B3 B5
000134C0  00 00 E0 B1 DC E7 B3 B5 14 D2 CC C0 CC C0 14 D2
000134D0  B3 B5 DC E7 E0 B1 00 00 B3 B5 24 18 CC C0 EC 2D
000134E0  14 D2 34 3F DC E7 4D 4A 00 00 20 4E 24 18 4D 4A
000134F0  EC 2D 34 3F 34 3F EC 2D 4D 4A 24 18 20 4E 00 00
00013500  4D 4A DC E7 34 3F 14 D2 EC 2D CC C0 24 18 B3 B5
00013510  00 00 E0 B1 DC E7 B3 B5 14 D2 CC C0 CC C0 14 D2
00013520  B3 B5 DC E7 E0 B1 00 00 B3 B5 24 18 CC C0 EC 2D
00013530  14 D2 34 3F DC E7 4D 4A 00 00 20 4E 24 18 4D 4A
00013540  EC 2D 34 3F 34 3F EC 2D 4D 4A 24 18 20 4E 00 00
00013550  4D 4A DC E7 34 3F 14 D2 EC 2D CC C0 24 18 B3 B5
00013560  00 00 E0 B1 DC E7 B3 B5 14 D2 CC C0 CC C0 14 D2
00013570  B3 B5 DC E7 E0 B1 00 00 B3 B5 24 18 CC C0 EC 2D
00013580  14 D2 34 3F DC E7 4D 4A 00 00 20 4E 24 18 4D 4A
00013590  EC 2D 34 3F 34 3F EC 2D 4D 4A 24 18 20 4E 00 00
000135A0  4D 4A DC E7 34 3F 14 D2 EC 2D CC C0 24 18 B3 B5
000135B0  00 00 E0 B1 DC E7 B3 B5 14 D2 CC C0 CC C0 14 D2
000135C0  B3 B5 DC E7 E0 B1 00 00 B3 B5 24 18 CC C0 EC 2D
000135D0  14 D2 34 3F DC E7 4D 4A 00 00 20 4E 24 18 4D 4A
000135E0  EC 2D 34 3F 34 3F EC 2D 4D 4A 24 18 20 4E 00 00
000135F0  4D 4A DC E7 34 3F 14 D2 EC 2D CC C0 24 18 B3 B5
00013600  00 00 E0 B1 DC E7 B3 B5 14 D2 CC C0 CC C0 14 D2
00013610  B3 B5 DC E7 E0 B1 00 00 B3 B5 24 18 CC C0 EC 2D
00013620  14 D2 34 3F DC E7 4D 4A 00 00 20 4E 24 18 4D 4A
00013630  EC 2D 34 3F 34 3F EC 2D 4D 4A 24 18 20 4E 00 00
00013640  4D 4A DC E7 34 3F 14 D2 EC 2D CC C0 24 18 B3 B5
00013650  00 00 E0 B1 DC E7 B3 B5 14 D2 CC C0 CC C0 14 D2
00013660  B3 B5 DC E7 E0 B1 00 00 B3 B5 24 18 CC C0 EC 2D
00013670  14 D2 34 3F DC E7 4D 4A 00 00 20 4E 24 18 4D 4A
00013680  EC 2D 34 3F 34 3F EC 2D 4D 4A 24 18 20 4E 00 00
00013690  4D 4A DC E7 34 3F 14 D2 EC 2D CC C0 24 18 B3 B5
000136A0  00 00 E0 B1 DC E7 B3 B5 14 D2 CC C0 CC C0 14 D2
000136B0  B3 B5 DC E7 E0 B1 00 00 B3 B5 24 18 CC C0 EC 2D
000136C0  14 D2 34 3F DC E7 4D 4A 00 00 20 4E 24 18 4D 4A
000136D0  EC 2D 34 3F 34 3F EC 2D 4D 4A 24 18 20 4E 00 00
000136E0  4D 4A DC E7 34 3F 14 D2 EC 2D CC C0 24 18 B3 B5
000136F0  00 00 E0 B1 DC E7 B3 B5 14 D2 CC C0 CC C0 14 D2
00013700  B3 B5 DC E7 E0 B1 00 00 B3 B5 24 18 CC C0 EC 2D
00013710  14 D2 34 3F DC E7 4D 4A 00 00 20 4E 24 18 4D 4A
00013720  EC 2D 34 3F 34 3F EC 2D 4D 4A 24 18 20 4E 00 00
00013730  4D 4A DC E7 34 3F 14 D2 EC 2D CC C0 24 18 B3 B5
00013740  00 00 E0 B1 DC E7 B3 B5 14 D2 CC C0 CC C0 14 D2
00013750  B3 B5 DC E7 E0 B1 00 00 B3 B5 24 18 CC C0 EC 2D
00013760  14 D2 34 3F DC E7 4D 4A 00 00 20 4E 24 18 4D 4A
00013770  EC 2D 34 3F 34 3F EC 2D 4D 4A 24 18 20 4E 00 00
00013780  4D 4A DC E7 34 3F 14 D2 EC 2D CC C0 24 18 B3 B5
00013790  00 00 E0 B1 DC E7 B3 B5 14 D2 CC C0 CC C0 14 D2
000137A0  B3 B5 DC E7 E0 B1 00 00 B3 B5 24 18 CC C0 EC 2D
000137B0  14 D2 34 3F DC E7 4D 4A 00 00 20 4E 24 18 4D 4A
000137C0  EC 2D 34 3F 34 3F EC 2D 4D 4A 24 18 20 4E 00 00
000137D0  4D 4A DC E7 34 3F 14 D2 EC 2D CC C0 24 18 B3 B5
000137E0  00 00 E0 B1 DC E7 B3 B5 14 D2 CC C0 CC C0 14 D2
000137F0  B3 B5 DC E7 E0 B1 00 00 B3 B5 24 18 CC C0 EC 2D
00013800  14 D2 34 3F DC E7 4D 4A 00 00 20 4E 24 18 4D 4A
00013810  EC 2D 34 3F 34 3F EC 2D 4D 4A 24 18 20 4E 00 00
00013820  4D 4A DC E7 34 3F 14 D2 EC 2D CC C0 24 18 B3 B5
00013830  00 00 E0 B1 DC E7 B3 B5 14 D2 CC C0 CC C0 14 D2
00013840  B3 B5 DC E7 E0 B1 00 00 B3 B5 24 18 CC C0 EC 2D
00013850  14 D2 34 3F DC E7 4D 4A 00 00 20 4E 24 18 4D 4A
00013860  EC 2D 34 3F 34 3F EC 2D 4D 4A 24 18 20 4E 00 00
00013870  4D 4A DC E7 34 3F 14 D2 EC 2D CC C0 24 18 B3 B5
00013880  00 00 E0 B1 DC E7 B3 B5 14 D2 CC C0 CC C0 14 D2
00013890  B3 B5 DC E7 E0 B1 00 00 B3 B5 24 18 CC C0 EC 2D
000138A0  14 D2 34 3F DC E7 4D 4A 00 00 20 4E 24 18 4D 4A
000138B0  EC 2D 34 3F 34 3F EC 2D 4D 4A 24 18 20 4E 00 00
000138C0  4D 4A DC E7 34 3F 14 D2 EC 2D CC C0 24 18 B3 B5
000138D0  00 00 E0 B1 DC E7 B3 B5 14 D2 CC C0 CC C0 14 D2
000138E0  B3 B5 DC E7 E0 B1 00 00 B3 B5 24 18 CC C0 EC 2D
000138F0  14 D2 34 3F DC E7 4D 4A 00 00 20 4E 24 18 4D 4A
00013900  EC 2D 34 3F 34 3F EC 2D 4D 4A 24 18 20 4E 00 00
00013910  4D 4A DC E7 34 3F 14 D2 EC 2D CC C0 24 18 B3 B5
00013920  00 00 E0 B1 DC E7 B3 B5 14 D2 CC C0 CC C0 14 D2
00013930  B3 B5 DC E7 E0 B1 00 00 B3 B5 24 18 CC C0 EC 2D
00013940  14 D2 34 3F DC E7 4D 4A 00 00 20 4E 24 18 4D 4A
00013950  EC 2D 34 3F 34 3F EC 2D 4D 4A 24 18 20 4E 00 00
00013960  4D 4A DC E7 34 3F 14 D2 EC 2D CC C0 24 18 B3 B5
00013970  00 00 E0 B1 DC E7 B3 B5 14 D2 CC C0 CC C0 14 D2
00013980  B3 B5 DC E7 E0 B1 00 00 B3 B5 24 18 CC C0 EC 2D
00013990  14 D2 34 3F DC E7 4D 4A 00 00 20 4E 24 18 4D 4A
000139A0  EC 2D 34 3F 34 3F EC 2D 4D 4A 24 18 20 4E 00 00
000139B0  4D 4A DC E7 34 3F 14 D2 EC 2D CC C0 24 18 B3 B5
000139C0  00 00 E0 B1 DC E7 B3 B5 14 D2 CC C0 CC C0 14 D2
000139D0  B3 B5 DC E7 E0 B1 00 00 B3 B5 24 18 CC C0 EC 2D
000139E0  14 D2 34 3F DC E7 4D 4A 00 00 20 4E 24 18 4D 4A
000139F0  EC 2D 34 3F 34 3F EC 2D 4D 4A 24 18 20 4E 00 00
00013A00  4D 4A DC E7 34 3F 14 D2 EC 2D CC C0 24 18 B3 B5
00013A10  00 00 E0 B1 DC E7 B3 B5 14 D2 CC C0 CC C0 14 D2
00013A20  B3 B5 DC E7 E0 B1 00 00 B3 B5 24 18 CC C0 EC 2D
00013A30  14 D2 34 3F DC E7 4D 4A 00 00 20 4E 24 18 4D 4A
00013A40  EC 2D 34 3F 34 3F EC 2D 4D 4A 24 18 20 4E 00 00
00013A50  4D 4A DC E7 34 3F 14 D2 EC 2D CC C0 24 18 B3 B5
00013A60  00 00 E0 B1 DC E7 B3 B5 14 D2 CC C0 CC C0 14 D2
00013A70  B3 B5 DC E7 E0 B1 00 00 B3 B5 24 18 CC C0 EC 2D
00013A80  14 D2 34 3F DC E7 4D 4A 00 00 20 4E 24 18 4D 4A
00013A90  EC 2D 34 3F 34 3F EC 2D 4D 4A 24 18 20 4E 00 00
00013AA0  4D 4A DC E7 34 3F 14 D2 EC 2D CC C0 24 18 B3 B5
00013AB0  00 00 E0 B1 DC E7 B3 B5 14 D2 CC C0 CC C0 14 D2
00013AC0  B3 B5 DC E7 E0 B1 00 00 B3 B5 24 18 CC C0 EC 2D
00013AD0  14 D2 34 3F DC E7 4D 4A 00 00 20 4E 24 18 4D 4A
00013AE0  EC 2D 34 3F 34 3F EC 2D 4D 4A 24 18 20 4E 00 00
00013AF0  4D 4A DC E7 34 3F 14 D2 EC 2D CC C0 24 18 B3 B5
00013B00  00 00 E0 B1 DC E7 B3 B5 14 D2 CC C0 CC C0 14 D2
00013B10  B3 B5 DC E7 E0 B1 00 00 B3 B5 24 18 CC C0 EC 2D
00013B20  14 D2 34 3F DC E7 4D 4A 00 00 20 4E 24 18 4D 4A
00013B30  EC 2D 34 3F 34 3F EC 2D 4D 4A 24 18 20 4E 00 00
00013B40  4D 4A DC E7 34 3F 14 D2 EC 2D CC C0 24 18 B3 B5
00013B50  00 00 E0 B1 DC E7 B3 B5 14 D2 CC C0 CC C0 14 D2
00013B60  B3 B5 DC E7 E0 B1 00 00 B3 B5 24 18 CC C0 EC 2D
00013B70  14 D2 34 3F DC E7 4D 4A 00 00 20 4E 24 18 4D 4A
00013B80  EC 2D 34 3F 34 3F EC 2D 4D 4A 24 18 20 4E 00 00
00013B90  4D 4A DC E7 34 3F 14 D2 EC 2D CC C0 24 18 B3 B5
00013BA0  00 00 E0 B1 DC E7 B3 B5 14 D2 CC C0 CC C0 14 D2
00013BB0  B3 B5 DC E7 E0 B1 00 00 B3 B5 24 18 CC C0 EC 2D
00013BC0  14 D2 34 3F DC E7 4D 4A 00 00 20 4E 24 18 4D 4A
00013BD0  EC 2D 34 3F 34 3F EC 2D 4D 4A 24 18 20 4E 00 00
00013BE0  4D 4A DC E7 34 3F 14 D2 EC 2D CC C0 24 18 B3 B5
00013BF0  00 00 E0 B1 DC E7 B3 B5 14 D2 CC C0 CC C0 14 D2
00013C00  B3 B5 DC E7 E0 B1 00 00 B3 B5 24 18 CC C0 EC 2D
00013C10  14 D2 34 3F DC E7 4D 4A 00 00 20 4E 24 18 4D 4A
00013C20  EC 2D 34 3F 34 3F EC 2D 4D 4A 24 18 20 4E 00 00
00013C30  4D 4A DC E7 34 3F 14 D2 EC 2D CC C0 24 18 B3 B5
00013C40  00 00 E0 B1 DC E7 B3 B5 14 D2 CC C0 CC C0 14 D2
00013C50  B3 B5 DC E7 E0 B1 00 00 B3 B5 24 18 CC C0 EC 2D
00013C60  14 D2 34 3F DC E7 4D 4A 00 00 20 4E 24 18 4D 4A
00013C70  EC 2D 34 3F 34 3F EC 2D 4D 4A 24 18 20 4E 00 00
00013C80  4D 4A DC E7 34 3F 14 D2 EC 2D CC C0 24 18 B3 B5
00013C90  00 00 E0 B1 DC E7 B3 B5 14 D2 CC C0 CC C0 14 D2
00013CA0  B3 B5 DC E7 E0 B1 00 00 B3 B5 24 18 CC C0 EC 2D
00013CB0  14 D2 34 3F DC E7 4D 4A 00 00 20 4E 24 18 4D 4A
00013CC0  EC 2D 34 3F 34 3F EC 2D 4D 4A 24 18 20 4E 00 00
00013CD0  4D 4A DC E7 34 3F 14 D2 EC 2D CC C0 24 18 B3 B5
00013CE0  00 00 E0 B1 DC E7 B3 B5 14 D2 CC C0 CC C0 14 D2
00013CF0  B3 B5 DC E7 E0 B1 00 00 B3 B5 24 18 CC C0 EC 2D
00013D00  14 D2 34 3F DC E7 4D 4A 00 00 20 4E 24 18 4D 4A
00013D10  EC 2D 34 3F 34 3F EC 2D 4D 4A 24 18 20 4E 00 00
00013D20  4D 4A DC E7 34 3F 14 D2 EC 2D CC C0 24 18 B3 B5
00013D30  00 00 E0 B1 DC E7 B3 B5 14 D2 CC C0 CC C0 14 D2
00013D40  B3 B5 DC E7 E0 B1 00 00 B3 B5 24 18 CC C0 EC 2D
00013D50  14 D2 34 3F DC E7 4D 4A 00 00 20 4E 24 18 4D 4A
00013D60  EC 2D 34 3F 34 3F EC 2D 4D 4A 24 18 20 4E 00 00
00013D70  4D 4A DC E7 34 3F 14 D2 EC 2D CC C0 24 18 B3 B5
00013D80  00 00 E0 B1 DC E7 B3 B5 14 D2 CC C0 CC C0 14 D2
00013D90  B3 B5 DC E7 E0 B1 00 00 B3 B5 24 18 CC C0 EC 2D
00013DA0  14 D2 34 3F DC E7 4D 4A 00 00 20 4E 24 18 4D 4A
00013DB0  EC 2D 34 3F 34 3F EC 2D 4D 4A 24 18 20 4E 00 00
00013DC0  4D 4A DC E7 34 3F 14 D2 EC 2D CC C0 24 18 B3 B5
00013DD0  00 00 E0 B1 DC E7 B3 B5 14 D2 CC C0 CC C0 14 D2
00013DE0  B3 B5 DC E7 E0 B1 00 00 B3 B5 24 18 CC C0 EC 2D
00013DF0  14 D2 34 3F DC E7 4D 4A 00 00 20 4E 24 18 4D 4A
00013E00  EC 2D 34 3F 34 3F EC 2D 4D 4A 24 18 20 4E 00 00
00013E10  4D 4A DC E7 34 3F 14 D2 EC 2D CC C0 24 18 B3 B5
00013E20  00 00 E0 B1 DC E7 B3 B5 14 D2 CC C0 CC C0 14 D2
00013E30  B3 B5 DC E7 E0 B1 00 00 B3 B5 24 18 CC C0 EC 2D
00013E40  14 D2 34 3F DC E7 4D 4A 00 00 20 4E 24 18 4D 4A
00013E50  EC 2D 34 3F 34 3F EC 2D 4D 4A 24 18 20 4E 00 00
00013E60  4D 4A DC E7 34 3F 14 D2 EC 2D CC C0 24 18 B3 B5
00013E70  00 00 E0 B1 DC E7 B3 B5 14 D2 CC C0 CC C0 14 D2
00013E80  B3 B5 DC E7 E0 B1 00 00 B3 B5 24 18 CC C0 EC 2D
00013E90  14 D2 34 3F DC E7 4D 4A 00 00 20 4E 24 18 4D 4A
00013EA0  EC 2D 34 3F 34 3F EC 2D 4D 4A 24 18 20 4E 00 00
00013EB0  4D 4A DC E7 34 3F 14 D2 EC 2D CC C0 24 18 B3 B5
00013EC0  00 00 E0 B1 DC E7 B3 B5 14 D2 CC C0 CC C0 14 D2
00013ED0  B3 B5 DC E7 E0 B1 00 00 B3 B5 24 18 CC C0 EC 2D
00013EE0  14 D2 34 3F DC E7 4D 4A 00 00 20 4E 24 18 4D 4A
00013EF0  EC 2D 34 3F 34 3F EC 2D 4D 4A 24 18 20 4E 00 00
00013F00  4D 4A DC E7 34 3F 14 D2 EC 2D CC C0 24 18 B3 B5
00013F10  00 00 E0 B1 DC E7 B3 B5 14 D2 CC C0 CC C0 14 D2
00013F20  B3 B5 DC E7 E0 B1 00 00 B3 B5 24 18 CC C0 EC 2D
00013F30  14 D2 34 3F DC E7 4D 4A 00 00 20 4E 24 18 4D 4A
00013F40  EC 2D 34 3F 34 3F EC 2D 4D 4A 24 18 20 4E 00 00
00013F50  4D 4A DC E7 34 3F 14 D2 EC 2D CC C0 24 18 B3 B5
00013F60  00 00 E0 B1 DC E7 B3 B5 14 D2 CC C0 CC C0 14 D2
00013F70  B3 B5 DC E7 E0 B1 00 00 B3 B5 24 18 CC C0 EC 2D
00013F80  14 D2 34 3F DC E7 4D 4A 00 00 20 4E 24 18 4D 4A
00013F90  EC 2D 34 3F 34 3F EC 2D 4D 4A 24 18 20 4E 00 00
00013FA0  4D 4A DC E7 34 3F 14 D2 EC 2D CC C0 24 18 B3 B5
00013FB0  00 00 E0 B1 DC E7 B3 B5 14 D2 CC C0 CC C0 14 D2
00013FC0  B3 B5 DC E7 E0 B1 00 00 B3 B5 24 18 CC C0 EC 2D
00013FD0  14 D2 34 3F DC E7 4D 4A 00 00 20 4E 24 18 4D 4A
00013FE0  EC 2D 34 3F 34 3F EC 2D 4D 4A 24 18 20 4E 00 00
00013FF0  4D 4A DC E7 34 3F 14 D2 EC 2D CC C0 24 18 B3 B5
00014000  00 00 E0 B1 DC E7 B3 B5 14 D2 CC C0 CC C0 14 D2
00014010  B3 B5 DC E7 E0 B1 00 00 B3 B5 24 18 CC C0 EC 2D
00014020  14 D2 34 3F DC E7 4D 4A 00 00 20 4E 24 18 4D 4A
00014030  EC 2D 34 3F 34 3F EC 2D 4D 4A 24 18 20 4E 00 00
00014040  4D 4A DC E7 34 3F 14 D2 EC 2D CC C0 24 18 B3 B5
00014050  00 00 E0 B1 DC E7 B3 B5 14 D2 CC C0 CC C0 14 D2
00014060  B3 B5 DC E7 E0 B1 00 00 B3 B5 24 18 CC C0 EC 2D
00014070  14 D2 34 3F DC E7 4D 4A 00 00 20 4E 24 18 4D 4A
00014080  EC 2D 34 3F 34 3F EC 2D 4D 4A 24 18 20 4E 00 00
00014090  4D 4A DC E7 34 3F 14 D2 EC 2D CC C0 24 18 B3 B5
000140A0  00 00 E0 B1 DC E7 B3 B5 14 D2 CC C0 CC C0 14 D2
000140B0  B3 B5 DC E7 E0 B1 00 00 B3 B5 24 18 CC C0 EC 2D
000140C0  14 D2 34 3F DC E7 4D 4A 00 00 20 4E 24 18 4D 4A
000140D0  EC 2D 34 3F 34 3F EC 2D 4D 4A 24 18 20 4E 00 00
000140E0  4D 4A DC E7 34 3F 14 D2 EC 2D CC C0 24 18 B3 B5
000140F0  00 00 E0 B1 DC E7 B3 B5 14 D2 CC C0 CC C0 14 D2
00014100  B3 B5 DC E7 E0 B1 00 00 B3 B5 24 18 CC C0 EC 2D
00014110  14 D2 34 3F DC E7 4D 4A 00 00 20 4E 24 18 4D 4A
00014120  EC 2D 34 3F 34 3F EC 2D 4D 4A 24 18 20 4E 00 00
00014130  4D 4A DC E7 34 3F 14 D2 EC 2D CC C0 24 18 B3 B5
00014140  00 00 E0 B1 DC E7 B3 B5 14 D2 CC C0 CC C0 14 D2
00014150  B3 B5 DC E7 E0 B1 00 00 B3 B5 24 18 CC C0 EC 2D
00014160  14 D2 34 3F DC E7 4D 4A 00 00 20 4E 24 18 4D 4A
00014170  EC 2D 34 3F 34 3F EC 2D 4D 4A 24 18 20 4E 00 00
00014180  4D 4A DC E7 34 3F 14 D2 EC 2D CC C0 24 18 B3 B5
00014190  00 00 E0 B1 DC E7 B3 B5 14 D2 CC C0 CC C0 14 D2
000141A0  B3 B5 DC E7 E0 B1 00 00 B3 B5 24 18 CC C0 EC 2D
000141B0  14 D2 34 3F DC E7 4D 4A 00 00 20 4E 24 18 4D 4A
000141C0  EC 2D 34 3F 34 3F EC 2D 4D 4A 24 18 20 4E 00 00
000141D0  4D 4A DC E7 34 3F 14 D2 EC 2D CC C0 24 18 B3 B5
000141E0  00 00 E0 B1 DC E7 B3 B5 14 D2 CC C0 CC C0 14 D2
000141F0  B3 B5 DC E7 E0 B1 00 00 B3 B5 24 18 CC C0 EC 2D
00014200  14 D2 34 3F DC E7 4D 4A 00 00 20 4E 24 18 4D 4A
00014210  EC 2D 34 3F 34 3F EC 2D 4D 4A 24 18 20 4E 00 00
00014220  4D 4A DC E7 34 3F 14 D2 EC 2D CC C0 24 18 B3 B5
00014230  00 00 E0 B1 DC E7 B3 B5 14 D2 CC C0 CC C0 14 D2
00014240  B3 B5 DC E7 E0 B1 00 00 B3 B5 24 18 CC C0 EC 2D
00014250  14 D2 34 3F DC E7 4D 4A 00 00 20 4E 24 18 4D 4A
00014260  EC 2D 34 3F 34 3F EC 2D 4D 4A 24 18 20 4E 00 00
00014270  4D 4A DC E7 34 3F 14 D2 EC 2D CC C0 24 18 B3 B5
00014280  00 00 E0 B1 DC E7 B3 B5 14 D2 CC C0 CC C0 14 D2
00014290  B3 B5 DC E7 E0 B1 00 00 B3 B5 24 18 CC C0 EC 2D
000142A0  14 D2 34 3F DC E7 4D 4A 00 00 20 4E 24 18 4D 4A
000142B0  EC 2D 34 3F 34 3F EC 2D 4D 4A 24 18 20 4E 00 00
000142C0  4D 4A DC E7 34 3F 14 D2 EC 2D CC C0 24 18 B3 B5
000142D0  00 00 E0 B1 DC E7 B3 B5 14 D2 CC C0 CC C0 14 D2
000142E0  B3 B5 DC E7 E0 B1 00 00 B3 B5 24 18 CC C0 EC 2D
000142F0  14 D2 34 3F DC E7 4D 4A 00 00 20 4E 24 18 4D 4A
00014300  EC 2D 34 3F 34 3F EC 2D 4D 4A 24 18 20 4E 00 00
00014310  4D 4A DC E7 34 3F 14 D2 EC 2D CC C0 24 18 B3 B5
00014320  00 00 E0 B1 DC E7 B3 B5 14 D2 CC C0 CC C0 14 D2
00014330  B3 B5 DC E7 E0 B1 00 00 B3 B5 24 18 CC C0 EC 2D
00014340  14 D2 34 3F DC E7 4D 4A 00 00 20 4E 24 18 4D 4A
00014350  EC 2D 34 3F 34 3F EC 2D 4D 4A 24 18 20 4E 00 00
00014360  4D 4A DC E7 34 3F 14 D2 EC 2D CC C0 24 18 B3 B5
00014370  00 00 E0 B1 DC E7 B3 B5 14 D2 CC C0 CC C0 14 D2
00014380  B3 B5 DC E7 E0 B1 00 00 B3 B5 24 18 CC C0 EC 2D
00014390  14 D2 34 3F DC E7 4D 4A 00 00 20 4E 24 18 4D 4A
000143A0  EC 2D 34 3F 34 3F EC 2D 4D 4A 24 18 20 4E 00 00
000143B0  4D 4A DC E7 34 3F 14 D2 EC 2D CC C0 24 18 B3 B5
000143C0  00 00 E0 B1 DC E7 B3 B5 14 D2 CC C0 CC C0 14 D2
000143D0  B3 B5 DC E7 E0 B1 00 00 B3 B5 24 18 CC C0 EC 2D
000143E0  14 D2 34 3F DC E7 4D 4A 00 00 20 4E 24 18 4D 4A
000143F0  EC 2D 34 3F 34 3F EC 2D 4D 4A 24 18 20 4E 00 00
00014400  4D 4A DC E7 34 3F 14 D2 EC 2D CC C0 24 18 B3 B5
00014410  00 00 E0 B1 DC E7 B3 B5 14 D2 CC C0 CC C0 14 D2
00014420  B3 B5 DC E7 E0 B1 00 00 B3 B5 24 18 CC C0 EC 2D
00014430  14 D2 34 3F DC E7 4D 4A 00 00 20 4E 24 18 4D 4A
00014440  EC 2D 34 3F 34 3F EC 2D 4D 4A 24 18 20 4E 00 00
00014450  4D 4A DC E7 34 3F 14 D2 EC 2D CC C0 24 18 B3 B5
00014460  00 00 E0 B1 DC E7 B3 B5 14 D2 CC C0 CC C0 14 D2
00014470  B3 B5 DC E7 E0 B1 00 00 B3 B5 24 18 CC C0 EC 2D
00014480  14 D2 34 3F DC E7 4D 4A 00 00 20 4E 24 18 4D 4A
00014490  EC 2D 34 3F 34 3F EC 2D 4D 4A 24 18 20 4E 00 00
000144A0  4D 4A DC E7 34 3F 14 D2 EC 2D CC C0 24 18 B3 B5
000144B0  00 00 E0 B1 DC E7 B3 B5 14 D2 CC C0 CC C0 14 D2
000144C0  B3 B5 DC E7 E0 B1 00 00 B3 B5 24 18 CC C0 EC 2D
000144D0  14 D2 34 3F DC E7 4D 4A 00 00 20 4E 24 18 4D 4A
000144E0  EC 2D 34 3F 34 3F EC 2D 4D 4A 24 18 20 4E 00 00
000144F0  4D 4A DC E7 34 3F 14 D2 EC 2D CC C0 24 18 B3 B5
00014500  00 00 E0 B1 DC E7 B3 B5 14 D2 CC C0 CC C0 14 D2
00014510  B3 B5 DC E7 E0 B1 00 00 B3 B5 24 18 CC C0 EC 2D
00014520  14 D2 34 3F DC E7 4D 4A 00 00 20 4E 24 18 4D 4A
00014530  EC 2D 34 3F 34 3F EC 2D 4D 4A 24 18 20 4E 00 00
00014540  4D 4A DC E7 34 3F 14 D2 EC 2D CC C0 24 18 B3 B5
00014550  00 00 E0 B1 DC E7 B3 B5 14 D2 CC C0 CC C0 14 D2
00014560  B3 B5 DC E7 E0 B1 00 00 B3 B5 24 18 CC C0 EC 2D
00014570  14 D2 34 3F DC E7 4D 4A 00 00 20 4E 24 18 4D 4A
00014580  EC 2D 34 3F 34 3F EC 2D 4D 4A 24 18 20 4E 00 00
00014590  4D 4A DC E7 34 3F 14 D2 EC 2D CC C0 24 18 B3 B5
000145A0  00 00 E0 B1 DC E7 B3 B5 14 D2 CC C0 CC C0 14 D2
000145B0  B3 B5 DC E7 E0 B1 00 00 B3 B5 24 18 CC C0 EC 2D
000145C0  14 D2 34 3F DC E7 4D 4A 00 00 20 4E 24 18 4D 4A
000145D0  EC 2D 34 3F 34 3F EC 2D 4D 4A 24 18 20 4E 00 00
000145E0  4D 4A DC E7 34 3F 14 D2 EC 2D CC C0 24 18 B3 B5
000145F0  00 00 E0 B1 DC E7 B3 B5 14 D2 CC C0 CC C0 14 D2
00014600  B3 B5 DC E7 E0 B1 00 00 B3 B5 24 18 CC C0 EC 2D
00014610  14 D2 34 3F DC E7 4D 4A 00 00 20 4E 24 18 4D 4A
00014620  EC 2D 34 3F 34 3F EC 2D 4D 4A 24 18 20 4E 00 00
00014630  4D 4A DC E7 34 3F 14 D2 EC 2D CC C0 24 18 B3 B5
00014640  00 00 E0 B1 DC E7 B3 B5 14 D2 CC C0 CC C0 14 D2
00014650  B3 B5 DC E7 E0 B1 00 00 B3 B5 24 18 CC C0 EC 2D
00014660  14 D2 34 3F DC E7 4D 4A 00 00 20 4E 24 18 4D 4A
00014670  EC 2D 34 3F 34 3F EC 2D 4D 4A 24 18 20 4E 00 00
00014680  4D 4A DC E7 34 3F 14 D2 EC 2D CC C0 24 18 B3 B5
00014690  00 00 E0 B1 DC E7 B3 B5 14 D2 CC C0 CC C0 14 D2
000146A0  B3 B5 DC E7 E0 B1 00 00 B3 B5 24 18 CC C0 EC 2D
000146B0  14 D2 34 3F DC E7 4D 4A 00 00 20 4E 24 18 4D 4A
000146C0  EC 2D 34 3F 34 3F EC 2D 4D 4A 24 18 20 4E 00 00
000146D0  4D 4A DC E7 34 3F 14 D2 EC 2D CC C0 24 18 B3 B5
000146E0  00 00 E0 B1 DC E7 B3 B5 14 D2 CC C0 CC C0 14 D2
000146F0  B3 B5 DC E7 E0 B1 00 00 B3 B5 24 18 CC C0 EC 2D
00014700  14 D2 34 3F DC E7 4D 4A 00 00 20 4E 24 18 4D 4A
00014710  EC 2D 34 3F 34 3F EC 2D 4D 4A 24 18 20 4E 00 00
00014720  4D 4A DC E7 34 3F 14 D2 EC 2D CC C0 24 18 B3 B5
00014730  00 00 E0 B1 DC E7 B3 B5 14 D2 CC C0 CC C0 14 D2
00014740  B3 B5 DC E7 E0 B1 00 00 B3 B5 24 18 CC C0 EC 2D
00014750  14 D2 34 3F DC E7 4D 4A 00 00 20 4E 24 18 4D 4A
00014760  EC 2D 34 3F 34 3F EC 2D 4D 4A 24 18 20 4E 00 00
00014770  4D 4A DC E7 34 3F 14 D2 EC 2D CC C0 24 18 B3 B5
00014780  00 00 E0 B1 DC E7 B3 B5 14 D2 CC C0 CC C0 14 D2
00014790  B3 B5 DC E7 E0 B1 00 00 B3 B5 24 18 CC C0 EC 2D
000147A0  14 D2 34 3F DC E7 4D 4A 00 00 20 4E 24 18 4D 4A
000147B0  EC 2D 34 3F 34 3F EC 2D 4D 4A 24 18 20 4E 00 00
000147C0  4D 4A DC E7 34 3F 14 D2 EC 2D CC C0 24 18 B3 B5
000147D0  00 00 E0 B1 DC E7 B3 B5 14 D2 CC C0 CC C0 14 D2
000147E0  B3 B5 DC E7 E0 B1 00 00 B3 B5 24 18 CC C0 EC 2D
000147F0  14 D2 34 3F DC E7 4D 4A 00 00 20 4E 24 18 4D 4A
00014800  EC 2D 34 3F 34 3F EC 2D 4D 4A 24 18 20 4E 00 00
00014810  4D 4A DC E7 34 3F 14 D2 EC 2D CC C0 24 18 B3 B5
00014820  00 00 E0 B1 DC E7 B3 B5 14 D2 CC C0 CC C0 14 D2
00014830  B3 B5 DC E7 E0 B1 00 00 B3 B5 24 18 CC C0 EC 2D
00014840  14 D2 34 3F DC E7 4D 4A 00 00 20 4E 24 18 4D 4A
00014850  EC 2D 34 3F 34 3F EC 2D 4D 4A 24 18 20 4E 00 00
00014860  4D 4A DC E7 34 3F 14 D2 EC 2D CC C0 24 18 B3 B5
00014870  00 00 E0 B1 DC E7 B3 B5 14 D2 CC C0 CC C0 14 D2
00014880  B3 B5 DC E7 E0 B1 00 00 B3 B5 24 18 CC C0 EC 2D
00014890  14 D2 34 3F DC E7 4D 4A 00 00 20 4E 24 18 4D 4A
000148A0  EC 2D 34 3F 34 3F EC 2D 4D 4A 24 18 20 4E 00 00
000148B0  4D 4A DC E7 34 3F 14 D2 EC 2D CC C0 24 18 B3 B5
000148C0  00 00 E0 B1 DC E7 B3 B5 14 D2 CC C0 CC C0 14 D2
000148D0  B3 B5 DC E7 E0 B1 00 00 B3 B5 24 18 CC C0 EC 2D
000148E0  14 D2 34 3F DC E7 4D 4A 00 00 20 4E 24 18 4D 4A
000148F0  EC 2D 34 3F 34 3F EC 2D 4D 4A 24 18 20 4E 00 00
00014900  4D 4A DC E7 34 3F 14 D2 EC 2D CC C0 24 18 B3 B5
00014910  00 00 E0 B1 DC E7 B3 B5 14 D2 CC C0 CC C0 14 D2
00014920  B3 B5 DC E7 E0 B1 00 00 B3 B5 24 18 CC C0 EC 2D
00014930  14 D2 34 3F DC E7 4D 4A 00 00 20 4E 24 18 4D 4A
00014940  EC 2D 34 3F 34 3F EC 2D 4D 4A 24 18 20 4E 00 00
00014950  4D 4A DC E7 34 3F 14 D2 EC 2D CC C0 24 18 B3 B5
00014960  00 00 E0 B1 DC E7 B3 B5 14 D2 CC C0 CC C0 14 D2
00014970  B3 B5 DC E7 E0 B1 00 00 B3 B5 24 18 CC C0 EC 2D
00014980  14 D2 34 3F DC E7 4D 4A 00 00 20 4E 24 18 4D 4A
00014990  EC 2D 34 3F 34 3F EC 2D 4D 4A 24 18 20 4E 00 00
000149A0  4D 4A DC E7 34 3F 14 D2 EC 2D CC C0 24 18 B3 B5
000149B0  00 00 E0 B1 DC E7 B3 B5 14 D2 CC C0 CC C0 14 D2
000149C0  B3 B5 DC E7 E0 B1 00 00 B3 B5 24 18 CC C0 EC 2D
000149D0  14 D2 34 3F DC E7 4D 4A 00 00 20 4E 24 18 4D 4A
000149E0  EC 2D 34 3F 34 3F EC 2D 4D 4A 24 18 20 4E 00 00
000149F0  4D 4A DC E7 34 3F 14 D2 EC 2D CC C0 24 18 B3 B5
00014A00  00 00 E0 B1 DC E7 B3 B5 14 D2 CC C0 CC C0 14 D2
00014A10  B3 B5 DC E7 E0 B1 00 00 B3 B5 24 18 CC C0 EC 2D
00014A20  14 D2 34 3F DC E7 4D 4A 00 00 20 4E 24 18 4D 4A
00014A30  EC 2D 34 3F 34 3F EC 2D 4D 4A 24 18 20 4E 00 00
00014A40  4D 4A DC E7 34 3F 14 D2 EC 2D CC C0 24 18 B3 B5
00014A50  00 00 E0 B1 DC E7 B3 B5 14 D2 CC C0 CC C0 14 D2
00014A60  B3 B5 DC E7 E0 B1 00 00 B3 B5 24 18 CC C0 EC 2D
00014A70  14 D2 34 3F DC E7 4D 4A 00 00 20 4E 24 18 4D 4A
00014A80  EC 2D 34 3F 34 3F EC 2D 4D 4A 24 18 20 4E 00 00
00014A90  4D 4A DC E7 34 3F 14 D2 EC 2D CC C0 24 18 B3 B5
00014AA0  00 00 E0 B1 DC E7 B3 B5 14 D2 CC C0 CC C0 14 D2
00014AB0  B3 B5 DC E7 E0 B1 00 00 B3 B5 24 18 CC C0 EC 2D
00014AC0  14 D2 34 3F DC E7 4D 4A 00 00 20 4E 24 18 4D 4A
00014AD0  EC 2D 34 3F 34 3F EC 2D 4D 4A 24 18 20 4E 00 00
00014AE0  4D 4A DC E7 34 3F 14 D2 EC 2D CC C0 24 18 B3 B5
00014AF0  00 00 E0 B1 DC E7 B3 B5 14 D2 CC C0 CC C0 14 D2
00014B00  B3 B5 DC E7 E0 B1 00 00 B3 B5 24 18 CC C0 EC 2D
00014B10  14 D2 34 3F DC E7 4D 4A 00 00 20 4E 24 18 4D 4A
00014B20  EC 2D 34 3F 34 3F EC 2D 4D 4A 24 18 20 4E 00 00
00014B30  4D 4A DC E7 34 3F 14 D2 EC 2D CC C0 24 18 B3 B5
00014B40  00 00 E0 B1 DC E7 B3 B5 14 D2 CC C0 CC C0 14 D2
00014B50  B3 B5 DC E7 E0 B1 00 00 B3 B5 24 18 CC C0 EC 2D
00014B60  14 D2 34 3F DC E7 4D 4A 00 00 20 4E 24 18 4D 4A
00014B70  EC 2D 34 3F 34 3F EC 2D 4D 4A 24 18 20 4E 00 00
00014B80  4D 4A DC E7 34 3F 14 D2 EC 2D CC C0 24 18 B3 B5
00014B90  00 00 E0 B1 DC E7 B3 B5 14 D2 CC C0 CC C0 14 D2
00014BA0  B3 B5 DC E7 E0 B1 00 00 B3 B5 24 18 CC C0 EC 2D
00014BB0  14 D2 34 3F DC E7 4D 4A 00 00 20 4E 24 18 4D 4A
00014BC0  EC 2D 34 3F 34 3F EC 2D 4D 4A 24 18 20 4E 00 00
00014BD0  4D 4A DC E7 34 3F 14 D2 EC 2D CC C0 24 18 B3 B5
00014BE0  00 00 E0 B1 DC E7 B3 B5 14 D2 CC C0 CC C0 14 D2
00014BF0  B3 B5 DC E7 E0 B1 00 00 B3 B5 24 18 CC C0 EC 2D
00014C00  14 D2 34 3F DC E7 4D 4A 00 00 20 4E 24 18 4D 4A
00014C10  EC 2D 34 3F 34 3F EC 2D 4D 4A 24 18 20 4E 00 00
00014C20  4D 4A DC E7 34 3F 14 D2 EC 2D CC C0 24 18 B3 B5
00014C30  00 00 E0 B1 DC E7 B3 B5 14 D2 CC C0 CC C0 14 D2
00014C40  B3 B5 DC E7 E0 B1 00 00 B3 B5 24 18 CC C0 EC 2D
00014C50  14 D2 34 3F DC E7 4D 4A 00 00 20 4E 24 18 4D 4A
00014C60  EC 2D 34 3F 34 3F EC 2D 4D 4A 24 18 20 4E 00 00
00014C70  4D 4A DC E7 34 3F 14 D2 EC 2D CC C0 24 18 B3 B5
00014C80  00 00 E0 B1 DC E7 B3 B5 14 D2 CC C0 CC C0 14 D2
00014C90  B3 B5 DC E7 E0 B1 00 00 B3 B5 24 18 CC C0 EC 2D
00014CA0  14 D2 34 3F DC E7 4D 4A 00 00 20 4E 24 18 4D 4A
00014CB0  EC 2D 34 3F 34 3F EC 2D 4D 4A 24 18 20 4E 00 00
00014CC0  4D 4A DC E7 34 3F 14 D2 EC 2D CC C0 24 18 B3 B5
00014CD0  00 00 E0 B1 DC E7 B3 B5 14 D2 CC C0 CC C0 14 D2
00014CE0  B3 B5 DC E7 E0 B1 00 00 B3 B5 24 18 CC C0 EC 2D
00014CF0  14 D2 34 3F DC E7 4D 4A 00 00 20 4E 24 18 4D 4A
00014D00  EC 2D 34 3F 34 3F EC 2D 4D 4A 24 18 20 4E 00 00
00014D10  4D 4A DC E7 34 3F 14 D2 EC 2D CC C0 24 18 B3 B5
00014D20  00 00 E0 B1 DC E7 B3 B5 14 D2 CC C0 CC C0 14 D2
00014D30  B3 B5 DC E7 E0 B1 00 00 B3 B5 24 18 CC C0 EC 2D
00014D40  14 D2 34 3F DC E7 4D 4A 00 00 20 4E 24 18 4D 4A
00014D50  EC 2D 34 3F 34 3F EC 2D 4D 4A 24 18 20 4E 00 00
00014D60  4D 4A DC E7 34 3F 14 D2 EC 2D CC C0 24 18 B3 B5
00014D70  00 00 E0 B1 DC E7 B3 B5 14 D2 CC C0 CC C0 14 D2
00014D80  B3 B5 DC E7 E0 B1 00 00 B3 B5 24 18 CC C0 EC 2D
00014D90  14 D2 34 3F DC E7 4D 4A 00 00 20 4E 24 18 4D 4A
00014DA0  EC 2D 34 3F 34 3F EC 2D 4D 4A 24 18 20 4E 00 00
00014DB0  4D 4A DC E7 34 3F 14 D2 EC 2D CC C0 24 18 B3 B5
00014DC0  00 00 E0 B1 DC E7 B3 B5 14 D2 CC C0 CC C0 14 D2
00014DD0  B3 B5 DC E7 E0 B1 00 00 B3 B5 24 18 CC C0 EC 2D
00014DE0  14 D2 34 3F DC E7 4D 4A 00 00 20 4E 24 18 4D 4A
00014DF0  EC 2D 34 3F 34 3F EC 2D 4D 4A 24 18 20 4E 00 00
00014E00  4D 4A DC E7 34 3F 14 D2 EC 2D CC C0 24 18 B3 B5
00014E10  00 00 E0 B1 DC E7 B3 B5 14 D2 CC C0 CC C0 14 D2
00014E20  B3 B5 DC E7 E0 B1 00 00 B3 B5 24 18 CC C0 EC 2D
00014E30  14 D2 34 3F DC E7 4D 4A 00 00 20 4E 24 18 4D 4A
00014E40  EC 2D 34 3F 34 3F EC 2D 4D 4A 24 18 20 4E 00 00
00014E50  4D 4A DC E7 34 3F 14 D2 EC 2D CC C0 24 18 B3 B5
00014E60  00 00 E0 B1 DC E7 B3 B5 14 D2 CC C0 CC C0 14 D2
00014E70  B3 B5 DC E7 E0 B1 00 00 B3 B5 24 18 CC C0 EC 2D
00014E80  14 D2 34 3F DC E7 4D 4A 00 00 20 4E 24 18 4D 4A
00014E90  EC 2D 34 3F 34 3F EC 2D 4D 4A 24 18 20 4E 00 00
00014EA0  4D 4A DC E7 34 3F 14 D2 EC 2D CC C0 24 18 B3 B5
00014EB0  00 00 E0 B1 DC E7 B3 B5 14 D2 CC C0 CC C0 14 D2
00014EC0  B3 B5 DC E7 E0 B1 00 00 B3 B5 24 18 CC C0 EC 2D
00014ED0  14 D2 34 3F DC E7 4D 4A 00 00 20 4E 24 18 4D 4A
00014EE0  EC 2D 34 3F 34 3F EC 2D 4D 4A 24 18 20 4E 00 00
00014EF0  4D 4A DC E7 34 3F 14 D2 EC 2D CC C0 24 18 B3 B5
00014F00  00 00 E0 B1 DC E7 B3 B5 14 D2 CC C0 CC C0 14 D2
00014F10  B3 B5 DC E7 E0 B1 00 00 B3 B5 24 18 CC C0 EC 2D
00014F20  14 D2 34 3F DC E7 4D 4A 00 00 20 4E 24 18 4D 4A
00014F30  EC 2D 34 3F 34 3F EC 2D 4D 4A 24 18 20 4E 00 00
00014F40  4D 4A DC E7 34 3F 14 D2 EC 2D CC C0 24 18 B3 B5
00014F50  00 00 E0 B1 DC E7 B3 B5 14 D2 CC C0 CC C0 14 D2
00014F60  B3 B5 DC E7 E0 B1 00 00 B3 B5 24 18 CC C0 EC 2D
00014F70  14 D2 34 3F DC E7 4D 4A 00 00 20 4E 24 18 4D 4A
00014F80  EC 2D 34 3F 34 3F EC 2D 4D 4A 24 18 20 4E 00 00
00014F90  4D 4A DC E7 34 3F 14 D2 EC 2D CC C0 24 18 B3 B5
00014FA0  00 00 E0 B1 DC E7 B3 B5 14 D2 CC C0 CC C0 14 D2
00014FB0  B3 B5 DC E7 E0 B1 00 00 B3 B5 24 18 CC C0 EC 2D
00014FC0  14 D2 34 3F DC E7 4D 4A 00 00 20 4E 24 18 4D 4A
00014FD0  EC 2D 34 3F 34 3F EC 2D 4D 4A 24 18 20 4E 00 00
00014FE0  4D 4A DC E7 34 3F 14 D2 EC 2D CC C0 24 18 B3 B5
00014FF0  00 00 E0 B1 DC E7 B3 B5 14 D2 CC C0 CC C0 14 D2
00015000  B3 B5 DC E7 E0 B1 00 00 B3 B5 24 18 CC C0 EC 2D
00015010  14 D2 34 3F DC E7 4D 4A 00 00 20 4E 24 18 4D 4A
00015020  EC 2D 34 3F 34 3F EC 2D 4D 4A 24 18 20 4E 00 00
00015030  4D 4A DC E7 34 3F 14 D2 EC 2D CC C0 24 18 B3 B5
00015040  00 00 E0 B1 DC E7 B3 B5 14 D2 CC C0 CC C0 14 D2
00015050  B3 B5 DC E7 E0 B1 00 00 B3 B5 24 18 CC C0 EC 2D
00015060  14 D2 34 3F DC E7 4D 4A 00 00 20 4E 24 18 4D 4A
00015070  EC 2D 34 3F 34 3F EC 2D 4D 4A 24 18 20 4E 00 00
00015080  4D 4A DC E7 34 3F 14 D2 EC 2D CC C0 24 18 B3 B5
00015090  00 00 E0 B1 DC E7 B3 B5 14 D2 CC C0 CC C0 14 D2
000150A0  B3 B5 DC E7 E0 B1 00 00 B3 B5 24 18 CC C0 EC 2D
000150B0  14 D2 34 3F DC E7 4D 4A 00 00 20 4E 24 18 4D 4A
000150C0  EC 2D 34 3F 34 3F EC 2D 4D 4A 24 18 20 4E 00 00
000150D0  4D 4A DC E7 34 3F 14 D2 EC 2D CC C0 24 18 B3 B5
000150E0  00 00 E0 B1 DC E7 B3 B5 14 D2 CC C0 CC C0 14 D2
000150F0  B3 B5 DC E7 E0 B1 00 00 B3 B5 24 18 CC C0 EC 2D
00015100  14 D2 34 3F DC E7 4D 4A 00 00 20 4E 24 18 4D 4A
00015110  EC 2D 34 3F 34 3F EC 2D 4D 4A 24 18 20 4E 00 00
00015120  4D 4A DC E7 34 3F 14 D2 EC 2D CC C0 24 18 B3 B5
00015130  00 00 E0 B1 DC E7 B3 B5 14 D2 CC C0 CC C0 14 D2
00015140  B3 B5 DC E7 E0 B1 00 00 B3 B5 24 18 CC C0 EC 2D
00015150  14 D2 34 3F DC E7 4D 4A 00 00 20 4E 24 18 4D 4A
00015160  EC 2D 34 3F 34 3F EC 2D 4D 4A 24 18 20 4E 00 00
00015170  4D 4A DC E7 34 3F 14 D2 EC 2D CC C0 24 18 B3 B5
00015180  00 00 E0 B1 DC E7 B3 B5 14 D2 CC C0 CC C0 14 D2
00015190  B3 B5 DC E7 E0 B1 00 00 B3 B5 24 18 CC C0 EC 2D
000151A0  14 D2 34 3F DC E7 4D 4A 00 00 20 4E 24 18 4D 4A
000151B0  EC 2D 34 3F 34 3F EC 2D 4D 4A 24 18 20 4E 00 00
000151C0  4D 4A DC E7 34 3F 14 D2 EC 2D CC C0 24 18 B3 B5
000151D0  00 00 E0 B1 DC E7 B3 B5 14 D2 CC C0 CC C0 14 D2
000151E0  B3 B5 DC E7 E0 B1 00 00 B3 B5 24 18 CC C0 EC 2D
000151F0  14 D2 34 3F DC E7 4D 4A 00 00 20 4E 24 18 4D 4A
00015200  EC 2D 34 3F 34 3F EC 2D 4D 4A 24 18 20 4E 00 00
00015210  4D 4A DC E7 34 3F 14 D2 EC 2D CC C0 24 18 B3 B5
00015220  00 00 E0 B1 DC E7 B3 B5 14 D2 CC C0 CC C0 14 D2
00015230  B3 B5 DC E7 E0 B1 00 00 B3 B5 24 18 CC C0 EC 2D
00015240  14 D2 34 3F DC E7 4D 4A 00 00 20 4E 24 18 4D 4A
00015250  EC 2D 34 3F 34 3F EC 2D 4D 4A 24 18 20 4E 00 00
00015260  4D 4A DC E7 34 3F 14 D2 EC 2D CC C0 24 18 B3 B5
00015270  00 00 E0 B1 DC E7 B3 B5 14 D2 CC C0 CC C0 14 D2
00015280  B3 B5 DC E7 E0 B1 00 00 B3 B5 24 18 CC C0 EC 2D
00015290  14 D2 34 3F DC E7 4D 4A 00 00 20 4E 24 18 4D 4A
000152A0  EC 2D 34 3F 34 3F EC 2D 4D 4A 24 18 20 4E 00 00
000152B0  4D 4A DC E7 34 3F 14 D2 EC 2D CC C0 24 18 B3 B5
000152C0  00 00 E0 B1 DC E7 B3 B5 14 D2 CC C0 CC C0 14 D2
000152D0  B3 B5 DC E7 E0 B1 00 00 B3 B5 24 18 CC C0 EC 2D
000152E0  14 D2 34 3F DC E7 4D 4A 00 00 20 4E 24 18 4D 4A
000152F0  EC 2D 34 3F 34 3F EC 2D 4D 4A 24 18 20 4E 00 00
00015300  4D 4A DC E7 34 3F 14 D2 EC 2D CC C0 24 18 B3 B5
00015310  00 00 E0 B1 DC E7 B3 B5 14 D2 CC C0 CC C0 14 D2
00015320  B3 B5 DC E7 E0 B1 00 00 B3 B5 24 18 CC C0 EC 2D
00015330  14 D2 34 3F DC E7 4D 4A 00 00 20 4E 24 18 4D 4A
00015340  EC 2D 34 3F 34 3F EC 2D 4D 4A 24 18 20 4E 00 00
00015350  4D 4A DC E7 34 3F 14 D2 EC 2D CC C0 24 18 B3 B5
00015360  00 00 E0 B1 DC E7 B3 B5 14 D2 CC C0 CC C0 14 D2
00015370  B3 B5 DC E7 E0 B1 00 00 B3 B5 24 18 CC C0 EC 2D
00015380  14 D2 34 3F DC E7 4D 4A 00 00 20 4E 24 18 4D 4A
00015390  EC 2D 34 3F 34 3F EC 2D 4D 4A 24 18 20 4E 00 00
000153A0  4D 4A DC E7 34 3F 14 D2 EC 2D CC C0 24 18 B3 B5
000153B0  00 00 E0 B1 DC E7 B3 B5 14 D2 CC C0 CC C0 14 D2
000153C0  B3 B5 DC E7 E0 B1 00 00 B3 B5 24 18 CC C0 EC 2D
000153D0  14 D2 34 3F DC E7 4D 4A 00 00 20 4E 24 18 4D 4A
000153E0  EC 2D 34 3F 34 3F EC 2D 4D 4A 24 18 20 4E 00 00
000153F0  4D 4A DC E7 34 3F 14 D2 EC 2D CC C0 24 18 B3 B5
00015400  00 00 E0 B1 DC E7 B3 B5 14 D2 CC C0 CC C0 14 D2
00015410  B3 B5 DC E7 E0 B1 00 00 B3 B5 24 18 CC C0 EC 2D
00015420  14 D2 34 3F DC E7 4D 4A 00 00 20 4E 24 18 4D 4A
00015430  EC 2D 34 3F 34 3F EC 2D 4D 4A 24 18 20 4E 00 00
00015440  4D 4A DC E7 34 3F 14 D2 EC 2D CC C0 24 18 B3 B5
00015450  00 00 E0 B1 DC E7 B3 B5 14 D2 CC C0 CC C0 14 D2
00015460  B3 B5 DC E7 E0 B1 00 00 B3 B5 24 18 CC C0 EC 2D
00015470  14 D2 34 3F DC E7 4D 4A 00 00 20 4E 24 18 4D 4A
00015480  EC 2D 34 3F 34 3F EC 2D 4D 4A 24 18 20 4E 00 00
00015490  4D 4A DC E7 34 3F 14 D2 EC 2D CC C0 24 18 B3 B5
000154A0  00 00 E0 B1 DC E7 B3 B5 14 D2 CC C0 CC C0 14 D2
000154B0  B3 B5 DC E7 E0 B1 00 00 B3 B5 24 18 CC C0 EC 2D
000154C0  14 D2 34 3F DC E7 4D 4A 00 00 20 4E 24 18 4D 4A
000154D0  EC 2D 34 3F 34 3F EC 2D 4D 4A 24 18 20 4E 00 00
000154E0  4D 4A DC E7 34 3F 14 D2 EC 2D CC C0 24 18 B3 B5
000154F0  00 00 E0 B1 DC E7 B3 B5 14 D2 CC C0 CC C0 14 D2
00015500  B3 B5 DC E7 E0 B1 00 00 B3 B5 24 18 CC C0 EC 2D
00015510  14 D2 34 3F DC E7 4D 4A 00 00 20 4E 24 18 4D 4A
00015520  EC 2D 34 3F 34 3F EC 2D 4D 4A 24 18 20 4E 00 00
00015530  4D 4A DC E7 34 3F 14 D2 EC 2D CC C0 24 18 B3 B5
00015540  00 00 E0 B1 DC E7 B3 B5 14 D2 CC C0 CC C0 14 D2
00015550  B3 B5 DC E7 E0 B1 00 00 B3 B5 24 18 CC C0 EC 2D
00015560  14 D2 34 3F DC E7 4D 4A 00 00 20 4E 24 18 4D 4A
00015570  EC 2D 34 3F 34 3F EC 2D 4D 4A 24 18 20 4E 00 00
00015580  4D 4A DC E7 34 3F 14 D2 EC 2D CC C0 24 18 B3 B5
00015590  00 00 E0 B1 DC E7 B3 B5 14 D2 CC C0 CC C0 14 D2
000155A0  B3 B5 DC E7 E0 B1 00 00 B3 B5 24 18 CC C0 EC 2D
000155B0  14 D2 34 3F DC E7 4D 4A 00 00 20 4E 24 18 4D 4A
000155C0  EC 2D 34 3F 34 3F EC 2D 4D 4A 24 18 20 4E 00 00
000155D0  4D 4A DC E7 34 3F 14 D2 EC 2D CC C0 24 18 B3 B5
000155E0  00 00 E0 B1 DC E7 B3 B5 14 D2 CC C0 CC C0 14 D2
000155F0  B3 B5 DC E7 E0 B1 00 00 B3 B5 24 18 CC C0 EC 2D
00015600  14 D2 34 3F DC E7 4D 4A 00 00 20 4E 24 18 4D 4A
00015610  EC 2D 34 3F 34 3F EC 2D 4D 4A 24 18 20 4E 00 00
00015620  4D 4A DC E7 34 3F 14 D2 EC 2D CC C0 24 18 B3 B5
00015630  00 00 E0 B1 DC E7 B3 B5 14 D2 CC C0 CC C0 14 D2
00015640  B3 B5 DC E7 E0 B1 00 00 B3 B5 24 18 CC C0 EC 2D
00015650  14 D2 34 3F DC E7 4D 4A 00 00 20 4E 24 18 4D 4A
00015660  EC 2D 34 3F 34 3F EC 2D 4D 4A 24 18 20 4E 00 00
00015670  4D 4A DC E7 34 3F 14 D2 EC 2D CC C0 24 18 B3 B5
00015680  00 00 E0 B1 DC E7 B3 B5 14 D2 CC C0 CC C0 14 D2
00015690  B3 B5 DC E7 E0 B1 00 00 B3 B5 24 18 CC C0 EC 2D
000156A0  14 D2 34 3F DC E7 4D 4A 00 00 20 4E 24 18 4D 4A
000156B0  EC 2D 34 3F 34 3F EC 2D 4D 4A 24 18 20 4E 00 00
000156C0  4D 4A DC E7 34 3F 14 D2 EC 2D CC C0 24 18 B3 B5
000156D0  00 00 E0 B1 DC E7 B3 B5 14 D2 CC C0 CC C0 14 D2
000156E0  B3 B5 DC E7 E0 B1 00 00 B3 B5 24 18 CC C0 EC 2D
000156F0  14 D2 34 3F DC E7 4D 4A 00 00 20 4E 24 18 4D 4A
00015700  EC 2D 34 3F 34 3F EC 2D 4D 4A 24 18 20 4E 00 00
00015710  4D 4A DC E7 34 3F 14 D2 EC 2D CC C0 24 18 B3 B5
00015720  00 00 E0 B1 DC E7 B3 B5 14 D2 CC C0 CC C0 14 D2
00015730  B3 B5 DC E7 E0 B1 00 00 B3 B5 24 18 CC C0 EC 2D
00015740  14 D2 34 3F DC E7 4D 4A 00 00 20 4E 24 18 4D 4A
00015750  EC 2D 34 3F 34 3F EC 2D 4D 4A 24 18 20 4E 00 00
00015760  4D 4A DC E7 34 3F 14 D2 EC 2D CC C0 24 18 B3 B5
00015770  00 00 E0 B1 DC E7 B3 B5 14 D2 CC C0 CC C0 14 D2
00015780  B3 B5 DC E7 E0 B1 00 00 B3 B5 24 18 CC C0 EC 2D
00015790  14 D2 34 3F DC E7 4D 4A 00 00 20 4E 24 18 4D 4A
000157A0  EC 2D 34 3F 34 3F EC 2D 4D 4A 24 18 20 4E 00 00
000157B0  4D 4A DC E7 34 3F 14 D2 EC 2D CC C0 24 18 B3 B5
000157C0  00 00 E0 B1 DC E7 B3 B5 14 D2 CC C0 CC C0 14 D2
000157D0  B3 B5 DC E7 E0 B1 00 00 B3 B5 24 18 CC C0 EC 2D
000157E0  14 D2 34 3F DC E7 4D 4A 00 00 20 4E 24 18 4D 4A
000157F0  EC 2D 34 3F 34 3F EC 2D 4D 4A 24 18 20 4E 00 00
00015800  4D 4A DC E7 34 3F 14 D2 EC 2D CC C0 24 18 B3 B5
00015810  00 00 E0 B1 DC E7 B3 B5 14 D2 CC C0 CC C0 14 D2
00015820  B3 B5 DC E7 E0 B1 00 00 B3 B5 24 18 CC C0 EC 2D
00015830  14 D2 34 3F DC E7 4D 4A 00 00 20 4E 24 18 4D 4A
00015840  EC 2D 34 3F 34 3F EC 2D 4D 4A 24 18 20 4E 00 00
00015850  4D 4A DC E7 34 3F 14 D2 EC 2D CC C0 24 18 B3 B5
00015860  00 00 E0 B1 DC E7 B3 B5 14 D2 CC C0 CC C0 14 D2
00015870  B3 B5 DC E7 E0 B1 00 00 B3 B5 24 18 CC C0 EC 2D
00015880  14 D2 34 3F DC E7 4D 4A 00 00 20 4E 24 18 4D 4A
00015890  EC 2D 34 3F 34 3F EC 2D 4D 4A 24 18 20 4E 00 00
000158A0  4D 4A DC E7 34 3F 14 D2 EC 2D CC C0 24 18 B3 B5
000158B0  00 00 E0 B1 DC E7 B3 B5 14 D2 CC C0 CC C0 14 D2
000158C0  B3 B5 DC E7 E0 B1 00 00 B3 B5 24 18 CC C0 EC 2D
000158D0  14 D2 34 3F DC E7 4D 4A 00 00 20 4E 24 18 4D 4A
000158E0  EC 2D 34 3F 34 3F EC 2D 4D 4A 24 18 20 4E 00 00
000158F0  4D 4A DC E7 34 3F 14 D2 EC 2D CC C0 24 18 B3 B5
00015900  00 00 E0 B1 DC E7 B3 B5 14 D2 CC C0 CC C0 14 D2
00015910  B3 B5 DC E7 E0 B1 00 00 B3 B5 24 18 CC C0 EC 2D
00015920  14 D2 34 3F DC E7 4D 4A 00 00 20 4E 24 18 4D 4A
00015930  EC 2D 34 3F 34 3F EC 2D 4D 4A 24 18 20 4E 00 00
00015940  4D 4A DC E7 34 3F 14 D2 EC 2D CC C0 24 18 B3 B5
00015950  00 00 E0 B1 DC E7 B3 B5 14 D2 CC C0 CC C0 14 D2
00015960  B3 B5 DC E7 E0 B1 00 00 B3 B5 24 18 CC C0 EC 2D
00015970  14 D2 34 3F DC E7 4D 4A 00 00 20 4E 24 18 4D 4A
00015980  EC 2D 34 3F 34 3F EC 2D 4D 4A 24 18 20 4E 00 00
00015990  4D 4A DC E7 34 3F 14 D2 EC 2D CC C0 24 18 B3 B5
000159A0  00 00 E0 B1 DC E7 B3 B5 14 D2 CC C0 CC C0 14 D2
000159B0  B3 B5 DC E7 E0 B1 00 00 B3 B5 24 18 CC C0 EC 2D
000159C0  14 D2 34 3F DC E7 4D 4A 00 00 20 4E 24 18 4D 4A
000159D0  EC 2D 34 3F 34 3F EC 2D 4D 4A 24 18 20 4E 00 00
000159E0  4D 4A DC E7 34 3F 14 D2 EC 2D CC C0 24 18 B3 B5
000159F0  00 00 E0 B1 DC E7 B3 B5 14 D2 CC C0 CC C0 14 D2
00015A00  B3 B5 DC E7 E0 B1 00 00 B3 B5 24 18 CC C0 EC 2D
00015A10  14 D2 34 3F DC E7 4D 4A 00 00 20 4E 24 18 4D 4A
00015A20  EC 2D 34 3F 34 3F EC 2D 4D 4A 24 18 20 4E 00 00
00015A30  4D 4A DC E7 34 3F 14 D2 EC 2D CC C0 24 18 B3 B5
00015A40  00 00 E0 B1 DC E7 B3 B5 14 D2 CC C0 CC C0 14 D2
00015A50  B3 B5 DC E7 E0 B1 00 00 B3 B5 24 18 CC C0 EC 2D
00015A60  14 D2 34 3F DC E7 4D 4A 00 00 20 4E 24 18 4D 4A
00015A70  EC 2D 34 3F 34 3F EC 2D 4D 4A 24 18 20 4E 00 00
00015A80  4D 4A DC E7 34 3F 14 D2 EC 2D CC C0 24 18 B3 B5
00015A90  00 00 E0 B1 DC E7 B3 B5 14 D2 CC C0 CC C0 14 D2
00015AA0  B3 B5 DC E7 E0 B1 00 00 B3 B5 24 18 CC C0 EC 2D
00015AB0  14 D2 34 3F DC E7 4D 4A 00 00 20 4E 24 18 4D 4A
00015AC0  EC 2D 34 3F 34 3F EC 2D 4D 4A 24 18 20 4E 00 00
00015AD0  4D 4A DC E7 34 3F 14 D2 EC 2D CC C0 24 18 B3 B5
00015AE0  00 00 E0 B1 DC E7 B3 B5 14 D2 CC C0 CC C0 14 D2
00015AF0  B3 B5 DC E7 E0 B1 00 00 B3 B5 24 18 CC C0 EC 2D
00015B00  14 D2 34 3F DC E7 4D 4A 00 00 20 4E 24 18 4D 4A
00015B10  EC 2D 34 3F 34 3F EC 2D 4D 4A 24 18 20 4E 00 00
00015B20  4D 4A DC E7 34 3F 14 D2 EC 2D CC C0 24 18 B3 B5
00015B30  00 00 E0 B1 DC E7 B3 B5 14 D2 CC C0 CC C0 14 D2
00015B40  B3 B5 DC E7 E0 B1 00 00 B3 B5 24 18 CC C0 EC 2D
00015B50  14 D2 34 3F DC E7 4D 4A 00 00 20 4E 24 18 4D 4A
00015B60  EC 2D 34 3F 34 3F EC 2D 4D 4A 24 18 20 4E 00 00
00015B70  4D 4A DC E7 34 3F 14 D2 EC 2D CC C0 24 18 B3 B5
00015B80  00 00 E0 B1 DC E7 B3 B5 14 D2 CC C0 CC C0 14 D2
00015B90  B3 B5 DC E7 E0 B1 00 00 B3 B5 24 18 CC C0 EC 2D
00015BA0  14 D2 34 3F DC E7 4D 4A 00 00 20 4E 24 18 4D 4A
00015BB0  EC 2D 34 3F 34 3F EC 2D 4D 4A 24 18 20 4E 00 00
00015BC0  4D 4A DC E7 34 3F 14 D2 EC 2D CC C0 24 18 B3 B5
00015BD0  00 00 E0 B1 DC E7 B3 B5 14 D2 CC C0 CC C0 14 D2
00015BE0  B3 B5 DC E7 E0 B1 00 00 B3 B5 24 18 CC C0 EC 2D
00015BF0  14 D2 34 3F DC E7 4D 4A 00 00 20 4E 24 18 4D 4A
00015C00  EC 2D 34 3F 34 3F EC 2D 4D 4A 24 18 20 4E 00 00
00015C10  4D 4A DC E7 34 3F 14 D2 EC 2D CC C0 24 18 B3 B5
00015C20  00 00 E0 B1 DC E7 B3 B5 14 D2 CC C0 CC C0 14 D2
00015C30  B3 B5 DC E7 E0 B1 00 00 B3 B5 24 18 CC C0 EC 2D
00015C40  14 D2 34 3F DC E7 4D 4A 00 00 20 4E 24 18 4D 4A
00015C50  EC 2D 34 3F 34 3F EC 2D 4D 4A 24 18 20 4E 00 00
00015C60  4D 4A DC E7 34 3F 14 D2 EC 2D CC C0 24 18 B3 B5
00015C70  00 00 E0 B1 DC E7 B3 B5 14 D2 CC C0 CC C0 14 D2
00015C80  B3 B5 DC E7 E0 B1 00 00 B3 B5 24 18 CC C0 EC 2D
00015C90  14 D2 34 3F DC E7 4D 4A 00 00 20 4E 24 18 4D 4A
00015CA0  EC 2D 34 3F 34 3F EC 2D 4D 4A 24 18 20 4E 00 00
00015CB0  4D 4A DC E7 34 3F 14 D2 EC 2D CC C0 24 18 B3 B5
00015CC0  00 00 E0 B1 DC E7 B3 B5 14 D2 CC C0 CC C0 14 D2
00015CD0  B3 B5 DC E7 E0 B1 00 00 B3 B5 24 18 CC C0 EC 2D
00015CE0  14 D2 34 3F DC E7 4D 4A 00 00 20 4E 24 18 4D 4A
00015CF0  EC 2D 34 3F 34 3F EC 2D 4D 4A 24 18 20 4E 00 00
00015D00  4D 4A DC E7 34 3F 14 D2 EC 2D CC C0 24 18 B3 B5
00015D10  00 00 E0 B1 DC E7 B3 B5 14 D2 CC C0 CC C0 14 D2
00015D20  B3 B5 DC E7 E0 B1 00 00 B3 B5 24 18 CC C0 EC 2D
00015D30  14 D2 34 3F DC E7 4D 4A 00 00 20 4E 24 18 4D 4A
00015D40  EC 2D 34 3F 34 3F EC 2D 4D 4A 24 18 20 4E 00 00
00015D50  4D 4A DC E7 34 3F 14 D2 EC 2D CC C0 24 18 B3 B5
00015D60  00 00 E0 B1 DC E7 B3 B5 14 D2 CC C0 CC C0 14 D2
00015D70  B3 B5 DC E7 E0 B1 00 00 B3 B5 24 18 CC C0 EC 2D
00015D80  14 D2 34 3F DC E7 4D 4A 00 00 20 4E 24 18 4D 4A
00015D90  EC 2D 34 3F 34 3F EC 2D 4D 4A 24 18 20 4E 00 00
00015DA0  4D 4A DC E7 34 3F 14 D2 EC 2D CC C0 24 18 B3 B5
00015DB0  00 00 E0 B1 DC E7 B3 B5 14 D2 CC C0 CC C0 14 D2
00015DC0  B3 B5 DC E7 E0 B1 00 00 B3 B5 24 18 CC C0 EC 2D
00015DD0  14 D2 34 3F DC E7 4D 4A 00 00 20 4E 24 18 4D 4A
00015DE0  EC 2D 34 3F 34 3F EC 2D 4D 4A 24 18 20 4E 00 00
00015DF0  4D 4A DC E7 34 3F 14 D2 EC 2D CC C0 24 18 B3 B5
00015E00  00 00 E0 B1 DC E7 B3 B5 14 D2 CC C0 CC C0 14 D2
00015E10  B3 B5 DC E7 E0 B1 00 00 B3 B5 24 18 CC C0 EC 2D
00015E20  14 D2 34 3F DC E7 4D 4A 00 00 20 4E 24 18 4D 4A
00015E30  EC 2D 34 3F 34 3F EC 2D 4D 4A 24 18 20 4E 00 00
00015E40  4D 4A DC E7 34 3F 14 D2 EC 2D CC C0 24 18 B3 B5
00015E50  00 00 E0 B1 DC E7 B3 B5 14 D2 CC C0 CC C0 14 D2
00015E60  B3 B5 DC E7 E0 B1 00 00 B3 B5 24 18 CC C0 EC 2D
00015E70  14 D2 34 3F DC E7 4D 4A 00 00 20 4E 24 18 4D 4A
00015E80  EC 2D 34 3F 34 3F EC 2D 4D 4A 24 18 20 4E 00 00
00015E90  4D 4A DC E7 34 3F 14 D2 EC 2D CC C0 24 18 B3 B5
00015EA0  00 00 E0 B1 DC E7 B3 B5 14 D2 CC C0 CC C0 14 D2
00015EB0  B3 B5 DC E7 E0 B1 00 00 B3 B5 24 18 CC C0 EC 2D
00015EC0  14 D2 34 3F DC E7 4D 4A 00 00 20 4E 24 18 4D 4A
00015ED0  EC 2D 34 3F 34 3F EC 2D 4D 4A 24 18 20 4E 00 00
00015EE0  4D 4A DC E7 34 3F 14 D2 EC 2D CC C0 24 18 B3 B5
00015EF0  00 00 E0 B1 DC E7 B3 B5 14 D2 CC C0 CC C0 14 D2
00015F00  B3 B5 DC E7 E0 B1 00 00 B3 B5 24 18 CC C0 EC 2D
00015F10  14 D2 34 3F DC E7 4D 4A 00 00 20 4E 24 18 4D 4A
00015F20  EC 2D 34 3F 34 3F EC 2D 4D 4A 24 18 20 4E 00 00
00015F30  4D 4A DC E7 34 3F 14 D2 EC 2D CC C0 24 18 B3 B5
00015F40  00 00 E0 B1 DC E7 B3 B5 14 D2 CC C0 CC C0 14 D2
00015F50  B3 B5 DC E7 E0 B1 00 00 B3 B5 24 18 CC C0 EC 2D
00015F60  14 D2 34 3F DC E7 4D 4A 00 00 20 4E 24 18 4D 4A
00015F70  EC 2D 34 3F 34 3F EC 2D 4D 4A 24 18 20 4E 00 00
00015F80  4D 4A DC E7 34 3F 14 D2 EC 2D CC C0 24 18 B3 B5
00015F90  00 00 E0 B1 DC E7 B3 B5 14 D2 CC C0 CC C0 14 D2
00015FA0  B3 B5 DC E7 E0 B1 00 00 B3 B5 24 18 CC C0 EC 2D
00015FB0  14 D2 34 3F DC E7 4D 4A 00 00 20 4E 24 18 4D 4A
00015FC0  EC 2D 34 3F 34 3F EC 2D 4D 4A 24 18 20 4E 00 00
00015FD0  4D 4A DC E7 34 3F 14 D2 EC 2D CC C0 24 18 B3 B5
00015FE0  00 00 E0 B1 DC E7 B3 B5 14 D2 CC C0 CC C0 14 D2
00015FF0  B3 B5 DC E7 E0 B1 00 00 B3 B5 24 18 CC C0 EC 2D
00016000  14 D2 34 3F DC E7 4D 4A 00 00 20 4E 24 18 4D 4A
00016010  EC 2D 34 3F 34 3F EC 2D 4D 4A 24 18 20 4E 00 00
00016020  4D 4A DC E7 34 3F 14 D2 EC 2D CC C0 24 18 B3 B5
00016030  00 00 E0 B1 DC E7 B3 B5 14 D2 CC C0 CC C0 14 D2
00016040  B3 B5 DC E7 E0 B1 00 00 B3 B5 24 18 CC C0 EC 2D
00016050  14 D2 34 3F DC E7 4D 4A 00 00 20 4E 24 18 4D 4A
00016060  EC 2D 34 3F 34 3F EC 2D 4D 4A 24 18 20 4E 00 00
00016070  4D 4A DC E7 34 3F 14 D2 EC 2D CC C0 24 18 B3 B5
00016080  00 00 E0 B1 DC E7 B3 B5 14 D2 CC C0 CC C0 14 D2
00016090  B3 B5 DC E7 E0 B1 00 00 B3 B5 24 18 CC C0 EC 2D
000160A0  14 D2 34 3F DC E7 4D 4A 00 00 20 4E 24 18 4D 4A
000160B0  EC 2D 34 3F 34 3F EC 2D 4D 4A 24 18 20 4E 00 00
000160C0  4D 4A DC E7 34 3F 14 D2 EC 2D CC C0 24 18 B3 B5
000160D0  00 00 E0 B1 DC E7 B3 B5 14 D2 CC C0 CC C0 14 D2
000160E0  B3 B5 DC E7 E0 B1 00 00 B3 B5 24 18 CC C0 EC 2D
000160F0  14 D2 34 3F DC E7 4D 4A 00 00 20 4E 24 18 4D 4A
00016100  EC 2D 34 3F 34 3F EC 2D 4D 4A 24 18 20 4E 00 00
00016110  4D 4A DC E7 34 3F 14 D2 EC 2D CC C0 24 18 B3 B5
00016120  00 00 E0 B1 DC E7 B3 B5 14 D2 CC C0 CC C0 14 D2
00016130  B3 B5 DC E7 E0 B1 00 00 B3 B5 24 18 CC C0 EC 2D
00016140  14 D2 34 3F DC E7 4D 4A 00 00 20 4E 24 18 4D 4A
00016150  EC 2D 34 3F 34 3F EC 2D 4D 4A 24 18 20 4E 00 00
00016160  4D 4A DC E7 34 3F 14 D2 EC 2D CC C0 24 18 B3 B5
00016170  00 00 E0 B1 DC E7 B3 B5 14 D2 CC C0 CC C0 14 D2
00016180  B3 B5 DC E7 E0 B1 00 00 B3 B5 24 18 CC C0 EC 2D
00016190  14 D2 34 3F DC E7 4D 4A 00 00 20 4E 24 18 4D 4A
000161A0  EC 2D 34 3F 34 3F EC 2D 4D 4A 24 18 20 4E 00 00
000161B0  4D 4A DC E7 34 3F 14 D2 EC 2D CC C0 24 18 B3 B5
000161C0  00 00 E0 B1 DC E7 B3 B5 14 D2 CC C0 CC C0 14 D2
000161D0  B3 B5 DC E7 E0 B1 00 00 B3 B5 24 18 CC C0 EC 2D
000161E0  14 D2 34 3F DC E7 4D 4A 00 00 20 4E 24 18 4D 4A
000161F0  EC 2D 34 3F 34 3F EC 2D 4D 4A 24 18 20 4E 00 00
00016200  4D 4A DC E7 34 3F 14 D2 EC 2D CC C0 24 18 B3 B5
00016210  00 00 E0 B1 DC E7 B3 B5 14 D2 CC C0 CC C0 14 D2
00016220  B3 B5 DC E7 E0 B1 00 00 B3 B5 24 18 CC C0 EC 2D
00016230  14 D2 34 3F DC E7 4D 4A 00 00 20 4E 24 18 4D 4A
00016240  EC 2D 34 3F 34 3F EC 2D 4D 4A 24 18 20 4E 00 00
00016250  4D 4A DC E7 34 3F 14 D2 EC 2D CC C0 24 18 B3 B5
00016260  00 00 E0 B1 DC E7 B3 B5 14 D2 CC C0 CC C0 14 D2
00016270  B3 B5 DC E7 E0 B1 00 00 B3 B5 24 18 CC C0 EC 2D
00016280  14 D2 34 3F DC E7 4D 4A 00 00 20 4E 24 18 4D 4A
00016290  EC 2D 34 3F 34 3F EC 2D 4D 4A 24 18 20 4E 00 00
000162A0  4D 4A DC E7 34 3F 14 D2 EC 2D CC C0 24 18 B3 B5
000162B0  00 00 E0 B1 DC E7 B3 B5 14 D2 CC C0 CC C0 14 D2
000162C0  B3 B5 DC E7 E0 B1 00 00 B3 B5 24 18 CC C0 EC 2D
000162D0  14 D2 34 3F DC E7 4D 4A 00 00 20 4E 24 18 4D 4A
000162E0  EC 2D 34 3F 34 3F EC 2D 4D 4A 24 18 20 4E 00 00
000162F0  4D 4A DC E7 34 3F 14 D2 EC 2D CC C0 24 18 B3 B5
00016300  00 00 E0 B1 DC E7 B3 B5 14 D2 CC C0 CC C0 14 D2
00016310  B3 B5 DC E7 E0 B1 00 00 B3 B5 24 18 CC C0 EC 2D
00016320  14 D2 34 3F DC E7 4D 4A 00 00 20 4E 24 18 4D 4A
00016330  EC 2D 34 3F 34 3F EC 2D 4D 4A 24 18 20 4E 00 00
00016340  4D 4A DC E7 34 3F 14 D2 EC 2D CC C0 24 18 B3 B5
00016350  00 00 E0 B1 DC E7 B3 B5 14 D2 CC C0 CC C0 14 D2
00016360  B3 B5 DC E7 E0 B1 00 00 B3 B5 24 18 CC C0 EC 2D
00016370  14 D2 34 3F DC E7 4D 4A 00 00 20 4E 24 18 4D 4A
00016380  EC 2D 34 3F 34 3F EC 2D 4D 4A 24 18 20 4E 00 00
00016390  4D 4A DC E7 34 3F 14 D2 EC 2D CC C0 24 18 B3 B5
000163A0  00 00 E0 B1 DC E7 B3 B5 14 D2 CC C0 CC C0 14 D2
000163B0  B3 B5 DC E7 E0 B1 00 00 B3 B5 24 18 CC C0 EC 2D
000163C0  14 D2 34 3F DC E7 4D 4A 00 00 20 4E 24 18 4D 4A
000163D0  EC 2D 34 3F 34 3F EC 2D 4D 4A 24 18 20 4E 00 00
000163E0  4D 4A DC E7 34 3F 14 D2 EC 2D CC C0 24 18 B3 B5
000163F0  00 00 E0 B1 DC E7 B3 B5 14 D2 CC C0 CC C0 14 D2
00016400  B3 B5 DC E7 E0 B1 00 00 B3 B5 24 18 CC C0 EC 2D
00016410  14 D2 34 3F DC E7 4D 4A 00 00 20 4E 24 18 4D 4A
00016420  EC 2D 34 3F 34 3F EC 2D 4D 4A 24 18 20 4E 00 00
00016430  4D 4A DC E7 34 3F 14 D2 EC 2D CC C0 24 18 B3 B5
00016440  00 00 E0 B1 DC E7 B3 B5 14 D2 CC C0 CC C0 14 D2
00016450  B3 B5 DC E7 E0 B1 00 00 B3 B5 24 18 CC C0 EC 2D
00016460  14 D2 34 3F DC E7 4D 4A 00 00 20 4E 24 18 4D 4A
00016470  EC 2D 34 3F 34 3F EC 2D 4D 4A 24 18 20 4E 00 00
00016480  4D 4A DC E7 34 3F 14 D2 EC 2D CC C0 24 18 B3 B5
00016490  00 00 E0 B1 DC E7 B3 B5 14 D2 CC C0 CC C0 14 D2
000164A0  B3 B5 DC E7 E0 B1 00 00 B3 B5 24 18 CC C0 EC 2D
000164B0  14 D2 34 3F DC E7 4D 4A 00 00 20 4E 24 18 4D 4A
000164C0  EC 2D 34 3F 34 3F EC 2D 4D 4A 24 18 20 4E 00 00
000164D0  4D 4A DC E7 34 3F 14 D2 EC 2D CC C0 24 18 B3 B5
000164E0  00 00 E0 B1 DC E7 B3 B5 14 D2 CC C0 CC C0 14 D2
000164F0  B3 B5 DC E7 E0 B1 00 00 B3 B5 24 18 CC C0 EC 2D
00016500  14 D2 34 3F DC E7 4D 4A 00 00 20 4E 24 18 4D 4A
00016510  EC 2D 34 3F 34 3F EC 2D 4D 4A 24 18 20 4E 00 00
00016520  4D 4A DC E7 34 3F 14 D2 EC 2D CC C0 24 18 B3 B5
00016530  00 00 E0 B1 DC E7 B3 B5 14 D2 CC C0 CC C0 14 D2
00016540  B3 B5 DC E7 E0 B1 00 00 B3 B5 24 18 CC C0 EC 2D
00016550  14 D2 34 3F DC E7 4D 4A 00 00 20 4E 24 18 4D 4A
00016560  EC 2D 34 3F 34 3F EC 2D 4D 4A 24 18 20 4E 00 00
00016570  4D 4A DC E7 34 3F 14 D2 EC 2D CC C0 24 18 B3 B5
00016580  00 00 E0 B1 DC E7 B3 B5 14 D2 CC C0 CC C0 14 D2
00016590  B3 B5 DC E7 E0 B1 00 00 B3 B5 24 18 CC C0 EC 2D
000165A0  14 D2 34 3F DC E7 4D 4A 00 00 20 4E 24 18 4D 4A
000165B0  EC 2D 34 3F 34 3F EC 2D 4D 4A 24 18 20 4E 00 00
000165C0  4D 4A DC E7 34 3F 14 D2 EC 2D CC C0 24 18 B3 B5
000165D0  00 00 E0 B1 DC E7 B3 B5 14 D2 CC C0 CC C0 14 D2
000165E0  B3 B5 DC E7 E0 B1 00 00 B3 B5 24 18 CC C0 EC 2D
000165F0  14 D2 34 3F DC E7 4D 4A 00 00 20 4E 24 18 4D 4A
00016600  EC 2D 34 3F 34 3F EC 2D 4D 4A 24 18 20 4E 00 00
00016610  4D 4A DC E7 34 3F 14 D2 EC 2D CC C0 24 18 B3 B5
00016620  00 00 E0 B1 DC E7 B3 B5 14 D2 CC C0 CC C0 14 D2
00016630  B3 B5 DC E7 E0 B1 00 00 B3 B5 24 18 CC C0 EC 2D
00016640  14 D2 34 3F DC E7 4D 4A 00 00 20 4E 24 18 4D 4A
00016650  EC 2D 34 3F 34 3F EC 2D 4D 4A 24 18 20 4E 00 00
00016660  4D 4A DC E7 34 3F 14 D2 EC 2D CC C0 24 18 B3 B5
00016670  00 00 E0 B1 DC E7 B3 B5 14 D2 CC C0 CC C0 14 D2
00016680  B3 B5 DC E7 E0 B1 00 00 B3 B5 24 18 CC C0 EC 2D
00016690  14 D2 34 3F DC E7 4D 4A 00 00 20 4E 24 18 4D 4A
000166A0  EC 2D 34 3F 34 3F EC 2D 4D 4A 24 18 20 4E 00 00
000166B0  4D 4A DC E7 34 3F 14 D2 EC 2D CC C0 24 18 B3 B5
000166C0  00 00 E0 B1 DC E7 B3 B5 14 D2 CC C0 CC C0 14 D2
000166D0  B3 B5 DC E7 E0 B1 00 00 B3 B5 24 18 CC C0 EC 2D
000166E0  14 D2 34 3F DC E7 4D 4A 00 00 20 4E 24 18 4D 4A
000166F0  EC 2D 34 3F 34 3F EC 2D 4D 4A 24 18 20 4E 00 00
00016700  4D 4A DC E7 34 3F 14 D2 EC 2D CC C0 24 18 B3 B5
00016710  00 00 E0 B1 DC E7 B3 B5 14 D2 CC C0 CC C0 14 D2
00016720  B3 B5 DC E7 E0 B1 00 00 B3 B5 24 18 CC C0 EC 2D
00016730  14 D2 34 3F DC E7 4D 4A 00 00 20 4E 24 18 4D 4A
00016740  EC 2D 34 3F 34 3F EC 2D 4D 4A 24 18 20 4E 00 00
00016750  4D 4A DC E7 34 3F 14 D2 EC 2D CC C0 24 18 B3 B5
00016760  00 00 E0 B1 DC E7 B3 B5 14 D2 CC C0 CC C0 14 D2
00016770  B3 B5 DC E7 E0 B1 00 00 B3 B5 24 18 CC C0 EC 2D
00016780  14 D2 34 3F DC E7 4D 4A 00 00 20 4E 24 18 4D 4A
00016790  EC 2D 34 3F 34 3F EC 2D 4D 4A 24 18 20 4E 00 00
000167A0  4D 4A DC E7 34 3F 14 D2 EC 2D CC C0 24 18 B3 B5
000167B0  00 00 E0 B1 DC E7 B3 B5 14 D2 CC C0 CC C0 14 D2
000167C0  B3 B5 DC E7 E0 B1 00 00 B3 B5 24 18 CC C0 EC 2D
000167D0  14 D2 34 3F DC E7 4D 4A 00 00 20 4E 24 18 4D 4A
000167E0  EC 2D 34 3F 34 3F EC 2D 4D 4A 24 18 20 4E 00 00
000167F0  4D 4A DC E7 34 3F 14 D2 EC 2D CC C0 24 18 B3 B5
00016800  00 00 E0 B1 DC E7 B3 B5 14 D2 CC C0 CC C0 14 D2
00016810  B3 B5 DC E7 E0 B1 00 00 B3 B5 24 18 CC C0 EC 2D
00016820  14 D2 34 3F DC E7 4D 4A 00 00 20 4E 24 18 4D 4A
00016830  EC 2D 34 3F 34 3F EC 2D 4D 4A 24 18 20 4E 00 00
00016840  4D 4A DC E7 34 3F 14 D2 EC 2D CC C0 24 18 B3 B5
00016850  00 00 E0 B1 DC E7 B3 B5 14 D2 CC C0 CC C0 14 D2
00016860  B3 B5 DC E7 E0 B1 00 00 B3 B5 24 18 CC C0 EC 2D
00016870  14 D2 34 3F DC E7 4D 4A 00 00 20 4E 24 18 4D 4A
00016880  EC 2D 34 3F 34 3F EC 2D 4D 4A 24 18 20 4E 00 00
00016890  4D 4A DC E7 34 3F 14 D2 EC 2D CC C0 24 18 B3 B5
000168A0  00 00 E0 B1 DC E7 B3 B5 14 D2 CC C0 CC C0 14 D2
000168B0  B3 B5 DC E7 E0 B1 00 00 B3 B5 24 18 CC C0 EC 2D
000168C0  14 D2 34 3F DC E7 4D 4A 00 00 20 4E 24 18 4D 4A
000168D0  EC 2D 34 3F 34 3F EC 2D 4D 4A 24 18 20 4E 00 00
000168E0  4D 4A DC E7 34 3F 14 D2 EC 2D CC C0 24 18 B3 B5
000168F0  00 00 E0 B1 DC E7 B3 B5 14 D2 CC C0 CC C0 14 D2
00016900  B3 B5 DC E7 E0 B1 00 00 B3 B5 24 18 CC C0 EC 2D
00016910  14 D2 34 3F DC E7 4D 4A 00 00 20 4E 24 18 4D 4A
00016920  EC 2D 34 3F 34 3F EC 2D 4D 4A 24 18 20 4E 00 00
00016930  4D 4A DC E7 34 3F 14 D2 EC 2D CC C0 24 18 B3 B5
00016940  00 00 E0 B1 DC E7 B3 B5 14 D2 CC C0 CC C0 14 D2
00016950  B3 B5 DC E7 E0 B1 00 00 B3 B5 24 18 CC C0 EC 2D
00016960  14 D2 34 3F DC E7 4D 4A 00 00 20 4E 24 18 4D 4A
00016970  EC 2D 34 3F 34 3F EC 2D 4D 4A 24 18 20 4E 00 00
00016980  4D 4A DC E7 34 3F 14 D2 EC 2D CC C0 24 18 B3 B5
00016990  00 00 E0 B1 DC E7 B3 B5 14 D2 CC C0 CC C0 14 D2
000169A0  B3 B5 DC E7 E0 B1 00 00 B3 B5 24 18 CC C0 EC 2D
000169B0  14 D2 34 3F DC E7 4D 4A 00 00 20 4E 24 18 4D 4A
000169C0  EC 2D 34 3F 34 3F EC 2D 4D 4A 24 18 20 4E 00 00
000169D0  4D 4A DC E7 34 3F 14 D2 EC 2D CC C0 24 18 B3 B5
000169E0  00 00 E0 B1 DC E7 B3 B5 14 D2 CC C0 CC C0 14 D2
000169F0  B3 B5 DC E7 E0 B1 00 00 B3 B5 24 18 CC C0 EC 2D
00016A00  14 D2 34 3F DC E7 4D 4A 00 00 20 4E 24 18 4D 4A
00016A10  EC 2D 34 3F 34 3F EC 2D 4D 4A 24 18 20 4E 00 00
00016A20  4D 4A DC E7 34 3F 14 D2 EC 2D CC C0 24 18 B3 B5
00016A30  00 00 E0 B1 DC E7 B3 B5 14 D2 CC C0 CC C0 14 D2
00016A40  B3 B5 DC E7 E0 B1 00 00 B3 B5 24 18 CC C0 EC 2D
00016A50  14 D2 34 3F DC E7 4D 4A 00 00 20 4E 24 18 4D 4A
00016A60  EC 2D 34 3F 34 3F EC 2D 4D 4A 24 18 20 4E 00 00
00016A70  4D 4A DC E7 34 3F 14 D2 EC 2D CC C0 24 18 B3 B5
00016A80  00 00 E0 B1 DC E7 B3 B5 14 D2 CC C0 CC C0 14 D2
00016A90  B3 B5 DC E7 E0 B1 00 00 B3 B5 24 18 CC C0 EC 2D
00016AA0  14 D2 34 3F DC E7 4D 4A 00 00 20 4E 24 18 4D 4A
00016AB0  EC 2D 34 3F 34 3F EC 2D 4D 4A 24 18 20 4E 00 00
00016AC0  4D 4A DC E7 34 3F 14 D2 EC 2D CC C0 24 18 B3 B5
00016AD0  00 00 E0 B1 DC E7 B3 B5 14 D2 CC C0 CC C0 14 D2
00016AE0  B3 B5 DC E7 E0 B1 00 00 B3 B5 24 18 CC C0 EC 2D
00016AF0  14 D2 34 3F DC E7 4D 4A 00 00 20 4E 24 18 4D 4A
00016B00  EC 2D 34 3F 34 3F EC 2D 4D 4A 24 18 20 4E 00 00
00016B10  4D 4A DC E7 34 3F 14 D2 EC 2D CC C0 24 18 B3 B5
00016B20  00 00 E0 B1 DC E7 B3 B5 14 D2 CC C0 CC C0 14 D2
00016B30  B3 B5 DC E7 E0 B1 00 00 B3 B5 24 18 CC C0 EC 2D
00016B40  14 D2 34 3F DC E7 4D 4A 00 00 20 4E 24 18 4D 4A
00016B50  EC 2D 34 3F 34 3F EC 2D 4D 4A 24 18 20 4E 00 00
00016B60  4D 4A DC E7 34 3F 14 D2 EC 2D CC C0 24 18 B3 B5
00016B70  00 00 E0 B1 DC E7 B3 B5 14 D2 CC C0 CC C0 14 D2
00016B80  B3 B5 DC E7 E0 B1 00 00 B3 B5 24 18 CC C0 EC 2D
00016B90  14 D2 34 3F DC E7 4D 4A 00 00 20 4E 24 18 4D 4A
00016BA0  EC 2D 34 3F 34 3F EC 2D 4D 4A 24 18 20 4E 00 00
00016BB0  4D 4A DC E7 34 3F 14 D2 EC 2D CC C0 24 18 B3 B5
00016BC0  00 00 E0 B1 DC E7 B3 B5 14 D2 CC C0 CC C0 14 D2
00016BD0  B3 B5 DC E7 E0 B1 00 00 B3 B5 24 18 CC C0 EC 2D
00016BE0  14 D2 34 3F DC E7 4D 4A 00 00 20 4E 24 18 4D 4A
00016BF0  EC 2D 34 3F 34 3F EC 2D 4D 4A 24 18 20 4E 00 00
00016C00  4D 4A DC E7 34 3F 14 D2 EC 2D CC C0 24 18 B3 B5
00016C10  00 00 E0 B1 DC E7 B3 B5 14 D2 CC C0 CC C0 14 D2
00016C20  B3 B5 DC E7 E0 B1 00 00 B3 B5 24 18 CC C0 EC 2D
00016C30  14 D2 34 3F DC E7 4D 4A 00 00 20 4E 24 18 4D 4A
00016C40  EC 2D 34 3F 34 3F EC 2D 4D 4A 24 18 20 4E 00 00
00016C50  4D 4A DC E7 34 3F 14 D2 EC 2D CC C0 24 18 B3 B5
00016C60  00 00 E0 B1 DC E7 B3 B5 14 D2 CC C0 CC C0 14 D2
00016C70  B3 B5 DC E7 E0 B1 00 00 B3 B5 24 18 CC C0 EC 2D
00016C80  14 D2 34 3F DC E7 4D 4A 00 00 20 4E 24 18 4D 4A
00016C90  EC 2D 34 3F 34 3F EC 2D 4D 4A 24 18 20 4E 00 00
00016CA0  4D 4A DC E7 34 3F 14 D2 EC 2D CC C0 24 18 B3 B5
00016CB0  00 00 E0 B1 DC E7 B3 B5 14 D2 CC C0 CC C0 14 D2
00016CC0  B3 B5 DC E7 E0 B1 00 00 B3 B5 24 18 CC C0 EC 2D
00016CD0  14 D2 34 3F DC E7 4D 4A 00 00 20 4E 24 18 4D 4A
00016CE0  EC 2D 34 3F 34 3F EC 2D 4D 4A 24 18 20 4E 00 00
00016CF0  4D 4A DC E7 34 3F 14 D2 EC 2D CC C0 24 18 B3 B5
00016D00  00 00 E0 B1 DC E7 B3 B5 14 D2 CC C0 CC C0 14 D2
00016D10  B3 B5 DC E7 E0 B1 00 00 B3 B5 24 18 CC C0 EC 2D
00016D20  14 D2 34 3F DC E7 4D 4A 00 00 20 4E 24 18 4D 4A
00016D30  EC 2D 34 3F 34 3F EC 2D 4D 4A 24 18 20 4E 00 00
00016D40  4D 4A DC E7 34 3F 14 D2 EC 2D CC C0 24 18 B3 B5
00016D50  00 00 E0 B1 DC E7 B3 B5 14 D2 CC C0 CC C0 14 D2
00016D60  B3 B5 DC E7 E0 B1 00 00 B3 B5 24 18 CC C0 EC 2D
00016D70  14 D2 34 3F DC E7 4D 4A 00 00 20 4E 24 18 4D 4A
00016D80  EC 2D 34 3F 34 3F EC 2D 4D 4A 24 18 20 4E 00 00
00016D90  4D 4A DC E7 34 3F 14 D2 EC 2D CC C0 24 18 B3 B5
00016DA0  00 00 E0 B1 DC E7 B3 B5 14 D2 CC C0 CC C0 14 D2
00016DB0  B3 B5 DC E7 E0 B1 00 00 B3 B5 24 18 CC C0 EC 2D
00016DC0  14 D2 34 3F DC E7 4D 4A 00 00 20 4E 24 18 4D 4A
00016DD0  EC 2D 34 3F 34 3F EC 2D 4D 4A 24 18 20 4E 00 00
00016DE0  4D 4A DC E7 34 3F 14 D2 EC 2D CC C0 24 18 B3 B5
00016DF0  00 00 E0 B1 DC E7 B3 B5 14 D2 CC C0 CC C0 14 D2
00016E00  B3 B5 DC E7 E0 B1 00 00 B3 B5 24 18 CC C0 EC 2D
00016E10  14 D2 34 3F DC E7 4D 4A 00 00 20 4E 24 18 4D 4A
00016E20  EC 2D 34 3F 34 3F EC 2D 4D 4A 24 18 20 4E 00 00
00016E30  4D 4A DC E7 34 3F 14 D2 EC 2D CC C0 24 18 B3 B5
00016E40  00 00 E0 B1 DC E7 B3 B5 14 D2 CC C0 CC C0 14 D2
00016E50  B3 B5 DC E7 E0 B1 00 00 B3 B5 24 18 CC C0 EC 2D
00016E60  14 D2 34 3F DC E7 4D 4A 00 00 20 4E 24 18 4D 4A
00016E70  EC 2D 34 3F 34 3F EC 2D 4D 4A 24 18 20 4E 00 00
00016E80  4D 4A DC E7 34 3F 14 D2 EC 2D CC C0 24 18 B3 B5
00016E90  00 00 E0 B1 DC E7 B3 B5 14 D2 CC C0 CC C0 14 D2
00016EA0  B3 B5 DC E7 E0 B1 00 00 B3 B5 24 18 CC C0 EC 2D
00016EB0  14 D2 34 3F DC E7 4D 4A 00 00 20 4E 24 18 4D 4A
00016EC0  EC 2D 34 3F 34 3F EC 2D 4D 4A 24 18 20 4E 00 00
00016ED0  4D 4A DC E7 34 3F 14 D2 EC 2D CC C0 24 18 B3 B5
00016EE0  00 00 E0 B1 DC E7 B3 B5 14 D2 CC C0 CC C0 14 D2
00016EF0  B3 B5 DC E7 E0 B1 00 00 B3 B5 24 18 CC C0 EC 2D
00016F00  14 D2 34 3F DC E7 4D 4A 00 00 20 4E 24 18 4D 4A
00016F10  EC 2D 34 3F 34 3F EC 2D 4D 4A 24 18 20 4E 00 00
00016F20  4D 4A DC E7 34 3F 14 D2 EC 2D CC C0 24 18 B3 B5
00016F30  00 00 E0 B1 DC E7 B3 B5 14 D2 CC C0 CC C0 14 D2
00016F40  B3 B5 DC E7 E0 B1 00 00 B3 B5 24 18 CC C0 EC 2D
00016F50  14 D2 34 3F DC E7 4D 4A 00 00 20 4E 24 18 4D 4A
00016F60  EC 2D 34 3F 34 3F EC 2D 4D 4A 24 18 20 4E 00 00
00016F70  4D 4A DC E7 34 3F 14 D2 EC 2D CC C0 24 18 B3 B5
00016F80  00 00 E0 B1 DC E7 B3 B5 14 D2 CC C0 CC C0 14 D2
00016F90  B3 B5 DC E7 E0 B1 00 00 B3 B5 24 18 CC C0 EC 2D
00016FA0  14 D2 34 3F DC E7 4D 4A 00 00 20 4E 24 18 4D 4A
00016FB0  EC 2D 34 3F 34 3F EC 2D 4D 4A 24 18 20 4E 00 00
00016FC0  4D 4A DC E7 34 3F 14 D2 EC 2D CC C0 24 18 B3 B5
00016FD0  00 00 E0 B1 DC E7 B3 B5 14 D2 CC C0 CC C0 14 D2
00016FE0  B3 B5 DC E7 E0 B1 00 00 B3 B5 24 18 CC C0 EC 2D
00016FF0  14 D2 34 3F DC E7 4D 4A 00 00 20 4E 24 18 4D 4A
00017000  EC 2D 34 3F 34 3F EC 2D 4D 4A 24 18 20 4E 00 00
00017010  4D 4A DC E7 34 3F 14 D2 EC 2D CC C0 24 18 B3 B5
00017020  00 00 E0 B1 DC E7 B3 B5 14 D2 CC C0 CC C0 14 D2
00017030  B3 B5 DC E7 E0 B1 00 00 B3 B5 24 18 CC C0 EC 2D
00017040  14 D2 34 3F DC E7 4D 4A 00 00 20 4E 24 18 4D 4A
00017050  EC 2D 34 3F 34 3F EC 2D 4D 4A 24 18 20 4E 00 00
00017060  4D 4A DC E7 34 3F 14 D2 EC 2D CC C0 24 18 B3 B5
00017070  00 00 E0 B1 DC E7 B3 B5 14 D2 CC C0 CC C0 14 D2
00017080  B3 B5 DC E7 E0 B1 00 00 B3 B5 24 18 CC C0 EC 2D
00017090  14 D2 34 3F DC E7 4D 4A 00 00 20 4E 24 18 4D 4A
000170A0  EC 2D 34 3F 34 3F EC 2D 4D 4A 24 18 20 4E 00 00
000170B0  4D 4A DC E7 34 3F 14 D2 EC 2D CC C0 24 18 B3 B5
000170C0  00 00 E0 B1 DC E7 B3 B5 14 D2 CC C0 CC C0 14 D2
000170D0  B3 B5 DC E7 E0 B1 00 00 B3 B5 24 18 CC C0 EC 2D
000170E0  14 D2 34 3F DC E7 4D 4A 00 00 20 4E 24 18 4D 4A
000170F0  EC 2D 34 3F 34 3F EC 2D 4D 4A 24 18 20 4E 00 00
00017100  4D 4A DC E7 34 3F 14 D2 EC 2D CC C0 24 18 B3 B5
00017110  00 00 E0 B1 DC E7 B3 B5 14 D2 CC C0 CC C0 14 D2
00017120  B3 B5 DC E7 E0 B1 00 00 B3 B5 24 18 CC C0 EC 2D
00017130  14 D2 34 3F DC E7 4D 4A 00 00 20 4E 24 18 4D 4A
00017140  EC 2D 34 3F 34 3F EC 2D 4D 4A 24 18 20 4E 00 00
00017150  4D 4A DC E7 34 3F 14 D2 EC 2D CC C0 24 18 B3 B5
00017160  00 00 E0 B1 DC E7 B3 B5 14 D2 CC C0 CC C0 14 D2
00017170  B3 B5 DC E7 E0 B1 00 00 B3 B5 24 18 CC C0 EC 2D
00017180  14 D2 34 3F DC E7 4D 4A 00 00 20 4E 24 18 4D 4A
00017190  EC 2D 34 3F 34 3F EC 2D 4D 4A 24 18 20 4E 00 00
000171A0  4D 4A DC E7 34 3F 14 D2 EC 2D CC C0 24 18 B3 B5
000171B0  00 00 E0 B1 DC E7 B3 B5 14 D2 CC C0 CC C0 14 D2
000171C0  B3 B5 DC E7 E0 B1 00 00 B3 B5 24 18 CC C0 EC 2D
000171D0  14 D2 34 3F DC E7 4D 4A 00 00 20 4E 24 18 4D 4A
000171E0  EC 2D 34 3F 34 3F EC 2D 4D 4A 24 18 20 4E 00 00
000171F0  4D 4A DC E7 34 3F 14 D2 EC 2D CC C0 24 18 B3 B5
00017200  00 00 E0 B1 DC E7 B3 B5 14 D2 CC C0 CC C0 14 D2
00017210  B3 B5 DC E7 E0 B1 00 00 B3 B5 24 18 CC C0 EC 2D
00017220  14 D2 34 3F DC E7 4D 4A 00 00 20 4E 24 18 4D 4A
00017230  EC 2D 34 3F 34 3F EC 2D 4D 4A 24 18 20 4E 00 00
00017240  4D 4A DC E7 34 3F 14 D2 EC 2D CC C0 24 18 B3 B5
00017250  00 00 E0 B1 DC E7 B3 B5 14 D2 CC C0 CC C0 14 D2
00017260  B3 B5 DC E7 E0 B1 00 00 B3 B5 24 18 CC C0 EC 2D
00017270  14 D2 34 3F DC E7 4D 4A 00 00 20 4E 24 18 4D 4A
00017280  EC 2D 34 3F 34 3F EC 2D 4D 4A 24 18 20 4E 00 00
00017290  4D 4A DC E7 34 3F 14 D2 EC 2D CC C0 24 18 B3 B5
000172A0  00 00 E0 B1 DC E7 B3 B5 14 D2 CC C0 CC C0 14 D2
000172B0  B3 B5 DC E7 E0 B1 00 00 B3 B5 24 18 CC C0 EC 2D
000172C0  14 D2 34 3F DC E7 4D 4A 00 00 20 4E 24 18 4D 4A
000172D0  EC 2D 34 3F 34 3F EC 2D 4D 4A 24 18 20 4E 00 00
000172E0  4D 4A DC E7 34 3F 14 D2 EC 2D CC C0 24 18 B3 B5
000172F0  00 00 E0 B1 DC E7 B3 B5 14 D2 CC C0 CC C0 14 D2
00017300  B3 B5 DC E7 E0 B1 00 00 B3 B5 24 18 CC C0 EC 2D
00017310  14 D2 34 3F DC E7 4D 4A 00 00 20 4E 24 18 4D 4A
00017320  EC 2D 34 3F 34 3F EC 2D 4D 4A 24 18 20 4E 00 00
00017330  4D 4A DC E7 34 3F 14 D2 EC 2D CC C0 24 18 B3 B5
00017340  00 00 E0 B1 DC E7 B3 B5 14 D2 CC C0 CC C0 14 D2
00017350  B3 B5 DC E7 E0 B1 00 00 B3 B5 24 18 CC C0 EC 2D
00017360  14 D2 34 3F DC E7 4D 4A 00 00 20 4E 24 18 4D 4A
00017370  EC 2D 34 3F 34 3F EC 2D 4D 4A 24 18 20 4E 00 00
00017380  4D 4A DC E7 34 3F 14 D2 EC 2D CC C0 24 18 B3 B5
00017390  00 00 E0 B1 DC E7 B3 B5 14 D2 CC C0 CC C0 14 D2
000173A0  B3 B5 DC E7 E0 B1 00 00 B3 B5 24 18 CC C0 EC 2D
000173B0  14 D2 34 3F DC E7 4D 4A 00 00 20 4E 24 18 4D 4A
000173C0  EC 2D 34 3F 34 3F EC 2D 4D 4A 24 18 20 4E 00 00
000173D0  4D 4A DC E7 34 3F 14 D2 EC 2D CC C0 24 18 B3 B5
000173E0  00 00 E0 B1 DC E7 B3 B5 14 D2 CC C0 CC C0 14 D2
000173F0  B3 B5 DC E7 E0 B1 00 00 B3 B5 24 18 CC C0 EC 2D
00017400  14 D2 34 3F DC E7 4D 4A 00 00 20 4E 24 18 4D 4A
00017410  EC 2D 34 3F 34 3F EC 2D 4D 4A 24 18 20 4E 00 00
00017420  4D 4A DC E7 34 3F 14 D2 EC 2D CC C0 24 18 B3 B5
00017430  00 00 E0 B1 DC E7 B3 B5 14 D2 CC C0 CC C0 14 D2
00017440  B3 B5 DC E7 E0 B1 00 00 B3 B5 24 18 CC C0 EC 2D
00017450  14 D2 34 3F DC E7 4D 4A 00 00 20 4E 24 18 4D 4A
00017460  EC 2D 34 3F 34 3F EC 2D 4D 4A 24 18 20 4E 00 00
00017470  4D 4A DC E7 34 3F 14 D2 EC 2D CC C0 24 18 B3 B5
00017480  00 00 E0 B1 DC E7 B3 B5 14 D2 CC C0 CC C0 14 D2
00017490  B3 B5 DC E7 E0 B1 00 00 B3 B5 24 18 CC C0 EC 2D
000174A0  14 D2 34 3F DC E7 4D 4A 00 00 20 4E 24 18 4D 4A
000174B0  EC 2D 34 3F 34 3F EC 2D 4D 4A 24 18 20 4E 00 00
000174C0  4D 4A DC E7 34 3F 14 D2 EC 2D CC C0 24 18 B3 B5
000174D0  00 00 E0 B1 DC E7 B3 B5 14 D2 CC C0 CC C0 14 D2
000174E0  B3 B5 DC E7 E0 B1 00 00 B3 B5 24 18 CC C0 EC 2D
000174F0  14 D2 34 3F DC E7 4D 4A 00 00 20 4E 24 18 4D 4A
00017500  EC 2D 34 3F 34 3F EC 2D 4D 4A 24 18 20 4E 00 00
00017510  4D 4A DC E7 34 3F 14 D2 EC 2D CC C0 24 18 B3 B5
00017520  00 00 E0 B1 DC E7 B3 B5 14 D2 CC C0 CC C0 14 D2
00017530  B3 B5 DC E7 E0 B1 00 00 B3 B5 24 18 CC C0 EC 2D
00017540  14 D2 34 3F DC E7 4D 4A 00 00 20 4E 24 18 4D 4A
00017550  EC 2D 34 3F 34 3F EC 2D 4D 4A 24 18 20 4E 00 00
00017560  4D 4A DC E7 34 3F 14 D2 EC 2D CC C0 24 18 B3 B5
00017570  00 00 E0 B1 DC E7 B3 B5 14 D2 CC C0 CC C0 14 D2
00017580  B3 B5 DC E7 E0 B1 00 00 B3 B5 24 18 CC C0 EC 2D
00017590  14 D2 34 3F DC E7 4D 4A 00 00 20 4E 24 18 4D 4A
000175A0  EC 2D 34 3F 34 3F EC 2D 4D 4A 24 18 20 4E 00 00
000175B0  4D 4A DC E7 34 3F 14 D2 EC 2D CC C0 24 18 B3 B5
000175C0  00 00 E0 B1 DC E7 B3 B5 14 D2 CC C0 CC C0 14 D2
000175D0  B3 B5 DC E7 E0 B1 00 00 B3 B5 24 18 CC C0 EC 2D
000175E0  14 D2 34 3F DC E7 4D 4A 00 00 20 4E 24 18 4D 4A
000175F0  EC 2D 34 3F 34 3F EC 2D 4D 4A 24 18 20 4E 00 00
00017600  4D 4A DC E7 34 3F 14 D2 EC 2D CC C0 24 18 B3 B5
00017610  00 00 E0 B1 DC E7 B3 B5 14 D2 CC C0 CC C0 14 D2
00017620  B3 B5 DC E7 E0 B1 00 00 B3 B5 24 18 CC C0 EC 2D
00017630  14 D2 34 3F DC E7 4D 4A 00 00 20 4E 24 18 4D 4A
00017640  EC 2D 34 3F 34 3F EC 2D 4D 4A 24 18 20 4E 00 00
00017650  4D 4A DC E7 34 3F 14 D2 EC 2D CC C0 24 18 B3 B5
00017660  00 00 E0 B1 DC E7 B3 B5 14 D2 CC C0 CC C0 14 D2
00017670  B3 B5 DC E7 E0 B1 00 00 B3 B5 24 18 CC C0 EC 2D
00017680  14 D2 34 3F DC E7 4D 4A 00 00 20 4E 24 18 4D 4A
00017690  EC 2D 34 3F 34 3F EC 2D 4D 4A 24 18 20 4E 00 00
000176A0  4D 4A DC E7 34 3F 14 D2 EC 2D CC C0 24 18 B3 B5
000176B0  00 00 E0 B1 DC E7 B3 B5 14 D2 CC C0 CC C0 14 D2
000176C0  B3 B5 DC E7 E0 B1 00 00 B3 B5 24 18 CC C0 EC 2D
000176D0  14 D2 34 3F DC E7 4D 4A 00 00 20 4E 24 18 4D 4A
000176E0  EC 2D 34 3F 34 3F EC 2D 4D 4A 24 18 20 4E 00 00
000176F0  4D 4A DC E7 34 3F 14 D2 EC 2D CC C0 24 18 B3 B5
00017700  00 00 E0 B1 DC E7 B3 B5 14 D2 CC C0 CC C0 14 D2
00017710  B3 B5 DC E7 E0 B1 00 00 B3 B5 24 18 CC C0 EC 2D
00017720  14 D2 34 3F DC E7 4D 4A 00 00 20 4E 24 18 4D 4A
00017730  EC 2D 34 3F 34 3F EC 2D 4D 4A 24 18 20 4E 00 00
00017740  4D 4A DC E7 34 3F 14 D2 EC 2D CC C0 24 18 B3 B5
00017750  00 00 E0 B1 DC E7 B3 B5 14 D2 CC C0 CC C0 14 D2
00017760  B3 B5 DC E7 E0 B1 00 00 B3 B5 24 18 CC C0 EC 2D
00017770  14 D2 34 3F DC E7 4D 4A 00 00 20 4E 24 18 4D 4A
00017780  EC 2D 34 3F 34 3F EC 2D 4D 4A 24 18 20 4E 00 00
00017790  4D 4A DC E7 34 3F 14 D2 EC 2D CC C0 24 18 B3 B5
000177A0  00 00 E0 B1 DC E7 B3 B5 14 D2 CC C0 CC C0 14 D2
000177B0  B3 B5 DC E7 E0 B1 00 00 B3 B5 24 18 CC C0 EC 2D
000177C0  14 D2 34 3F DC E7 4D 4A 00 00 20 4E 24 18 4D 4A
000177D0  EC 2D 34 3F 34 3F EC 2D 4D 4A 24 18 20 4E 00 00
000177E0  4D 4A DC E7 34 3F 14 D2 EC 2D CC C0 24 18 B3 B5
000177F0  00 00 E0 B1 DC E7 B3 B5 14 D2 CC C0 CC C0 14 D2
00017800  B3 B5 DC E7 E0 B1 00 00 B3 B5 24 18 CC C0 EC 2D
00017810  14 D2 34 3F DC E7 4D 4A 00 00 20 4E 24 18 4D 4A
00017820  EC 2D 34 3F 34 3F EC 2D 4D 4A 24 18 20 4E 00 00
00017830  4D 4A DC E7 34 3F 14 D2 EC 2D CC C0 24 18 B3 B5
00017840  00 00 E0 B1 DC E7 B3 B5 14 D2 CC C0 CC C0 14 D2
00017850  B3 B5 DC E7 E0 B1 00 00 B3 B5 24 18 CC C0 EC 2D
00017860  14 D2 34 3F DC E7 4D 4A 00 00 20 4E 24 18 4D 4A
00017870  EC 2D 34 3F 34 3F EC 2D 4D 4A 24 18 20 4E 00 00
00017880  4D 4A DC E7 34 3F 14 D2 EC 2D CC C0 24 18 B3 B5
00017890  00 00 E0 B1 DC E7 B3 B5 14 D2 CC C0 CC C0 14 D2
000178A0  B3 B5 DC E7 E0 B1 00 00 B3 B5 24 18 CC C0 EC 2D
000178B0  14 D2 34 3F DC E7 4D 4A 00 00 20 4E 24 18 4D 4A
000178C0  EC 2D 34 3F 34 3F EC 2D 4D 4A 24 18 20 4E 00 00
000178D0  4D 4A DC E7 34 3F 14 D2 EC 2D CC C0 24 18 B3 B5
000178E0  00 00 E0 B1 DC E7 B3 B5 14 D2 CC C0 CC C0 14 D2
000178F0  B3 B5 DC E7 E0 B1 00 00 B3 B5 24 18 CC C0 EC 2D
00017900  14 D2 34 3F DC E7 4D 4A 00 00 20 4E 24 18 4D 4A
00017910  EC 2D 34 3F 34 3F EC 2D 4D 4A 24 18 20 4E 00 00
00017920  4D 4A DC E7 34 3F 14 D2 EC 2D CC C0 24 18 B3 B5
00017930  00 00 E0 B1 DC E7 B3 B5 14 D2 CC C0 CC C0 14 D2
00017940  B3 B5 DC E7 E0 B1 00 00 B3 B5 24 18 CC C0 EC 2D
00017950  14 D2 34 3F DC E7 4D 4A 00 00 20 4E 24 18 4D 4A
00017960  EC 2D 34 3F 34 3F EC 2D 4D 4A 24 18 20 4E 00 00
00017970  4D 4A DC E7 34 3F 14 D2 EC 2D CC C0 24 18 B3 B5
00017980  00 00 E0 B1 DC E7 B3 B5 14 D2 CC C0 CC C0 14 D2
00017990  B3 B5 DC E7 E0 B1 00 00 B3 B5 24 18 CC C0 EC 2D
000179A0  14 D2 34 3F DC E7 4D 4A 00 00 20 4E 24 18 4D 4A
000179B0  EC 2D 34 3F 34 3F EC 2D 4D 4A 24 18 20 4E 00 00
000179C0  4D 4A DC E7 34 3F 14 D2 EC 2D CC C0 24 18 B3 B5
000179D0  00 00 E0 B1 DC E7 B3 B5 14 D2 CC C0 CC C0 14 D2
000179E0  B3 B5 DC E7 E0 B1 00 00 B3 B5 24 18 CC C0 EC 2D
000179F0  14 D2 34 3F DC E7 4D 4A 00 00 20 4E 24 18 4D 4A
00017A00  EC 2D 34 3F 34 3F EC 2D 4D 4A 24 18 20 4E 00 00
00017A10  4D 4A DC E7 34 3F 14 D2 EC 2D CC C0 24 18 B3 B5
00017A20  00 00 E0 B1 DC E7 B3 B5 14 D2 CC C0 CC C0 14 D2
00017A30  B3 B5 DC E7 E0 B1 00 00 B3 B5 24 18 CC C0 EC 2D
00017A40  14 D2 34 3F DC E7 4D 4A 00 00 20 4E 24 18 4D 4A
00017A50  EC 2D 34 3F 34 3F EC 2D 4D 4A 24 18 20 4E 00 00
00017A60  4D 4A DC E7 34 3F 14 D2 EC 2D CC C0 24 18 B3 B5
00017A70  00 00 E0 B1 DC E7 B3 B5 14 D2 CC C0 CC C0 14 D2
00017A80  B3 B5 DC E7 E0 B1 00 00 B3 B5 24 18 CC C0 EC 2D
00017A90  14 D2 34 3F DC E7 4D 4A 00 00 20 4E 24 18 4D 4A
00017AA0  EC 2D 34 3F 34 3F EC 2D 4D 4A 24 18 20 4E 00 00
00017AB0  4D 4A DC E7 34 3F 14 D2 EC 2D CC C0 24 18 B3 B5
00017AC0  00 00 E0 B1 DC E7 B3 B5 14 D2 CC C0 CC C0 14 D2
00017AD0  B3 B5 DC E7 E0 B1 00 00 B3 B5 24 18 CC C0 EC 2D
00017AE0  14 D2 34 3F DC E7 4D 4A 00 00 20 4E 24 18 4D 4A
00017AF0  EC 2D 34 3F 34 3F EC 2D 4D 4A 24 18 20 4E 00 00
00017B00  4D 4A DC E7 34 3F 14 D2 EC 2D CC C0 24 18 B3 B5
00017B10  00 00 E0 B1 DC E7 B3 B5 14 D2 CC C0 CC C0 14 D2
00017B20  B3 B5 DC E7 E0 B1 00 00 B3 B5 24 18 CC C0 EC 2D
00017B30  14 D2 34 3F DC E7 4D 4A 00 00 20 4E 24 18 4D 4A
00017B40  EC 2D 34 3F 34 3F EC 2D 4D 4A 24 18 20 4E 00 00
00017B50  4D 4A DC E7 34 3F 14 D2 EC 2D CC C0 24 18 B3 B5
00017B60  00 00 E0 B1 DC E7 B3 B5 14 D2 CC C0 CC C0 14 D2
00017B70  B3 B5 DC E7 E0 B1 00 00 B3 B5 24 18 CC C0 EC 2D
00017B80  14 D2 34 3F DC E7 4D 4A 00 00 20 4E 24 18 4D 4A
00017B90  EC 2D 34 3F 34 3F EC 2D 4D 4A 24 18 20 4E 00 00
00017BA0  4D 4A DC E7 34 3F 14 D2 EC 2D CC C0 24 18 B3 B5
00017BB0  00 00 E0 B1 DC E7 B3 B5 14 D2 CC C0 CC C0 14 D2
00017BC0  B3 B5 DC E7 E0 B1 00 00 B3 B5 24 18 CC C0 EC 2D
00017BD0  14 D2 34 3F DC E7 4D 4A 00 00 20 4E 24 18 4D 4A
00017BE0  EC 2D 34 3F 34 3F EC 2D 4D 4A 24 18 20 4E 00 00
00017BF0  4D 4A DC E7 34 3F 14 D2 EC 2D CC C0 24 18 B3 B5
00017C00  00 00 E0 B1 DC E7 B3 B5 14 D2 CC C0 CC C0 14 D2
00017C10  B3 B5 DC E7 E0 B1 00 00 B3 B5 24 18 CC C0 EC 2D
00017C20  14 D2 34 3F DC E7 4D 4A 00 00 20 4E 24 18 4D 4A
00017C30  EC 2D 34 3F 34 3F EC 2D 4D 4A 24 18 20 4E 00 00
00017C40  4D 4A DC E7 34 3F 14 D2 EC 2D CC C0 24 18 B3 B5
00017C50  00 00 E0 B1 DC E7 B3 B5 14 D2 CC C0 CC C0 14 D2
00017C60  B3 B5 DC E7 E0 B1 00 00 B3 B5 24 18 CC C0 EC 2D
00017C70  14 D2 34 3F DC E7 4D 4A 00 00 20 4E 24 18 4D 4A
00017C80  EC 2D 34 3F 34 3F EC 2D 4D 4A 24 18 20 4E 00 00
00017C90  4D 4A DC E7 34 3F 14 D2 EC 2D CC C0 24 18 B3 B5
00017CA0  00 00 E0 B1 DC E7 B3 B5 14 D2 CC C0 CC C0 14 D2
00017CB0  B3 B5 DC E7 E0 B1 00 00 B3 B5 24 18 CC C0 EC 2D
00017CC0  14 D2 34 3F DC E7 4D 4A 00 00 20 4E 24 18 4D 4A
00017CD0  EC 2D 34 3F 34 3F EC 2D 4D 4A 24 18 20 4E 00 00
00017CE0  4D 4A DC E7 34 3F 14 D2 EC 2D CC C0 24 18 B3 B5
00017CF0  00 00 E0 B1 DC E7 B3 B5 14 D2 CC C0 CC C0 14 D2
00017D00  B3 B5 DC E7 E0 B1 00 00 B3 B5 24 18 CC C0 EC 2D
00017D10  14 D2 34 3F DC E7 4D 4A 00 00 20 4E 24 18 4D 4A
00017D20  EC 2D 34 3F 34 3F EC 2D 4D 4A 24 18 20 4E 00 00
00017D30  4D 4A DC E7 34 3F 14 D2 EC 2D CC C0 24 18 B3 B5
00017D40  00 00 E0 B1 DC E7 B3 B5 14 D2 CC C0 CC C0 14 D2
00017D50  B3 B5 DC E7 E0 B1 00 00 B3 B5 24 18 CC C0 EC 2D
00017D60  14 D2 34 3F DC E7 4D 4A 00 00 20 4E 24 18 4D 4A
00017D70  EC 2D 34 3F 34 3F EC 2D 4D 4A 24 18 20 4E 00 00
00017D80  4D 4A DC E7 34 3F 14 D2 EC 2D CC C0 24 18 B3 B5
00017D90  00 00 E0 B1 DC E7 B3 B5 14 D2 CC C0 CC C0 14 D2
00017DA0  B3 B5 DC E7 E0 B1 00 00 B3 B5 24 18 CC C0 EC 2D
00017DB0  14 D2 34 3F DC E7 4D 4A 00 00 20 4E 24 18 4D 4A
00017DC0  EC 2D 34 3F 34 3F EC 2D 4D 4A 24 18 20 4E 00 00
00017DD0  4D 4A DC E7 34 3F 14 D2 EC 2D CC C0 24 18 B3 B5
00017DE0  00 00 E0 B1 DC E7 B3 B5 14 D2 CC C0 CC C0 14 D2
00017DF0  B3 B5 DC E7 E0 B1 00 00 B3 B5 24 18 CC C0 EC 2D
00017E00  14 D2 34 3F DC E7 4D 4A 00 00 20 4E 24 18 4D 4A
00017E10  EC 2D 34 3F 34 3F EC 2D 4D 4A 24 18 20 4E 00 00
00017E20  4D 4A DC E7 34 3F 14 D2 EC 2D CC C0 24 18 B3 B5
00017E30  00 00 E0 B1 DC E7 B3 B5 14 D2 CC C0 CC C0 14 D2
00017E40  B3 B5 DC E7 E0 B1 00 00 B3 B5 24 18 CC C0 EC 2D
00017E50  14 D2 34 3F DC E7 4D 4A 00 00 20 4E 24 18 4D 4A
00017E60  EC 2D 34 3F 34 3F EC 2D 4D 4A 24 18 20 4E 00 00
00017E70  4D 4A DC E7 34 3F 14 D2 EC 2D CC C0 24 18 B3 B5
00017E80  00 00 E0 B1 DC E7 B3 B5 14 D2 CC C0 CC C0 14 D2
00017E90  B3 B5 DC E7 E0 B1 00 00 B3 B5 24 18 CC C0 EC 2D
00017EA0  14 D2 34 3F DC E7 4D 4A 00 00 20 4E 24 18 4D 4A
00017EB0  EC 2D 34 3F 34 3F EC 2D 4D 4A 24 18 20 4E 00 00
00017EC0  4D 4A DC E7 34 3F 14 D2 EC 2D CC C0 24 18 B3 B5
00017ED0  00 00 E0 B1 DC E7 B3 B5 14 D2 CC C0 CC C0 14 D2
00017EE0  B3 B5 DC E7 E0 B1 00 00 B3 B5 24 18 CC C0 EC 2D
00017EF0  14 D2 34 3F DC E7 4D 4A 00 00 20 4E 24 18 4D 4A
00017F00  EC 2D 34 3F 34 3F EC 2D 4D 4A 24 18 20 4E 00 00
00017F10  4D 4A DC E7 34 3F 14 D2 EC 2D CC C0 24 18 B3 B5
00017F20  00 00 E0 B1 DC E7 B3 B5 14 D2 CC C0 CC C0 14 D2
00017F30  B3 B5 DC E7 E0 B1 00 00 B3 B5 24 18 CC C0 EC 2D
00017F40  14 D2 34 3F DC E7 4D 4A 00 00 20 4E 24 18 4D 4A
00017F50  EC 2D 34 3F 34 3F EC 2D 4D 4A 24 18 20 4E 00 00
00017F60  4D 4A DC E7 34 3F 14 D2 EC 2D CC C0 24 18 B3 B5
00017F70  00 00 E0 B1 DC E7 B3 B5 14 D2 CC C0 CC C0 14 D2
00017F80  B3 B5 DC E7 E0 B1 00 00 B3 B5 24 18 CC C0 EC 2D
00017F90  14 D2 34 3F DC E7 4D 4A 00 00 20 4E 24 18 4D 4A
00017FA0  EC 2D 34 3F 34 3F EC 2D 4D 4A 24 18 20 4E 00 00
00017FB0  4D 4A DC E7 34 3F 14 D2 EC 2D CC C0 24 18 B3 B5
00017FC0  00 00 E0 B1 DC E7 B3 B5 14 D2 CC C0 CC C0 14 D2
00017FD0  B3 B5 DC E7 E0 B1 00 00 B3 B5 24 18 CC C0 EC 2D
00017FE0  14 D2 34 3F DC E7 4D 4A 00 00 20 4E 24 18 4D 4A
00017FF0  EC 2D 34 3F 34 3F EC 2D 4D 4A 24 18 20 4E 00 00
00018000  4D 4A DC E7 34 3F 14 D2 EC 2D CC C0 24 18 B3 B5
00018010  00 00 E0 B1 DC E7 B3 B5 14 D2 CC C0 CC C0 14 D2
00018020  B3 B5 DC E7 E0 B1 00 00 B3 B5 24 18 CC C0 EC 2D
00018030  14 D2 34 3F DC E7 4D 4A 00 00 20 4E 24 18 4D 4A
00018040  EC 2D 34 3F 34 3F EC 2D 4D 4A 24 18 20 4E 00 00
00018050  4D 4A DC E7 34 3F 14 D2 EC 2D CC C0 24 18 B3 B5
00018060  00 00 E0 B1 DC E7 B3 B5 14 D2 CC C0 CC C0 14 D2
00018070  B3 B5 DC E7 E0 B1 00 00 B3 B5 24 18 CC C0 EC 2D
00018080  14 D2 34 3F DC E7 4D 4A 00 00 20 4E 24 18 4D 4A
00018090  EC 2D 34 3F 34 3F EC 2D 4D 4A 24 18 20 4E 00 00
000180A0  4D 4A DC E7 34 3F 14 D2 EC 2D CC C0 24 18 B3 B5
000180B0  00 00 E0 B1 DC E7 B3 B5 14 D2 CC C0 CC C0 14 D2
000180C0  B3 B5 DC E7 E0 B1 00 00 B3 B5 24 18 CC C0 EC 2D
000180D0  14 D2 34 3F DC E7 4D 4A 00 00 20 4E 24 18 4D 4A
000180E0  EC 2D 34 3F 34 3F EC 2D 4D 4A 24 18 20 4E 00 00
000180F0  4D 4A DC E7 34 3F 14 D2 EC 2D CC C0 24 18 B3 B5
00018100  00 00 E0 B1 DC E7 B3 B5 14 D2 CC C0 CC C0 14 D2
00018110  B3 B5 DC E7 E0 B1 00 00 B3 B5 24 18 CC C0 EC 2D
00018120  14 D2 34 3F DC E7 4D 4A 00 00 20 4E 24 18 4D 4A
00018130  EC 2D 34 3F 34 3F EC 2D 4D 4A 24 18 20 4E 00 00
00018140  4D 4A DC E7 34 3F 14 D2 EC 2D CC C0 24 18 B3 B5
00018150  00 00 E0 B1 DC E7 B3 B5 14 D2 CC C0 CC C0 14 D2
00018160  B3 B5 DC E7 E0 B1 00 00 B3 B5 24 18 CC C0 EC 2D
00018170  14 D2 34 3F DC E7 4D 4A 00 00 20 4E 24 18 4D 4A
00018180  EC 2D 34 3F 34 3F EC 2D 4D 4A 24 18 20 4E 00 00
00018190  4D 4A DC E7 34 3F 14 D2 EC 2D CC C0 24 18 B3 B5
000181A0  00 00 E0 B1 DC E7 B3 B5 14 D2 CC C0 CC C0 14 D2
000181B0  B3 B5 DC E7 E0 B1 00 00 B3 B5 24 18 CC C0 EC 2D
000181C0  14 D2 34 3F DC E7 4D 4A 00 00 20 4E 24 18 4D 4A
000181D0  EC 2D 34 3F 34 3F EC 2D 4D 4A 24 18 20 4E 00 00
000181E0  4D 4A DC E7 34 3F 14 D2 EC 2D CC C0 24 18 B3 B5
000181F0  00 00 E0 B1 DC E7 B3 B5 14 D2 CC C0 CC C0 14 D2
00018200  B3 B5 DC E7 E0 B1 00 00 B3 B5 24 18 CC C0 EC 2D
00018210  14 D2 34 3F DC E7 4D 4A 00 00 20 4E 24 18 4D 4A
00018220  EC 2D 34 3F 34 3F EC 2D 4D 4A 24 18 20 4E 00 00
00018230  4D 4A DC E7 34 3F 14 D2 EC 2D CC C0 24 18 B3 B5
00018240  00 00 E0 B1 DC E7 B3 B5 14 D2 CC C0 CC C0 14 D2
00018250  B3 B5 DC E7 E0 B1 00 00 B3 B5 24 18 CC C0 EC 2D
00018260  14 D2 34 3F DC E7 4D 4A 00 00 20 4E 24 18 4D 4A
00018270  EC 2D 34 3F 34 3F EC 2D 4D 4A 24 18 20 4E 00 00
00018280  4D 4A DC E7 34 3F 14 D2 EC 2D CC C0 24 18 B3 B5
00018290  00 00 E0 B1 DC E7 B3 B5 14 D2 CC C0 CC C0 14 D2
000182A0  B3 B5 DC E7 E0 B1 00 00 B3 B5 24 18 CC C0 EC 2D
000182B0  14 D2 34 3F DC E7 4D 4A 00 00 20 4E 24 18 4D 4A
000182C0  EC 2D 34 3F 34 3F EC 2D 4D 4A 24 18 20 4E 00 00
000182D0  4D 4A DC E7 34 3F 14 D2 EC 2D CC C0 24 18 B3 B5
000182E0  00 00 E0 B1 DC E7 B3 B5 14 D2 CC C0 CC C0 14 D2
000182F0  B3 B5 DC E7 E0 B1 00 00 B3 B5 24 18 CC C0 EC 2D
00018300  14 D2 34 3F DC E7 4D 4A 00 00 20 4E 24 18 4D 4A
00018310  EC 2D 34 3F 34 3F EC 2D 4D 4A 24 18 20 4E 00 00
00018320  4D 4A DC E7 34 3F 14 D2 EC 2D CC C0 24 18 B3 B5
00018330  00 00 E0 B1 DC E7 B3 B5 14 D2 CC C0 CC C0 14 D2
00018340  B3 B5 DC E7 E0 B1 00 00 B3 B5 24 18 CC C0 EC 2D
00018350  14 D2 34 3F DC E7 4D 4A 00 00 20 4E 24 18 4D 4A
00018360  EC 2D 34 3F 34 3F EC 2D 4D 4A 24 18 20 4E 00 00
00018370  4D 4A DC E7 34 3F 14 D2 EC 2D CC C0 24 18 B3 B5
00018380  00 00 E0 B1 DC E7 B3 B5 14 D2 CC C0 CC C0 14 D2
00018390  B3 B5 DC E7 E0 B1 00 00 B3 B5 24 18 CC C0 EC 2D
000183A0  14 D2 34 3F DC E7 4D 4A 00 00 20 4E 24 18 4D 4A
000183B0  EC 2D 34 3F 34 3F EC 2D 4D 4A 24 18 20 4E 00 00
000183C0  4D 4A DC E7 34 3F 14 D2 EC 2D CC C0 24 18 B3 B5
000183D0  00 00 E0 B1 DC E7 B3 B5 14 D2 CC C0 CC C0 14 D2
000183E0  B3 B5 DC E7 E0 B1 00 00 B3 B5 24 18 CC C0 EC 2D
000183F0  14 D2 34 3F DC E7 4D 4A 00 00 20 4E 24 18 4D 4A
00018400  EC 2D 34 3F 34 3F EC 2D 4D 4A 24 18 20 4E 00 00
00018410  4D 4A DC E7 34 3F 14 D2 EC 2D CC C0 24 18 B3 B5
00018420  00 00 E0 B1 DC E7 B3 B5 14 D2 CC C0 CC C0 14 D2
00018430  B3 B5 DC E7 E0 B1 00 00 B3 B5 24 18 CC C0 EC 2D
00018440  14 D2 34 3F DC E7 4D 4A 00 00 20 4E 24 18 4D 4A
00018450  EC 2D 34 3F 34 3F EC 2D 4D 4A 24 18 20 4E 00 00
00018460  4D 4A DC E7 34 3F 14 D2 EC 2D CC C0 24 18 B3 B5
00018470  00 00 E0 B1 DC E7 B3 B5 14 D2 CC C0 CC C0 14 D2
00018480  B3 B5 DC E7 E0 B1 00 00 B3 B5 24 18 CC C0 EC 2D
00018490  14 D2 34 3F DC E7 4D 4A 00 00 20 4E 24 18 4D 4A
000184A0  EC 2D 34 3F 34 3F EC 2D 4D 4A 24 18 20 4E 00 00
000184B0  4D 4A DC E7 34 3F 14 D2 EC 2D CC C0 24 18 B3 B5
000184C0  00 00 E0 B1 DC E7 B3 B5 14 D2 CC C0 CC C0 14 D2
000184D0  B3 B5 DC E7 E0 B1 00 00 B3 B5 24 18 CC C0 EC 2D
000184E0  14 D2 34 3F DC E7 4D 4A 00 00 20 4E 24 18 4D 4A
000184F0  EC 2D 34 3F 34 3F EC 2D 4D 4A 24 18 20 4E 00 00
00018500  4D 4A DC E7 34 3F 14 D2 EC 2D CC C0 24 18 B3 B5
00018510  00 00 E0 B1 DC E7 B3 B5 14 D2 CC C0 CC C0 14 D2
00018520  B3 B5 DC E7 E0 B1 00 00 B3 B5 24 18 CC C0 EC 2D
00018530  14 D2 34 3F DC E7 4D 4A 00 00 20 4E 24 18 4D 4A
00018540  EC 2D 34 3F 34 3F EC 2D 4D 4A 24 18 20 4E 00 00
00018550  4D 4A DC E7 34 3F 14 D2 EC 2D CC C0 24 18 B3 B5
00018560  00 00 E0 B1 DC E7 B3 B5 14 D2 CC C0 CC C0 14 D2
00018570  B3 B5 DC E7 E0 B1 00 00 B3 B5 24 18 CC C0 EC 2D
00018580  14 D2 34 3F DC E7 4D 4A 00 00 20 4E 24 18 4D 4A
00018590  EC 2D 34 3F 34 3F EC 2D 4D 4A 24 18 20 4E 00 00
000185A0  4D 4A DC E7 34 3F 14 D2 EC 2D CC C0 24 18 B3 B5
000185B0  00 00 E0 B1 DC E7 B3 B5 14 D2 CC C0 CC C0 14 D2
000185C0  B3 B5 DC E7 E0 B1 00 00 B3 B5 24 18 CC C0 EC 2D
000185D0  14 D2 34 3F DC E7 4D 4A 00 00 20 4E 24 18 4D 4A
000185E0  EC 2D 34 3F 34 3F EC 2D 4D 4A 24 18 20 4E 00 00
000185F0  4D 4A DC E7 34 3F 14 D2 EC 2D CC C0 24 18 B3 B5
00018600  00 00 E0 B1 DC E7 B3 B5 14 D2 CC C0 CC C0 14 D2
00018610  B3 B5 DC E7 E0 B1 00 00 B3 B5 24 18 CC C0 EC 2D
00018620  14 D2 34 3F DC E7 4D 4A 00 00 20 4E 24 18 4D 4A
00018630  EC 2D 34 3F 34 3F EC 2D 4D 4A 24 18 20 4E 00 00
00018640  4D 4A DC E7 34 3F 14 D2 EC 2D CC C0 24 18 B3 B5
00018650  00 00 E0 B1 DC E7 B3 B5 14 D2 CC C0 CC C0 14 D2
00018660  B3 B5 DC E7 E0 B1 00 00 B3 B5 24 18 CC C0 EC 2D
00018670  14 D2 34 3F DC E7 4D 4A 00 00 20 4E 24 18 4D 4A
00018680  EC 2D 34 3F 34 3F EC 2D 4D 4A 24 18 20 4E 00 00
00018690  4D 4A DC E7 34 3F 14 D2 EC 2D CC C0 24 18 B3 B5
000186A0  00 00 E0 B1 DC E7 B3 B5 14 D2 CC C0 CC C0 14 D2
000186B0  B3 B5 DC E7 E0 B1 00 00 B3 B5 24 18 CC C0 EC 2D
000186C0  14 D2 34 3F DC E7 4D 4A 00 00 20 4E 24 18 4D 4A
000186D0  EC 2D 34 3F 34 3F EC 2D 4D 4A 24 18 20 4E 00 00
000186E0  4D 4A DC E7 34 3F 14 D2 EC 2D CC C0 24 18 B3 B5
000186F0  00 00 E0 B1 DC E7 B3 B5 14 D2 CC C0 CC C0 14 D2
00018700  B3 B5 DC E7 E0 B1 00 00 B3 B5 24 18 CC C0 EC 2D
00018710  14 D2 34 3F DC E7 4D 4A 00 00 20 4E 24 18 4D 4A
00018720  EC 2D 34 3F 34 3F EC 2D 4D 4A 24 18 20 4E 00 00
00018730  4D 4A DC E7 34 3F 14 D2 EC 2D CC C0 24 18 B3 B5
00018740  00 00 E0 B1 DC E7 B3 B5 14 D2 CC C0 CC C0 14 D2
00018750  B3 B5 DC E7 E0 B1 00 00 B3 B5 24 18 CC C0 EC 2D
00018760  14 D2 34 3F DC E7 4D 4A 00 00 20 4E 24 18 4D 4A
00018770  EC 2D 34 3F 34 3F EC 2D 4D 4A 24 18 20 4E 00 00
00018780  4D 4A DC E7 34 3F 14 D2 EC 2D CC C0 24 18 B3 B5
00018790  00 00 E0 B1 DC E7 B3 B5 14 D2 CC C0 CC C0 14 D2
000187A0  B3 B5 DC E7 E0 B1 00 00 B3 B5 24 18 CC C0 EC 2D
000187B0  14 D2 34 3F DC E7 4D 4A 00 00 20 4E 24 18 4D 4A
000187C0  EC 2D 34 3F 34 3F EC 2D 4D 4A 24 18 20 4E 00 00
000187D0  4D 4A DC E7 34 3F 14 D2 EC 2D CC C0 24 18 B3 B5
000187E0  00 00 E0 B1 DC E7 B3 B5 14 D2 CC C0 CC C0 14 D2
000187F0  B3 B5 DC E7 E0 B1 00 00 B3 B5 24 18 CC C0 EC 2D
00018800  14 D2 34 3F DC E7 4D 4A 00 00 20 4E 24 18 4D 4A
00018810  EC 2D 34 3F 34 3F EC 2D 4D 4A 24 18 20 4E 00 00
00018820  4D 4A DC E7 34 3F 14 D2 EC 2D CC C0 24 18 B3 B5
00018830  00 00 E0 B1 DC E7 B3 B5 14 D2 CC C0 CC C0 14 D2
00018840  B3 B5 DC E7 E0 B1 00 00 B3 B5 24 18 CC C0 EC 2D
00018850  14 D2 34 3F DC E7 4D 4A 00 00 20 4E 24 18 4D 4A
00018860  EC 2D 34 3F 34 3F EC 2D 4D 4A 24 18 20 4E 00 00
00018870  4D 4A DC E7 34 3F 14 D2 EC 2D CC C0 24 18 B3 B5
00018880  00 00 E0 B1 DC E7 B3 B5 14 D2 CC C0 CC C0 14 D2
00018890  B3 B5 DC E7 E0 B1 00 00 B3 B5 24 18 CC C0 EC 2D
000188A0  14 D2 34 3F DC E7 4D 4A 00 00 20 4E 24 18 4D 4A
000188B0  EC 2D 34 3F 34 3F EC 2D 4D 4A 24 18 20 4E 00 00
000188C0  4D 4A DC E7 34 3F 14 D2 EC 2D CC C0 24 18 B3 B5
000188D0  00 00 E0 B1 DC E7 B3 B5 14 D2 CC C0 CC C0 14 D2
000188E0  B3 B5 DC E7 E0 B1 00 00 B3 B5 24 18 CC C0 EC 2D
000188F0  14 D2 34 3F DC E7 4D 4A 00 00 20 4E 24 18 4D 4A
00018900  EC 2D 34 3F 34 3F EC 2D 4D 4A 24 18 20 4E 00 00
00018910  4D 4A DC E7 34 3F 14 D2 EC 2D CC C0 24 18 B3 B5
00018920  00 00 E0 B1 DC E7 B3 B5 14 D2 CC C0 CC C0 14 D2
00018930  B3 B5 DC E7 E0 B1 00 00 B3 B5 24 18 CC C0 EC 2D
00018940  14 D2 34 3F DC E7 4D 4A 00 00 20 4E 24 18 4D 4A
00018950  EC 2D 34 3F 34 3F EC 2D 4D 4A 24 18 20 4E 00 00
00018960  4D 4A DC E7 34 3F 14 D2 EC 2D CC C0 24 18 B3 B5
00018970  00 00 E0 B1 DC E7 B3 B5 14 D2 CC C0 CC C0 14 D2
00018980  B3 B5 DC E7 E0 B1 00 00 B3 B5 24 18 CC C0 EC 2D
00018990  14 D2 34 3F DC E7 4D 4A 00 00 20 4E 24 18 4D 4A
000189A0  EC 2D 34 3F 34 3F EC 2D 4D 4A 24 18 20 4E 00 00
000189B0  4D 4A DC E7 34 3F 14 D2 EC 2D CC C0 24 18 B3 B5
000189C0  00 00 E0 B1 DC E7 B3 B5 14 D2 CC C0 CC C0 14 D2
000189D0  B3 B5 DC E7 E0 B1 00 00 B3 B5 24 18 CC C0 EC 2D
000189E0  14 D2 34 3F DC E7 4D 4A 00 00 20 4E 24 18 4D 4A
000189F0  EC 2D 34 3F 34 3F EC 2D 4D 4A 24 18 20 4E 00 00
00018A00  4D 4A DC E7 34 3F 14 D2 EC 2D CC C0 24 18 B3 B5
00018A10  00 00 E0 B1 DC E7 B3 B5 14 D2 CC C0 CC C0 14 D2
00018A20  B3 B5 DC E7 E0 B1 00 00 B3 B5 24 18 CC C0 EC 2D
00018A30  14 D2 34 3F DC E7 4D 4A 00 00 20 4E 24 18 4D 4A
00018A40  EC 2D 34 3F 34 3F EC 2D 4D 4A 24 18 20 4E 00 00
00018A50  4D 4A DC E7 34 3F 14 D2 EC 2D CC C0 24 18 B3 B5
00018A60  00 00 E0 B1 DC E7 B3 B5 14 D2 CC C0 CC C0 14 D2
00018A70  B3 B5 DC E7 E0 B1 00 00 B3 B5 24 18 CC C0 EC 2D
00018A80  14 D2 34 3F DC E7 4D 4A 00 00 20 4E 24 18 4D 4A
00018A90  EC 2D 34 3F 34 3F EC 2D 4D 4A 24 18 20 4E 00 00
00018AA0  4D 4A DC E7 34 3F 14 D2 EC 2D CC C0 24 18 B3 B5
00018AB0  00 00 E0 B1 DC E7 B3 B5 14 D2 CC C0 CC C0 14 D2
00018AC0  B3 B5 DC E7 E0 B1 00 00 B3 B5 24 18 CC C0 EC 2D
00018AD0  14 D2 34 3F DC E7 4D 4A 00 00 20 4E 24 18 4D 4A
00018AE0  EC 2D 34 3F 34 3F EC 2D 4D 4A 24 18 20 4E 00 00
00018AF0  4D 4A DC E7 34 3F 14 D2 EC 2D CC C0 24 18 B3 B5
00018B00  00 00 E0 B1 DC E7 B3 B5 14 D2 CC C0 CC C0 14 D2
00018B10  B3 B5 DC E7 E0 B1 00 00 B3 B5 24 18 CC C0 EC 2D
00018B20  14 D2 34 3F DC E7 4D 4A 00 00 20 4E 24 18 4D 4A
00018B30  EC 2D 34 3F 34 3F EC 2D 4D 4A 24 18 20 4E 00 00
00018B40  4D 4A DC E7 34 3F 14 D2 EC 2D CC C0 24 18 B3 B5
00018B50  00 00 E0 B1 DC E7 B3 B5 14 D2 CC C0 CC C0 14 D2
00018B60  B3 B5 DC E7 E0 B1 00 00 B3 B5 24 18 CC C0 EC 2D
00018B70  14 D2 34 3F DC E7 4D 4A 00 00 20 4E 24 18 4D 4A
00018B80  EC 2D 34 3F 34 3F EC 2D 4D 4A 24 18 20 4E 00 00
00018B90  4D 4A DC E7 34 3F 14 D2 EC 2D CC C0 24 18 B3 B5
00018BA0  00 00 E0 B1 DC E7 B3 B5 14 D2 CC C0 CC C0 14 D2
00018BB0  B3 B5 DC E7 E0 B1 00 00 B3 B5 24 18 CC C0 EC 2D
00018BC0  14 D2 34 3F DC E7 4D 4A 00 00 20 4E 24 18 4D 4A
00018BD0  EC 2D 34 3F 34 3F EC 2D 4D 4A 24 18 20 4E 00 00
00018BE0  4D 4A DC E7 34 3F 14 D2 EC 2D CC C0 24 18 B3 B5
00018BF0  00 00 E0 B1 DC E7 B3 B5 14 D2 CC C0 CC C0 14 D2
00018C00  B3 B5 DC E7 E0 B1 00 00 B3 B5 24 18 CC C0 EC 2D
00018C10  14 D2 34 3F DC E7 4D 4A 00 00 20 4E 24 18 4D 4A
00018C20  EC 2D 34 3F 34 3F EC 2D 4D 4A 24 18 20 4E 00 00
00018C30  4D 4A DC E7 34 3F 14 D2 EC 2D CC C0 24 18 B3 B5
00018C40  00 00 E0 B1 DC E7 B3 B5 14 D2 CC C0 CC C0 14 D2
00018C50  B3 B5 DC E7 E0 B1 00 00 B3 B5 24 18 CC C0 EC 2D
00018C60  14 D2 34 3F DC E7 4D 4A 00 00 20 4E 24 18 4D 4A
00018C70  EC 2D 34 3F 34 3F EC 2D 4D 4A 24 18 20 4E 00 00
00018C80  4D 4A DC E7 34 3F 14 D2 EC 2D CC C0 24 18 B3 B5
00018C90  00 00 E0 B1 DC E7 B3 B5 14 D2 CC C0 CC C0 14 D2
00018CA0  B3 B5 DC E7 E0 B1 00 00 B3 B5 24 18 CC C0 EC 2D
00018CB0  14 D2 34 3F DC E7 4D 4A 00 00 20 4E 24 18 4D 4A
00018CC0  EC 2D 34 3F 34 3F EC 2D 4D 4A 24 18 20 4E 00 00
00018CD0  4D 4A DC E7 34 3F 14 D2 EC 2D CC C0 24 18 B3 B5
00018CE0  00 00 E0 B1 DC E7 B3 B5 14 D2 CC C0 CC C0 14 D2
00018CF0  B3 B5 DC E7 E0 B1 00 00 B3 B5 24 18 CC C0 EC 2D
00018D00  14 D2 34 3F DC E7 4D 4A 00 00 20 4E 24 18 4D 4A
00018D10  EC 2D 34 3F 34 3F EC 2D 4D 4A 24 18 20 4E 00 00
00018D20  4D 4A DC E7 34 3F 14 D2 EC 2D CC C0 24 18 B3 B5
00018D30  00 00 E0 B1 DC E7 B3 B5 14 D2 CC C0 CC C0 14 D2
00018D40  B3 B5 DC E7 E0 B1 00 00 B3 B5 24 18 CC C0 EC 2D
00018D50  14 D2 34 3F DC E7 4D 4A 00 00 20 4E 24 18 4D 4A
00018D60  EC 2D 34 3F 34 3F EC 2D 4D 4A 24 18 20 4E 00 00
00018D70  4D 4A DC E7 34 3F 14 D2 EC 2D CC C0 24 18 B3 B5
00018D80  00 00 E0 B1 DC E7 B3 B5 14 D2 CC C0 CC C0 14 D2
00018D90  B3 B5 DC E7 E0 B1 00 00 B3 B5 24 18 CC C0 EC 2D
00018DA0  14 D2 34 3F DC E7 4D 4A 00 00 20 4E 24 18 4D 4A
00018DB0  EC 2D 34 3F 34 3F EC 2D 4D 4A 24 18 20 4E 00 00
00018DC0  4D 4A DC E7 34 3F 14 D2 EC 2D CC C0 24 18 B3 B5
00018DD0  00 00 E0 B1 DC E7 B3 B5 14 D2 CC C0 CC C0 14 D2
00018DE0  B3 B5 DC E7 E0 B1 00 00 B3 B5 24 18 CC C0 EC 2D
00018DF0  14 D2 34 3F DC E7 4D 4A 00 00 20 4E 24 18 4D 4A
00018E00  EC 2D 34 3F 34 3F EC 2D 4D 4A 24 18 20 4E 00 00
00018E10  4D 4A DC E7 34 3F 14 D2 EC 2D CC C0 24 18 B3 B5
00018E20  00 00 E0 B1 DC E7 B3 B5 14 D2 CC C0 CC C0 14 D2
00018E30  B3 B5 DC E7 E0 B1 00 00 B3 B5 24 18 CC C0 EC 2D
00018E40  14 D2 34 3F DC E7 4D 4A 00 00 20 4E 24 18 4D 4A
00018E50  EC 2D 34 3F 34 3F EC 2D 4D 4A 24 18 20 4E 00 00
00018E60  4D 4A DC E7 34 3F 14 D2 EC 2D CC C0 24 18 B3 B5
00018E70  00 00 E0 B1 DC E7 B3 B5 14 D2 CC C0 CC C0 14 D2
00018E80  B3 B5 DC E7 E0 B1 00 00 B3 B5 24 18 CC C0 EC 2D
00018E90  14 D2 34 3F DC E7 4D 4A 00 00 20 4E 24 18 4D 4A
00018EA0  EC 2D 34 3F 34 3F EC 2D 4D 4A 24 18 20 4E 00 00
00018EB0  4D 4A DC E7 34 3F 14 D2 EC 2D CC C0 24 18 B3 B5
00018EC0  00 00 E0 B1 DC E7 B3 B5 14 D2 CC C0 CC C0 14 D2
00018ED0  B3 B5 DC E7 E0 B1 00 00 B3 B5 24 18 CC C0 EC 2D
00018EE0  14 D2 34 3F DC E7 4D 4A 00 00 20 4E 24 18 4D 4A
00018EF0  EC 2D 34 3F 34 3F EC 2D 4D 4A 24 18 20 4E 00 00
00018F00  4D 4A DC E7 34 3F 14 D2 EC 2D CC C0 24 18 B3 B5
00018F10  00 00 E0 B1 DC E7 B3 B5 14 D2 CC C0 CC C0 14 D2
00018F20  B3 B5 DC E7 E0 B1 00 00 B3 B5 24 18 CC C0 EC 2D
00018F30  14 D2 34 3F DC E7 4D 4A 00 00 20 4E 24 18 4D 4A
00018F40  EC 2D 34 3F 34 3F EC 2D 4D 4A 24 18 20 4E 00 00
00018F50  4D 4A DC E7 34 3F 14 D2 EC 2D CC C0 24 18 B3 B5
00018F60  00 00 E0 B1 DC E7 B3 B5 14 D2 CC C0 CC C0 14 D2
00018F70  B3 B5 DC E7 E0 B1 00 00 B3 B5 24 18 CC C0 EC 2D
00018F80  14 D2 34 3F DC E7 4D 4A 00 00 20 4E 24 18 4D 4A
00018F90  EC 2D 34 3F 34 3F EC 2D 4D 4A 24 18 20 4E 00 00
00018FA0  4D 4A DC E7 34 3F 14 D2 EC 2D CC C0 24 18 B3 B5
00018FB0  00 00 E0 B1 DC E7 B3 B5 14 D2 CC C0 CC C0 14 D2
00018FC0  B3 B5 DC E7 E0 B1 00 00 B3 B5 24 18 CC C0 EC 2D
00018FD0  14 D2 34 3F DC E7 4D 4A 00 00 20 4E 24 18 4D 4A
00018FE0  EC 2D 34 3F 34 3F EC 2D 4D 4A 24 18 20 4E 00 00
00018FF0  4D 4A DC E7 34 3F 14 D2 EC 2D CC C0 24 18 B3 B5
00019000  00 00 E0 B1 DC E7 B3 B5 14 D2 CC C0 CC C0 14 D2
00019010  B3 B5 DC E7 E0 B1 00 00 B3 B5 24 18 CC C0 EC 2D
00019020  14 D2 34 3F DC E7 4D 4A 00 00 20 4E 24 18 4D 4A
00019030  EC 2D 34 3F 34 3F EC 2D 4D 4A 24 18 20 4E 00 00
00019040  4D 4A DC E7 34 3F 14 D2 EC 2D CC C0 24 18 B3 B5
00019050  00 00 E0 B1 DC E7 B3 B5 14 D2 CC C0 CC C0 14 D2
00019060  B3 B5 DC E7 E0 B1 00 00 B3 B5 24 18 CC C0 EC 2D
00019070  14 D2 34 3F DC E7 4D 4A 00 00 20 4E 24 18 4D 4A
00019080  EC 2D 34 3F 34 3F EC 2D 4D 4A 24 18 20 4E 00 00
00019090  4D 4A DC E7 34 3F 14 D2 EC 2D CC C0 24 18 B3 B5
000190A0  00 00 E0 B1 DC E7 B3 B5 14 D2 CC C0 CC C0 14 D2
000190B0  B3 B5 DC E7 E0 B1 00 00 B3 B5 24 18 CC C0 EC 2D
000190C0  14 D2 34 3F DC E7 4D 4A 00 00 20 4E 24 18 4D 4A
000190D0  EC 2D 34 3F 34 3F EC 2D 4D 4A 24 18 20 4E 00 00
000190E0  4D 4A DC E7 34 3F 14 D2 EC 2D CC C0 24 18 B3 B5
000190F0  00 00 E0 B1 DC E7 B3 B5 14 D2 CC C0 CC C0 14 D2
00019100  B3 B5 DC E7 E0 B1 00 00 B3 B5 24 18 CC C0 EC 2D
00019110  14 D2 34 3F DC E7 4D 4A 00 00 20 4E 24 18 4D 4A
00019120  EC 2D 34 3F 34 3F EC 2D 4D 4A 24 18 20 4E 00 00
00019130  4D 4A DC E7 34 3F 14 D2 EC 2D CC C0 24 18 B3 B5
00019140  00 00 E0 B1 DC E7 B3 B5 14 D2 CC C0 CC C0 14 D2
00019150  B3 B5 DC E7 E0 B1 00 00 B3 B5 24 18 CC C0 EC 2D
00019160  14 D2 34 3F DC E7 4D 4A 00 00 20 4E 24 18 4D 4A
00019170  EC 2D 34 3F 34 3F EC 2D 4D 4A 24 18 20 4E 00 00
00019180  4D 4A DC E7 34 3F 14 D2 EC 2D CC C0 24 18 B3 B5
00019190  00 00 E0 B1 DC E7 B3 B5 14 D2 CC C0 CC C0 14 D2
000191A0  B3 B5 DC E7 E0 B1 00 00 B3 B5 24 18 CC C0 EC 2D
000191B0  14 D2 34 3F DC E7 4D 4A 00 00 20 4E 24 18 4D 4A
000191C0  EC 2D 34 3F 34 3F EC 2D 4D 4A 24 18 20 4E 00 00
000191D0  4D 4A DC E7 34 3F 14 D2 EC 2D CC C0 24 18 B3 B5
000191E0  00 00 E0 B1 DC E7 B3 B5 14 D2 CC C0 CC C0 14 D2
000191F0  B3 B5 DC E7 E0 B1 00 00 B3 B5 24 18 CC C0 EC 2D
00019200  14 D2 34 3F DC E7 4D 4A 00 00 20 4E 24 18 4D 4A
00019210  EC 2D 34 3F 34 3F EC 2D 4D 4A 24 18 20 4E 00 00
00019220  4D 4A DC E7 34 3F 14 D2 EC 2D CC C0 24 18 B3 B5
00019230  00 00 E0 B1 DC E7 B3 B5 14 D2 CC C0 CC C0 14 D2
00019240  B3 B5 DC E7 E0 B1 00 00 B3 B5 24 18 CC C0 EC 2D
00019250  14 D2 34 3F DC E7 4D 4A 00 00 20 4E 24 18 4D 4A
00019260  EC 2D 34 3F 34 3F EC 2D 4D 4A 24 18 20 4E 00 00
00019270  4D 4A DC E7 34 3F 14 D2 EC 2D CC C0 24 18 B3 B5
00019280  00 00 E0 B1 DC E7 B3 B5 14 D2 CC C0 CC C0 14 D2
00019290  B3 B5 DC E7 E0 B1 00 00 B3 B5 24 18 CC C0 EC 2D
000192A0  14 D2 34 3F DC E7 4D 4A 00 00 20 4E 24 18 4D 4A
000192B0  EC 2D 34 3F 34 3F EC 2D 4D 4A 24 18 20 4E 00 00
000192C0  4D 4A DC E7 34 3F 14 D2 EC 2D CC C0 24 18 B3 B5
000192D0  00 00 E0 B1 DC E7 B3 B5 14 D2 CC C0 CC C0 14 D2
000192E0  B3 B5 DC E7 E0 B1 00 00 B3 B5 24 18 CC C0 EC 2D
000192F0  14 D2 34 3F DC E7 4D 4A 00 00 20 4E 24 18 4D 4A
00019300  EC 2D 34 3F 34 3F EC 2D 4D 4A 24 18 20 4E 00 00
00019310  4D 4A DC E7 34 3F 14 D2 EC 2D CC C0 24 18 B3 B5
00019320  00 00 E0 B1 DC E7 B3 B5 14 D2 CC C0 CC C0 14 D2
00019330  B3 B5 DC E7 E0 B1 00 00 B3 B5 24 18 CC C0 EC 2D
00019340  14 D2 34 3F DC E7 4D 4A 00 00 20 4E 24 18 4D 4A
00019350  EC 2D 34 3F 34 3F EC 2D 4D 4A 24 18 20 4E 00 00
00019360  4D 4A DC E7 34 3F 14 D2 EC 2D CC C0 24 18 B3 B5
00019370  00 00 E0 B1 DC E7 B3 B5 14 D2 CC C0 CC C0 14 D2
00019380  B3 B5 DC E7 E0 B1 00 00 B3 B5 24 18 CC C0 EC 2D
00019390  14 D2 34 3F DC E7 4D 4A 00 00 20 4E 24 18 4D 4A
000193A0  EC 2D 34 3F 34 3F EC 2D 4D 4A 24 18 20 4E 00 00
000193B0  4D 4A DC E7 34 3F 14 D2 EC 2D CC C0 24 18 B3 B5
000193C0  00 00 E0 B1 DC E7 B3 B5 14 D2 CC C0 CC C0 14 D2
000193D0  B3 B5 DC E7 E0 B1 00 00 B3 B5 24 18 CC C0 EC 2D
000193E0  14 D2 34 3F DC E7 4D 4A 00 00 20 4E 24 18 4D 4A
000193F0  EC 2D 34 3F 34 3F EC 2D 4D 4A 24 18 20 4E 00 00
00019400  4D 4A DC E7 34 3F 14 D2 EC 2D CC C0 24 18 B3 B5
00019410  00 00 E0 B1 DC E7 B3 B5 14 D2 CC C0 CC C0 14 D2
00019420  B3 B5 DC E7 E0 B1 00 00 B3 B5 24 18 CC C0 EC 2D
00019430  14 D2 34 3F DC E7 4D 4A 00 00 20 4E 24 18 4D 4A
00019440  EC 2D 34 3F 34 3F EC 2D 4D 4A 24 18 20 4E 00 00
00019450  4D 4A DC E7 34 3F 14 D2 EC 2D CC C0 24 18 B3 B5
00019460  00 00 E0 B1 DC E7 B3 B5 14 D2 CC C0 CC C0 14 D2
00019470  B3 B5 DC E7 E0 B1 00 00 B3 B5 24 18 CC C0 EC 2D
00019480  14 D2 34 3F DC E7 4D 4A 00 00 20 4E 24 18 4D 4A
00019490  EC 2D 34 3F 34 3F EC 2D 4D 4A 24 18 20 4E 00 00
000194A0  4D 4A DC E7 34 3F 14 D2 EC 2D CC C0 24 18 B3 B5
000194B0  00 00 E0 B1 DC E7 B3 B5 14 D2 CC C0 CC C0 14 D2
000194C0  B3 B5 DC E7 E0 B1 00 00 B3 B5 24 18 CC C0 EC 2D
000194D0  14 D2 34 3F DC E7 4D 4A 00 00 20 4E 24 18 4D 4A
000194E0  EC 2D 34 3F 34 3F EC 2D 4D 4A 24 18 20 4E 00 00
000194F0  4D 4A DC E7 34 3F 14 D2 EC 2D CC C0 24 18 B3 B5
00019500  00 00 E0 B1 DC E7 B3 B5 14 D2 CC C0 CC C0 14 D2
00019510  B3 B5 DC E7 E0 B1 00 00 B3 B5 24 18 CC C0 EC 2D
00019520  14 D2 34 3F DC E7 4D 4A 00 00 20 4E 24 18 4D 4A
00019530  EC 2D 34 3F 34 3F EC 2D 4D 4A 24 18 20 4E 00 00
00019540  4D 4A DC E7 34 3F 14 D2 EC 2D CC C0 24 18 B3 B5
00019550  00 00 E0 B1 DC E7 B3 B5 14 D2 CC C0 CC C0 14 D2
00019560  B3 B5 DC E7 E0 B1 00 00 B3 B5 24 18 CC C0 EC 2D
00019570  14 D2 34 3F DC E7 4D 4A 00 00 20 4E 24 18 4D 4A
00019580  EC 2D 34 3F 34 3F EC 2D 4D 4A 24 18 20 4E 00 00
00019590  4D 4A DC E7 34 3F 14 D2 EC 2D CC C0 24 18 B3 B5
000195A0  00 00 E0 B1 DC E7 B3 B5 14 D2 CC C0 CC C0 14 D2
000195B0  B3 B5 DC E7 E0 B1 00 00 B3 B5 24 18 CC C0 EC 2D
000195C0  14 D2 34 3F DC E7 4D 4A 00 00 20 4E 24 18 4D 4A
000195D0  EC 2D 34 3F 34 3F EC 2D 4D 4A 24 18 20 4E 00 00
000195E0  4D 4A DC E7 34 3F 14 D2 EC 2D CC C0 24 18 B3 B5
000195F0  00 00 E0 B1 DC E7 B3 B5 14 D2 CC C0 CC C0 14 D2
00019600  B3 B5 DC E7 E0 B1 00 00 B3 B5 24 18 CC C0 EC 2D
00019610  14 D2 34 3F DC E7 4D 4A 00 00 20 4E 24 18 4D 4A
00019620  EC 2D 34 3F 34 3F EC 2D 4D 4A 24 18 20 4E 00 00
00019630  4D 4A DC E7 34 3F 14 D2 EC 2D CC C0 24 18 B3 B5
00019640  00 00 E0 B1 DC E7 B3 B5 14 D2 CC C0 CC C0 14 D2
00019650  B3 B5 DC E7 E0 B1 00 00 B3 B5 24 18 CC C0 EC 2D
00019660  14 D2 34 3F DC E7 4D 4A 00 00 20 4E 24 18 4D 4A
00019670  EC 2D 34 3F 34 3F EC 2D 4D 4A 24 18 20 4E 00 00
00019680  4D 4A DC E7 34 3F 14 D2 EC 2D CC C0 24 18 B3 B5
00019690  00 00 E0 B1 DC E7 B3 B5 14 D2 CC C0 CC C0 14 D2
000196A0  B3 B5 DC E7 E0 B1 00 00 B3 B5 24 18 CC C0 EC 2D
000196B0  14 D2 34 3F DC E7 4D 4A 00 00 20 4E 24 18 4D 4A
000196C0  EC 2D 34 3F 34 3F EC 2D 4D 4A 24 18 20 4E 00 00
000196D0  4D 4A DC E7 34 3F 14 D2 EC 2D CC C0 24 18 B3 B5
000196E0  00 00 E0 B1 DC E7 B3 B5 14 D2 CC C0 CC C0 14 D2
000196F0  B3 B5 DC E7 E0 B1 00 00 B3 B5 24 18 CC C0 EC 2D
00019700  14 D2 34 3F DC E7 4D 4A 00 00 20 4E 24 18 4D 4A
00019710  EC 2D 34 3F 34 3F EC 2D 4D 4A 24 18 20 4E 00 00
00019720  4D 4A DC E7 34 3F 14 D2 EC 2D CC C0 24 18 B3 B5
00019730  00 00 E0 B1 DC E7 B3 B5 14 D2 CC C0 CC C0 14 D2
00019740  B3 B5 DC E7 E0 B1 00 00 B3 B5 24 18 CC C0 EC 2D
00019750  14 D2 34 3F DC E7 4D 4A 00 00 20 4E 24 18 4D 4A
00019760  EC 2D 34 3F 34 3F EC 2D 4D 4A 24 18 20 4E 00 00
00019770  4D 4A DC E7 34 3F 14 D2 EC 2D CC C0 24 18 B3 B5
00019780  00 00 E0 B1 DC E7 B3 B5 14 D2 CC C0 CC C0 14 D2
00019790  B3 B5 DC E7 E0 B1 00 00 B3 B5 24 18 CC C0 EC 2D
000197A0  14 D2 34 3F DC E7 4D 4A 00 00 20 4E 24 18 4D 4A
000197B0  EC 2D 34 3F 34 3F EC 2D 4D 4A 24 18 20 4E 00 00
000197C0  4D 4A DC E7 34 3F 14 D2 EC 2D CC C0 24 18 B3 B5
000197D0  00 00 E0 B1 DC E7 B3 B5 14 D2 CC C0 CC C0 14 D2
000197E0  B3 B5 DC E7 E0 B1 00 00 B3 B5 24 18 CC C0 EC 2D
000197F0  14 D2 34 3F DC E7 4D 4A 00 00 20 4E 24 18 4D 4A
00019800  EC 2D 34 3F 34 3F EC 2D 4D 4A 24 18 20 4E 00 00
00019810  4D 4A DC E7 34 3F 14 D2 EC 2D CC C0 24 18 B3 B5
00019820  00 00 E0 B1 DC E7 B3 B5 14 D2 CC C0 CC C0 14 D2
00019830  B3 B5 DC E7 E0 B1 00 00 B3 B5 24 18 CC C0 EC 2D
00019840  14 D2 34 3F DC E7 4D 4A 00 00 20 4E 24 18 4D 4A
00019850  EC 2D 34 3F 34 3F EC 2D 4D 4A 24 18 20 4E 00 00
00019860  4D 4A DC E7 34 3F 14 D2 EC 2D CC C0 24 18 B3 B5
00019870  00 00 E0 B1 DC E7 B3 B5 14 D2 CC C0 CC C0 14 D2
00019880  B3 B5 DC E7 E0 B1 00 00 B3 B5 24 18 CC C0 EC 2D
00019890  14 D2 34 3F DC E7 4D 4A 00 00 20 4E 24 18 4D 4A
000198A0  EC 2D 34 3F 34 3F EC 2D 4D 4A 24 18 20 4E 00 00
000198B0  4D 4A DC E7 34 3F 14 D2 EC 2D CC C0 24 18 B3 B5
000198C0  00 00 E0 B1 DC E7 B3 B5 14 D2 CC C0 CC C0 14 D2
000198D0  B3 B5 DC E7 E0 B1 00 00 B3 B5 24 18 CC C0 EC 2D
000198E0  14 D2 34 3F DC E7 4D 4A 00 00 20 4E 24 18 4D 4A
000198F0  EC 2D 34 3F 34 3F EC 2D 4D 4A 24 18 20 4E 00 00
00019900  4D 4A DC E7 34 3F 14 D2 EC 2D CC C0 24 18 B3 B5
00019910  00 00 E0 B1 DC E7 B3 B5 14 D2 CC C0 CC C0 14 D2
00019920  B3 B5 DC E7 E0 B1 00 00 B3 B5 24 18 CC C0 EC 2D
00019930  14 D2 34 3F DC E7 4D 4A 00 00 20 4E 24 18 4D 4A
00019940  EC 2D 34 3F 34 3F EC 2D 4D 4A 24 18 20 4E 00 00
00019950  4D 4A DC E7 34 3F 14 D2 EC 2D CC C0 24 18 B3 B5
00019960  00 00 E0 B1 DC E7 B3 B5 14 D2 CC C0 CC C0 14 D2
00019970  B3 B5 DC E7 E0 B1 00 00 B3 B5 24 18 CC C0 EC 2D
00019980  14 D2 34 3F DC E7 4D 4A 00 00 20 4E 24 18 4D 4A
00019990  EC 2D 34 3F 34 3F EC 2D 4D 4A 24 18 20 4E 00 00
000199A0  4D 4A DC E7 34 3F 14 D2 EC 2D CC C0 24 18 B3 B5
000199B0  00 00 E0 B1 DC E7 B3 B5 14 D2 CC C0 CC C0 14 D2
000199C0  B3 B5 DC E7 E0 B1 00 00 B3 B5 24 18 CC C0 EC 2D
000199D0  14 D2 34 3F DC E7 4D 4A 00 00 20 4E 24 18 4D 4A
000199E0  EC 2D 34 3F 34 3F EC 2D 4D 4A 24 18 20 4E 00 00
000199F0  4D 4A DC E7 34 3F 14 D2 EC 2D CC C0 24 18 B3 B5
00019A00  00 00 E0 B1 DC E7 B3 B5 14 D2 CC C0 CC C0 14 D2
00019A10  B3 B5 DC E7 E0 B1 00 00 B3 B5 24 18 CC C0 EC 2D
00019A20  14 D2 34 3F DC E7 4D 4A 00 00 20 4E 24 18 4D 4A
00019A30  EC 2D 34 3F 34 3F EC 2D 4D 4A 24 18 20 4E 00 00
00019A40  4D 4A DC E7 34 3F 14 D2 EC 2D CC C0 24 18 B3 B5
00019A50  00 00 E0 B1 DC E7 B3 B5 14 D2 CC C0 CC C0 14 D2
00019A60  B3 B5 DC E7 E0 B1 00 00 B3 B5 24 18 CC C0 EC 2D
00019A70  14 D2 34 3F DC E7 4D 4A 00 00 20 4E 24 18 4D 4A
00019A80  EC 2D 34 3F 34 3F EC 2D 4D 4A 24 18 20 4E 00 00
00019A90  4D 4A DC E7 34 3F 14 D2 EC 2D CC C0 24 18 B3 B5
00019AA0  00 00 E0 B1 DC E7 B3 B5 14 D2 CC C0 CC C0 14 D2
00019AB0  B3 B5 DC E7 E0 B1 00 00 B3 B5 24 18 CC C0 EC 2D
00019AC0  14 D2 34 3F DC E7 4D 4A 00 00 20 4E 24 18 4D 4A
00019AD0  EC 2D 34 3F 34 3F EC 2D 4D 4A 24 18 20 4E 00 00
00019AE0  4D 4A DC E7 34 3F 14 D2 EC 2D CC C0 24 18 B3 B5
00019AF0  00 00 E0 B1 DC E7 B3 B5 14 D2 CC C0 CC C0 14 D2
00019B00  B3 B5 DC E7 E0 B1 00 00 B3 B5 24 18 CC C0 EC 2D
00019B10  14 D2 34 3F DC E7 4D 4A 00 00 20 4E 24 18 4D 4A
00019B20  EC 2D 34 3F 34 3F EC 2D 4D 4A 24 18 20 4E 00 00
00019B30  4D 4A DC E7 34 3F 14 D2 EC 2D CC C0 24 18 B3 B5
00019B40  00 00 E0 B1 DC E7 B3 B5 14 D2 CC C0 CC C0 14 D2
00019B50  B3 B5 DC E7 E0 B1 00 00 B3 B5 24 18 CC C0 EC 2D
00019B60  14 D2 34 3F DC E7 4D 4A 00 00 20 4E 24 18 4D 4A
00019B70  EC 2D 34 3F 34 3F EC 2D 4D 4A 24 18 20 4E 00 00
00019B80  4D 4A DC E7 34 3F 14 D2 EC 2D CC C0 24 18 B3 B5
00019B90  00 00 E0 B1 DC E7 B3 B5 14 D2 CC C0 CC C0 14 D2
00019BA0  B3 B5 DC E7 E0 B1 00 00 B3 B5 24 18 CC C0 EC 2D
00019BB0  14 D2 34 3F DC E7 4D 4A 00 00 20 4E 24 18 4D 4A
00019BC0  EC 2D 34 3F 34 3F EC 2D 4D 4A 24 18 20 4E 00 00
00019BD0  4D 4A DC E7 34 3F 14 D2 EC 2D CC C0 24 18 B3 B5
00019BE0  00 00 E0 B1 DC E7 B3 B5 14 D2 CC C0 CC C0 14 D2
00019BF0  B3 B5 DC E7 E0 B1 00 00 B3 B5 24 18 CC C0 EC 2D
00019C00  14 D2 34 3F DC E7 4D 4A 00 00 20 4E 24 18 4D 4A
00019C10  EC 2D 34 3F 34 3F EC 2D 4D 4A 24 18 20 4E 00 00
00019C20  4D 4A DC E7 34 3F 14 D2 EC 2D CC C0 24 18 B3 B5
00019C30  00 00 E0 B1 DC E7 B3 B5 14 D2 CC C0 CC C0 14 D2
00019C40  B3 B5 DC E7 E0 B1 00 00 B3 B5 24 18 CC C0 EC 2D
00019C50  14 D2 34 3F DC E7 4D 4A 00 00 20 4E 24 18 4D 4A
00019C60  EC 2D 34 3F 34 3F EC 2D 4D 4A 24 18 20 4E 00 00
00019C70  4D 4A DC E7 34 3F 14 D2 EC 2D CC C0 24 18 B3 B5
00019C80  00 00 E0 B1 DC E7 B3 B5 14 D2 CC C0 CC C0 14 D2
00019C90  B3 B5 DC E7 E0 B1 00 00 B3 B5 24 18 CC C0 EC 2D
00019CA0  14 D2 34 3F DC E7 4D 4A 00 00 20 4E 24 18 4D 4A
00019CB0  EC 2D 34 3F 34 3F EC 2D 4D 4A 24 18 20 4E 00 00
00019CC0  4D 4A DC E7 34 3F 14 D2 EC 2D CC C0 24 18 B3 B5
00019CD0  00 00 E0 B1 DC E7 B3 B5 14 D2 CC C0 CC C0 14 D2
00019CE0  B3 B5 DC E7 E0 B1 00 00 B3 B5 24 18 CC C0 EC 2D
00019CF0  14 D2 34 3F DC E7 4D 4A 00 00 20 4E 24 18 4D 4A
00019D00  EC 2D 34 3F 34 3F EC 2D 4D 4A 24 18 20 4E 00 00
00019D10  4D 4A DC E7 34 3F 14 D2 EC 2D CC C0 24 18 B3 B5
00019D20  00 00 E0 B1 DC E7 B3 B5 14 D2 CC C0 CC C0 14 D2
00019D30  B3 B5 DC E7 E0 B1 00 00 B3 B5 24 18 CC C0 EC 2D
00019D40  14 D2 34 3F DC E7 4D 4A 00 00 20 4E 24 18 4D 4A
00019D50  EC 2D 34 3F 34 3F EC 2D 4D 4A 24 18 20 4E 00 00
00019D60  4D 4A DC E7 34 3F 14 D2 EC 2D CC C0 24 18 B3 B5
00019D70  00 00 E0 B1 DC E7 B3 B5 14 D2 CC C0 CC C0 14 D2
00019D80  B3 B5 DC E7 E0 B1 00 00 B3 B5 24 18 CC C0 EC 2D
00019D90  14 D2 34 3F DC E7 4D 4A 00 00 20 4E 24 18 4D 4A
00019DA0  EC 2D 34 3F 34 3F EC 2D 4D 4A 24 18 20 4E 00 00
00019DB0  4D 4A DC E7 34 3F 14 D2 EC 2D CC C0 24 18 B3 B5
00019DC0  00 00 E0 B1 DC E7 B3 B5 14 D2 CC C0 CC C0 14 D2
00019DD0  B3 B5 DC E7 E0 B1 00 00 B3 B5 24 18 CC C0 EC 2D
00019DE0  14 D2 34 3F DC E7 4D 4A 00 00 20 4E 24 18 4D 4A
00019DF0  EC 2D 34 3F 34 3F EC 2D 4D 4A 24 18 20 4E 00 00
00019E00  4D 4A DC E7 34 3F 14 D2 EC 2D CC C0 24 18 B3 B5
00019E10  00 00 E0 B1 DC E7 B3 B5 14 D2 CC C0 CC C0 14 D2
00019E20  B3 B5 DC E7 E0 B1 00 00 B3 B5 24 18 CC C0 EC 2D
00019E30  14 D2 34 3F DC E7 4D 4A 00 00 20 4E 24 18 4D 4A
00019E40  EC 2D 34 3F 34 3F EC 2D 4D 4A 24 18 20 4E 00 00
00019E50  4D 4A DC E7 34 3F 14 D2 EC 2D CC C0 24 18 B3 B5
00019E60  00 00 E0 B1 DC E7 B3 B5 14 D2 CC C0 CC C0 14 D2
00019E70  B3 B5 DC E7 E0 B1 00 00 B3 B5 24 18 CC C0 EC 2D
00019E80  14 D2 34 3F DC E7 4D 4A 00 00 20 4E 24 18 4D 4A
00019E90  EC 2D 34 3F 34 3F EC 2D 4D 4A 24 18 20 4E 00 00
00019EA0  4D 4A DC E7 34 3F 14 D2 EC 2D CC C0 24 18 B3 B5
00019EB0  00 00 E0 B1 DC E7 B3 B5 14 D2 CC C0 CC C0 14 D2
00019EC0  B3 B5 DC E7 E0 B1 00 00 B3 B5 24 18 CC C0 EC 2D
00019ED0  14 D2 34 3F DC E7 4D 4A 00 00 20 4E 24 18 4D 4A
00019EE0  EC 2D 34 3F 34 3F EC 2D 4D 4A 24 18 20 4E 00 00
00019EF0  4D 4A DC E7 34 3F 14 D2 EC 2D CC C0 24 18 B3 B5
00019F00  00 00 E0 B1 DC E7 B3 B5 14 D2 CC C0 CC C0 14 D2
00019F10  B3 B5 DC E7 E0 B1 00 00 B3 B5 24 18 CC C0 EC 2D
00019F20  14 D2 34 3F DC E7 4D 4A 00 00 20 4E 24 18 4D 4A
00019F30  EC 2D 34 3F 34 3F EC 2D 4D 4A 24 18 20 4E 00 00
00019F40  4D 4A DC E7 34 3F 14 D2 EC 2D CC C0 24 18 B3 B5
00019F50  00 00 E0 B1 DC E7 B3 B5 14 D2 CC C0 CC C0 14 D2
00019F60  B3 B5 DC E7 E0 B1 00 00 B3 B5 24 18 CC C0 EC 2D
00019F70  14 D2 34 3F DC E7 4D 4A 00 00 20 4E 24 18 4D 4A
00019F80  EC 2D 34 3F 34 3F EC 2D 4D 4A 24 18 20 4E 00 00
00019F90  4D 4A DC E7 34 3F 14 D2 EC 2D CC C0 24 18 B3 B5
00019FA0  00 00 E0 B1 DC E7 B3 B5 14 D2 CC C0 CC C0 14 D2
00019FB0  B3 B5 DC E7 E0 B1 00 00 B3 B5 24 18 CC C0 EC 2D
00019FC0  14 D2 34 3F DC E7 4D 4A 00 00 20 4E 24 18 4D 4A
00019FD0  EC 2D 34 3F 34 3F EC 2D 4D 4A 24 18 20 4E 00 00
00019FE0  4D 4A DC E7 34 3F 14 D2 EC 2D CC C0 24 18 B3 B5
00019FF0  00 00 E0 B1 DC E7 B3 B5 14 D2 CC C0 CC C0 14 D2
0001A000  B3 B5 DC E7 E0 B1 00 00 B3 B5 24 18 CC C0 EC 2D
0001A010  14 D2 34 3F DC E7 4D 4A 00 00 20 4E 24 18 4D 4A
0001A020  EC 2D 34 3F 34 3F EC 2D 4D 4A 24 18 20 4E 00 00
0001A030  4D 4A DC E7 34 3F 14 D2 EC 2D CC C0 24 18 B3 B5
0001A040  00 00 E0 B1 DC E7 B3 B5 14 D2 CC C0 CC C0 14 D2
0001A050  B3 B5 DC E7 E0 B1 00 00 B3 B5 24 18 CC C0 EC 2D
0001A060  14 D2 34 3F DC E7 4D 4A 00 00 20 4E 24 18 4D 4A
0001A070  EC 2D 34 3F 34 3F EC 2D 4D 4A 24 18 20 4E 00 00
0001A080  4D 4A DC E7 34 3F 14 D2 EC 2D CC C0 24 18 B3 B5
0001A090  00 00 E0 B1 DC E7 B3 B5 14 D2 CC C0 CC C0 14 D2
0001A0A0  B3 B5 DC E7 E0 B1 00 00 B3 B5 24 18 CC C0 EC 2D
0001A0B0  14 D2 34 3F DC E7 4D 4A 00 00 20 4E 24 18 4D 4A
0001A0C0  EC 2D 34 3F 34 3F EC 2D 4D 4A 24 18 20 4E 00 00
0001A0D0  4D 4A DC E7 34 3F 14 D2 EC 2D CC C0 24 18 B3 B5
0001A0E0  00 00 E0 B1 DC E7 B3 B5 14 D2 CC C0 CC C0 14 D2
0001A0F0  B3 B5 DC E7 E0 B1 00 00 B3 B5 24 18 CC C0 EC 2D
0001A100  14 D2 34 3F DC E7 4D 4A 00 00 20 4E 24 18 4D 4A
0001A110  EC 2D 34 3F 34 3F EC 2D 4D 4A 24 18 20 4E 00 00
0001A120  4D 4A DC E7 34 3F 14 D2 EC 2D CC C0 24 18 B3 B5
0001A130  00 00 E0 B1 DC E7 B3 B5 14 D2 CC C0 CC C0 14 D2
0001A140  B3 B5 DC E7 E0 B1 00 00 B3 B5 24 18 CC C0 EC 2D
0001A150  14 D2 34 3F DC E7 4D 4A 00 00 20 4E 24 18 4D 4A
0001A160  EC 2D 34 3F 34 3F EC 2D 4D 4A 24 18 20 4E 00 00
0001A170  4D 4A DC E7 34 3F 14 D2 EC 2D CC C0 24 18 B3 B5
0001A180  00 00 E0 B1 DC E7 B3 B5 14 D2 CC C0 CC C0 14 D2
0001A190  B3 B5 DC E7 E0 B1 00 00 B3 B5 24 18 CC C0 EC 2D
0001A1A0  14 D2 34 3F DC E7 4D 4A 00 00 20 4E 24 18 4D 4A
0001A1B0  EC 2D 34 3F 34 3F EC 2D 4D 4A 24 18 20 4E 00 00
0001A1C0  4D 4A DC E7 34 3F 14 D2 EC 2D CC C0 24 18 B3 B5
0001A1D0  00 00 E0 B1 DC E7 B3 B5 14 D2 CC C0 CC C0 14 D2
0001A1E0  B3 B5 DC E7 E0 B1 00 00 B3 B5 24 18 CC C0 EC 2D
0001A1F0  14 D2 34 3F DC E7 4D 4A 00 00 20 4E 24 18 4D 4A
0001A200  EC 2D 34 3F 34 3F EC 2D 4D 4A 24 18 20 4E 00 00
0001A210  4D 4A DC E7 34 3F 14 D2 EC 2D CC C0 24 18 B3 B5
0001A220  00 00 E0 B1 DC E7 B3 B5 14 D2 CC C0 CC C0 14 D2
0001A230  B3 B5 DC E7 E0 B1 00 00 B3 B5 24 18 CC C0 EC 2D
0001A240  14 D2 34 3F DC E7 4D 4A 00 00 20 4E 24 18 4D 4A
0001A250  EC 2D 34 3F 34 3F EC 2D 4D 4A 24 18 20 4E 00 00
0001A260  4D 4A DC E7 34 3F 14 D2 EC 2D CC C0 24 18 B3 B5
0001A270  00 00 E0 B1 DC E7 B3 B5 14 D2 CC C0 CC C0 14 D2
0001A280  B3 B5 DC E7 E0 B1 00 00 B3 B5 24 18 CC C0 EC 2D
0001A290  14 D2 34 3F DC E7 4D 4A 00 00 20 4E 24 18 4D 4A
0001A2A0  EC 2D 34 3F 34 3F EC 2D 4D 4A 24 18 20 4E 00 00
0001A2B0  4D 4A DC E7 34 3F 14 D2 EC 2D CC C0 24 18 B3 B5
0001A2C0  00 00 E0 B1 DC E7 B3 B5 14 D2 CC C0 CC C0 14 D2
0001A2D0  B3 B5 DC E7 E0 B1 00 00 B3 B5 24 18 CC C0 EC 2D
0001A2E0  14 D2 34 3F DC E7 4D 4A 00 00 20 4E 24 18 4D 4A
0001A2F0  EC 2D 34 3F 34 3F EC 2D 4D 4A 24 18 20 4E 00 00
0001A300  4D 4A DC E7 34 3F 14 D2 EC 2D CC C0 24 18 B3 B5
0001A310  00 00 E0 B1 DC E7 B3 B5 14 D2 CC C0 CC C0 14 D2
0001A320  B3 B5 DC E7 E0 B1 00 00 B3 B5 24 18 CC C0 EC 2D
0001A330  14 D2 34 3F DC E7 4D 4A 00 00 20 4E 24 18 4D 4A
0001A340  EC 2D 34 3F 34 3F EC 2D 4D 4A 24 18 20 4E 00 00
0001A350  4D 4A DC E7 34 3F 14 D2 EC 2D CC C0 24 18 B3 B5
0001A360  00 00 E0 B1 DC E7 B3 B5 14 D2 CC C0 CC C0 14 D2
0001A370  B3 B5 DC E7 E0 B1 00 00 B3 B5 24 18 CC C0 EC 2D
0001A380  14 D2 34 3F DC E7 4D 4A 00 00 20 4E 24 18 4D 4A
0001A390  EC 2D 34 3F 34 3F EC 2D 4D 4A 24 18 20 4E 00 00
0001A3A0  4D 4A DC E7 34 3F 14 D2 EC 2D CC C0 24 18 B3 B5
0001A3B0  00 00 E0 B1 DC E7 B3 B5 14 D2 CC C0 CC C0 14 D2
0001A3C0  B3 B5 DC E7 E0 B1 00 00 B3 B5 24 18 CC C0 EC 2D
0001A3D0  14 D2 34 3F DC E7 4D 4A 00 00 20 4E 24 18 4D 4A
0001A3E0  EC 2D 34 3F 34 3F EC 2D 4D 4A 24 18 20 4E 00 00
0001A3F0  4D 4A DC E7 34 3F 14 D2 EC 2D CC C0 24 18 B3 B5
0001A400  00 00 E0 B1 DC E7 B3 B5 14 D2 CC C0 CC C0 14 D2
0001A410  B3 B5 DC E7 E0 B1 00 00 B3 B5 24 18 CC C0 EC 2D
0001A420  14 D2 34 3F DC E7 4D 4A 00 00 20 4E 24 18 4D 4A
0001A430  EC 2D 34 3F 34 3F EC 2D 4D 4A 24 18 20 4E 00 00
0001A440  4D 4A DC E7 34 3F 14 D2 EC 2D CC C0 24 18 B3 B5
0001A450  00 00 E0 B1 DC E7 B3 B5 14 D2 CC C0 CC C0 14 D2
0001A460  B3 B5 DC E7 E0 B1 00 00 B3 B5 24 18 CC C0 EC 2D
0001A470  14 D2 34 3F DC E7 4D 4A 00 00 20 4E 24 18 4D 4A
0001A480  EC 2D 34 3F 34 3F EC 2D 4D 4A 24 18 20 4E 00 00
0001A490  4D 4A DC E7 34 3F 14 D2 EC 2D CC C0 24 18 B3 B5
0001A4A0  00 00 E0 B1 DC E7 B3 B5 14 D2 CC C0 CC C0 14 D2
0001A4B0  B3 B5 DC E7 E0 B1 00 00 B3 B5 24 18 CC C0 EC 2D
0001A4C0  14 D2 34 3F DC E7 4D 4A 00 00 20 4E 24 18 4D 4A
0001A4D0  EC 2D 34 3F 34 3F EC 2D 4D 4A 24 18 20 4E 00 00
0001A4E0  4D 4A DC E7 34 3F 14 D2 EC 2D CC C0 24 18 B3 B5
0001A4F0  00 00 E0 B1 DC E7 B3 B5 14 D2 CC C0 CC C0 14 D2
0001A500  B3 B5 DC E7 E0 B1 00 00 B3 B5 24 18 CC C0 EC 2D
0001A510  14 D2 34 3F DC E7 4D 4A 00 00 20 4E 24 18 4D 4A
0001A520  EC 2D 34 3F 34 3F EC 2D 4D 4A 24 18 20 4E 00 00
0001A530  4D 4A DC E7 34 3F 14 D2 EC 2D CC C0 24 18 B3 B5
0001A540  00 00 E0 B1 DC E7 B3 B5 14 D2 CC C0 CC C0 14 D2
0001A550  B3 B5 DC E7 E0 B1 00 00 B3 B5 24 18 CC C0 EC 2D
0001A560  14 D2 34 3F DC E7 4D 4A 00 00 20 4E 24 18 4D 4A
0001A570  EC 2D 34 3F 34 3F EC 2D 4D 4A 24 18 20 4E 00 00
0001A580  4D 4A DC E7 34 3F 14 D2 EC 2D CC C0 24 18 B3 B5
0001A590  00 00 E0 B1 DC E7 B3 B5 14 D2 CC C0 CC C0 14 D2
0001A5A0  B3 B5 DC E7 E0 B1 00 00 B3 B5 24 18 CC C0 EC 2D
0001A5B0  14 D2 34 3F DC E7 4D 4A 00 00 20 4E 24 18 4D 4A
0001A5C0  EC 2D 34 3F 34 3F EC 2D 4D 4A 24 18 20 4E 00 00
0001A5D0  4D 4A DC E7 34 3F 14 D2 EC 2D CC C0 24 18 B3 B5
0001A5E0  00 00 E0 B1 DC E7 B3 B5 14 D2 CC C0 CC C0 14 D2
0001A5F0  B3 B5 DC E7 E0 B1 00 00 B3 B5 24 18 CC C0 EC 2D
0001A600  14 D2 34 3F DC E7 4D 4A 00 00 20 4E 24 18 4D 4A
0001A610  EC 2D 34 3F 34 3F EC 2D 4D 4A 24 18 20 4E 00 00
0001A620  4D 4A DC E7 34 3F 14 D2 EC 2D CC C0 24 18 B3 B5
0001A630  00 00 E0 B1 DC E7 B3 B5 14 D2 CC C0 CC C0 14 D2
0001A640  B3 B5 DC E7 E0 B1 00 00 B3 B5 24 18 CC C0 EC 2D
0001A650  14 D2 34 3F DC E7 4D 4A 00 00 20 4E 24 18 4D 4A
0001A660  EC 2D 34 3F 34 3F EC 2D 4D 4A 24 18 20 4E 00 00
0001A670  4D 4A DC E7 34 3F 14 D2 EC 2D CC C0 24 18 B3 B5
0001A680  00 00 E0 B1 DC E7 B3 B5 14 D2 CC C0 CC C0 14 D2
0001A690  B3 B5 DC E7 E0 B1 00 00 B3 B5 24 18 CC C0 EC 2D
0001A6A0  14 D2 34 3F DC E7 4D 4A 00 00 20 4E 24 18 4D 4A
0001A6B0  EC 2D 34 3F 34 3F EC 2D 4D 4A 24 18 20 4E 00 00
0001A6C0  4D 4A DC E7 34 3F 14 D2 EC 2D CC C0 24 18 B3 B5
0001A6D0  00 00 E0 B1 DC E7 B3 B5 14 D2 CC C0 CC C0 14 D2
0001A6E0  B3 B5 DC E7 E0 B1 00 00 B3 B5 24 18 CC C0 EC 2D
0001A6F0  14 D2 34 3F DC E7 4D 4A 00 00 20 4E 24 18 4D 4A
0001A700  EC 2D 34 3F 34 3F EC 2D 4D 4A 24 18 20 4E 00 00
0001A710  4D 4A DC E7 34 3F 14 D2 EC 2D CC C0 24 18 B3 B5
0001A720  00 00 E0 B1 DC E7 B3 B5 14 D2 CC C0 CC C0 14 D2
0001A730  B3 B5 DC E7 E0 B1 00 00 B3 B5 24 18 CC C0 EC 2D
0001A740  14 D2 34 3F DC E7 4D 4A 00 00 20 4E 24 18 4D 4A
0001A750  EC 2D 34 3F 34 3F EC 2D 4D 4A 24 18 20 4E 00 00
0001A760  4D 4A DC E7 34 3F 14 D2 EC 2D CC C0 24 18 B3 B5
0001A770  00 00 E0 B1 DC E7 B3 B5 14 D2 CC C0 CC C0 14 D2
0001A780  B3 B5 DC E7 E0 B1 00 00 B3 B5 24 18 CC C0 EC 2D
0001A790  14 D2 34 3F DC E7 4D 4A 00 00 20 4E 24 18 4D 4A
0001A7A0  EC 2D 34 3F 34 3F EC 2D 4D 4A 24 18 20 4E 00 00
0001A7B0  4D 4A DC E7 34 3F 14 D2 EC 2D CC C0 24 18 B3 B5
0001A7C0  00 00 E0 B1 DC E7 B3 B5 14 D2 CC C0 CC C0 14 D2
0001A7D0  B3 B5 DC E7 E0 B1 00 00 B3 B5 24 18 CC C0 EC 2D
0001A7E0  14 D2 34 3F DC E7 4D 4A 00 00 20 4E 24 18 4D 4A
0001A7F0  EC 2D 34 3F 34 3F EC 2D 4D 4A 24 18 20 4E 00 00
0001A800  4D 4A DC E7 34 3F 14 D2 EC 2D CC C0 24 18 B3 B5
0001A810  00 00 E0 B1 DC E7 B3 B5 14 D2 CC C0 CC C0 14 D2
0001A820  B3 B5 DC E7 E0 B1 00 00 B3 B5 24 18 CC C0 EC 2D
0001A830  14 D2 34 3F DC E7 4D 4A 00 00 20 4E 24 18 4D 4A
0001A840  EC 2D 34 3F 34 3F EC 2D 4D 4A 24 18 20 4E 00 00
0001A850  4D 4A DC E7 34 3F 14 D2 EC 2D CC C0 24 18 B3 B5
0001A860  00 00 E0 B1 DC E7 B3 B5 14 D2 CC C0 CC C0 14 D2
0001A870  B3 B5 DC E7 E0 B1 00 00 B3 B5 24 18 CC C0 EC 2D
0001A880  14 D2 34 3F DC E7 4D 4A 00 00 20 4E 24 18 4D 4A
0001A890  EC 2D 34 3F 34 3F EC 2D 4D 4A 24 18 20 4E 00 00
0001A8A0  4D 4A DC E7 34 3F 14 D2 EC 2D CC C0 24 18 B3 B5
0001A8B0  00 00 E0 B1 DC E7 B3 B5 14 D2 CC C0 CC C0 14 D2
0001A8C0  B3 B5 DC E7 E0 B1 00 00 B3 B5 24 18 CC C0 EC 2D
0001A8D0  14 D2 34 3F DC E7 4D 4A 00 00 20 4E 24 18 4D 4A
0001A8E0  EC 2D 34 3F 34 3F EC 2D 4D 4A 24 18 20 4E 00 00
0001A8F0  4D 4A DC E7 34 3F 14 D2 EC 2D CC C0 24 18 B3 B5
0001A900  00 00 E0 B1 DC E7 B3 B5 14 D2 CC C0 CC C0 14 D2
0001A910  B3 B5 DC E7 E0 B1 00 00 B3 B5 24 18 CC C0 EC 2D
0001A920  14 D2 34 3F DC E7 4D 4A 00 00 20 4E 24 18 4D 4A
0001A930  EC 2D 34 3F 34 3F EC 2D 4D 4A 24 18 20 4E 00 00
0001A940  4D 4A DC E7 34 3F 14 D2 EC 2D CC C0 24 18 B3 B5
0001A950  00 00 E0 B1 DC E7 B3 B5 14 D2 CC C0 CC C0 14 D2
0001A960  B3 B5 DC E7 E0 B1 00 00 B3 B5 24 18 CC C0 EC 2D
0001A970  14 D2 34 3F DC E7 4D 4A 00 00 20 4E 24 18 4D 4A
0001A980  EC 2D 34 3F 34 3F EC 2D 4D 4A 24 18 20 4E 00 00
0001A990  4D 4A DC E7 34 3F 14 D2 EC 2D CC C0 24 18 B3 B5
0001A9A0  00 00 E0 B1 DC E7 B3 B5 14 D2 CC C0 CC C0 14 D2
0001A9B0  B3 B5 DC E7 E0 B1 00 00 B3 B5 24 18 CC C0 EC 2D
0001A9C0  14 D2 34 3F DC E7 4D 4A 00 00 20 4E 24 18 4D 4A
0001A9D0  EC 2D 34 3F 34 3F EC 2D 4D 4A 24 18 20 4E 00 00
0001A9E0  4D 4A DC E7 34 3F 14 D2 EC 2D CC C0 24 18 B3 B5
0001A9F0  00 00 E0 B1 DC E7 B3 B5 14 D2 CC C0 CC C0 14 D2
0001AA00  B3 B5 DC E7 E0 B1 00 00 B3 B5 24 18 CC C0 EC 2D
0001AA10  14 D2 34 3F DC E7 4D 4A 00 00 20 4E 24 18 4D 4A
0001AA20  EC 2D 34 3F 34 3F EC 2D 4D 4A 24 18 20 4E 00 00
0001AA30  4D 4A DC E7 34 3F 14 D2 EC 2D CC C0 24 18 B3 B5
0001AA40  00 00 E0 B1 DC E7 B3 B5 14 D2 CC C0 CC C0 14 D2
0001AA50  B3 B5 DC E7 E0 B1 00 00 B3 B5 24 18 CC C0 EC 2D
0001AA60  14 D2 34 3F DC E7 4D 4A 00 00 20 4E 24 18 4D 4A
0001AA70  EC 2D 34 3F 34 3F EC 2D 4D 4A 24 18 20 4E 00 00
0001AA80  4D 4A DC E7 34 3F 14 D2 EC 2D CC C0 24 18 B3 B5
0001AA90  00 00 E0 B1 DC E7 B3 B5 14 D2 CC C0 CC C0 14 D2
0001AAA0  B3 B5 DC E7 E0 B1 00 00 B3 B5 24 18 CC C0 EC 2D
0001AAB0  14 D2 34 3F DC E7 4D 4A 00 00 20 4E 24 18 4D 4A
0001AAC0  EC 2D 34 3F 34 3F EC 2D 4D 4A 24 18 20 4E 00 00
0001AAD0  4D 4A DC E7 34 3F 14 D2 EC 2D CC C0 24 18 B3 B5
0001AAE0  00 00 E0 B1 DC E7 B3 B5 14 D2 CC C0 CC C0 14 D2
0001AAF0  B3 B5 DC E7 E0 B1 00 00 B3 B5 24 18 CC C0 EC 2D
0001AB00  14 D2 34 3F DC E7 4D 4A 00 00 20 4E 24 18 4D 4A
0001AB10  EC 2D 34 3F 34 3F EC 2D 4D 4A 24 18 20 4E 00 00
0001AB20  4D 4A DC E7 34 3F 14 D2 EC 2D CC C0 24 18 B3 B5
0001AB30  00 00 E0 B1 DC E7 B3 B5 14 D2 CC C0 CC C0 14 D2
0001AB40  B3 B5 DC E7 E0 B1 00 00 B3 B5 24 18 CC C0 EC 2D
0001AB50  14 D2 34 3F DC E7 4D 4A 00 00 20 4E 24 18 4D 4A
0001AB60  EC 2D 34 3F 34 3F EC 2D 4D 4A 24 18 20 4E 00 00
0001AB70  4D 4A DC E7 34 3F 14 D2 EC 2D CC C0 24 18 B3 B5
0001AB80  00 00 E0 B1 DC E7 B3 B5 14 D2 CC C0 CC C0 14 D2
0001AB90  B3 B5 DC E7 E0 B1 00 00 B3 B5 24 18 CC C0 EC 2D
0001ABA0  14 D2 34 3F DC E7 4D 4A 00 00 20 4E 24 18 4D 4A
0001ABB0  EC 2D 34 3F 34 3F EC 2D 4D 4A 24 18 20 4E 00 00
0001ABC0  4D 4A DC E7 34 3F 14 D2 EC 2D CC C0 24 18 B3 B5
0001ABD0  00 00 E0 B1 DC E7 B3 B5 14 D2 CC C0 CC C0 14 D2
0001ABE0  B3 B5 DC E7 E0 B1 00 00 B3 B5 24 18 CC C0 EC 2D
0001ABF0  14 D2 34 3F DC E7 4D 4A 00 00 20 4E 24 18 4D 4A
0001AC00  EC 2D 34 3F 34 3F EC 2D 4D 4A 24 18 20 4E 00 00
0001AC10  4D 4A DC E7 34 3F 14 D2 EC 2D CC C0 24 18 B3 B5
0001AC20  00 00 E0 B1 DC E7 B3 B5 14 D2 CC C0 CC C0 14 D2
0001AC30  B3 B5 DC E7 E0 B1 00 00 B3 B5 24 18 CC C0 EC 2D
0001AC40  14 D2 34 3F DC E7 4D 4A 00 00 20 4E 24 18 4D 4A
0001AC50  EC 2D 34 3F 34 3F EC 2D 4D 4A 24 18 20 4E 00 00
0001AC60  4D 4A DC E7 34 3F 14 D2 EC 2D CC C0 24 18 B3 B5
0001AC70  00 00 E0 B1 DC E7 B3 B5 14 D2 CC C0 CC C0 14 D2
0001AC80  B3 B5 DC E7 E0 B1 00 00 B3 B5 24 18 CC C0 EC 2D
0001AC90  14 D2 34 3F DC E7 4D 4A 00 00 20 4E 24 18 4D 4A
0001ACA0  EC 2D 34 3F 34 3F EC 2D 4D 4A 24 18 20 4E 00 00
0001ACB0  4D 4A DC E7 34 3F 14 D2 EC 2D CC C0 24 18 B3 B5
0001ACC0  00 00 E0 B1 DC E7 B3 B5 14 D2 CC C0 CC C0 14 D2
0001ACD0  B3 B5 DC E7 E0 B1 00 00 B3 B5 24 18 CC C0 EC 2D
0001ACE0  14 D2 34 3F DC E7 4D 4A 00 00 20 4E 24 18 4D 4A
0001ACF0  EC 2D 34 3F 34 3F EC 2D 4D 4A 24 18 20 4E 00 00
0001AD00  4D 4A DC E7 34 3F 14 D2 EC 2D CC C0 24 18 B3 B5
0001AD10  00 00 E0 B1 DC E7 B3 B5 14 D2 CC C0 CC C0 14 D2
0001AD20  B3 B5 DC E7 E0 B1 00 00 B3 B5 24 18 CC C0 EC 2D
0001AD30  14 D2 34 3F DC E7 4D 4A 00 00 20 4E 24 18 4D 4A
0001AD40  EC 2D 34 3F 34 3F EC 2D 4D 4A 24 18 20 4E 00 00
0001AD50  4D 4A DC E7 34 3F 14 D2 EC 2D CC C0 24 18 B3 B5
0001AD60  00 00 E0 B1 DC E7 B3 B5 14 D2 CC C0 CC C0 14 D2
0001AD70  B3 B5 DC E7 E0 B1 00 00 B3 B5 24 18 CC C0 EC 2D
0001AD80  14 D2 34 3F DC E7 4D 4A 00 00 20 4E 24 18 4D 4A
0001AD90  EC 2D 34 3F 34 3F EC 2D 4D 4A 24 18 20 4E 00 00
0001ADA0  4D 4A DC E7 34 3F 14 D2 EC 2D CC C0 24 18 B3 B5
0001ADB0  00 00 E0 B1 DC E7 B3 B5 14 D2 CC C0 CC C0 14 D2
0001ADC0  B3 B5 DC E7 E0 B1 00 00 B3 B5 24 18 CC C0 EC 2D
0001ADD0  14 D2 34 3F DC E7 4D 4A 00 00 20 4E 24 18 4D 4A
0001ADE0  EC 2D 34 3F 34 3F EC 2D 4D 4A 24 18 20 4E 00 00
0001ADF0  4D 4A DC E7 34 3F 14 D2 EC 2D CC C0 24 18 B3 B5
0001AE00  00 00 E0 B1 DC E7 B3 B5 14 D2 CC C0 CC C0 14 D2
0001AE10  B3 B5 DC E7 E0 B1 00 00 B3 B5 24 18 CC C0 EC 2D
0001AE20  14 D2 34 3F DC E7 4D 4A 00 00 20 4E 24 18 4D 4A
0001AE30  EC 2D 34 3F 34 3F EC 2D 4D 4A 24 18 20 4E 00 00
0001AE40  4D 4A DC E7 34 3F 14 D2 EC 2D CC C0 24 18 B3 B5
0001AE50  00 00 E0 B1 DC E7 B3 B5 14 D2 CC C0 CC C0 14 D2
0001AE60  B3 B5 DC E7 E0 B1 00 00 B3 B5 24 18 CC C0 EC 2D
0001AE70  14 D2 34 3F DC E7 4D 4A 00 00 20 4E 24 18 4D 4A
0001AE80  EC 2D 34 3F 34 3F EC 2D 4D 4A 24 18 20 4E 00 00
0001AE90  4D 4A DC E7 34 3F 14 D2 EC 2D CC C0 24 18 B3 B5
0001AEA0  00 00 E0 B1 DC E7 B3 B5 14 D2 CC C0 CC C0 14 D2
0001AEB0  B3 B5 DC E7 E0 B1 00 00 B3 B5 24 18 CC C0 EC 2D
0001AEC0  14 D2 34 3F DC E7 4D 4A 00 00 20 4E 24 18 4D 4A
0001AED0  EC 2D 34 3F 34 3F EC 2D 4D 4A 24 18 20 4E 00 00
0001AEE0  4D 4A DC E7 34 3F 14 D2 EC 2D CC C0 24 18 B3 B5
0001AEF0  00 00 E0 B1 DC E7 B3 B5 14 D2 CC C0 CC C0 14 D2
0001AF00  B3 B5 DC E7 E0 B1 00 00 B3 B5 24 18 CC C0 EC 2D
0001AF10  14 D2 34 3F DC E7 4D 4A 00 00 20 4E 24 18 4D 4A
0001AF20  EC 2D 34 3F 34 3F EC 2D 4D 4A 24 18 20 4E 00 00
0001AF30  4D 4A DC E7 34 3F 14 D2 EC 2D CC C0 24 18 B3 B5
0001AF40  00 00 E0 B1 DC E7 B3 B5 14 D2 CC C0 CC C0 14 D2
0001AF50  B3 B5 DC E7 E0 B1 00 00 B3 B5 24 18 CC C0 EC 2D
0001AF60  14 D2 34 3F DC E7 4D 4A 00 00 20 4E 24 18 4D 4A
0001AF70  EC 2D 34 3F 34 3F EC 2D 4D 4A 24 18 20 4E 00 00
0001AF80  4D 4A DC E7 34 3F 14 D2 EC 2D CC C0 24 18 B3 B5
0001AF90  00 00 E0 B1 DC E7 B3 B5 14 D2 CC C0 CC C0 14 D2
0001AFA0  B3 B5 DC E7 E0 B1 00 00 B3 B5 24 18 CC C0 EC 2D
0001AFB0  14 D2 34 3F DC E7 4D 4A 00 00 20 4E 24 18 4D 4A
0001AFC0  EC 2D 34 3F 34 3F EC 2D 4D 4A 24 18 20 4E 00 00
0001AFD0  4D 4A DC E7 34 3F 14 D2 EC 2D CC C0 24 18 B3 B5
0001AFE0  00 00 E0 B1 DC E7 B3 B5 14 D2 CC C0 CC C0 14 D2
0001AFF0  B3 B5 DC E7 E0 B1 00 00 B3 B5 24 18 CC C0 EC 2D
0001B000  14 D2 34 3F DC E7 4D 4A 00 00 20 4E 24 18 4D 4A
0001B010  EC 2D 34 3F 34 3F EC 2D 4D 4A 24 18 20 4E 00 00
0001B020  4D 4A DC E7 34 3F 14 D2 EC 2D CC C0 24 18 B3 B5
0001B030  00 00 E0 B1 DC E7 B3 B5 14 D2 CC C0 CC C0 14 D2
0001B040  B3 B5 DC E7 E0 B1 00 00 B3 B5 24 18 CC C0 EC 2D
0001B050  14 D2 34 3F DC E7 4D 4A 00 00 20 4E 24 18 4D 4A
0001B060  EC 2D 34 3F 34 3F EC 2D 4D 4A 24 18 20 4E 00 00
0001B070  4D 4A DC E7 34 3F 14 D2 EC 2D CC C0 24 18 B3 B5
0001B080  00 00 E0 B1 DC E7 B3 B5 14 D2 CC C0 CC C0 14 D2
0001B090  B3 B5 DC E7 E0 B1 00 00 B3 B5 24 18 CC C0 EC 2D
0001B0A0  14 D2 34 3F DC E7 4D 4A 00 00 20 4E 24 18 4D 4A
0001B0B0  EC 2D 34 3F 34 3F EC 2D 4D 4A 24 18 20 4E 00 00
0001B0C0  4D 4A DC E7 34 3F 14 D2 EC 2D CC C0 24 18 B3 B5
0001B0D0  00 00 E0 B1 DC E7 B3 B5 14 D2 CC C0 CC C0 14 D2
0001B0E0  B3 B5 DC E7 E0 B1 00 00 B3 B5 24 18 CC C0 EC 2D
0001B0F0  14 D2 34 3F DC E7 4D 4A 00 00 20 4E 24 18 4D 4A
0001B100  EC 2D 34 3F 34 3F EC 2D 4D 4A 24 18 20 4E 00 00
0001B110  4D 4A DC E7 34 3F 14 D2 EC 2D CC C0 24 18 B3 B5
0001B120  00 00 E0 B1 DC E7 B3 B5 14 D2 CC C0 CC C0 14 D2
0001B130  B3 B5 DC E7 E0 B1 00 00 B3 B5 24 18 CC C0 EC 2D
0001B140  14 D2 34 3F DC E7 4D 4A 00 00 20 4E 24 18 4D 4A
0001B150  EC 2D 34 3F 34 3F EC 2D 4D 4A 24 18 20 4E 00 00
0001B160  4D 4A DC E7 34 3F 14 D2 EC 2D CC C0 24 18 B3 B5
0001B170  00 00 E0 B1 DC E7 B3 B5 14 D2 CC C0 CC C0 14 D2
0001B180  B3 B5 DC E7 E0 B1 00 00 B3 B5 24 18 CC C0 EC 2D
0001B190  14 D2 34 3F DC E7 4D 4A 00 00 20 4E 24 18 4D 4A
0001B1A0  EC 2D 34 3F 34 3F EC 2D 4D 4A 24 18 20 4E 00 00
0001B1B0  4D 4A DC E7 34 3F 14 D2 EC 2D CC C0 24 18 B3 B5
0001B1C0  00 00 E0 B1 DC E7 B3 B5 14 D2 CC C0 CC C0 14 D2
0001B1D0  B3 B5 DC E7 E0 B1 00 00 B3 B5 24 18 CC C0 EC 2D
0001B1E0  14 D2 34 3F DC E7 4D 4A 00 00 20 4E 24 18 4D 4A
0001B1F0  EC 2D 34 3F 34 3F EC 2D 4D 4A 24 18 20 4E 00 00
0001B200  4D 4A DC E7 34 3F 14 D2 EC 2D CC C0 24 18 B3 B5
0001B210  00 00 E0 B1 DC E7 B3 B5 14 D2 CC C0 CC C0 14 D2
0001B220  B3 B5 DC E7 E0 B1 00 00 B3 B5 24 18 CC C0 EC 2D
0001B230  14 D2 34 3F DC E7 4D 4A 00 00 20 4E 24 18 4D 4A
0001B240  EC 2D 34 3F 34 3F EC 2D 4D 4A 24 18 20 4E 00 00
0001B250  4D 4A DC E7 34 3F 14 D2 EC 2D CC C0 24 18 B3 B5
0001B260  00 00 E0 B1 DC E7 B3 B5 14 D2 CC C0 CC C0 14 D2
0001B270  B3 B5 DC E7 E0 B1 00 00 B3 B5 24 18 CC C0 EC 2D
0001B280  14 D2 34 3F DC E7 4D 4A 00 00 20 4E 24 18 4D 4A
0001B290  EC 2D 34 3F 34 3F EC 2D 4D 4A 24 18 20 4E 00 00
0001B2A0  4D 4A DC E7 34 3F 14 D2 EC 2D CC C0 24 18 B3 B5
0001B2B0  00 00 E0 B1 DC E7 B3 B5 14 D2 CC C0 CC C0 14 D2
0001B2C0  B3 B5 DC E7 E0 B1 00 00 B3 B5 24 18 CC C0 EC 2D
0001B2D0  14 D2 34 3F DC E7 4D 4A 00 00 20 4E 24 18 4D 4A
0001B2E0  EC 2D 34 3F 34 3F EC 2D 4D 4A 24 18 20 4E 00 00
0001B2F0  4D 4A DC E7 34 3F 14 D2 EC 2D CC C0 24 18 B3 B5
0001B300  00 00 E0 B1 DC E7 B3 B5 14 D2 CC C0 CC C0 14 D2
0001B310  B3 B5 DC E7 E0 B1 00 00 B3 B5 24 18 CC C0 EC 2D
0001B320  14 D2 34 3F DC E7 4D 4A 00 00 20 4E 24 18 4D 4A
0001B330  EC 2D 34 3F 34 3F EC 2D 4D 4A 24 18 20 4E 00 00
0001B340  4D 4A DC E7 34 3F 14 D2 EC 2D CC C0 24 18 B3 B5
0001B350  00 00 E0 B1 DC E7 B3 B5 14 D2 CC C0 CC C0 14 D2
0001B360  B3 B5 DC E7 E0 B1 00 00 B3 B5 24 18 CC C0 EC 2D
0001B370  14 D2 34 3F DC E7 4D 4A 00 00 20 4E 24 18 4D 4A
0001B380  EC 2D 34 3F 34 3F EC 2D 4D 4A 24 18 20 4E 00 00
0001B390  4D 4A DC E7 34 3F 14 D2 EC 2D CC C0 24 18 B3 B5
0001B3A0  00 00 E0 B1 DC E7 B3 B5 14 D2 CC C0 CC C0 14 D2
0001B3B0  B3 B5 DC E7 E0 B1 00 00 B3 B5 24 18 CC C0 EC 2D
0001B3C0  14 D2 34 3F DC E7 4D 4A 00 00 20 4E 24 18 4D 4A
0001B3D0  EC 2D 34 3F 34 3F EC 2D 4D 4A 24 18 20 4E 00 00
0001B3E0  4D 4A DC E7 34 3F 14 D2 EC 2D CC C0 24 18 B3 B5
0001B3F0  00 00 E0 B1 DC E7 B3 B5 14 D2 CC C0 CC C0 14 D2
0001B400  B3 B5 DC E7 E0 B1 00 00 B3 B5 24 18 CC C0 EC 2D
0001B410  14 D2 34 3F DC E7 4D 4A 00 00 20 4E 24 18 4D 4A
0001B420  EC 2D 34 3F 34 3F EC 2D 4D 4A 24 18 20 4E 00 00
0001B430  4D 4A DC E7 34 3F 14 D2 EC 2D CC C0 24 18 B3 B5
0001B440  00 00 E0 B1 DC E7 B3 B5 14 D2 CC C0 CC C0 14 D2
0001B450  B3 B5 DC E7 E0 B1 00 00 B3 B5 24 18 CC C0 EC 2D
0001B460  14 D2 34 3F DC E7 4D 4A 00 00 20 4E 24 18 4D 4A
0001B470  EC 2D 34 3F 34 3F EC 2D 4D 4A 24 18 20 4E 00 00
0001B480  4D 4A DC E7 34 3F 14 D2 EC 2D CC C0 24 18 B3 B5
0001B490  00 00 E0 B1 DC E7 B3 B5 14 D2 CC C0 CC C0 14 D2
0001B4A0  B3 B5 DC E7 E0 B1 00 00 B3 B5 24 18 CC C0 EC 2D
0001B4B0  14 D2 34 3F DC E7 4D 4A 00 00 20 4E 24 18 4D 4A
0001B4C0  EC 2D 34 3F 34 3F EC 2D 4D 4A 24 18 20 4E 00 00
0001B4D0  4D 4A DC E7 34 3F 14 D2 EC 2D CC C0 24 18 B3 B5
0001B4E0  00 00 E0 B1 DC E7 B3 B5 14 D2 CC C0 CC C0 14 D2
0001B4F0  B3 B5 DC E7 E0 B1 00 00 B3 B5 24 18 CC C0 EC 2D
0001B500  14 D2 34 3F DC E7 4D 4A 00 00 20 4E 24 18 4D 4A
0001B510  EC 2D 34 3F 34 3F EC 2D 4D 4A 24 18 20 4E 00 00
0001B520  4D 4A DC E7 34 3F 14 D2 EC 2D CC C0 24 18 B3 B5
0001B530  00 00 E0 B1 DC E7 B3 B5 14 D2 CC C0 CC C0 14 D2
0001B540  B3 B5 DC E7 E0 B1 00 00 B3 B5 24 18 CC C0 EC 2D
0001B550  14 D2 34 3F DC E7 4D 4A 00 00 20 4E 24 18 4D 4A
0001B560  EC 2D 34 3F 34 3F EC 2D 4D 4A 24 18 20 4E 00 00
0001B570  4D 4A DC E7 34 3F 14 D2 EC 2D CC C0 24 18 B3 B5
0001B580  00 00 E0 B1 DC E7 B3 B5 14 D2 CC C0 CC C0 14 D2
0001B590  B3 B5 DC E7 E0 B1 00 00 B3 B5 24 18 CC C0 EC 2D
0001B5A0  14 D2 34 3F DC E7 4D 4A 00 00 20 4E 24 18 4D 4A
0001B5B0  EC 2D 34 3F 34 3F EC 2D 4D 4A 24 18 20 4E 00 00
0001B5C0  4D 4A DC E7 34 3F 14 D2 EC 2D CC C0 24 18 B3 B5
0001B5D0  00 00 E0 B1 DC E7 B3 B5 14 D2 CC C0 CC C0 14 D2
0001B5E0  B3 B5 DC E7 E0 B1 00 00 B3 B5 24 18 CC C0 EC 2D
0001B5F0  14 D2 34 3F DC E7 4D 4A 00 00 20 4E 24 18 4D 4A
0001B600  EC 2D 34 3F 34 3F EC 2D 4D 4A 24 18 20 4E 00 00
0001B610  4D 4A DC E7 34 3F 14 D2 EC 2D CC C0 24 18 B3 B5
0001B620  00 00 E0 B1 DC E7 B3 B5 14 D2 CC C0 CC C0 14 D2
0001B630  B3 B5 DC E7 E0 B1 00 00 B3 B5 24 18 CC C0 EC 2D
0001B640  14 D2 34 3F DC E7 4D 4A 00 00 20 4E 24 18 4D 4A
0001B650  EC 2D 34 3F 34 3F EC 2D 4D 4A 24 18 20 4E 00 00
0001B660  4D 4A DC E7 34 3F 14 D2 EC 2D CC C0 24 18 B3 B5
0001B670  00 00 E0 B1 DC E7 B3 B5 14 D2 CC C0 CC C0 14 D2
0001B680  B3 B5 DC E7 E0 B1 00 00 B3 B5 24 18 CC C0 EC 2D
0001B690  14 D2 34 3F DC E7 4D 4A 00 00 20 4E 24 18 4D 4A
0001B6A0  EC 2D 34 3F 34 3F EC 2D 4D 4A 24 18 20 4E 00 00
0001B6B0  4D 4A DC E7 34 3F 14 D2 EC 2D CC C0 24 18 B3 B5
0001B6C0  00 00 E0 B1 DC E7 B3 B5 14 D2 CC C0 CC C0 14 D2
0001B6D0  B3 B5 DC E7 E0 B1 00 00 B3 B5 24 18 CC C0 EC 2D
0001B6E0  14 D2 34 3F DC E7 4D 4A 00 00 20 4E 24 18 4D 4A
0001B6F0  EC 2D 34 3F 34 3F EC 2D 4D 4A 24 18 20 4E 00 00
0001B700  4D 4A DC E7 34 3F 14 D2 EC 2D CC C0 24 18 B3 B5
0001B710  00 00 E0 B1 DC E7 B3 B5 14 D2 CC C0 CC C0 14 D2
0001B720  B3 B5 DC E7 E0 B1 00 00 B3 B5 24 18 CC C0 EC 2D
0001B730  14 D2 34 3F DC E7 4D 4A 00 00 20 4E 24 18 4D 4A
0001B740  EC 2D 34 3F 34 3F EC 2D 4D 4A 24 18 20 4E 00 00
0001B750  4D 4A DC E7 34 3F 14 D2 EC 2D CC C0 24 18 B3 B5
0001B760  00 00 E0 B1 DC E7 B3 B5 14 D2 CC C0 CC C0 14 D2
0001B770  B3 B5 DC E7 E0 B1 00 00 B3 B5 24 18 CC C0 EC 2D
0001B780  14 D2 34 3F DC E7 4D 4A 00 00 20 4E 24 18 4D 4A
0001B790  EC 2D 34 3F 34 3F EC 2D 4D 4A 24 18 20 4E 00 00
0001B7A0  4D 4A DC E7 34 3F 14 D2 EC 2D CC C0 24 18 B3 B5
0001B7B0  00 00 E0 B1 DC E7 B3 B5 14 D2 CC C0 CC C0 14 D2
0001B7C0  B3 B5 DC E7 E0 B1 00 00 B3 B5 24 18 CC C0 EC 2D
0001B7D0  14 D2 34 3F DC E7 4D 4A 00 00 20 4E 24 18 4D 4A
0001B7E0  EC 2D 34 3F 34 3F EC 2D 4D 4A 24 18 20 4E 00 00
0001B7F0  4D 4A DC E7 34 3F 14 D2 EC 2D CC C0 24 18 B3 B5
0001B800  00 00 E0 B1 DC E7 B3 B5 14 D2 CC C0 CC C0 14 D2
0001B810  B3 B5 DC E7 E0 B1 00 00 B3 B5 24 18 CC C0 EC 2D
0001B820  14 D2 34 3F DC E7 4D 4A 00 00 20 4E 24 18 4D 4A
0001B830  EC 2D 34 3F 34 3F EC 2D 4D 4A 24 18 20 4E 00 00
0001B840  4D 4A DC E7 34 3F 14 D2 EC 2D CC C0 24 18 B3 B5
0001B850  00 00 E0 B1 DC E7 B3 B5 14 D2 CC C0 CC C0 14 D2
0001B860  B3 B5 DC E7 E0 B1 00 00 B3 B5 24 18 CC C0 EC 2D
0001B870  14 D2 34 3F DC E7 4D 4A 00 00 20 4E 24 18 4D 4A
0001B880  EC 2D 34 3F 34 3F EC 2D 4D 4A 24 18 20 4E 00 00
0001B890  4D 4A DC E7 34 3F 14 D2 EC 2D CC C0 24 18 B3 B5
0001B8A0  00 00 E0 B1 DC E7 B3 B5 14 D2 CC C0 CC C0 14 D2
0001B8B0  B3 B5 DC E7 E0 B1 00 00 B3 B5 24 18 CC C0 EC 2D
0001B8C0  14 D2 34 3F DC E7 4D 4A 00 00 20 4E 24 18 4D 4A
0001B8D0  EC 2D 34 3F 34 3F EC 2D 4D 4A 24 18 20 4E 00 00
0001B8E0  4D 4A DC E7 34 3F 14 D2 EC 2D CC C0 24 18 B3 B5
0001B8F0  00 00 E0 B1 DC E7 B3 B5 14 D2 CC C0 CC C0 14 D2
0001B900  B3 B5 DC E7 E0 B1 00 00 B3 B5 24 18 CC C0 EC 2D
0001B910  14 D2 34 3F DC E7 4D 4A 00 00 20 4E 24 18 4D 4A
0001B920  EC 2D 34 3F 34 3F EC 2D 4D 4A 24 18 20 4E 00 00
0001B930  4D 4A DC E7 34 3F 14 D2 EC 2D CC C0 24 18 B3 B5
0001B940  00 00 E0 B1 DC E7 B3 B5 14 D2 CC C0 CC C0 14 D2
0001B950  B3 B5 DC E7 E0 B1 00 00 B3 B5 24 18 CC C0 EC 2D
0001B960  14 D2 34 3F DC E7 4D 4A 00 00 20 4E 24 18 4D 4A
0001B970  EC 2D 34 3F 34 3F EC 2D 4D 4A 24 18 20 4E 00 00
0001B980  4D 4A DC E7 34 3F 14 D2 EC 2D CC C0 24 18 B3 B5
0001B990  00 00 E0 B1 DC E7 B3 B5 14 D2 CC C0 CC C0 14 D2
0001B9A0  B3 B5 DC E7 E0 B1 00 00 B3 B5 24 18 CC C0 EC 2D
0001B9B0  14 D2 34 3F DC E7 4D 4A 00 00 20 4E 24 18 4D 4A
0001B9C0  EC 2D 34 3F 34 3F EC 2D 4D 4A 24 18 20 4E 00 00
0001B9D0  4D 4A DC E7 34 3F 14 D2 EC 2D CC C0 24 18 B3 B5
0001B9E0  00 00 E0 B1 DC E7 B3 B5 14 D2 CC C0 CC C0 14 D2
0001B9F0  B3 B5 DC E7 E0 B1 00 00 B3 B5 24 18 CC C0 EC 2D
0001BA00  14 D2 34 3F DC E7 4D 4A 00 00 20 4E 24 18 4D 4A
0001BA10  EC 2D 34 3F 34 3F EC 2D 4D 4A 24 18 20 4E 00 00
0001BA20  4D 4A DC E7 34 3F 14 D2 EC 2D CC C0 24 18 B3 B5
0001BA30  00 00 E0 B1 DC E7 B3 B5 14 D2 CC C0 CC C0 14 D2
0001BA40  B3 B5 DC E7 E0 B1 00 00 B3 B5 24 18 CC C0 EC 2D
0001BA50  14 D2 34 3F DC E7 4D 4A 00 00 20 4E 24 18 4D 4A
0001BA60  EC 2D 34 3F 34 3F EC 2D 4D 4A 24 18 20 4E 00 00
0001BA70  4D 4A DC E7 34 3F 14 D2 EC 2D CC C0 24 18 B3 B5
0001BA80  00 00 E0 B1 DC E7 B3 B5 14 D2 CC C0 CC C0 14 D2
0001BA90  B3 B5 DC E7 E0 B1 00 00 B3 B5 24 18 CC C0 EC 2D
0001BAA0  14 D2 34 3F DC E7 4D 4A 00 00 20 4E 24 18 4D 4A
0001BAB0  EC 2D 34 3F 34 3F EC 2D 4D 4A 24 18 20 4E 00 00
0001BAC0  4D 4A DC E7 34 3F 14 D2 EC 2D CC C0 24 18 B3 B5
0001BAD0  00 00 E0 B1 DC E7 B3 B5 14 D2 CC C0 CC C0 14 D2
0001BAE0  B3 B5 DC E7 E0 B1 00 00 B3 B5 24 18 CC C0 EC 2D
0001BAF0  14 D2 34 3F DC E7 4D 4A 00 00 20 4E 24 18 4D 4A
0001BB00  EC 2D 34 3F 34 3F EC 2D 4D 4A 24 18 20 4E 00 00
0001BB10  4D 4A DC E7 34 3F 14 D2 EC 2D CC C0 24 18 B3 B5
0001BB20  00 00 E0 B1 DC E7 B3 B5 14 D2 CC C0 CC C0 14 D2
0001BB30  B3 B5 DC E7 E0 B1 00 00 B3 B5 24 18 CC C0 EC 2D
0001BB40  14 D2 34 3F DC E7 4D 4A 00 00 20 4E 24 18 4D 4A
0001BB50  EC 2D 34 3F 34 3F EC 2D 4D 4A 24 18 20 4E 00 00
0001BB60  4D 4A DC E7 34 3F 14 D2 EC 2D CC C0 24 18 B3 B5
0001BB70  00 00 E0 B1 DC E7 B3 B5 14 D2 CC C0 CC C0 14 D2
0001BB80  B3 B5 DC E7 E0 B1 00 00 B3 B5 24 18 CC C0 EC 2D
0001BB90  14 D2 34 3F DC E7 4D 4A 00 00 20 4E 24 18 4D 4A
0001BBA0  EC 2D 34 3F 34 3F EC 2D 4D 4A 24 18 20 4E 00 00
0001BBB0  4D 4A DC E7 34 3F 14 D2 EC 2D CC C0 24 18 B3 B5
0001BBC0  00 00 E0 B1 DC E7 B3 B5 14 D2 CC C0 CC C0 14 D2
0001BBD0  B3 B5 DC E7 E0 B1 00 00 B3 B5 24 18 CC C0 EC 2D
0001BBE0  14 D2 34 3F DC E7 4D 4A 00 00 20 4E 24 18 4D 4A
0001BBF0  EC 2D 34 3F 34 3F EC 2D 4D 4A 24 18 20 4E 00 00
0001BC00  4D 4A DC E7 34 3F 14 D2 EC 2D CC C0 24 18 B3 B5
0001BC10  00 00 E0 B1 DC E7 B3 B5 14 D2 CC C0 CC C0 14 D2
0001BC20  B3 B5 DC E7 E0 B1 00 00 B3 B5 24 18 CC C0 EC 2D
0001BC30  14 D2 34 3F DC E7 4D 4A 00 00 20 4E 24 18 4D 4A
0001BC40  EC 2D 34 3F 34 3F EC 2D 4D 4A 24 18 20 4E 00 00
0001BC50  4D 4A DC E7 34 3F 14 D2 EC 2D CC C0 24 18 B3 B5
0001BC60  00 00 E0 B1 DC E7 B3 B5 14 D2 CC C0 CC C0 14 D2
0001BC70  B3 B5 DC E7 E0 B1 00 00 B3 B5 24 18 CC C0 EC 2D
0001BC80  14 D2 34 3F DC E7 4D 4A 00 00 20 4E 24 18 4D 4A
0001BC90  EC 2D 34 3F 34 3F EC 2D 4D 4A 24 18 20 4E 00 00
0001BCA0  4D 4A DC E7 34 3F 14 D2 EC 2D CC C0 24 18 B3 B5
0001BCB0  00 00 E0 B1 DC E7 B3 B5 14 D2 CC C0 CC C0 14 D2
0001BCC0  B3 B5 DC E7 E0 B1 00 00 B3 B5 24 18 CC C0 EC 2D
0001BCD0  14 D2 34 3F DC E7 4D 4A 00 00 20 4E 24 18 4D 4A
0001BCE0  EC 2D 34 3F 34 3F EC 2D 4D 4A 24 18 20 4E 00 00
0001BCF0  4D 4A DC E7 34 3F 14 D2 EC 2D CC C0 24 18 B3 B5
0001BD00  00 00 E0 B1 DC E7 B3 B5 14 D2 CC C0 CC C0 14 D2
0001BD10  B3 B5 DC E7 E0 B1 00 00 B3 B5 24 18 CC C0 EC 2D
0001BD20  14 D2 34 3F DC E7 4D 4A 00 00 20 4E 24 18 4D 4A
0001BD30  EC 2D 34 3F 34 3F EC 2D 4D 4A 24 18 20 4E 00 00
0001BD40  4D 4A DC E7 34 3F 14 D2 EC 2D CC C0 24 18 B3 B5
0001BD50  00 00 E0 B1 DC E7 B3 B5 14 D2 CC C0 CC C0 14 D2
0001BD60  B3 B5 DC E7 E0 B1 00 00 B3 B5 24 18 CC C0 EC 2D
0001BD70  14 D2 34 3F DC E7 4D 4A 00 00 20 4E 24 18 4D 4A
0001BD80  EC 2D 34 3F 34 3F EC 2D 4D 4A 24 18 20 4E 00 00
0001BD90  4D 4A DC E7 34 3F 14 D2 EC 2D CC C0 24 18 B3 B5
0001BDA0  00 00 E0 B1 DC E7 B3 B5 14 D2 CC C0 CC C0 14 D2
0001BDB0  B3 B5 DC E7 E0 B1 00 00 B3 B5 24 18 CC C0 EC 2D
0001BDC0  14 D2 34 3F DC E7 4D 4A 00 00 20 4E 24 18 4D 4A
0001BDD0  EC 2D 34 3F 34 3F EC 2D 4D 4A 24 18 20 4E 00 00
0001BDE0  4D 4A DC E7 34 3F 14 D2 EC 2D CC C0 24 18 B3 B5
0001BDF0  00 00 E0 B1 DC E7 B3 B5 14 D2 CC C0 CC C0 14 D2
0001BE00  B3 B5 DC E7 E0 B1 00 00 B3 B5 24 18 CC C0 EC 2D
0001BE10  14 D2 34 3F DC E7 4D 4A 00 00 20 4E 24 18 4D 4A
0001BE20  EC 2D 34 3F 34 3F EC 2D 4D 4A 24 18 20 4E 00 00
0001BE30  4D 4A DC E7 34 3F 14 D2 EC 2D CC C0 24 18 B3 B5
0001BE40  00 00 E0 B1 DC E7 B3 B5 14 D2 CC C0 CC C0 14 D2
0001BE50  B3 B5 DC E7 E0 B1 00 00 B3 B5 24 18 CC C0 EC 2D
0001BE60  14 D2 34 3F DC E7 4D 4A 00 00 20 4E 24 18 4D 4A
0001BE70  EC 2D 34 3F 34 3F EC 2D 4D 4A 24 18 20 4E 00 00
0001BE80  4D 4A DC E7 34 3F 14 D2 EC 2D CC C0 24 18 B3 B5
0001BE90  00 00 E0 B1 DC E7 B3 B5 14 D2 CC C0 CC C0 14 D2
0001BEA0  B3 B5 DC E7 E0 B1 00 00 B3 B5 24 18 CC C0 EC 2D
0001BEB0  14 D2 34 3F DC E7 4D 4A 00 00 20 4E 24 18 4D 4A
0001BEC0  EC 2D 34 3F 34 3F EC 2D 4D 4A 24 18 20 4E 00 00
0001BED0  4D 4A DC E7 34 3F 14 D2 EC 2D CC C0 24 18 B3 B5
0001BEE0  00 00 E0 B1 DC E7 B3 B5 14 D2 CC C0 CC C0 14 D2
0001BEF0  B3 B5 DC E7 E0 B1 00 00 B3 B5 24 18 CC C0 EC 2D
0001BF00  14 D2 34 3F DC E7 4D 4A 00 00 20 4E 24 18 4D 4A
0001BF10  EC 2D 34 3F 34 3F EC 2D 4D 4A 24 18 20 4E 00 00
0001BF20  4D 4A DC E7 34 3F 14 D2 EC 2D CC C0 24 18 B3 B5
0001BF30  00 00 E0 B1 DC E7 B3 B5 14 D2 CC C0 CC C0 14 D2
0001BF40  B3 B5 DC E7 E0 B1 00 00 B3 B5 24 18 CC C0 EC 2D
0001BF50  14 D2 34 3F DC E7 4D 4A 00 00 20 4E 24 18 4D 4A
0001BF60  EC 2D 34 3F 34 3F EC 2D 4D 4A 24 18 20 4E 00 00
0001BF70  4D 4A DC E7 34 3F 14 D2 EC 2D CC C0 24 18 B3 B5
0001BF80  00 00 E0 B1 DC E7 B3 B5 14 D2 CC C0 CC C0 14 D2
0001BF90  B3 B5 DC E7 E0 B1 00 00 B3 B5 24 18 CC C0 EC 2D
0001BFA0  14 D2 34 3F DC E7 4D 4A 00 00 20 4E 24 18 4D 4A
0001BFB0  EC 2D 34 3F 34 3F EC 2D 4D 4A 24 18 20 4E 00 00
0001BFC0  4D 4A DC E7 34 3F 14 D2 EC 2D CC C0 24 18 B3 B5
0001BFD0  00 00 E0 B1 DC E7 B3 B5 14 D2 CC C0 CC C0 14 D2
0001BFE0  B3 B5 DC E7 E0 B1 00 00 B3 B5 24 18 CC C0 EC 2D
0001BFF0  14 D2 34 3F DC E7 4D 4A 00 00 20 4E 24 18 4D 4A
0001C000  EC 2D 34 3F 34 3F EC 2D 4D 4A 24 18 20 4E 00 00
0001C010  4D 4A DC E7 34 3F 14 D2 EC 2D CC C0 24 18 B3 B5
0001C020  00 00 E0 B1 DC E7 B3 B5 14 D2 CC C0 CC C0 14 D2
0001C030  B3 B5 DC E7 E0 B1 00 00 B3 B5 24 18 CC C0 EC 2D
0001C040  14 D2 34 3F DC E7 4D 4A 00 00 20 4E 24 18 4D 4A
0001C050  EC 2D 34 3F 34 3F EC 2D 4D 4A 24 18 20 4E 00 00
0001C060  4D 4A DC E7 34 3F 14 D2 EC 2D CC C0 24 18 B3 B5
0001C070  00 00 E0 B1 DC E7 B3 B5 14 D2 CC C0 CC C0 14 D2
0001C080  B3 B5 DC E7 E0 B1 00 00 B3 B5 24 18 CC C0 EC 2D
0001C090  14 D2 34 3F DC E7 4D 4A 00 00 20 4E 24 18 4D 4A
0001C0A0  EC 2D 34 3F 34 3F EC 2D 4D 4A 24 18 20 4E 00 00
0001C0B0  4D 4A DC E7 34 3F 14 D2 EC 2D CC C0 24 18 B3 B5
0001C0C0  00 00 E0 B1 DC E7 B3 B5 14 D2 CC C0 CC C0 14 D2
0001C0D0  B3 B5 DC E7 E0 B1 00 00 B3 B5 24 18 CC C0 EC 2D
0001C0E0  14 D2 34 3F DC E7 4D 4A 00 00 20 4E 24 18 4D 4A
0001C0F0  EC 2D 34 3F 34 3F EC 2D 4D 4A 24 18 20 4E 00 00
0001C100  4D 4A DC E7 34 3F 14 D2 EC 2D CC C0 24 18 B3 B5
0001C110  00 00 E0 B1 DC E7 B3 B5 14 D2 CC C0 CC C0 14 D2
0001C120  B3 B5 DC E7 E0 B1 00 00 B3 B5 24 18 CC C0 EC 2D
0001C130  14 D2 34 3F DC E7 4D 4A 00 00 20 4E 24 18 4D 4A
0001C140  EC 2D 34 3F 34 3F EC 2D 4D 4A 24 18 20 4E 00 00
0001C150  4D 4A DC E7 34 3F 14 D2 EC 2D CC C0 24 18 B3 B5
0001C160  00 00 E0 B1 DC E7 B3 B5 14 D2 CC C0 CC C0 14 D2
0001C170  B3 B5 DC E7 E0 B1 00 00 B3 B5 24 18 CC C0 EC 2D
0001C180  14 D2 34 3F DC E7 4D 4A 00 00 20 4E 24 18 4D 4A
0001C190  EC 2D 34 3F 34 3F EC 2D 4D 4A 24 18 20 4E 00 00
0001C1A0  4D 4A DC E7 34 3F 14 D2 EC 2D CC C0 24 18 B3 B5
0001C1B0  00 00 E0 B1 DC E7 B3 B5 14 D2 CC C0 CC C0 14 D2
0001C1C0  B3 B5 DC E7 E0 B1 00 00 B3 B5 24 18 CC C0 EC 2D
0001C1D0  14 D2 34 3F DC E7 4D 4A 00 00 20 4E 24 18 4D 4A
0001C1E0  EC 2D 34 3F 34 3F EC 2D 4D 4A 24 18 20 4E 00 00
0001C1F0  4D 4A DC E7 34 3F 14 D2 EC 2D CC C0 24 18 B3 B5
0001C200  00 00 E0 B1 DC E7 B3 B5 14 D2 CC C0 CC C0 14 D2
0001C210  B3 B5 DC E7 E0 B1 00 00 B3 B5 24 18 CC C0 EC 2D
0001C220  14 D2 34 3F DC E7 4D 4A 00 00 20 4E 24 18 4D 4A
0001C230  EC 2D 34 3F 34 3F EC 2D 4D 4A 24 18 20 4E 00 00
0001C240  4D 4A DC E7 34 3F 14 D2 EC 2D CC C0 24 18 B3 B5
0001C250  00 00 E0 B1 DC E7 B3 B5 14 D2 CC C0 CC C0 14 D2
0001C260  B3 B5 DC E7 E0 B1 00 00 B3 B5 24 18 CC C0 EC 2D
0001C270  14 D2 34 3F DC E7 4D 4A 00 00 20 4E 24 18 4D 4A
0001C280  EC 2D 34 3F 34 3F EC 2D 4D 4A 24 18 20 4E 00 00
0001C290  4D 4A DC E7 34 3F 14 D2 EC 2D CC C0 24 18 B3 B5
0001C2A0  00 00 E0 B1 DC E7 B3 B5 14 D2 CC C0 CC C0 14 D2
0001C2B0  B3 B5 DC E7 E0 B1 00 00 B3 B5 24 18 CC C0 EC 2D
0001C2C0  14 D2 34 3F DC E7 4D 4A 00 00 20 4E 24 18 4D 4A
0001C2D0  EC 2D 34 3F 34 3F EC 2D 4D 4A 24 18 20 4E 00 00
0001C2E0  4D 4A DC E7 34 3F 14 D2 EC 2D CC C0 24 18 B3 B5
0001C2F0  00 00 E0 B1 DC E7 B3 B5 14 D2 CC C0 CC C0 14 D2
0001C300  B3 B5 DC E7 E0 B1 00 00 B3 B5 24 18 CC C0 EC 2D
0001C310  14 D2 34 3F DC E7 4D 4A 00 00 20 4E 24 18 4D 4A
0001C320  EC 2D 34 3F 34 3F EC 2D 4D 4A 24 18 20 4E 00 00
0001C330  4D 4A DC E7 34 3F 14 D2 EC 2D CC C0 24 18 B3 B5
0001C340  00 00 E0 B1 DC E7 B3 B5 14 D2 CC C0 CC C0 14 D2
0001C350  B3 B5 DC E7 E0 B1 00 00 B3 B5 24 18 CC C0 EC 2D
0001C360  14 D2 34 3F DC E7 4D 4A 00 00 20 4E 24 18 4D 4A
0001C370  EC 2D 34 3F 34 3F EC 2D 4D 4A 24 18 20 4E 00 00
0001C380  4D 4A DC E7 34 3F 14 D2 EC 2D CC C0 24 18 B3 B5
0001C390  00 00 E0 B1 DC E7 B3 B5 14 D2 CC C0 CC C0 14 D2
0001C3A0  B3 B5 DC E7 E0 B1 00 00 B3 B5 24 18 CC C0 EC 2D
0001C3B0  14 D2 34 3F DC E7 4D 4A 00 00 20 4E 24 18 4D 4A
0001C3C0  EC 2D 34 3F 34 3F EC 2D 4D 4A 24 18 20 4E 00 00
0001C3D0  4D 4A DC E7 34 3F 14 D2 EC 2D CC C0 24 18 B3 B5
0001C3E0  00 00 E0 B1 DC E7 B3 B5 14 D2 CC C0 CC C0 14 D2
0001C3F0  B3 B5 DC E7 E0 B1 00 00 B3 B5 24 18 CC C0 EC 2D
0001C400  14 D2 34 3F DC E7 4D 4A 00 00 20 4E 24 18 4D 4A
0001C410  EC 2D 34 3F 34 3F EC 2D 4D 4A 24 18 20 4E 00 00
0001C420  4D 4A DC E7 34 3F 14 D2 EC 2D CC C0 24 18 B3 B5
0001C430  00 00 E0 B1 DC E7 B3 B5 14 D2 CC C0 CC C0 14 D2
0001C440  B3 B5 DC E7 E0 B1 00 00 B3 B5 24 18 CC C0 EC 2D
0001C450  14 D2 34 3F DC E7 4D 4A 00 00 20 4E 24 18 4D 4A
0001C460  EC 2D 34 3F 34 3F EC 2D 4D 4A 24 18 20 4E 00 00
0001C470  4D 4A DC E7 34 3F 14 D2 EC 2D CC C0 24 18 B3 B5
0001C480  00 00 E0 B1 DC E7 B3 B5 14 D2 CC C0 CC C0 14 D2
0001C490  B3 B5 DC E7 E0 B1 00 00 B3 B5 24 18 CC C0 EC 2D
0001C4A0  14 D2 34 3F DC E7 4D 4A 00 00 20 4E 24 18 4D 4A
0001C4B0  EC 2D 34 3F 34 3F EC 2D 4D 4A 24 18 20 4E 00 00
0001C4C0  4D 4A DC E7 34 3F 14 D2 EC 2D CC C0 24 18 B3 B5
0001C4D0  00 00 E0 B1 DC E7 B3 B5 14 D2 CC C0 CC C0 14 D2
0001C4E0  B3 B5 DC E7 E0 B1 00 00 B3 B5 24 18 CC C0 EC 2D
0001C4F0  14 D2 34 3F DC E7 4D 4A 00 00 20 4E 24 18 4D 4A
0001C500  EC 2D 34 3F 34 3F EC 2D 4D 4A 24 18 20 4E 00 00
0001C510  4D 4A DC E7 34 3F 14 D2 EC 2D CC C0 24 18 B3 B5
0001C520  00 00 E0 B1 DC E7 B3 B5 14 D2 CC C0 CC C0 14 D2
0001C530  B3 B5 DC E7 E0 B1 00 00 B3 B5 24 18 CC C0 EC 2D
0001C540  14 D2 34 3F DC E7 4D 4A 00 00 20 4E 24 18 4D 4A
0001C550  EC 2D 34 3F 34 3F EC 2D 4D 4A 24 18 20 4E 00 00
0001C560  4D 4A DC E7 34 3F 14 D2 EC 2D CC C0 24 18 B3 B5
0001C570  00 00 E0 B1 DC E7 B3 B5 14 D2 CC C0 CC C0 14 D2
0001C580  B3 B5 DC E7 E0 B1 00 00 B3 B5 24 18 CC C0 EC 2D
0001C590  14 D2 34 3F DC E7 4D 4A 00 00 20 4E 24 18 4D 4A
0001C5A0  EC 2D 34 3F 34 3F EC 2D 4D 4A 24 18 20 4E 00 00
0001C5B0  4D 4A DC E7 34 3F 14 D2 EC 2D CC C0 24 18 B3 B5
0001C5C0  00 00 E0 B1 DC E7 B3 B5 14 D2 CC C0 CC C0 14 D2
0001C5D0  B3 B5 DC E7 E0 B1 00 00 B3 B5 24 18 CC C0 EC 2D
0001C5E0  14 D2 34 3F DC E7 4D 4A 00 00 20 4E 24 18 4D 4A
0001C5F0  EC 2D 34 3F 34 3F EC 2D 4D 4A 24 18 20 4E 00 00
0001C600  4D 4A DC E7 34 3F 14 D2 EC 2D CC C0 24 18 B3 B5
0001C610  00 00 E0 B1 DC E7 B3 B5 14 D2 CC C0 CC C0 14 D2
0001C620  B3 B5 DC E7 E0 B1 00 00 B3 B5 24 18 CC C0 EC 2D
0001C630  14 D2 34 3F DC E7 4D 4A 00 00 20 4E 24 18 4D 4A
0001C640  EC 2D 34 3F 34 3F EC 2D 4D 4A 24 18 20 4E 00 00
0001C650  4D 4A DC E7 34 3F 14 D2 EC 2D CC C0 24 18 B3 B5
0001C660  00 00 E0 B1 DC E7 B3 B5 14 D2 CC C0 CC C0 14 D2
0001C670  B3 B5 DC E7 E0 B1 00 00 B3 B5 24 18 CC C0 EC 2D
0001C680  14 D2 34 3F DC E7 4D 4A 00 00 20 4E 24 18 4D 4A
0001C690  EC 2D 34 3F 34 3F EC 2D 4D 4A 24 18 20 4E 00 00
0001C6A0  4D 4A DC E7 34 3F 14 D2 EC 2D CC C0 24 18 B3 B5
0001C6B0  00 00 E0 B1 DC E7 B3 B5 14 D2 CC C0 CC C0 14 D2
0001C6C0  B3 B5 DC E7 E0 B1 00 00 B3 B5 24 18 CC C0 EC 2D
0001C6D0  14 D2 34 3F DC E7 4D 4A 00 00 20 4E 24 18 4D 4A
0001C6E0  EC 2D 34 3F 34 3F EC 2D 4D 4A 24 18 20 4E 00 00
0001C6F0  4D 4A DC E7 34 3F 14 D2 EC 2D CC C0 24 18 B3 B5
0001C700  00 00 E0 B1 DC E7 B3 B5 14 D2 CC C0 CC C0 14 D2
0001C710  B3 B5 DC E7 E0 B1 00 00 B3 B5 24 18 CC C0 EC 2D
0001C720  14 D2 34 3F DC E7 4D 4A 00 00 20 4E 24 18 4D 4A
0001C730  EC 2D 34 3F 34 3F EC 2D 4D 4A 24 18 20 4E 00 00
0001C740  4D 4A DC E7 34 3F 14 D2 EC 2D CC C0 24 18 B3 B5
0001C750  00 00 E0 B1 DC E7 B3 B5 14 D2 CC C0 CC C0 14 D2
0001C760  B3 B5 DC E7 E0 B1 00 00 B3 B5 24 18 CC C0 EC 2D
0001C770  14 D2 34 3F DC E7 4D 4A 00 00 20 4E 24 18 4D 4A
0001C780  EC 2D 34 3F 34 3F EC 2D 4D 4A 24 18 20 4E 00 00
0001C790  4D 4A DC E7 34 3F 14 D2 EC 2D CC C0 24 18 B3 B5
0001C7A0  00 00 E0 B1 DC E7 B3 B5 14 D2 CC C0 CC C0 14 D2
0001C7B0  B3 B5 DC E7 E0 B1 00 00 B3 B5 24 18 CC C0 EC 2D
0001C7C0  14 D2 34 3F DC E7 4D 4A 00 00 20 4E 24 18 4D 4A
0001C7D0  EC 2D 34 3F 34 3F EC 2D 4D 4A 24 18 20 4E 00 00
0001C7E0  4D 4A DC E7 34 3F 14 D2 EC 2D CC C0 24 18 B3 B5
0001C7F0  00 00 E0 B1 DC E7 B3 B5 14 D2 CC C0 CC C0 14 D2
0001C800  B3 B5 DC E7 E0 B1 00 00 B3 B5 24 18 CC C0 EC 2D
0001C810  14 D2 34 3F DC E7 4D 4A 00 00 20 4E 24 18 4D 4A
0001C820  EC 2D 34 3F 34 3F EC 2D 4D 4A 24 18 20 4E 00 00
0001C830  4D 4A DC E7 34 3F 14 D2 EC 2D CC C0 24 18 B3 B5
0001C840  00 00 E0 B1 DC E7 B3 B5 14 D2 CC C0 CC C0 14 D2
0001C850  B3 B5 DC E7 E0 B1 00 00 B3 B5 24 18 CC C0 EC 2D
0001C860  14 D2 34 3F DC E7 4D 4A 00 00 20 4E 24 18 4D 4A
0001C870  EC 2D 34 3F 34 3F EC 2D 4D 4A 24 18 20 4E 00 00
0001C880  4D 4A DC E7 34 3F 14 D2 EC 2D CC C0 24 18 B3 B5
0001C890  00 00 E0 B1 DC E7 B3 B5 14 D2 CC C0 CC C0 14 D2
0001C8A0  B3 B5 DC E7 E0 B1 00 00 B3 B5 24 18 CC C0 EC 2D
0001C8B0  14 D2 34 3F DC E7 4D 4A 00 00 20 4E 24 18 4D 4A
0001C8C0  EC 2D 34 3F 34 3F EC 2D 4D 4A 24 18 20 4E 00 00
0001C8D0  4D 4A DC E7 34 3F 14 D2 EC 2D CC C0 24 18 B3 B5
0001C8E0  00 00 E0 B1 DC E7 B3 B5 14 D2 CC C0 CC C0 14 D2
0001C8F0  B3 B5 DC E7 E0 B1 00 00 B3 B5 24 18 CC C0 EC 2D
0001C900  14 D2 34 3F DC E7 4D 4A 00 00 20 4E 24 18 4D 4A
0001C910  EC 2D 34 3F 34 3F EC 2D 4D 4A 24 18 20 4E 00 00
0001C920  4D 4A DC E7 34 3F 14 D2 EC 2D CC C0 24 18 B3 B5
0001C930  00 00 E0 B1 DC E7 B3 B5 14 D2 CC C0 CC C0 14 D2
0001C940  B3 B5 DC E7 E0 B1 00 00 B3 B5 24 18 CC C0 EC 2D
0001C950  14 D2 34 3F DC E7 4D 4A 00 00 20 4E 24 18 4D 4A
0001C960  EC 2D 34 3F 34 3F EC 2D 4D 4A 24 18 20 4E 00 00
0001C970  4D 4A DC E7 34 3F 14 D2 EC 2D CC C0 24 18 B3 B5
0001C980  00 00 E0 B1 DC E7 B3 B5 14 D2 CC C0 CC C0 14 D2
0001C990  B3 B5 DC E7 E0 B1 00 00 B3 B5 24 18 CC C0 EC 2D
0001C9A0  14 D2 34 3F DC E7 4D 4A 00 00 20 4E 24 18 4D 4A
0001C9B0  EC 2D 34 3F 34 3F EC 2D 4D 4A 24 18 20 4E 00 00
0001C9C0  4D 4A DC E7 34 3F 14 D2 EC 2D CC C0 24 18 B3 B5
0001C9D0  00 00 E0 B1 DC E7 B3 B5 14 D2 CC C0 CC C0 14 D2
0001C9E0  B3 B5 DC E7 E0 B1 00 00 B3 B5 24 18 CC C0 EC 2D
0001C9F0  14 D2 34 3F DC E7 4D 4A 00 00 20 4E 24 18 4D 4A
0001CA00  EC 2D 34 3F 34 3F EC 2D 4D 4A 24 18 20 4E 00 00
0001CA10  4D 4A DC E7 34 3F 14 D2 EC 2D CC C0 24 18 B3 B5
0001CA20  00 00 E0 B1 DC E7 B3 B5 14 D2 CC C0 CC C0 14 D2
0001CA30  B3 B5 DC E7 E0 B1 00 00 B3 B5 24 18 CC C0 EC 2D
0001CA40  14 D2 34 3F DC E7 4D 4A 00 00 20 4E 24 18 4D 4A
0001CA50  EC 2D 34 3F 34 3F EC 2D 4D 4A 24 18 20 4E 00 00
0001CA60  4D 4A DC E7 34 3F 14 D2 EC 2D CC C0 24 18 B3 B5
0001CA70  00 00 E0 B1 DC E7 B3 B5 14 D2 CC C0 CC C0 14 D2
0001CA80  B3 B5 DC E7 E0 B1 00 00 B3 B5 24 18 CC C0 EC 2D
0001CA90  14 D2 34 3F DC E7 4D 4A 00 00 20 4E 24 18 4D 4A
0001CAA0  EC 2D 34 3F 34 3F EC 2D 4D 4A 24 18 20 4E 00 00
0001CAB0  4D 4A DC E7 34 3F 14 D2 EC 2D CC C0 24 18 B3 B5
0001CAC0  00 00 E0 B1 DC E7 B3 B5 14 D2 CC C0 CC C0 14 D2
0001CAD0  B3 B5 DC E7 E0 B1 00 00 B3 B5 24 18 CC C0 EC 2D
0001CAE0  14 D2 34 3F DC E7 4D 4A 00 00 20 4E 24 18 4D 4A
0001CAF0  EC 2D 34 3F 34 3F EC 2D 4D 4A 24 18 20 4E 00 00
0001CB00  4D 4A DC E7 34 3F 14 D2 EC 2D CC C0 24 18 B3 B5
0001CB10  00 00 E0 B1 DC E7 B3 B5 14 D2 CC C0 CC C0 14 D2
0001CB20  B3 B5 DC E7 E0 B1 00 00 B3 B5 24 18 CC C0 EC 2D
0001CB30  14 D2 34 3F DC E7 4D 4A 00 00 20 4E 24 18 4D 4A
0001CB40  EC 2D 34 3F 34 3F EC 2D 4D 4A 24 18 20 4E 00 00
0001CB50  4D 4A DC E7 34 3F 14 D2 EC 2D CC C0 24 18 B3 B5
0001CB60  00 00 E0 B1 DC E7 B3 B5 14 D2 CC C0 CC C0 14 D2
0001CB70  B3 B5 DC E7 E0 B1 00 00 B3 B5 24 18 CC C0 EC 2D
0001CB80  14 D2 34 3F DC E7 4D 4A 00 00 20 4E 24 18 4D 4A
0001CB90  EC 2D 34 3F 34 3F EC 2D 4D 4A 24 18 20 4E 00 00
0001CBA0  4D 4A DC E7 34 3F 14 D2 EC 2D CC C0 24 18 B3 B5
0001CBB0  00 00 E0 B1 DC E7 B3 B5 14 D2 CC C0 CC C0 14 D2
0001CBC0  B3 B5 DC E7 E0 B1 00 00 B3 B5 24 18 CC C0 EC 2D
0001CBD0  14 D2 34 3F DC E7 4D 4A 00 00 20 4E 24 18 4D 4A
0001CBE0  EC 2D 34 3F 34 3F EC 2D 4D 4A 24 18 20 4E 00 00
0001CBF0  4D 4A DC E7 34 3F 14 D2 EC 2D CC C0 24 18 B3 B5
0001CC00  00 00 E0 B1 DC E7 B3 B5 14 D2 CC C0 CC C0 14 D2
0001CC10  B3 B5 DC E7 E0 B1 00 00 B3 B5 24 18 CC C0 EC 2D
0001CC20  14 D2 34 3F DC E7 4D 4A 00 00 20 4E 24 18 4D 4A
0001CC30  EC 2D 34 3F 34 3F EC 2D 4D 4A 24 18 20 4E 00 00
0001CC40  4D 4A DC E7 34 3F 14 D2 EC 2D CC C0 24 18 B3 B5
0001CC50  00 00 E0 B1 DC E7 B3 B5 14 D2 CC C0 CC C0 14 D2
0001CC60  B3 B5 DC E7 E0 B1 00 00 B3 B5 24 18 CC C0 EC 2D
0001CC70  14 D2 34 3F DC E7 4D 4A 00 00 20 4E 24 18 4D 4A
0001CC80  EC 2D 34 3F 34 3F EC 2D 4D 4A 24 18 20 4E 00 00
0001CC90  4D 4A DC E7 34 3F 14 D2 EC 2D CC C0 24 18 B3 B5
0001CCA0  00 00 E0 B1 DC E7 B3 B5 14 D2 CC C0 CC C0 14 D2
0001CCB0  B3 B5 DC E7 E0 B1 00 00 B3 B5 24 18 CC C0 EC 2D
0001CCC0  14 D2 34 3F DC E7 4D 4A 00 00 20 4E 24 18 4D 4A
0001CCD0  EC 2D 34 3F 34 3F EC 2D 4D 4A 24 18 20 4E 00 00
0001CCE0  4D 4A DC E7 34 3F 14 D2 EC 2D CC C0 24 18 B3 B5
0001CCF0  00 00 E0 B1 DC E7 B3 B5 14 D2 CC C0 CC C0 14 D2
0001CD00  B3 B5 DC E7 E0 B1 00 00 B3 B5 24 18 CC C0 EC 2D
0001CD10  14 D2 34 3F DC E7 4D 4A 00 00 20 4E 24 18 4D 4A
0001CD20  EC 2D 34 3F 34 3F EC 2D 4D 4A 24 18 20 4E 00 00
0001CD30  4D 4A DC E7 34 3F 14 D2 EC 2D CC C0 24 18 B3 B5
0001CD40  00 00 E0 B1 DC E7 B3 B5 14 D2 CC C0 CC C0 14 D2
0001CD50  B3 B5 DC E7 E0 B1 00 00 B3 B5 24 18 CC C0 EC 2D
0001CD60  14 D2 34 3F DC E7 4D 4A 00 00 20 4E 24 18 4D 4A
0001CD70  EC 2D 34 3F 34 3F EC 2D 4D 4A 24 18 20 4E 00 00
0001CD80  4D 4A DC E7 34 3F 14 D2 EC 2D CC C0 24 18 B3 B5
0001CD90  00 00 E0 B1 DC E7 B3 B5 14 D2 CC C0 CC C0 14 D2
0001CDA0  B3 B5 DC E7 E0 B1 00 00 B3 B5 24 18 CC C0 EC 2D
0001CDB0  14 D2 34 3F DC E7 4D 4A 00 00 20 4E 24 18 4D 4A
0001CDC0  EC 2D 34 3F 34 3F EC 2D 4D 4A 24 18 20 4E 00 00
0001CDD0  4D 4A DC E7 34 3F 14 D2 EC 2D CC C0 24 18 B3 B5
0001CDE0  00 00 E0 B1 DC E7 B3 B5 14 D2 CC C0 CC C0 14 D2
0001CDF0  B3 B5 DC E7 E0 B1 00 00 B3 B5 24 18 CC C0 EC 2D
0001CE00  14 D2 34 3F DC E7 4D 4A 00 00 20 4E 24 18 4D 4A
0001CE10  EC 2D 34 3F 34 3F EC 2D 4D 4A 24 18 20 4E 00 00
0001CE20  4D 4A DC E7 34 3F 14 D2 EC 2D CC C0 24 18 B3 B5
0001CE30  00 00 E0 B1 DC E7 B3 B5 14 D2 CC C0 CC C0 14 D2
0001CE40  B3 B5 DC E7 E0 B1 00 00 B3 B5 24 18 CC C0 EC 2D
0001CE50  14 D2 34 3F DC E7 4D 4A 00 00 20 4E 24 18 4D 4A
0001CE60  EC 2D 34 3F 34 3F EC 2D 4D 4A 24 18 20 4E 00 00
0001CE70  4D 4A DC E7 34 3F 14 D2 EC 2D CC C0 24 18 B3 B5
0001CE80  00 00 E0 B1 DC E7 B3 B5 14 D2 CC C0 CC C0 14 D2
0001CE90  B3 B5 DC E7 E0 B1 00 00 B3 B5 24 18 CC C0 EC 2D
0001CEA0  14 D2 34 3F DC E7 4D 4A 00 00 20 4E 24 18 4D 4A
0001CEB0  EC 2D 34 3F 34 3F EC 2D 4D 4A 24 18 20 4E 00 00
0001CEC0  4D 4A DC E7 34 3F 14 D2 EC 2D CC C0 24 18 B3 B5
0001CED0  00 00 E0 B1 DC E7 B3 B5 14 D2 CC C0 CC C0 14 D2
0001CEE0  B3 B5 DC E7 E0 B1 00 00 B3 B5 24 18 CC C0 EC 2D
0001CEF0  14 D2 34 3F DC E7 4D 4A 00 00 20 4E 24 18 4D 4A
0001CF00  EC 2D 34 3F 34 3F EC 2D 4D 4A 24 18 20 4E 00 00
0001CF10  4D 4A DC E7 34 3F 14 D2 EC 2D CC C0 24 18 B3 B5
0001CF20  00 00 E0 B1 DC E7 B3 B5 14 D2 CC C0 CC C0 14 D2
0001CF30  B3 B5 DC E7 E0 B1 00 00 B3 B5 24 18 CC C0 EC 2D
0001CF40  14 D2 34 3F DC E7 4D 4A 00 00 20 4E 24 18 4D 4A
0001CF50  EC 2D 34 3F 34 3F EC 2D 4D 4A 24 18 20 4E 00 00
0001CF60  4D 4A DC E7 34 3F 14 D2 EC 2D CC C0 24 18 B3 B5
0001CF70  00 00 E0 B1 DC E7 B3 B5 14 D2 CC C0 CC C0 14 D2
0001CF80  B3 B5 DC E7 E0 B1 00 00 B3 B5 24 18 CC C0 EC 2D
0001CF90  14 D2 34 3F DC E7 4D 4A 00 00 20 4E 24 18 4D 4A
0001CFA0  EC 2D 34 3F 34 3F EC 2D 4D 4A 24 18 20 4E 00 00
0001CFB0  4D 4A DC E7 34 3F 14 D2 EC 2D CC C0 24 18 B3 B5
0001CFC0  00 00 E0 B1 DC E7 B3 B5 14 D2 CC C0 CC C0 14 D2
0001CFD0  B3 B5 DC E7 E0 B1 00 00 B3 B5 24 18 CC C0 EC 2D
0001CFE0  14 D2 34 3F DC E7 4D 4A 00 00 20 4E 24 18 4D 4A
0001CFF0  EC 2D 34 3F 34 3F EC 2D 4D 4A 24 18 20 4E 00 00
0001D000  4D 4A DC E7 34 3F 14 D2 EC 2D CC C0 24 18 B3 B5
0001D010  00 00 E0 B1 DC E7 B3 B5 14 D2 CC C0 CC C0 14 D2
0001D020  B3 B5 DC E7 E0 B1 00 00 B3 B5 24 18 CC C0 EC 2D
0001D030  14 D2 34 3F DC E7 4D 4A 00 00 20 4E 24 18 4D 4A
0001D040  EC 2D 34 3F 34 3F EC 2D 4D 4A 24 18 20 4E 00 00
0001D050  4D 4A DC E7 34 3F 14 D2 EC 2D CC C0 24 18 B3 B5
0001D060  00 00 E0 B1 DC E7 B3 B5 14 D2 CC C0 CC C0 14 D2
0001D070  B3 B5 DC E7 E0 B1 00 00 B3 B5 24 18 CC C0 EC 2D
0001D080  14 D2 34 3F DC E7 4D 4A 00 00 20 4E 24 18 4D 4A
0001D090  EC 2D 34 3F 34 3F EC 2D 4D 4A 24 18 20 4E 00 00
0001D0A0  4D 4A DC E7 34 3F 14 D2 EC 2D CC C0 24 18 B3 B5
0001D0B0  00 00 E0 B1 DC E7 B3 B5 14 D2 CC C0 CC C0 14 D2
0001D0C0  B3 B5 DC E7 E0 B1 00 00 B3 B5 24 18 CC C0 EC 2D
0001D0D0  14 D2 34 3F DC E7 4D 4A 00 00 20 4E 24 18 4D 4A
0001D0E0  EC 2D 34 3F 34 3F EC 2D 4D 4A 24 18 20 4E 00 00
0001D0F0  4D 4A DC E7 34 3F 14 D2 EC 2D CC C0 24 18 B3 B5
0001D100  00 00 E0 B1 DC E7 B3 B5 14 D2 CC C0 CC C0 14 D2
0001D110  B3 B5 DC E7 E0 B1 00 00 B3 B5 24 18 CC C0 EC 2D
0001D120  14 D2 34 3F DC E7 4D 4A 00 00 20 4E 24 18 4D 4A
0001D130  EC 2D 34 3F 34 3F EC 2D 4D 4A 24 18 20 4E 00 00
0001D140  4D 4A DC E7 34 3F 14 D2 EC 2D CC C0 24 18 B3 B5
0001D150  00 00 E0 B1 DC E7 B3 B5 14 D2 CC C0 CC C0 14 D2
0001D160  B3 B5 DC E7 E0 B1 00 00 B3 B5 24 18 CC C0 EC 2D
0001D170  14 D2 34 3F DC E7 4D 4A 00 00 20 4E 24 18 4D 4A
0001D180  EC 2D 34 3F 34 3F EC 2D 4D 4A 24 18 20 4E 00 00
0001D190  4D 4A DC E7 34 3F 14 D2 EC 2D CC C0 24 18 B3 B5
0001D1A0  00 00 E0 B1 DC E7 B3 B5 14 D2 CC C0 CC C0 14 D2
0001D1B0  B3 B5 DC E7 E0 B1 00 00 B3 B5 24 18 CC C0 EC 2D
0001D1C0  14 D2 34 3F DC E7 4D 4A 00 00 20 4E 24 18 4D 4A
0001D1D0  EC 2D 34 3F 34 3F EC 2D 4D 4A 24 18 20 4E 00 00
0001D1E0  4D 4A DC E7 34 3F 14 D2 EC 2D CC C0 24 18 B3 B5
0001D1F0  00 00 E0 B1 DC E7 B3 B5 14 D2 CC C0 CC C0 14 D2
0001D200  B3 B5 DC E7 E0 B1 00 00 B3 B5 24 18 CC C0 EC 2D
0001D210  14 D2 34 3F DC E7 4D 4A 00 00 20 4E 24 18 4D 4A
0001D220  EC 2D 34 3F 34 3F EC 2D 4D 4A 24 18 20 4E 00 00
0001D230  4D 4A DC E7 34 3F 14 D2 EC 2D CC C0 24 18 B3 B5
0001D240  00 00 E0 B1 DC E7 B3 B5 14 D2 CC C0 CC C0 14 D2
0001D250  B3 B5 DC E7 E0 B1 00 00 B3 B5 24 18 CC C0 EC 2D
0001D260  14 D2 34 3F DC E7 4D 4A 00 00 20 4E 24 18 4D 4A
0001D270  EC 2D 34 3F 34 3F EC 2D 4D 4A 24 18 20 4E 00 00
0001D280  4D 4A DC E7 34 3F 14 D2 EC 2D CC C0 24 18 B3 B5
0001D290  00 00 E0 B1 DC E7 B3 B5 14 D2 CC C0 CC C0 14 D2
0001D2A0  B3 B5 DC E7 E0 B1 00 00 B3 B5 24 18 CC C0 EC 2D
0001D2B0  14 D2 34 3F DC E7 4D 4A 00 00 20 4E 24 18 4D 4A
0001D2C0  EC 2D 34 3F 34 3F EC 2D 4D 4A 24 18 20 4E 00 00
0001D2D0  4D 4A DC E7 34 3F 14 D2 EC 2D CC C0 24 18 B3 B5
0001D2E0  00 00 E0 B1 DC E7 B3 B5 14 D2 CC C0 CC C0 14 D2
0001D2F0  B3 B5 DC E7 E0 B1 00 00 B3 B5 24 18 CC C0 EC 2D
0001D300  14 D2 34 3F DC E7 4D 4A 00 00 20 4E 24 18 4D 4A
0001D310  EC 2D 34 3F 34 3F EC 2D 4D 4A 24 18 20 4E 00 00
0001D320  4D 4A DC E7 34 3F 14 D2 EC 2D CC C0 24 18 B3 B5
0001D330  00 00 E0 B1 DC E7 B3 B5 14 D2 CC C0 CC C0 14 D2
0001D340  B3 B5 DC E7 E0 B1 00 00 B3 B5 24 18 CC C0 EC 2D
0001D350  14 D2 34 3F DC E7 4D 4A 00 00 20 4E 24 18 4D 4A
0001D360  EC 2D 34 3F 34 3F EC 2D 4D 4A 24 18 20 4E 00 00
0001D370  4D 4A DC E7 34 3F 14 D2 EC 2D CC C0 24 18 B3 B5
0001D380  00 00 E0 B1 DC E7 B3 B5 14 D2 CC C0 CC C0 14 D2
0001D390  B3 B5 DC E7 E0 B1 00 00 B3 B5 24 18 CC C0 EC 2D
0001D3A0  14 D2 34 3F DC E7 4D 4A 00 00 20 4E 24 18 4D 4A
0001D3B0  EC 2D 34 3F 34 3F EC 2D 4D 4A 24 18 20 4E 00 00
0001D3C0  4D 4A DC E7 34 3F 14 D2 EC 2D CC C0 24 18 B3 B5
0001D3D0  00 00 E0 B1 DC E7 B3 B5 14 D2 CC C0 CC C0 14 D2
0001D3E0  B3 B5 DC E7 E0 B1 00 00 B3 B5 24 18 CC C0 EC 2D
0001D3F0  14 D2 34 3F DC E7 4D 4A 00 00 20 4E 24 18 4D 4A
0001D400  EC 2D 34 3F 34 3F EC 2D 4D 4A 24 18 20 4E 00 00
0001D410  4D 4A DC E7 34 3F 14 D2 EC 2D CC C0 24 18 B3 B5
0001D420  00 00 E0 B1 DC E7 B3 B5 14 D2 CC C0 CC C0 14 D2
0001D430  B3 B5 DC E7 E0 B1 00 00 B3 B5 24 18 CC C0 EC 2D
0001D440  14 D2 34 3F DC E7 4D 4A 00 00 20 4E 24 18 4D 4A
0001D450  EC 2D 34 3F 34 3F EC 2D 4D 4A 24 18 20 4E 00 00
0001D460  4D 4A DC E7 34 3F 14 D2 EC 2D CC C0 24 18 B3 B5
0001D470  00 00 E0 B1 DC E7 B3 B5 14 D2 CC C0 CC C0 14 D2
0001D480  B3 B5 DC E7 E0 B1 00 00 B3 B5 24 18 CC C0 EC 2D
0001D490  14 D2 34 3F DC E7 4D 4A 00 00 20 4E 24 18 4D 4A
0001D4A0  EC 2D 34 3F 34 3F EC 2D 4D 4A 24 18 20 4E 00 00
0001D4B0  4D 4A DC E7 34 3F 14 D2 EC 2D CC C0 24 18 B3 B5
0001D4C0  00 00 E0 B1 DC E7 B3 B5 14 D2 CC C0 CC C0 14 D2
0001D4D0  B3 B5 DC E7 E0 B1 00 00 B3 B5 24 18 CC C0 EC 2D
0001D4E0  14 D2 34 3F DC E7 4D 4A 00 00 20 4E 24 18 4D 4A
0001D4F0  EC 2D 34 3F 34 3F EC 2D 4D 4A 24 18 20 4E 00 00
0001D500  4D 4A DC E7 34 3F 14 D2 EC 2D CC C0 24 18 B3 B5
0001D510  00 00 E0 B1 DC E7 B3 B5 14 D2 CC C0 CC C0 14 D2
0001D520  B3 B5 DC E7 E0 B1 00 00 B3 B5 24 18 CC C0 EC 2D
0001D530  14 D2 34 3F DC E7 4D 4A 00 00 20 4E 24 18 4D 4A
0001D540  EC 2D 34 3F 34 3F EC 2D 4D 4A 24 18 20 4E 00 00
0001D550  4D 4A DC E7 34 3F 14 D2 EC 2D CC C0 24 18 B3 B5
0001D560  00 00 E0 B1 DC E7 B3 B5 14 D2 CC C0 CC C0 14 D2
0001D570  B3 B5 DC E7 E0 B1 00 00 B3 B5 24 18 CC C0 EC 2D
0001D580  14 D2 34 3F DC E7 4D 4A 00 00 20 4E 24 18 4D 4A
0001D590  EC 2D 34 3F 34 3F EC 2D 4D 4A 24 18 20 4E 00 00
0001D5A0  4D 4A DC E7 34 3F 14 D2 EC 2D CC C0 24 18 B3 B5
0001D5B0  00 00 E0 B1 DC E7 B3 B5 14 D2 CC C0 CC C0 14 D2
0001D5C0  B3 B5 DC E7 E0 B1 00 00 B3 B5 24 18 CC C0 EC 2D
0001D5D0  14 D2 34 3F DC E7 4D 4A 00 00 20 4E 24 18 4D 4A
0001D5E0  EC 2D 34 3F 34 3F EC 2D 4D 4A 24 18 20 4E 00 00
0001D5F0  4D 4A DC E7 34 3F 14 D2 EC 2D CC C0 24 18 B3 B5
0001D600  00 00 E0 B1 DC E7 B3 B5 14 D2 CC C0 CC C0 14 D2
0001D610  B3 B5 DC E7 E0 B1 00 00 B3 B5 24 18 CC C0 EC 2D
0001D620  14 D2 34 3F DC E7 4D 4A 00 00 20 4E 24 18 4D 4A
0001D630  EC 2D 34 3F 34 3F EC 2D 4D 4A 24 18 20 4E 00 00
0001D640  4D 4A DC E7 34 3F 14 D2 EC 2D CC C0 24 18 B3 B5
0001D650  00 00 E0 B1 DC E7 B3 B5 14 D2 CC C0 CC C0 14 D2
0001D660  B3 B5 DC E7 E0 B1 00 00 B3 B5 24 18 CC C0 EC 2D
0001D670  14 D2 34 3F DC E7 4D 4A 00 00 20 4E 24 18 4D 4A
0001D680  EC 2D 34 3F 34 3F EC 2D 4D 4A 24 18 20 4E 00 00
0001D690  4D 4A DC E7 34 3F 14 D2 EC 2D CC C0 24 18 B3 B5
0001D6A0  00 00 E0 B1 DC E7 B3 B5 14 D2 CC C0 CC C0 14 D2
0001D6B0  B3 B5 DC E7 E0 B1 00 00 B3 B5 24 18 CC C0 EC 2D
0001D6C0  14 D2 34 3F DC E7 4D 4A 00 00 20 4E 24 18 4D 4A
0001D6D0  EC 2D 34 3F 34 3F EC 2D 4D 4A 24 18 20 4E 00 00
0001D6E0  4D 4A DC E7 34 3F 14 D2 EC 2D CC C0 24 18 B3 B5
0001D6F0  00 00 E0 B1 DC E7 B3 B5 14 D2 CC C0 CC C0 14 D2
0001D700  B3 B5 DC E7 E0 B1 00 00 B3 B5 24 18 CC C0 EC 2D
0001D710  14 D2 34 3F DC E7 4D 4A 00 00 20 4E 24 18 4D 4A
0001D720  EC 2D 34 3F 34 3F EC 2D 4D 4A 24 18 20 4E 00 00
0001D730  4D 4A DC E7 34 3F 14 D2 EC 2D CC C0 24 18 B3 B5
0001D740  00 00 E0 B1 DC E7 B3 B5 14 D2 CC C0 CC C0 14 D2
0001D750  B3 B5 DC E7 E0 B1 00 00 B3 B5 24 18 CC C0 EC 2D
0001D760  14 D2 34 3F DC E7 4D 4A 00 00 20 4E 24 18 4D 4A
0001D770  EC 2D 34 3F 34 3F EC 2D 4D 4A 24 18 20 4E 00 00
0001D780  4D 4A DC E7 34 3F 14 D2 EC 2D CC C0 24 18 B3 B5
0001D790  00 00 E0 B1 DC E7 B3 B5 14 D2 CC C0 CC C0 14 D2
0001D7A0  B3 B5 DC E7 E0 B1 00 00 B3 B5 24 18 CC C0 EC 2D
0001D7B0  14 D2 34 3F DC E7 4D 4A 00 00 20 4E 24 18 4D 4A
0001D7C0  EC 2D 34 3F 34 3F EC 2D 4D 4A 24 18 20 4E 00 00
0001D7D0  4D 4A DC E7 34 3F 14 D2 EC 2D CC C0 24 18 B3 B5
0001D7E0  00 00 E0 B1 DC E7 B3 B5 14 D2 CC C0 CC C0 14 D2
0001D7F0  B3 B5 DC E7 E0 B1 00 00 B3 B5 24 18 CC C0 EC 2D
0001D800  14 D2 34 3F DC E7 4D 4A 00 00 20 4E 24 18 4D 4A
0001D810  EC 2D 34 3F 34 3F EC 2D 4D 4A 24 18 20 4E 00 00
0001D820  4D 4A DC E7 34 3F 14 D2 EC 2D CC C0 24 18 B3 B5
0001D830  00 00 E0 B1 DC E7 B3 B5 14 D2 CC C0 CC C0 14 D2
0001D840  B3 B5 DC E7 E0 B1 00 00 B3 B5 24 18 CC C0 EC 2D
0001D850  14 D2 34 3F DC E7 4D 4A 00 00 20 4E 24 18 4D 4A
0001D860  EC 2D 34 3F 34 3F EC 2D 4D 4A 24 18 20 4E 00 00
0001D870  4D 4A DC E7 34 3F 14 D2 EC 2D CC C0 24 18 B3 B5
0001D880  00 00 E0 B1 DC E7 B3 B5 14 D2 CC C0 CC C0 14 D2
0001D890  B3 B5 DC E7 E0 B1 00 00 B3 B5 24 18 CC C0 EC 2D
0001D8A0  14 D2 34 3F DC E7 4D 4A 00 00 20 4E 24 18 4D 4A
0001D8B0  EC 2D 34 3F 34 3F EC 2D 4D 4A 24 18 20 4E 00 00
0001D8C0  4D 4A DC E7 34 3F 14 D2 EC 2D CC C0 24 18 B3 B5
0001D8D0  00 00 E0 B1 DC E7 B3 B5 14 D2 CC C0 CC C0 14 D2
0001D8E0  B3 B5 DC E7 E0 B1 00 00 B3 B5 24 18 CC C0 EC 2D
0001D8F0  14 D2 34 3F DC E7 4D 4A 00 00 20 4E 24 18 4D 4A
0001D900  EC 2D 34 3F 34 3F EC 2D 4D 4A 24 18 20 4E 00 00
0001D910  4D 4A DC E7 34 3F 14 D2 EC 2D CC C0 24 18 B3 B5
0001D920  00 00 E0 B1 DC E7 B3 B5 14 D2 CC C0 CC C0 14 D2
0001D930  B3 B5 DC E7 E0 B1 00 00 B3 B5 24 18 CC C0 EC 2D
0001D940  14 D2 34 3F DC E7 4D 4A 00 00 20 4E 24 18 4D 4A
0001D950  EC 2D 34 3F 34 3F EC 2D 4D 4A 24 18 20 4E 00 00
0001D960  4D 4A DC E7 34 3F 14 D2 EC 2D CC C0 24 18 B3 B5
0001D970  00 00 E0 B1 DC E7 B3 B5 14 D2 CC C0 CC C0 14 D2
0001D980  B3 B5 DC E7 E0 B1 00 00 B3 B5 24 18 CC C0 EC 2D
0001D990  14 D2 34 3F DC E7 4D 4A 00 00 20 4E 24 18 4D 4A
0001D9A0  EC 2D 34 3F 34 3F EC 2D 4D 4A 24 18 20 4E 00 00
0001D9B0  4D 4A DC E7 34 3F 14 D2 EC 2D CC C0 24 18 B3 B5
0001D9C0  00 00 E0 B1 DC E7 B3 B5 14 D2 CC C0 CC C0 14 D2
0001D9D0  B3 B5 DC E7 E0 B1 00 00 B3 B5 24 18 CC C0 EC 2D
0001D9E0  14 D2 34 3F DC E7 4D 4A 00 00 20 4E 24 18 4D 4A
0001D9F0  EC 2D 34 3F 34 3F EC 2D 4D 4A 24 18 20 4E 00 00
0001DA00  4D 4A DC E7 34 3F 14 D2 EC 2D CC C0 24 18 B3 B5
0001DA10  00 00 E0 B1 DC E7 B3 B5 14 D2 CC C0 CC C0 14 D2
0001DA20  B3 B5 DC E7 E0 B1 00 00 B3 B5 24 18 CC C0 EC 2D
0001DA30  14 D2 34 3F DC E7 4D 4A 00 00 20 4E 24 18 4D 4A
0001DA40  EC 2D 34 3F 34 3F EC 2D 4D 4A 24 18 20 4E 00 00
0001DA50  4D 4A DC E7 34 3F 14 D2 EC 2D CC C0 24 18 B3 B5
0001DA60  00 00 E0 B1 DC E7 B3 B5 14 D2 CC C0 CC C0 14 D2
0001DA70  B3 B5 DC E7 E0 B1 00 00 B3 B5 24 18 CC C0 EC 2D
0001DA80  14 D2 34 3F DC E7 4D 4A 00 00 20 4E 24 18 4D 4A
0001DA90  EC 2D 34 3F 34 3F EC 2D 4D 4A 24 18 20 4E 00 00
0001DAA0  4D 4A DC E7 34 3F 14 D2 EC 2D CC C0 24 18 B3 B5
0001DAB0  00 00 E0 B1 DC E7 B3 B5 14 D2 CC C0 CC C0 14 D2
0001DAC0  B3 B5 DC E7 E0 B1 00 00 B3 B5 24 18 CC C0 EC 2D
0001DAD0  14 D2 34 3F DC E7 4D 4A 00 00 20 4E 24 18 4D 4A
0001DAE0  EC 2D 34 3F 34 3F EC 2D 4D 4A 24 18 20 4E 00 00
0001DAF0  4D 4A DC E7 34 3F 14 D2 EC 2D CC C0 24 18 B3 B5
0001DB00  00 00 E0 B1 DC E7 B3 B5 14 D2 CC C0 CC C0 14 D2
0001DB10  B3 B5 DC E7 E0 B1 00 00 B3 B5 24 18 CC C0 EC 2D
0001DB20  14 D2 34 3F DC E7 4D 4A 00 00 20 4E 24 18 4D 4A
0001DB30  EC 2D 34 3F 34 3F EC 2D 4D 4A 24 18 20 4E 00 00
0001DB40  4D 4A DC E7 34 3F 14 D2 EC 2D CC C0 24 18 B3 B5
0001DB50  00 00 E0 B1 DC E7 B3 B5 14 D2 CC C0 CC C0 14 D2
0001DB60  B3 B5 DC E7 E0 B1 00 00 B3 B5 24 18 CC C0 EC 2D
0001DB70  14 D2 34 3F DC E7 4D 4A 00 00 20 4E 24 18 4D 4A
0001DB80  EC 2D 34 3F 34 3F EC 2D 4D 4A 24 18 20 4E 00 00
0001DB90  4D 4A DC E7 34 3F 14 D2 EC 2D CC C0 24 18 B3 B5
0001DBA0  00 00 E0 B1 DC E7 B3 B5 14 D2 CC C0 CC C0 14 D2
0001DBB0  B3 B5 DC E7 E0 B1 00 00 B3 B5 24 18 CC C0 EC 2D
0001DBC0  14 D2 34 3F DC E7 4D 4A 00 00 20 4E 24 18 4D 4A
0001DBD0  EC 2D 34 3F 34 3F EC 2D 4D 4A 24 18 20 4E 00 00
0001DBE0  4D 4A DC E7 34 3F 14 D2 EC 2D CC C0 24 18 B3 B5
0001DBF0  00 00 E0 B1 DC E7 B3 B5 14 D2 CC C0 CC C0 14 D2
0001DC00  B3 B5 DC E7 E0 B1 00 00 B3 B5 24 18 CC C0 EC 2D
0001DC10  14 D2 34 3F DC E7 4D 4A 00 00 20 4E 24 18 4D 4A
0001DC20  EC 2D 34 3F 34 3F EC 2D 4D 4A 24 18 20 4E 00 00
0001DC30  4D 4A DC E7 34 3F 14 D2 EC 2D CC C0 24 18 B3 B5
0001DC40  00 00 E0 B1 DC E7 B3 B5 14 D2 CC C0 CC C0 14 D2
0001DC50  B3 B5 DC E7 E0 B1 00 00 B3 B5 24 18 CC C0 EC 2D
0001DC60  14 D2 34 3F DC E7 4D 4A 00 00 20 4E 24 18 4D 4A
0001DC70  EC 2D 34 3F 34 3F EC 2D 4D 4A 24 18 20 4E 00 00
0001DC80  4D 4A DC E7 34 3F 14 D2 EC 2D CC C0 24 18 B3 B5
0001DC90  00 00 E0 B1 DC E7 B3 B5 14 D2 CC C0 CC C0 14 D2
0001DCA0  B3 B5 DC E7 E0 B1 00 00 B3 B5 24 18 CC C0 EC 2D
0001DCB0  14 D2 34 3F DC E7 4D 4A 00 00 20 4E 24 18 4D 4A
0001DCC0  EC 2D 34 3F 34 3F EC 2D 4D 4A 24 18 20 4E 00 00
0001DCD0  4D 4A DC E7 34 3F 14 D2 EC 2D CC C0 24 18 B3 B5
0001DCE0  00 00 E0 B1 DC E7 B3 B5 14 D2 CC C0 CC C0 14 D2
0001DCF0  B3 B5 DC E7 E0 B1 00 00 B3 B5 24 18 CC C0 EC 2D
0001DD00  14 D2 34 3F DC E7 4D 4A 00 00 20 4E 24 18 4D 4A
0001DD10  EC 2D 34 3F 34 3F EC 2D 4D 4A 24 18 20 4E 00 00
0001DD20  4D 4A DC E7 34 3F 14 D2 EC 2D CC C0 24 18 B3 B5
0001DD30  00 00 E0 B1 DC E7 B3 B5 14 D2 CC C0 CC C0 14 D2
0001DD40  B3 B5 DC E7 E0 B1 00 00 B3 B5 24 18 CC C0 EC 2D
0001DD50  14 D2 34 3F DC E7 4D 4A 00 00 20 4E 24 18 4D 4A
0001DD60  EC 2D 34 3F 34 3F EC 2D 4D 4A 24 18 20 4E 00 00
0001DD70  4D 4A DC E7 34 3F 14 D2 EC 2D CC C0 24 18 B3 B5
0001DD80  00 00 E0 B1 DC E7 B3 B5 14 D2 CC C0 CC C0 14 D2
0001DD90  B3 B5 DC E7 E0 B1 00 00 B3 B5 24 18 CC C0 EC 2D
0001DDA0  14 D2 34 3F DC E7 4D 4A 00 00 20 4E 24 18 4D 4A
0001DDB0  EC 2D 34 3F 34 3F EC 2D 4D 4A 24 18 20 4E 00 00
0001DDC0  4D 4A DC E7 34 3F 14 D2 EC 2D CC C0 24 18 B3 B5
0001DDD0  00 00 E0 B1 DC E7 B3 B5 14 D2 CC C0 CC C0 14 D2
0001DDE0  B3 B5 DC E7 E0 B1 00 00 B3 B5 24 18 CC C0 EC 2D
0001DDF0  14 D2 34 3F DC E7 4D 4A 00 00 20 4E 24 18 4D 4A
0001DE00  EC 2D 34 3F 34 3F EC 2D 4D 4A 24 18 20 4E 00 00
0001DE10  4D 4A DC E7 34 3F 14 D2 EC 2D CC C0 24 18 B3 B5
0001DE20  00 00 E0 B1 DC E7 B3 B5 14 D2 CC C0 CC C0 14 D2
0001DE30  B3 B5 DC E7 E0 B1 00 00 B3 B5 24 18 CC C0 EC 2D
0001DE40  14 D2 34 3F DC E7 4D 4A 00 00 20 4E 24 18 4D 4A
0001DE50  EC 2D 34 3F 34 3F EC 2D 4D 4A 24 18 20 4E 00 00
0001DE60  4D 4A DC E7 34 3F 14 D2 EC 2D CC C0 24 18 B3 B5
0001DE70  00 00 E0 B1 DC E7 B3 B5 14 D2 CC C0 CC C0 14 D2
0001DE80  B3 B5 DC E7 E0 B1 00 00 B3 B5 24 18 CC C0 EC 2D
0001DE90  14 D2 34 3F DC E7 4D 4A 00 00 20 4E 24 18 4D 4A
0001DEA0  EC 2D 34 3F 34 3F EC 2D 4D 4A 24 18 20 4E 00 00
0001DEB0  4D 4A DC E7 34 3F 14 D2 EC 2D CC C0 24 18 B3 B5
0001DEC0  00 00 E0 B1 DC E7 B3 B5 14 D2 CC C0 CC C0 14 D2
0001DED0  B3 B5 DC E7 E0 B1 00 00 B3 B5 24 18 CC C0 EC 2D
0001DEE0  14 D2 34 3F DC E7 4D 4A 00 00 20 4E 24 18 4D 4A
0001DEF0  EC 2D 34 3F 34 3F EC 2D 4D 4A 24 18 20 4E 00 00
0001DF00  4D 4A DC E7 34 3F 14 D2 EC 2D CC C0 24 18 B3 B5
0001DF10  00 00 E0 B1 DC E7 B3 B5 14 D2 CC C0 CC C0 14 D2
0001DF20  B3 B5 DC E7 E0 B1 00 00 B3 B5 24 18 CC C0 EC 2D
0001DF30  14 D2 34 3F DC E7 4D 4A 00 00 20 4E 24 18 4D 4A
0001DF40  EC 2D 34 3F 34 3F EC 2D 4D 4A 24 18 20 4E 00 00
0001DF50  4D 4A DC E7 34 3F 14 D2 EC 2D CC C0 24 18 B3 B5
0001DF60  00 00 E0 B1 DC E7 B3 B5 14 D2 CC C0 CC C0 14 D2
0001DF70  B3 B5 DC E7 E0 B1 00 00 B3 B5 24 18 CC C0 EC 2D
0001DF80  14 D2 34 3F DC E7 4D 4A 00 00 20 4E 24 18 4D 4A
0001DF90  EC 2D 34 3F 34 3F EC 2D 4D 4A 24 18 20 4E 00 00
0001DFA0  4D 4A DC E7 34 3F 14 D2 EC 2D CC C0 24 18 B3 B5
0001DFB0  00 00 E0 B1 DC E7 B3 B5 14 D2 CC C0 CC C0 14 D2
0001DFC0  B3 B5 DC E7 E0 B1 00 00 B3 B5 24 18 CC C0 EC 2D
0001DFD0  14 D2 34 3F DC E7 4D 4A 00 00 20 4E 24 18 4D 4A
0001DFE0  EC 2D 34 3F 34 3F EC 2D 4D 4A 24 18 20 4E 00 00
0001DFF0  4D 4A DC E7 34 3F 14 D2 EC 2D CC C0 24 18 B3 B5
0001E000  00 00 E0 B1 DC E7 B3 B5 14 D2 CC C0 CC C0 14 D2
0001E010  B3 B5 DC E7 E0 B1 00 00 B3 B5 24 18 CC C0 EC 2D
0001E020  14 D2 34 3F DC E7 4D 4A 00 00 20 4E 24 18 4D 4A
0001E030  EC 2D 34 3F 34 3F EC 2D 4D 4A 24 18 20 4E 00 00
0001E040  4D 4A DC E7 34 3F 14 D2 EC 2D CC C0 24 18 B3 B5
0001E050  00 00 E0 B1 DC E7 B3 B5 14 D2 CC C0 CC C0 14 D2
0001E060  B3 B5 DC E7 E0 B1 00 00 B3 B5 24 18 CC C0 EC 2D
0001E070  14 D2 34 3F DC E7 4D 4A 00 00 20 4E 24 18 4D 4A
0001E080  EC 2D 34 3F 34 3F EC 2D 4D 4A 24 18 20 4E 00 00
0001E090  4D 4A DC E7 34 3F 14 D2 EC 2D CC C0 24 18 B3 B5
0001E0A0  00 00 E0 B1 DC E7 B3 B5 14 D2 CC C0 CC C0 14 D2
0001E0B0  B3 B5 DC E7 E0 B1 00 00 B3 B5 24 18 CC C0 EC 2D
0001E0C0  14 D2 34 3F DC E7 4D 4A 00 00 20 4E 24 18 4D 4A
0001E0D0  EC 2D 34 3F 34 3F EC 2D 4D 4A 24 18 20 4E 00 00
0001E0E0  4D 4A DC E7 34 3F 14 D2 EC 2D CC C0 24 18 B3 B5
0001E0F0  00 00 E0 B1 DC E7 B3 B5 14 D2 CC C0 CC C0 14 D2
0001E100  B3 B5 DC E7 E0 B1 00 00 B3 B5 24 18 CC C0 EC 2D
0001E110  14 D2 34 3F DC E7 4D 4A 00 00 20 4E 24 18 4D 4A
0001E120  EC 2D 34 3F 34 3F EC 2D 4D 4A 24 18 20 4E 00 00
0001E130  4D 4A DC E7 34 3F 14 D2 EC 2D CC C0 24 18 B3 B5
0001E140  00 00 E0 B1 DC E7 B3 B5 14 D2 CC C0 CC C0 14 D2
0001E150  B3 B5 DC E7 E0 B1 00 00 B3 B5 24 18 CC C0 EC 2D
0001E160  14 D2 34 3F DC E7 4D 4A 00 00 20 4E 24 18 4D 4A
0001E170  EC 2D 34 3F 34 3F EC 2D 4D 4A 24 18 20 4E 00 00
0001E180  4D 4A DC E7 34 3F 14 D2 EC 2D CC C0 24 18 B3 B5
0001E190  00 00 E0 B1 DC E7 B3 B5 14 D2 CC C0 CC C0 14 D2
0001E1A0  B3 B5 DC E7 E0 B1 00 00 B3 B5 24 18 CC C0 EC 2D
0001E1B0  14 D2 34 3F DC E7 4D 4A 00 00 20 4E 24 18 4D 4A
0001E1C0  EC 2D 34 3F 34 3F EC 2D 4D 4A 24 18 20 4E 00 00
0001E1D0  4D 4A DC E7 34 3F 14 D2 EC 2D CC C0 24 18 B3 B5
0001E1E0  00 00 E0 B1 DC E7 B3 B5 14 D2 CC C0 CC C0 14 D2
0001E1F0  B3 B5 DC E7 E0 B1 00 00 B3 B5 24 18 CC C0 EC 2D
0001E200  14 D2 34 3F DC E7 4D 4A 00 00 20 4E 24 18 4D 4A
0001E210  EC 2D 34 3F 34 3F EC 2D 4D 4A 24 18 20 4E 00 00
0001E220  4D 4A DC E7 34 3F 14 D2 EC 2D CC C0 24 18 B3 B5
0001E230  00 00 E0 B1 DC E7 B3 B5 14 D2 CC C0 CC C0 14 D2
0001E240  B3 B5 DC E7 E0 B1 00 00 B3 B5 24 18 CC C0 EC 2D
0001E250  14 D2 34 3F DC E7 4D 4A 00 00 20 4E 24 18 4D 4A
0001E260  EC 2D 34 3F 34 3F EC 2D 4D 4A 24 18 20 4E 00 00
0001E270  4D 4A DC E7 34 3F 14 D2 EC 2D CC C0 24 18 B3 B5
0001E280  00 00 E0 B1 DC E7 B3 B5 14 D2 CC C0 CC C0 14 D2
0001E290  B3 B5 DC E7 E0 B1 00 00 B3 B5 24 18 CC C0 EC 2D
0001E2A0  14 D2 34 3F DC E7 4D 4A 00 00 20 4E 24 18 4D 4A
0001E2B0  EC 2D 34 3F 34 3F EC 2D 4D 4A 24 18 20 4E 00 00
0001E2C0  4D 4A DC E7 34 3F 14 D2 EC 2D CC C0 24 18 B3 B5
0001E2D0  00 00 E0 B1 DC E7 B3 B5 14 D2 CC C0 CC C0 14 D2
0001E2E0  B3 B5 DC E7 E0 B1 00 00 B3 B5 24 18 CC C0 EC 2D
0001E2F0  14 D2 34 3F DC E7 4D 4A 00 00 20 4E 24 18 4D 4A
0001E300  EC 2D 34 3F 34 3F EC 2D 4D 4A 24 18 20 4E 00 00
0001E310  4D 4A DC E7 34 3F 14 D2 EC 2D CC C0 24 18 B3 B5
0001E320  00 00 E0 B1 DC E7 B3 B5 14 D2 CC C0 CC C0 14 D2
0001E330  B3 B5 DC E7 E0 B1 00 00 B3 B5 24 18 CC C0 EC 2D
0001E340  14 D2 34 3F DC E7 4D 4A 00 00 20 4E 24 18 4D 4A
0001E350  EC 2D 34 3F 34 3F EC 2D 4D 4A 24 18 20 4E 00 00
0001E360  4D 4A DC E7 34 3F 14 D2 EC 2D CC C0 24 18 B3 B5
0001E370  00 00 E0 B1 DC E7 B3 B5 14 D2 CC C0 CC C0 14 D2
0001E380  B3 B5 DC E7 E0 B1 00 00 B3 B5 24 18 CC C0 EC 2D
0001E390  14 D2 34 3F DC E7 4D 4A 00 00 20 4E 24 18 4D 4A
0001E3A0  EC 2D 34 3F 34 3F EC 2D 4D 4A 24 18 20 4E 00 00
0001E3B0  4D 4A DC E7 34 3F 14 D2 EC 2D CC C0 24 18 B3 B5
0001E3C0  00 00 E0 B1 DC E7 B3 B5 14 D2 CC C0 CC C0 14 D2
0001E3D0  B3 B5 DC E7 E0 B1 00 00 B3 B5 24 18 CC C0 EC 2D
0001E3E0  14 D2 34 3F DC E7 4D 4A 00 00 20 4E 24 18 4D 4A
0001E3F0  EC 2D 34 3F 34 3F EC 2D 4D 4A 24 18 20 4E 00 00
0001E400  4D 4A DC E7 34 3F 14 D2 EC 2D CC C0 24 18 B3 B5
0001E410  00 00 E0 B1 DC E7 B3 B5 14 D2 CC C0 CC C0 14 D2
0001E420  B3 B5 DC E7 E0 B1 00 00 B3 B5 24 18 CC C0 EC 2D
0001E430  14 D2 34 3F DC E7 4D 4A 00 00 20 4E 24 18 4D 4A
0001E440  EC 2D 34 3F 34 3F EC 2D 4D 4A 24 18 20 4E 00 00
0001E450  4D 4A DC E7 34 3F 14 D2 EC 2D CC C0 24 18 B3 B5
0001E460  00 00 E0 B1 DC E7 B3 B5 14 D2 CC C0 CC C0 14 D2
0001E470  B3 B5 DC E7 E0 B1 00 00 B3 B5 24 18 CC C0 EC 2D
0001E480  14 D2 34 3F DC E7 4D 4A 00 00 20 4E 24 18 4D 4A
0001E490  EC 2D 34 3F 34 3F EC 2D 4D 4A 24 18 20 4E 00 00
0001E4A0  4D 4A DC E7 34 3F 14 D2 EC 2D CC C0 24 18 B3 B5
0001E4B0  00 00 E0 B1 DC E7 B3 B5 14 D2 CC C0 CC C0 14 D2
0001E4C0  B3 B5 DC E7 E0 B1 00 00 B3 B5 24 18 CC C0 EC 2D
0001E4D0  14 D2 34 3F DC E7 4D 4A 00 00 20 4E 24 18 4D 4A
0001E4E0  EC 2D 34 3F 34 3F EC 2D 4D 4A 24 18 20 4E 00 00
0001E4F0  4D 4A DC E7 34 3F 14 D2 EC 2D CC C0 24 18 B3 B5
0001E500  00 00 E0 B1 DC E7 B3 B5 14 D2 CC C0 CC C0 14 D2
0001E510  B3 B5 DC E7 E0 B1 00 00 B3 B5 24 18 CC C0 EC 2D
0001E520  14 D2 34 3F DC E7 4D 4A 00 00 20 4E 24 18 4D 4A
0001E530  EC 2D 34 3F 34 3F EC 2D 4D 4A 24 18 20 4E 00 00
0001E540  4D 4A DC E7 34 3F 14 D2 EC 2D CC C0 24 18 B3 B5
0001E550  00 00 E0 B1 DC E7 B3 B5 14 D2 CC C0 CC C0 14 D2
0001E560  B3 B5 DC E7 E0 B1 00 00 B3 B5 24 18 CC C0 EC 2D
0001E570  14 D2 34 3F DC E7 4D 4A 00 00 20 4E 24 18 4D 4A
0001E580  EC 2D 34 3F 34 3F EC 2D 4D 4A 24 18 20 4E 00 00
0001E590  4D 4A DC E7 34 3F 14 D2 EC 2D CC C0 24 18 B3 B5
0001E5A0  00 00 E0 B1 DC E7 B3 B5 14 D2 CC C0 CC C0 14 D2
0001E5B0  B3 B5 DC E7 E0 B1 00 00 B3 B5 24 18 CC C0 EC 2D
0001E5C0  14 D2 34 3F DC E7 4D 4A 00 00 20 4E 24 18 4D 4A
0001E5D0  EC 2D 34 3F 34 3F EC 2D 4D 4A 24 18 20 4E 00 00
0001E5E0  4D 4A DC E7 34 3F 14 D2 EC 2D CC C0 24 18 B3 B5
0001E5F0  00 00 E0 B1 DC E7 B3 B5 14 D2 CC C0 CC C0 14 D2
0001E600  B3 B5 DC E7 E0 B1 00 00 B3 B5 24 18 CC C0 EC 2D
0001E610  14 D2 34 3F DC E7 4D 4A 00 00 20 4E 24 18 4D 4A
0001E620  EC 2D 34 3F 34 3F EC 2D 4D 4A 24 18 20 4E 00 00
0001E630  4D 4A DC E7 34 3F 14 D2 EC 2D CC C0 24 18 B3 B5
0001E640  00 00 E0 B1 DC E7 B3 B5 14 D2 CC C0 CC C0 14 D2
0001E650  B3 B5 DC E7 E0 B1 00 00 B3 B5 24 18 CC C0 EC 2D
0001E660  14 D2 34 3F DC E7 4D 4A 00 00 20 4E 24 18 4D 4A
0001E670  EC 2D 34 3F 34 3F EC 2D 4D 4A 24 18 20 4E 00 00
0001E680  4D 4A DC E7 34 3F 14 D2 EC 2D CC C0 24 18 B3 B5
0001E690  00 00 E0 B1 DC E7 B3 B5 14 D2 CC C0 CC C0 14 D2
0001E6A0  B3 B5 DC E7 E0 B1 00 00 B3 B5 24 18 CC C0 EC 2D
0001E6B0  14 D2 34 3F DC E7 4D 4A 00 00 20 4E 24 18 4D 4A
0001E6C0  EC 2D 34 3F 34 3F EC 2D 4D 4A 24 18 20 4E 00 00
0001E6D0  4D 4A DC E7 34 3F 14 D2 EC 2D CC C0 24 18 B3 B5
0001E6E0  00 00 E0 B1 DC E7 B3 B5 14 D2 CC C0 CC C0 14 D2
0001E6F0  B3 B5 DC E7 E0 B1 00 00 B3 B5 24 18 CC C0 EC 2D
0001E700  14 D2 34 3F DC E7 4D 4A 00 00 20 4E 24 18 4D 4A
0001E710  EC 2D 34 3F 34 3F EC 2D 4D 4A 24 18 20 4E 00 00
0001E720  4D 4A DC E7 34 3F 14 D2 EC 2D CC C0 24 18 B3 B5
0001E730  00 00 E0 B1 DC E7 B3 B5 14 D2 CC C0 CC C0 14 D2
0001E740  B3 B5 DC E7 E0 B1 00 00 B3 B5 24 18 CC C0 EC 2D
0001E750  14 D2 34 3F DC E7 4D 4A 00 00 20 4E 24 18 4D 4A
0001E760  EC 2D 34 3F 34 3F EC 2D 4D 4A 24 18 20 4E 00 00
0001E770  4D 4A DC E7 34 3F 14 D2 EC 2D CC C0 24 18 B3 B5
0001E780  00 00 E0 B1 DC E7 B3 B5 14 D2 CC C0 CC C0 14 D2
0001E790  B3 B5 DC E7 E0 B1 00 00 B3 B5 24 18 CC C0 EC 2D
0001E7A0  14 D2 34 3F DC E7 4D 4A 00 00 20 4E 24 18 4D 4A
0001E7B0  EC 2D 34 3F 34 3F EC 2D 4D 4A 24 18 20 4E 00 00
0001E7C0  4D 4A DC E7 34 3F 14 D2 EC 2D CC C0 24 18 B3 B5
0001E7D0  00 00 E0 B1 DC E7 B3 B5 14 D2 CC C0 CC C0 14 D2
0001E7E0  B3 B5 DC E7 E0 B1 00 00 B3 B5 24 18 CC C0 EC 2D
0001E7F0  14 D2 34 3F DC E7 4D 4A 00 00 20 4E 24 18 4D 4A
0001E800  EC 2D 34 3F 34 3F EC 2D 4D 4A 24 18 20 4E 00 00
0001E810  4D 4A DC E7 34 3F 14 D2 EC 2D CC C0 24 18 B3 B5
0001E820  00 00 E0 B1 DC E7 B3 B5 14 D2 CC C0 CC C0 14 D2
0001E830  B3 B5 DC E7 E0 B1 00 00 B3 B5 24 18 CC C0 EC 2D
0001E840  14 D2 34 3F DC E7 4D 4A 00 00 20 4E 24 18 4D 4A
0001E850  EC 2D 34 3F 34 3F EC 2D 4D 4A 24 18 20 4E 00 00
0001E860  4D 4A DC E7 34 3F 14 D2 EC 2D CC C0 24 18 B3 B5
0001E870  00 00 E0 B1 DC E7 B3 B5 14 D2 CC C0 CC C0 14 D2
0001E880  B3 B5 DC E7 E0 B1 00 00 B3 B5 24 18 CC C0 EC 2D
0001E890  14 D2 34 3F DC E7 4D 4A 00 00 20 4E 24 18 4D 4A
0001E8A0  EC 2D 34 3F 34 3F EC 2D 4D 4A 24 18 20 4E 00 00
0001E8B0  4D 4A DC E7 34 3F 14 D2 EC 2D CC C0 24 18 B3 B5
0001E8C0  00 00 E0 B1 DC E7 B3 B5 14 D2 CC C0 CC C0 14 D2
0001E8D0  B3 B5 DC E7 E0 B1 00 00 B3 B5 24 18 CC C0 EC 2D
0001E8E0  14 D2 34 3F DC E7 4D 4A 00 00 20 4E 24 18 4D 4A
0001E8F0  EC 2D 34 3F 34 3F EC 2D 4D 4A 24 18 20 4E 00 00
0001E900  4D 4A DC E7 34 3F 14 D2 EC 2D CC C0 24 18 B3 B5
0001E910  00 00 E0 B1 DC E7 B3 B5 14 D2 CC C0 CC C0 14 D2
0001E920  B3 B5 DC E7 E0 B1 00 00 B3 B5 24 18 CC C0 EC 2D
0001E930  14 D2 34 3F DC E7 4D 4A 00 00 20 4E 24 18 4D 4A
0001E940  EC 2D 34 3F 34 3F EC 2D 4D 4A 24 18 20 4E 00 00
0001E950  4D 4A DC E7 34 3F 14 D2 EC 2D CC C0 24 18 B3 B5
0001E960  00 00 E0 B1 DC E7 B3 B5 14 D2 CC C0 CC C0 14 D2
0001E970  B3 B5 DC E7 E0 B1 00 00 B3 B5 24 18 CC C0 EC 2D
0001E980  14 D2 34 3F DC E7 4D 4A 00 00 20 4E 24 18 4D 4A
0001E990  EC 2D 34 3F 34 3F EC 2D 4D 4A 24 18 20 4E 00 00
0001E9A0  4D 4A DC E7 34 3F 14 D2 EC 2D CC C0 24 18 B3 B5
0001E9B0  00 00 E0 B1 DC E7 B3 B5 14 D2 CC C0 CC C0 14 D2
0001E9C0  B3 B5 DC E7 E0 B1 00 00 B3 B5 24 18 CC C0 EC 2D
0001E9D0  14 D2 34 3F DC E7 4D 4A 00 00 20 4E 24 18 4D 4A
0001E9E0  EC 2D 34 3F 34 3F EC 2D 4D 4A 24 18 20 4E 00 00
0001E9F0  4D 4A DC E7 34 3F 14 D2 EC 2D CC C0 24 18 B3 B5
0001EA00  00 00 E0 B1 DC E7 B3 B5 14 D2 CC C0 CC C0 14 D2
0001EA10  B3 B5 DC E7 E0 B1 00 00 B3 B5 24 18 CC C0 EC 2D
0001EA20  14 D2 34 3F DC E7 4D 4A 00 00 20 4E 24 18 4D 4A
0001EA30  EC 2D 34 3F 34 3F EC 2D 4D 4A 24 18 20 4E 00 00
0001EA40  4D 4A DC E7 34 3F 14 D2 EC 2D CC C0 24 18 B3 B5
0001EA50  00 00 E0 B1 DC E7 B3 B5 14 D2 CC C0 CC C0 14 D2
0001EA60  B3 B5 DC E7 E0 B1 00 00 B3 B5 24 18 CC C0 EC 2D
0001EA70  14 D2 34 3F DC E7 4D 4A 00 00 20 4E 24 18 4D 4A
0001EA80  EC 2D 34 3F 34 3F EC 2D 4D 4A 24 18 20 4E 00 00
0001EA90  4D 4A DC E7 34 3F 14 D2 EC 2D CC C0 24 18 B3 B5
0001EAA0  00 00 E0 B1 DC E7 B3 B5 14 D2 CC C0 CC C0 14 D2
0001EAB0  B3 B5 DC E7 E0 B1 00 00 B3 B5 24 18 CC C0 EC 2D
0001EAC0  14 D2 34 3F DC E7 4D 4A 00 00 20 4E 24 18 4D 4A
0001EAD0  EC 2D 34 3F 34 3F EC 2D 4D 4A 24 18 20 4E 00 00
0001EAE0  4D 4A DC E7 34 3F 14 D2 EC 2D CC C0 24 18 B3 B5
0001EAF0  00 00 E0 B1 DC E7 B3 B5 14 D2 CC C0 CC C0 14 D2
0001EB00  B3 B5 DC E7 E0 B1 00 00 B3 B5 24 18 CC C0 EC 2D
0001EB10  14 D2 34 3F DC E7 4D 4A 00 00 20 4E 24 18 4D 4A
0001EB20  EC 2D 34 3F 34 3F EC 2D 4D 4A 24 18 20 4E 00 00
0001EB30  4D 4A DC E7 34 3F 14 D2 EC 2D CC C0 24 18 B3 B5
0001EB40  00 00 E0 B1 DC E7 B3 B5 14 D2 CC C0 CC C0 14 D2
0001EB50  B3 B5 DC E7 E0 B1 00 00 B3 B5 24 18 CC C0 EC 2D
0001EB60  14 D2 34 3F DC E7 4D 4A 00 00 20 4E 24 18 4D 4A
0001EB70  EC 2D 34 3F 34 3F EC 2D 4D 4A 24 18 20 4E 00 00
0001EB80  4D 4A DC E7 34 3F 14 D2 EC 2D CC C0 24 18 B3 B5
0001EB90  00 00 E0 B1 DC E7 B3 B5 14 D2 CC C0 CC C0 14 D2
0001EBA0  B3 B5 DC E7 E0 B1 00 00 B3 B5 24 18 CC C0 EC 2D
0001EBB0  14 D2 34 3F DC E7 4D 4A 00 00 20 4E 24 18 4D 4A
0001EBC0  EC 2D 34 3F 34 3F EC 2D 4D 4A 24 18 20 4E 00 00
0001EBD0  4D 4A DC E7 34 3F 14 D2 EC 2D CC C0 24 18 B3 B5
0001EBE0  00 00 E0 B1 DC E7 B3 B5 14 D2 CC C0 CC C0 14 D2
0001EBF0  B3 B5 DC E7 E0 B1 00 00 B3 B5 24 18 CC C0 EC 2D
0001EC00  14 D2 34 3F DC E7 4D 4A 00 00 20 4E 24 18 4D 4A
0001EC10  EC 2D 34 3F 34 3F EC 2D 4D 4A 24 18 20 4E 00 00
0001EC20  4D 4A DC E7 34 3F 14 D2 EC 2D CC C0 24 18 B3 B5
0001EC30  00 00 E0 B1 DC E7 B3 B5 14 D2 CC C0 CC C0 14 D2
0001EC40  B3 B5 DC E7 E0 B1 00 00 B3 B5 24 18 CC C0 EC 2D
0001EC50  14 D2 34 3F DC E7 4D 4A 00 00 20 4E 24 18 4D 4A
0001EC60  EC 2D 34 3F 34 3F EC 2D 4D 4A 24 18 20 4E 00 00
0001EC70  4D 4A DC E7 34 3F 14 D2 EC 2D CC C0 24 18 B3 B5
0001EC80  00 00 E0 B1 DC E7 B3 B5 14 D2 CC C0 CC C0 14 D2
0001EC90  B3 B5 DC E7 E0 B1 00 00 B3 B5 24 18 CC C0 EC 2D
0001ECA0  14 D2 34 3F DC E7 4D 4A 00 00 20 4E 24 18 4D 4A
0001ECB0  EC 2D 34 3F 34 3F EC 2D 4D 4A 24 18 20 4E 00 00
0001ECC0  4D 4A DC E7 34 3F 14 D2 EC 2D CC C0 24 18 B3 B5
0001ECD0  00 00 E0 B1 DC E7 B3 B5 14 D2 CC C0 CC C0 14 D2
0001ECE0  B3 B5 DC E7 E0 B1 00 00 B3 B5 24 18 CC C0 EC 2D
0001ECF0  14 D2 34 3F DC E7 4D 4A 00 00 20 4E 24 18 4D 4A
0001ED00  EC 2D 34 3F 34 3F EC 2D 4D 4A 24 18 20 4E 00 00
0001ED10  4D 4A DC E7 34 3F 14 D2 EC 2D CC C0 24 18 B3 B5
0001ED20  00 00 E0 B1 DC E7 B3 B5 14 D2 CC C0 CC C0 14 D2
0001ED30  B3 B5 DC E7 E0 B1 00 00 B3 B5 24 18 CC C0 EC 2D
0001ED40  14 D2 34 3F DC E7 4D 4A 00 00 20 4E 24 18 4D 4A
0001ED50  EC 2D 34 3F 34 3F EC 2D 4D 4A 24 18 20 4E 00 00
0001ED60  4D 4A DC E7 34 3F 14 D2 EC 2D CC C0 24 18 B3 B5
0001ED70  00 00 E0 B1 DC E7 B3 B5 14 D2 CC C0 CC C0 14 D2
0001ED80  B3 B5 DC E7 E0 B1 00 00 B3 B5 24 18 CC C0 EC 2D
0001ED90  14 D2 34 3F DC E7 4D 4A 00 00 20 4E 24 18 4D 4A
0001EDA0  EC 2D 34 3F 34 3F EC 2D 4D 4A 24 18 20 4E 00 00
0001EDB0  4D 4A DC E7 34 3F 14 D2 EC 2D CC C0 24 18 B3 B5
0001EDC0  00 00 E0 B1 DC E7 B3 B5 14 D2 CC C0 CC C0 14 D2
0001EDD0  B3 B5 DC E7 E0 B1 00 00 B3 B5 24 18 CC C0 EC 2D
0001EDE0  14 D2 34 3F DC E7 4D 4A 00 00 20 4E 24 18 4D 4A
0001EDF0  EC 2D 34 3F 34 3F EC 2D 4D 4A 24 18 20 4E 00 00
0001EE00  4D 4A DC E7 34 3F 14 D2 EC 2D CC C0 24 18 B3 B5
0001EE10  00 00 E0 B1 DC E7 B3 B5 14 D2 CC C0 CC C0 14 D2
0001EE20  B3 B5 DC E7 E0 B1 00 00 B3 B5 24 18 CC C0 EC 2D
0001EE30  14 D2 34 3F DC E7 4D 4A 00 00 20 4E 24 18 4D 4A
0001EE40  EC 2D 34 3F 34 3F EC 2D 4D 4A 24 18 20 4E 00 00
0001EE50  4D 4A DC E7 34 3F 14 D2 EC 2D CC C0 24 18 B3 B5
0001EE60  00 00 E0 B1 DC E7 B3 B5 14 D2 CC C0 CC C0 14 D2
0001EE70  B3 B5 DC E7 E0 B1 00 00 B3 B5 24 18 CC C0 EC 2D
0001EE80  14 D2 34 3F DC E7 4D 4A 00 00 20 4E 24 18 4D 4A
0001EE90  EC 2D 34 3F 34 3F EC 2D 4D 4A 24 18 20 4E 00 00
0001EEA0  4D 4A DC E7 34 3F 14 D2 EC 2D CC C0 24 18 B3 B5
0001EEB0  00 00 E0 B1 DC E7 B3 B5 14 D2 CC C0 CC C0 14 D2
0001EEC0  B3 B5 DC E7 E0 B1 00 00 B3 B5 24 18 CC C0 EC 2D
0001EED0  14 D2 34 3F DC E7 4D 4A 00 00 20 4E 24 18 4D 4A
0001EEE0  EC 2D 34 3F 34 3F EC 2D 4D 4A 24 18 20 4E 00 00
0001EEF0  4D 4A DC E7 34 3F 14 D2 EC 2D CC C0 24 18 B3 B5
0001EF00  00 00 E0 B1 DC E7 B3 B5 14 D2 CC C0 CC C0 14 D2
0001EF10  B3 B5 DC E7 E0 B1 00 00 B3 B5 24 18 CC C0 EC 2D
0001EF20  14 D2 34 3F DC E7 4D 4A 00 00 20 4E 24 18 4D 4A
0001EF30  EC 2D 34 3F 34 3F EC 2D 4D 4A 24 18 20 4E 00 00
0001EF40  4D 4A DC E7 34 3F 14 D2 EC 2D CC C0 24 18 B3 B5
0001EF50  00 00 E0 B1 DC E7 B3 B5 14 D2 CC C0 CC C0 14 D2
0001EF60  B3 B5 DC E7 E0 B1 00 00 B3 B5 24 18 CC C0 EC 2D
0001EF70  14 D2 34 3F DC E7 4D 4A 00 00 20 4E 24 18 4D 4A
0001EF80  EC 2D 34 3F 34 3F EC 2D 4D 4A 24 18 20 4E 00 00
0001EF90  4D 4A DC E7 34 3F 14 D2 EC 2D CC C0 24 18 B3 B5
0001EFA0  00 00 E0 B1 DC E7 B3 B5 14 D2 CC C0 CC C0 14 D2
0001EFB0  B3 B5 DC E7 E0 B1 00 00 B3 B5 24 18 CC C0 EC 2D
0001EFC0  14 D2 34 3F DC E7 4D 4A 00 00 20 4E 24 18 4D 4A
0001EFD0  EC 2D 34 3F 34 3F EC 2D 4D 4A 24 18 20 4E 00 00
0001EFE0  4D 4A DC E7 34 3F 14 D2 EC 2D CC C0 24 18 B3 B5
0001EFF0  00 00 E0 B1 DC E7 B3 B5 14 D2 CC C0 CC C0 14 D2
0001F000  B3 B5 DC E7 E0 B1 00 00 B3 B5 24 18 CC C0 EC 2D
0001F010  14 D2 34 3F DC E7 4D 4A 00 00 20 4E 24 18 4D 4A
0001F020  EC 2D 34 3F 34 3F EC 2D 4D 4A 24 18 20 4E 00 00
0001F030  4D 4A DC E7 34 3F 14 D2 EC 2D CC C0 24 18 B3 B5
0001F040  00 00 E0 B1 DC E7 B3 B5 14 D2 CC C0 CC C0 14 D2
0001F050  B3 B5 DC E7 E0 B1 00 00 B3 B5 24 18 CC C0 EC 2D
0001F060  14 D2 34 3F DC E7 4D 4A 00 00 20 4E 24 18 4D 4A
0001F070  EC 2D 34 3F 34 3F EC 2D 4D 4A 24 18 20 4E 00 00
0001F080  4D 4A DC E7 34 3F 14 D2 EC 2D CC C0 24 18 B3 B5
0001F090  00 00 E0 B1 DC E7 B3 B5 14 D2 CC C0 CC C0 14 D2
0001F0A0  B3 B5 DC E7 E0 B1 00 00 B3 B5 24 18 CC C0 EC 2D
0001F0B0  14 D2 34 3F DC E7 4D 4A 00 00 20 4E 24 18 4D 4A
0001F0C0  EC 2D 34 3F 34 3F EC 2D 4D 4A 24 18 20 4E 00 00
0001F0D0  4D 4A DC E7 34 3F 14 D2 EC 2D CC C0 24 18 B3 B5
0001F0E0  00 00 E0 B1 DC E7 B3 B5 14 D2 CC C0 CC C0 14 D2
0001F0F0  B3 B5 DC E7 E0 B1 00 00 B3 B5 24 18 CC C0 EC 2D
0001F100  14 D2 34 3F DC E7 4D 4A 00 00 20 4E 24 18 4D 4A
0001F110  EC 2D 34 3F 34 3F EC 2D 4D 4A 24 18 20 4E 00 00
0001F120  4D 4A DC E7 34 3F 14 D2 EC 2D CC C0 24 18 B3 B5
0001F130  00 00 E0 B1 DC E7 B3 B5 14 D2 CC C0 CC C0 14 D2
0001F140  B3 B5 DC E7 E0 B1 00 00 B3 B5 24 18 CC C0 EC 2D
0001F150  14 D2 34 3F DC E7 4D 4A 00 00 20 4E 24 18 4D 4A
0001F160  EC 2D 34 3F 34 3F EC 2D 4D 4A 24 18 20 4E 00 00
0001F170  4D 4A DC E7 34 3F 14 D2 EC 2D CC C0 24 18 B3 B5
0001F180  00 00 E0 B1 DC E7 B3 B5 14 D2 CC C0 CC C0 14 D2
0001F190  B3 B5 DC E7 E0 B1 00 00 B3 B5 24 18 CC C0 EC 2D
0001F1A0  14 D2 34 3F DC E7 4D 4A 00 00 20 4E 24 18 4D 4A
0001F1B0  EC 2D 34 3F 34 3F EC 2D 4D 4A 24 18 20 4E 00 00
0001F1C0  4D 4A DC E7 34 3F 14 D2 EC 2D CC C0 24 18 B3 B5
0001F1D0  00 00 E0 B1 DC E7 B3 B5 14 D2 CC C0 CC C0 14 D2
0001F1E0  B3 B5 DC E7 E0 B1 00 00 B3 B5 24 18 CC C0 EC 2D
0001F1F0  14 D2 34 3F DC E7 4D 4A 00 00 20 4E 24 18 4D 4A
0001F200  EC 2D 34 3F 34 3F EC 2D 4D 4A 24 18 20 4E 00 00
0001F210  4D 4A DC E7 34 3F 14 D2 EC 2D CC C0 24 18 B3 B5
0001F220  00 00 E0 B1 DC E7 B3 B5 14 D2 CC C0 CC C0 14 D2
0001F230  B3 B5 DC E7 E0 B1 00 00 B3 B5 24 18 CC C0 EC 2D
0001F240  14 D2 34 3F DC E7 4D 4A 00 00 20 4E 24 18 4D 4A
0001F250  EC 2D 34 3F 34 3F EC 2D 4D 4A 24 18 20 4E 00 00
0001F260  4D 4A DC E7 34 3F 14 D2 EC 2D CC C0 24 18 B3 B5
0001F270  00 00 E0 B1 DC E7 B3 B5 14 D2 CC C0 CC C0 14 D2
0001F280  B3 B5 DC E7 E0 B1 00 00 B3 B5 24 18 CC C0 EC 2D
0001F290  14 D2 34 3F DC E7 4D 4A 00 00 20 4E 24 18 4D 4A
0001F2A0  EC 2D 34 3F 34 3F EC 2D 4D 4A 24 18 20 4E 00 00
0001F2B0  4D 4A DC E7 34 3F 14 D2 EC 2D CC C0 24 18 B3 B5
0001F2C0  00 00 E0 B1 DC E7 B3 B5 14 D2 CC C0 CC C0 14 D2
0001F2D0  B3 B5 DC E7 E0 B1 00 00 B3 B5 24 18 CC C0 EC 2D
0001F2E0  14 D2 34 3F DC E7 4D 4A 00 00 20 4E 24 18 4D 4A
0001F2F0  EC 2D 34 3F 34 3F EC 2D 4D 4A 24 18 20 4E 00 00
0001F300  4D 4A DC E7 34 3F 14 D2 EC 2D CC C0 24 18 B3 B5
0001F310  00 00 E0 B1 DC E7 B3 B5 14 D2 CC C0 CC C0 14 D2
0001F320  B3 B5 DC E7 E0 B1 00 00 B3 B5 24 18 CC C0 EC 2D
0001F330  14 D2 34 3F DC E7 4D 4A 00 00 20 4E 24 18 4D 4A
0001F340  EC 2D 34 3F 34 3F EC 2D 4D 4A 24 18 20 4E 00 00
0001F350  4D 4A DC E7 34 3F 14 D2 EC 2D CC C0 24 18 B3 B5
0001F360  00 00 E0 B1 DC E7 B3 B5 14 D2 CC C0 CC C0 14 D2
0001F370  B3 B5 DC E7 E0 B1 00 00 B3 B5 24 18 CC C0 EC 2D
0001F380  14 D2 34 3F DC E7 4D 4A 00 00 20 4E 24 18 4D 4A
0001F390  EC 2D 34 3F 34 3F EC 2D 4D 4A 24 18 20 4E 00 00
0001F3A0  4D 4A DC E7 34 3F 14 D2 EC 2D CC C0 24 18 B3 B5
0001F3B0  00 00 E0 B1 DC E7 B3 B5 14 D2 CC C0 CC C0 14 D2
0001F3C0  B3 B5 DC E7 E0 B1 00 00 B3 B5 24 18 CC C0 EC 2D
0001F3D0  14 D2 34 3F DC E7 4D 4A 00 00 20 4E 24 18 4D 4A
0001F3E0  EC 2D 34 3F 34 3F EC 2D 4D 4A 24 18 20 4E 00 00
0001F3F0  4D 4A DC E7 34 3F 14 D2 EC 2D CC C0 24 18 B3 B5
0001F400  00 00 E0 B1 DC E7 B3 B5 14 D2 CC C0 CC C0 14 D2
0001F410  B3 B5 DC E7 E0 B1 00 00 B3 B5 24 18 CC C0 EC 2D
0001F420  14 D2 34 3F DC E7 4D 4A 00 00 20 4E 24 18 4D 4A
0001F430  EC 2D 34 3F 34 3F EC 2D 4D 4A 24 18 20 4E 00 00
0001F440  4D 4A DC E7 34 3F 14 D2 EC 2D CC C0 24 18 B3 B5
0001F450  00 00 E0 B1 DC E7 B3 B5 14 D2 CC C0 CC C0 14 D2
0001F460  B3 B5 DC E7 E0 B1 00 00 B3 B5 24 18 CC C0 EC 2D
0001F470  14 D2 34 3F DC E7 4D 4A 00 00 20 4E 24 18 4D 4A
0001F480  EC 2D 34 3F 34 3F EC 2D 4D 4A 24 18 20 4E 00 00
0001F490  4D 4A DC E7 34 3F 14 D2 EC 2D CC C0 24 18 B3 B5
0001F4A0  00 00 E0 B1 DC E7 B3 B5 14 D2 CC C0 CC C0 14 D2
0001F4B0  B3 B5 DC E7 E0 B1 00 00 B3 B5 24 18 CC C0 EC 2D
0001F4C0  14 D2 34 3F DC E7 4D 4A 00 00 20 4E 24 18 4D 4A
0001F4D0  EC 2D 34 3F 34 3F EC 2D 4D 4A 24 18 20 4E 00 00
0001F4E0  4D 4A DC E7 34 3F 14 D2 EC 2D CC C0 24 18 B3 B5
0001F4F0  00 00 E0 B1 DC E7 B3 B5 14 D2 CC C0 CC C0 14 D2
0001F500  B3 B5 DC E7 E0 B1 00 00 B3 B5 24 18 CC C0 EC 2D
0001F510  14 D2 34 3F DC E7 4D 4A 00 00 20 4E 24 18 4D 4A
0001F520  EC 2D 34 3F 34 3F EC 2D 4D 4A 24 18 20 4E 00 00
0001F530  4D 4A DC E7 34 3F 14 D2 EC 2D CC C0 24 18 B3 B5
0001F540  00 00 E0 B1 DC E7 B3 B5 14 D2 CC C0 CC C0 14 D2
0001F550  B3 B5 DC E7 E0 B1 00 00 B3 B5 24 18 CC C0 EC 2D
0001F560  14 D2 34 3F DC E7 4D 4A 00 00 20 4E 24 18 4D 4A
0001F570  EC 2D 34 3F 34 3F EC 2D 4D 4A 24 18 20 4E 00 00
0001F580  4D 4A DC E7 34 3F 14 D2 EC 2D CC C0 24 18 B3 B5
0001F590  00 00 E0 B1 DC E7 B3 B5 14 D2 CC C0 CC C0 14 D2
0001F5A0  B3 B5 DC E7 E0 B1 00 00 B3 B5 24 18 CC C0 EC 2D
0001F5B0  14 D2 34 3F DC E7 4D 4A 00 00 20 4E 24 18 4D 4A
0001F5C0  EC 2D 34 3F 34 3F EC 2D 4D 4A 24 18 20 4E 00 00
0001F5D0  4D 4A DC E7 34 3F 14 D2 EC 2D CC C0 24 18 B3 B5
0001F5E0  00 00 E0 B1 DC E7 B3 B5 14 D2 CC C0 CC C0 14 D2
0001F5F0  B3 B5 DC E7 E0 B1 00 00 B3 B5 24 18 CC C0 EC 2D
0001F600  14 D2 34 3F DC E7 4D 4A 00 00 20 4E 24 18 4D 4A
0001F610  EC 2D 34 3F 34 3F EC 2D 4D 4A 24 18 20 4E 00 00
0001F620  4D 4A DC E7 34 3F 14 D2 EC 2D CC C0 24 18 B3 B5
0001F630  00 00 E0 B1 DC E7 B3 B5 14 D2 CC C0 CC C0 14 D2
0001F640  B3 B5 DC E7 E0 B1 00 00 B3 B5 24 18 CC C0 EC 2D
0001F650  14 D2 34 3F DC E7 4D 4A 00 00 20 4E 24 18 4D 4A
0001F660  EC 2D 34 3F 34 3F EC 2D 4D 4A 24 18 20 4E 00 00
0001F670  4D 4A DC E7 34 3F 14 D2 EC 2D CC C0 24 18 B3 B5
0001F680  00 00 E0 B1 DC E7 B3 B5 14 D2 CC C0 CC C0 14 D2
0001F690  B3 B5 DC E7 E0 B1 00 00 B3 B5 24 18 CC C0 EC 2D
0001F6A0  14 D2 34 3F DC E7 4D 4A 00 00 20 4E 24 18 4D 4A
0001F6B0  EC 2D 34 3F 34 3F EC 2D 4D 4A 24 18 20 4E 00 00
0001F6C0  4D 4A DC E7 34 3F 14 D2 EC 2D CC C0 24 18 B3 B5
0001F6D0  00 00 E0 B1 DC E7 B3 B5 14 D2 CC C0 CC C0 14 D2
0001F6E0  B3 B5 DC E7 E0 B1 00 00 B3 B5 24 18 CC C0 EC 2D
0001F6F0  14 D2 34 3F DC E7 4D 4A 00 00 20 4E 24 18 4D 4A
0001F700  EC 2D 34 3F 34 3F EC 2D 4D 4A 24 18 20 4E 00 00
0001F710  4D 4A DC E7 34 3F 14 D2 EC 2D CC C0 24 18 B3 B5
0001F720  00 00 E0 B1 DC E7 B3 B5 14 D2 CC C0 CC C0 14 D2
0001F730  B3 B5 DC E7 E0 B1 00 00 B3 B5 24 18 CC C0 EC 2D
0001F740  14 D2 34 3F DC E7 4D 4A 00 00 20 4E 24 18 4D 4A
0001F750  EC 2D 34 3F 34 3F EC 2D 4D 4A 24 18 20 4E 00 00
0001F760  4D 4A DC E7 34 3F 14 D2 EC 2D CC C0 24 18 B3 B5
0001F770  00 00 E0 B1 DC E7 B3 B5 14 D2 CC C0 CC C0 14 D2
0001F780  B3 B5 DC E7 E0 B1 00 00 B3 B5 24 18 CC C0 EC 2D
0001F790  14 D2 34 3F DC E7 4D 4A 00 00 20 4E 24 18 4D 4A
0001F7A0  EC 2D 34 3F 34 3F EC 2D 4D 4A 24 18 20 4E 00 00
0001F7B0  4D 4A DC E7 34 3F 14 D2 EC 2D CC C0 24 18 B3 B5
0001F7C0  00 00 E0 B1 DC E7 B3 B5 14 D2 CC C0 CC C0 14 D2
0001F7D0  B3 B5 DC E7 E0 B1 00 00 B3 B5 24 18 CC C0 EC 2D
0001F7E0  14 D2 34 3F DC E7 4D 4A 00 00 20 4E 24 18 4D 4A
0001F7F0  EC 2D 34 3F 34 3F EC 2D 4D 4A 24 18 20 4E 00 00
0001F800  4D 4A DC E7 34 3F 14 D2 EC 2D CC C0 24 18 B3 B5
0001F810  00 00 E0 B1 DC E7 B3 B5 14 D2 CC C0 CC C0 14 D2
0001F820  B3 B5 DC E7 E0 B1 00 00 B3 B5 24 18 CC C0 EC 2D
0001F830  14 D2 34 3F DC E7 4D 4A 00 00 20 4E 24 18 4D 4A
0001F840  EC 2D 34 3F 34 3F EC 2D 4D 4A 24 18 20 4E 00 00
0001F850  4D 4A DC E7 34 3F 14 D2 EC 2D CC C0 24 18 B3 B5
0001F860  00 00 E0 B1 DC E7 B3 B5 14 D2 CC C0 CC C0 14 D2
0001F870  B3 B5 DC E7 E0 B1 00 00 B3 B5 24 18 CC C0 EC 2D
0001F880  14 D2 34 3F DC E7 4D 4A 00 00 20 4E 24 18 4D 4A
0001F890  EC 2D 34 3F 34 3F EC 2D 4D 4A 24 18 20 4E 00 00
0001F8A0  4D 4A DC E7 34 3F 14 D2 EC 2D CC C0 24 18 B3 B5
0001F8B0  00 00 E0 B1 DC E7 B3 B5 14 D2 CC C0 CC C0 14 D2
0001F8C0  B3 B5 DC E7 E0 B1 00 00 B3 B5 24 18 CC C0 EC 2D
0001F8D0  14 D2 34 3F DC E7 4D 4A 00 00 20 4E 24 18 4D 4A
0001F8E0  EC 2D 34 3F 34 3F EC 2D 4D 4A 24 18 20 4E 00 00
0001F8F0  4D 4A DC E7 34 3F 14 D2 EC 2D CC C0 24 18 B3 B5
0001F900  00 00 E0 B1 DC E7 B3 B5 14 D2 CC C0 CC C0 14 D2
0001F910  B3 B5 DC E7 E0 B1 00 00 B3 B5 24 18 CC C0 EC 2D
0001F920  14 D2 34 3F DC E7 4D 4A 00 00 20 4E 24 18 4D 4A
0001F930  EC 2D 34 3F 34 3F EC 2D 4D 4A 24 18 20 4E 00 00
0001F940  4D 4A DC E7 34 3F 14 D2 EC 2D CC C0 24 18 B3 B5
0001F950  00 00 E0 B1 DC E7 B3 B5 14 D2 CC C0 CC C0 14 D2
0001F960  B3 B5 DC E7 E0 B1 00 00 B3 B5 24 18 CC C0 EC 2D
0001F970  14 D2 34 3F DC E7 4D 4A 00 00 20 4E 24 18 4D 4A
0001F980  EC 2D 34 3F 34 3F EC 2D 4D 4A 24 18 20 4E 00 00
0001F990  4D 4A DC E7 34 3F 14 D2 EC 2D CC C0 24 18 B3 B5
0001F9A0  00 00 E0 B1 DC E7 B3 B5 14 D2 CC C0 CC C0 14 D2
0001F9B0  B3 B5 DC E7 E0 B1 00 00 B3 B5 24 18 CC C0 EC 2D
0001F9C0  14 D2 34 3F DC E7 4D 4A 00 00 20 4E 24 18 4D 4A
0001F9D0  EC 2D 34 3F 34 3F EC 2D 4D 4A 24 18 20 4E 00 00
0001F9E0  4D 4A DC E7 34 3F 14 D2 EC 2D CC C0 24 18 B3 B5
0001F9F0  00 00 E0 B1 DC E7 B3 B5 14 D2 CC C0 CC C0 14 D2
0001FA00  B3 B5 DC E7 E0 B1 00 00 B3 B5 24 18 CC C0 EC 2D
0001FA10  14 D2 34 3F DC E7 4D 4A 00 00 20 4E 24 18 4D 4A
0001FA20  EC 2D 34 3F 34 3F EC 2D 4D 4A 24 18 20 4E 00 00
0001FA30  4D 4A DC E7 34 3F 14 D2 EC 2D CC C0 24 18 B3 B5
0001FA40  00 00 E0 B1 DC E7 B3 B5 14 D2 CC C0 CC C0 14 D2
0001FA50  B3 B5 DC E7 E0 B1 00 00 B3 B5 24 18 CC C0 EC 2D
0001FA60  14 D2 34 3F DC E7 4D 4A 00 00 20 4E 24 18 4D 4A
0001FA70  EC 2D 34 3F 34 3F EC 2D 4D 4A 24 18 20 4E 00 00
0001FA80  4D 4A DC E7 34 3F 14 D2 EC 2D CC C0 24 18 B3 B5
0001FA90  00 00 E0 B1 DC E7 B3 B5 14 D2 CC C0 CC C0 14 D2
0001FAA0  B3 B5 DC E7 E0 B1 00 00 B3 B5 24 18 CC C0 EC 2D
0001FAB0  14 D2 34 3F DC E7 4D 4A 00 00 20 4E 24 18 4D 4A
0001FAC0  EC 2D 34 3F 34 3F EC 2D 4D 4A 24 18 20 4E 00 00
0001FAD0  4D 4A DC E7 34 3F 14 D2 EC 2D CC C0 24 18 B3 B5
0001FAE0  00 00 E0 B1 DC E7 B3 B5 14 D2 CC C0 CC C0 14 D2
0001FAF0  B3 B5 DC E7 E0 B1 00 00 B3 B5 24 18 CC C0 EC 2D
0001FB00  14 D2 34 3F DC E7 4D 4A 00 00 20 4E 24 18 4D 4A
0001FB10  EC 2D 34 3F 34 3F EC 2D 4D 4A 24 18 20 4E 00 00
0001FB20  4D 4A DC E7 34 3F 14 D2 EC 2D CC C0 24 18 B3 B5
0001FB30  00 00 E0 B1 DC E7 B3 B5 14 D2 CC C0 CC C0 14 D2
0001FB40  B3 B5 DC E7 E0 B1 00 00 B3 B5 24 18 CC C0 EC 2D
0001FB50  14 D2 34 3F DC E7 4D 4A 00 00 20 4E 24 18 4D 4A
0001FB60  EC 2D 34 3F 34 3F EC 2D 4D 4A 24 18 20 4E 00 00
0001FB70  4D 4A DC E7 34 3F 14 D2 EC 2D CC C0 24 18 B3 B5
0001FB80  00 00 E0 B1 DC E7 B3 B5 14 D2 CC C0 CC C0 14 D2
0001FB90  B3 B5 DC E7 E0 B1 00 00 B3 B5 24 18 CC C0 EC 2D
0001FBA0  14 D2 34 3F DC E7 4D 4A 00 00 20 4E 24 18 4D 4A
0001FBB0  EC 2D 34 3F 34 3F EC 2D 4D 4A 24 18 20 4E 00 00
0001FBC0  4D 4A DC E7 34 3F 14 D2 EC 2D CC C0 24 18 B3 B5
0001FBD0  00 00 E0 B1 DC E7 B3 B5 14 D2 CC C0 CC C0 14 D2
0001FBE0  B3 B5 DC E7 E0 B1 00 00 B3 B5 24 18 CC C0 EC 2D
0001FBF0  14 D2 34 3F DC E7 4D 4A 00 00 20 4E 24 18 4D 4A
0001FC00  EC 2D 34 3F 34 3F EC 2D 4D 4A 24 18 20 4E 00 00
0001FC10  4D 4A DC E7 34 3F 14 D2 EC 2D CC C0 24 18 B3 B5
0001FC20  00 00 E0 B1 DC E7 B3 B5 14 D2 CC C0 CC C0 14 D2
0001FC30  B3 B5 DC E7 E0 B1 00 00 B3 B5 24 18 CC C0 EC 2D
0001FC40  14 D2 34 3F DC E7 4D 4A 00 00 20 4E 24 18 4D 4A
0001FC50  EC 2D 34 3F 34 3F EC 2D 4D 4A 24 18 20 4E 00 00
0001FC60  4D 4A DC E7 34 3F 14 D2 EC 2D CC C0 24 18 B3 B5
0001FC70  00 00 E0 B1 DC E7 B3 B5 14 D2 CC C0 CC C0 14 D2
0001FC80  B3 B5 DC E7 E0 B1 00 00 B3 B5 24 18 CC C0 EC 2D
0001FC90  14 D2 34 3F DC E7 4D 4A 00 00 20 4E 24 18 4D 4A
0001FCA0  EC 2D 34 3F 34 3F EC 2D 4D 4A 24 18 20 4E 00 00
0001FCB0  4D 4A DC E7 34 3F 14 D2 EC 2D CC C0 24 18 B3 B5
0001FCC0  00 00 E0 B1 DC E7 B3 B5 14 D2 CC C0 CC C0 14 D2
0001FCD0  B3 B5 DC E7 E0 B1 00 00 B3 B5 24 18 CC C0 EC 2D
0001FCE0  14 D2 34 3F DC E7 4D 4A 00 00 20 4E 24 18 4D 4A
0001FCF0  EC 2D 34 3F 34 3F EC 2D 4D 4A 24 18 20 4E 00 00
0001FD00  4D 4A DC E7 34 3F 14 D2 EC 2D CC C0 24 18 B3 B5
0001FD10  00 00 E0 B1 DC E7 B3 B5 14 D2 CC C0 CC C0 14 D2
0001FD20  B3 B5 DC E7 E0 B1 00 00 B3 B5 24 18 CC C0 EC 2D
0001FD30  14 D2 34 3F DC E7 4D 4A 00 00 20 4E 24 18 4D 4A
0001FD40  EC 2D 34 3F 34 3F EC 2D 4D 4A 24 18 20 4E 00 00
0001FD50  4D 4A DC E7 34 3F 14 D2 EC 2D CC C0 24 18 B3 B5
0001FD60  00 00 E0 B1 DC E7 B3 B5 14 D2 CC C0 CC C0 14 D2
0001FD70  B3 B5 DC E7 E0 B1 00 00 B3 B5 24 18 CC C0 EC 2D
0001FD80  14 D2 34 3F DC E7 4D 4A 00 00 20 4E 24 18 4D 4A
0001FD90  EC 2D 34 3F 34 3F EC 2D 4D 4A 24 18 20 4E 00 00
0001FDA0  4D 4A DC E7 34 3F 14 D2 EC 2D CC C0 24 18 B3 B5
0001FDB0  00 00 E0 B1 DC E7 B3 B5 14 D2 CC C0 CC C0 14 D2
0001FDC0  B3 B5 DC E7 E0 B1 00 00 B3 B5 24 18 CC C0 EC 2D
0001FDD0  14 D2 34 3F DC E7 4D 4A 00 00 20 4E 24 18 4D 4A
0001FDE0  EC 2D 34 3F 34 3F EC 2D 4D 4A 24 18 20 4E 00 00
0001FDF0  4D 4A DC E7 34 3F 14 D2 EC 2D CC C0 24 18 B3 B5
0001FE00  00 00 E0 B1 DC E7 B3 B5 14 D2 CC C0 CC C0 14 D2
0001FE10  B3 B5 DC E7 E0 B1 00 00 B3 B5 24 18 CC C0 EC 2D
0001FE20  14 D2 34 3F DC E7 4D 4A 00 00 20 4E 24 18 4D 4A
0001FE30  EC 2D 34 3F 34 3F EC 2D 4D 4A 24 18 20 4E 00 00
0001FE40  4D 4A DC E7 34 3F 14 D2 EC 2D CC C0 24 18 B3 B5
0001FE50  00 00 E0 B1 DC E7 B3 B5 14 D2 CC C0 CC C0 14 D2
0001FE60  B3 B5 DC E7 E0 B1 00 00 B3 B5 24 18 CC C0 EC 2D
0001FE70  14 D2 34 3F DC E7 4D 4A 00 00 20 4E 24 18 4D 4A
0001FE80  EC 2D 34 3F 34 3F EC 2D 4D 4A 24 18 20 4E 00 00
0001FE90  4D 4A DC E7 34 3F 14 D2 EC 2D CC C0 24 18 B3 B5
0001FEA0  00 00 E0 B1 DC E7 B3 B5 14 D2 CC C0 CC C0 14 D2
0001FEB0  B3 B5 DC E7 E0 B1 00 00 B3 B5 24 18 CC C0 EC 2D
0001FEC0  14 D2 34 3F DC E7 4D 4A 00 00 20 4E 24 18 4D 4A
0001FED0  EC 2D 34 3F 34 3F EC 2D 4D 4A 24 18 20 4E 00 00
0001FEE0  4D 4A DC E7 34 3F 14 D2 EC 2D CC C0 24 18 B3 B5
0001FEF0  00 00 E0 B1 DC E7 B3 B5 14 D2 CC C0 CC C0 14 D2
0001FF00  B3 B5 DC E7 E0 B1 00 00 B3 B5 24 18 CC C0 EC 2D
0001FF10  14 D2 34 3F DC E7 4D 4A 00 00 20 4E 24 18 4D 4A
0001FF20  EC 2D 34 3F 34 3F EC 2D 4D 4A 24 18 20 4E 00 00
0001FF30  4D 4A DC E7 34 3F 14 D2 EC 2D CC C0 24 18 B3 B5
0001FF40  00 00 E0 B1 DC E7 B3 B5 14 D2 CC C0 CC C0 14 D2
0001FF50  B3 B5 DC E7 E0 B1 00 00 B3 B5 24 18 CC C0 EC 2D
0001FF60  14 D2 34 3F DC E7 4D 4A 00 00 20 4E 24 18 4D 4A
0001FF70  EC 2D 34 3F 34 3F EC 2D 4D 4A 24 18 20 4E 00 00
0001FF80  4D 4A DC E7 34 3F 14 D2 EC 2D CC C0 24 18 B3 B5
0001FF90  00 00 E0 B1 DC E7 B3 B5 14 D2 CC C0 CC C0 14 D2
0001FFA0  B3 B5 DC E7 E0 B1 00 00 B3 B5 24 18 CC C0 EC 2D
0001FFB0  14 D2 34 3F DC E7 4D 4A 00 00 20 4E 24 18 4D 4A
0001FFC0  EC 2D 34 3F 34 3F EC 2D 4D 4A 24 18 20 4E 00 00
0001FFD0  4D 4A DC E7 34 3F 14 D2 EC 2D CC C0 24 18 B3 B5
0001FFE0  00 00 E0 B1 DC E7 B3 B5 14 D2 CC C0 CC C0 14 D2
0001FFF0  B3 B5 DC E7 E0 B1 00 00 B3 B5 24 18 CC C0 EC 2D
00020000  14 D2 34 3F DC E7 4D 4A 00 00 20 4E 24 18 4D 4A
00020010  EC 2D 34 3F 34 3F EC 2D 4D 4A 24 18 20 4E 00 00
00020020  4D 4A DC E7 34 3F 14 D2 EC 2D CC C0 24 18 B3 B5
00020030  00 00 E0 B1 DC E7 B3 B5 14 D2 CC C0 CC C0 14 D2
00020040  B3 B5 DC E7 E0 B1 00 00 B3 B5 24 18 CC C0 EC 2D
00020050  14 D2 34 3F DC E7 4D 4A 00 00 20 4E 24 18 4D 4A
00020060  EC 2D 34 3F 34 3F EC 2D 4D 4A 24 18 20 4E 00 00
00020070  4D 4A DC E7 34 3F 14 D2 EC 2D CC C0 24 18 B3 B5
00020080  00 00 E0 B1 DC E7 B3 B5 14 D2 CC C0 CC C0 14 D2
00020090  B3 B5 DC E7 E0 B1 00 00 B3 B5 24 18 CC C0 EC 2D
000200A0  14 D2 34 3F DC E7 4D 4A 00 00 20 4E 24 18 4D 4A
000200B0  EC 2D 34 3F 34 3F EC 2D 4D 4A 24 18 20 4E 00 00
000200C0  4D 4A DC E7 34 3F 14 D2 EC 2D CC C0 24 18 B3 B5
000200D0  00 00 E0 B1 DC E7 B3 B5 14 D2 CC C0 CC C0 14 D2
000200E0  B3 B5 DC E7 E0 B1 00 00 B3 B5 24 18 CC C0 EC 2D
000200F0  14 D2 34 3F DC E7 4D 4A 00 00 20 4E 24 18 4D 4A
00020100  EC 2D 34 3F 34 3F EC 2D 4D 4A 24 18 20 4E 00 00
00020110  4D 4A DC E7 34 3F 14 D2 EC 2D CC C0 24 18 B3 B5
00020120  00 00 E0 B1 DC E7 B3 B5 14 D2 CC C0 CC C0 14 D2
00020130  B3 B5 DC E7 E0 B1 00 00 B3 B5 24 18 CC C0 EC 2D
00020140  14 D2 34 3F DC E7 4D 4A 00 00 20 4E 24 18 4D 4A
00020150  EC 2D 34 3F 34 3F EC 2D 4D 4A 24 18 20 4E 00 00
00020160  4D 4A DC E7 34 3F 14 D2 EC 2D CC C0 24 18 B3 B5
00020170  00 00 E0 B1 DC E7 B3 B5 14 D2 CC C0 CC C0 14 D2
00020180  B3 B5 DC E7 E0 B1 00 00 B3 B5 24 18 CC C0 EC 2D
00020190  14 D2 34 3F DC E7 4D 4A 00 00 20 4E 24 18 4D 4A
000201A0  EC 2D 34 3F 34 3F EC 2D 4D 4A 24 18 20 4E 00 00
000201B0  4D 4A DC E7 34 3F 14 D2 EC 2D CC C0 24 18 B3 B5
000201C0  00 00 E0 B1 DC E7 B3 B5 14 D2 CC C0 CC C0 14 D2
000201D0  B3 B5 DC E7 E0 B1 00 00 B3 B5 24 18 CC C0 EC 2D
000201E0  14 D2 34 3F DC E7 4D 4A 00 00 20 4E 24 18 4D 4A
000201F0  EC 2D 34 3F 34 3F EC 2D 4D 4A 24 18 20 4E 00 00
00020200  4D 4A DC E7 34 3F 14 D2 EC 2D CC C0 24 18 B3 B5
00020210  00 00 E0 B1 DC E7 B3 B5 14 D2 CC C0 CC C0 14 D2
00020220  B3 B5 DC E7 E0 B1 00 00 B3 B5 24 18 CC C0 EC 2D
00020230  14 D2 34 3F DC E7 4D 4A 00 00 20 4E 24 18 4D 4A
00020240  EC 2D 34 3F 34 3F EC 2D 4D 4A 24 18 20 4E 00 00
00020250  4D 4A DC E7 34 3F 14 D2 EC 2D CC C0 24 18 B3 B5
00020260  00 00 E0 B1 DC E7 B3 B5 14 D2 CC C0 CC C0 14 D2
00020270  B3 B5 DC E7 E0 B1 00 00 B3 B5 24 18 CC C0 EC 2D
00020280  14 D2 34 3F DC E7 4D 4A 00 00 20 4E 24 18 4D 4A
00020290  EC 2D 34 3F 34 3F EC 2D 4D 4A 24 18 20 4E 00 00
000202A0  4D 4A DC E7 34 3F 14 D2 EC 2D CC C0 24 18 B3 B5
000202B0  00 00 E0 B1 DC E7 B3 B5 14 D2 CC C0 CC C0 14 D2
000202C0  B3 B5 DC E7 E0 B1 00 00 B3 B5 24 18 CC C0 EC 2D
000202D0  14 D2 34 3F DC E7 4D 4A 00 00 20 4E 24 18 4D 4A
000202E0  EC 2D 34 3F 34 3F EC 2D 4D 4A 24 18 20 4E 00 00
000202F0  4D 4A DC E7 34 3F 14 D2 EC 2D CC C0 24 18 B3 B5
00020300  00 00 E0 B1 DC E7 B3 B5 14 D2 CC C0 CC C0 14 D2
00020310  B3 B5 DC E7 E0 B1 00 00 B3 B5 24 18 CC C0 EC 2D
00020320  14 D2 34 3F DC E7 4D 4A 00 00 20 4E 24 18 4D 4A
00020330  EC 2D 34 3F 34 3F EC 2D 4D 4A 24 18 20 4E 00 00
00020340  4D 4A DC E7 34 3F 14 D2 EC 2D CC C0 24 18 B3 B5
00020350  00 00 E0 B1 DC E7 B3 B5 14 D2 CC C0 CC C0 14 D2
00020360  B3 B5 DC E7 E0 B1 00 00 B3 B5 24 18 CC C0 EC 2D
00020370  14 D2 34 3F DC E7 4D 4A 00 00 20 4E 24 18 4D 4A
00020380  EC 2D 34 3F 34 3F EC 2D 4D 4A 24 18 20 4E 00 00
00020390  4D 4A DC E7 34 3F 14 D2 EC 2D CC C0 24 18 B3 B5
000203A0  00 00 E0 B1 DC E7 B3 B5 14 D2 CC C0 CC C0 14 D2
000203B0  B3 B5 DC E7 E0 B1 00 00 B3 B5 24 18 CC C0 EC 2D
000203C0  14 D2 34 3F DC E7 4D 4A 00 00 20 4E 24 18 4D 4A
000203D0  EC 2D 34 3F 34 3F EC 2D 4D 4A 24 18 20 4E 00 00
000203E0  4D 4A DC E7 34 3F 14 D2 EC 2D CC C0 24 18 B3 B5
000203F0  00 00 E0 B1 DC E7 B3 B5 14 D2 CC C0 CC C0 14 D2
00020400  B3 B5 DC E7 E0 B1 00 00 B3 B5 24 18 CC C0 EC 2D
00020410  14 D2 34 3F DC E7 4D 4A 00 00 20 4E 24 18 4D 4A
00020420  EC 2D 34 3F 34 3F EC 2D 4D 4A 24 18 20 4E 00 00
00020430  4D 4A DC E7 34 3F 14 D2 EC 2D CC C0 24 18 B3 B5
00020440  00 00 E0 B1 DC E7 B3 B5 14 D2 CC C0 CC C0 14 D2
00020450  B3 B5 DC E7 E0 B1 00 00 B3 B5 24 18 CC C0 EC 2D
00020460  14 D2 34 3F DC E7 4D 4A 00 00 20 4E 24 18 4D 4A
00020470  EC 2D 34 3F 34 3F EC 2D 4D 4A 24 18 20 4E 00 00
00020480  4D 4A DC E7 34 3F 14 D2 EC 2D CC C0 24 18 B3 B5
00020490  00 00 E0 B1 DC E7 B3 B5 14 D2 CC C0 CC C0 14 D2
000204A0  B3 B5 DC E7 E0 B1 00 00 B3 B5 24 18 CC C0 EC 2D
000204B0  14 D2 34 3F DC E7 4D 4A 00 00 20 4E 24 18 4D 4A
000204C0  EC 2D 34 3F 34 3F EC 2D 4D 4A 24 18 20 4E 00 00
000204D0  4D 4A DC E7 34 3F 14 D2 EC 2D CC C0 24 18 B3 B5
000204E0  00 00 E0 B1 DC E7 B3 B5 14 D2 CC C0 CC C0 14 D2
000204F0  B3 B5 DC E7 E0 B1 00 00 B3 B5 24 18 CC C0 EC 2D
00020500  14 D2 34 3F DC E7 4D 4A 00 00 20 4E 24 18 4D 4A
00020510  EC 2D 34 3F 34 3F EC 2D 4D 4A 24 18 20 4E 00 00
00020520  4D 4A DC E7 34 3F 14 D2 EC 2D CC C0 24 18 B3 B5
00020530  00 00 E0 B1 DC E7 B3 B5 14 D2 CC C0 CC C0 14 D2
00020540  B3 B5 DC E7 E0 B1 00 00 B3 B5 24 18 CC C0 EC 2D
00020550  14 D2 34 3F DC E7 4D 4A 00 00 20 4E 24 18 4D 4A
00020560  EC 2D 34 3F 34 3F EC 2D 4D 4A 24 18 20 4E 00 00
00020570  4D 4A DC E7 34 3F 14 D2 EC 2D CC C0 24 18 B3 B5
00020580  00 00 E0 B1 DC E7 B3 B5 14 D2 CC C0 CC C0 14 D2
00020590  B3 B5 DC E7 E0 B1 00 00 B3 B5 24 18 CC C0 EC 2D
000205A0  14 D2 34 3F DC E7 4D 4A 00 00 20 4E 24 18 4D 4A
000205B0  EC 2D 34 3F 34 3F EC 2D 4D 4A 24 18 20 4E 00 00
000205C0  4D 4A DC E7 34 3F 14 D2 EC 2D CC C0 24 18 B3 B5
000205D0  00 00 E0 B1 DC E7 B3 B5 14 D2 CC C0 CC C0 14 D2
000205E0  B3 B5 DC E7 E0 B1 00 00 B3 B5 24 18 CC C0 EC 2D
000205F0  14 D2 34 3F DC E7 4D 4A 00 00 20 4E 24 18 4D 4A
00020600  EC 2D 34 3F 34 3F EC 2D 4D 4A 24 18 20 4E 00 00
00020610  4D 4A DC E7 34 3F 14 D2 EC 2D CC C0 24 18 B3 B5
00020620  00 00 E0 B1 DC E7 B3 B5 14 D2 CC C0 CC C0 14 D2
00020630  B3 B5 DC E7 E0 B1 00 00 B3 B5 24 18 CC C0 EC 2D
00020640  14 D2 34 3F DC E7 4D 4A 00 00 20 4E 24 18 4D 4A
00020650  EC 2D 34 3F 34 3F EC 2D 4D 4A 24 18 20 4E 00 00
00020660  4D 4A DC E7 34 3F 14 D2 EC 2D CC C0 24 18 B3 B5
00020670  00 00 E0 B1 DC E7 B3 B5 14 D2 CC C0 CC C0 14 D2
00020680  B3 B5 DC E7 E0 B1 00 00 B3 B5 24 18 CC C0 EC 2D
00020690  14 D2 34 3F DC E7 4D 4A 00 00 20 4E 24 18 4D 4A
000206A0  EC 2D 34 3F 34 3F EC 2D 4D 4A 24 18 20 4E 00 00
000206B0  4D 4A DC E7 34 3F 14 D2 EC 2D CC C0 24 18 B3 B5
000206C0  00 00 E0 B1 DC E7 B3 B5 14 D2 CC C0 CC C0 14 D2
000206D0  B3 B5 DC E7 E0 B1 00 00 B3 B5 24 18 CC C0 EC 2D
000206E0  14 D2 34 3F DC E7 4D 4A 00 00 20 4E 24 18 4D 4A
000206F0  EC 2D 34 3F 34 3F EC 2D 4D 4A 24 18 20 4E 00 00
00020700  4D 4A DC E7 34 3F 14 D2 EC 2D CC C0 24 18 B3 B5
00020710  00 00 E0 B1 DC E7 B3 B5 14 D2 CC C0 CC C0 14 D2
00020720  B3 B5 DC E7 E0 B1 00 00 B3 B5 24 18 CC C0 EC 2D
00020730  14 D2 34 3F DC E7 4D 4A 00 00 20 4E 24 18 4D 4A
00020740  EC 2D 34 3F 34 3F EC 2D 4D 4A 24 18 20 4E 00 00
00020750  4D 4A DC E7 34 3F 14 D2 EC 2D CC C0 24 18 B3 B5
00020760  00 00 E0 B1 DC E7 B3 B5 14 D2 CC C0 CC C0 14 D2
00020770  B3 B5 DC E7 E0 B1 00 00 B3 B5 24 18 CC C0 EC 2D
00020780  14 D2 34 3F DC E7 4D 4A 00 00 20 4E 24 18 4D 4A
00020790  EC 2D 34 3F 34 3F EC 2D 4D 4A 24 18 20 4E 00 00
000207A0  4D 4A DC E7 34 3F 14 D2 EC 2D CC C0 24 18 B3 B5
000207B0  00 00 E0 B1 DC E7 B3 B5 14 D2 CC C0 CC C0 14 D2
000207C0  B3 B5 DC E7 E0 B1 00 00 B3 B5 24 18 CC C0 EC 2D
000207D0  14 D2 34 3F DC E7 4D 4A 00 00 20 4E 24 18 4D 4A
000207E0  EC 2D 34 3F 34 3F EC 2D 4D 4A 24 18 20 4E 00 00
000207F0  4D 4A DC E7 34 3F 14 D2 EC 2D CC C0 24 18 B3 B5
00020800  00 00 E0 B1 DC E7 B3 B5 14 D2 CC C0 CC C0 14 D2
00020810  B3 B5 DC E7 E0 B1 00 00 B3 B5 24 18 CC C0 EC 2D
00020820  14 D2 34 3F DC E7 4D 4A 00 00 20 4E 24 18 4D 4A
00020830  EC 2D 34 3F 34 3F EC 2D 4D 4A 24 18 20 4E 00 00
00020840  4D 4A DC E7 34 3F 14 D2 EC 2D CC C0 24 18 B3 B5
00020850  00 00 E0 B1 DC E7 B3 B5 14 D2 CC C0 CC C0 14 D2
00020860  B3 B5 DC E7 E0 B1 00 00 B3 B5 24 18 CC C0 EC 2D
00020870  14 D2 34 3F DC E7 4D 4A 00 00 20 4E 24 18 4D 4A
00020880  EC 2D 34 3F 34 3F EC 2D 4D 4A 24 18 20 4E 00 00
00020890  4D 4A DC E7 34 3F 14 D2 EC 2D CC C0 24 18 B3 B5
000208A0  00 00 E0 B1 DC E7 B3 B5 14 D2 CC C0 CC C0 14 D2
000208B0  B3 B5 DC E7 E0 B1 00 00 B3 B5 24 18 CC C0 EC 2D
000208C0  14 D2 34 3F DC E7 4D 4A 00 00 20 4E 24 18 4D 4A
000208D0  EC 2D 34 3F 34 3F EC 2D 4D 4A 24 18 20 4E 00 00
000208E0  4D 4A DC E7 34 3F 14 D2 EC 2D CC C0 24 18 B3 B5
000208F0  00 00 E0 B1 DC E7 B3 B5 14 D2 CC C0 CC C0 14 D2
00020900  B3 B5 DC E7 E0 B1 00 00 B3 B5 24 18 CC C0 EC 2D
00020910  14 D2 34 3F DC E7 4D 4A 00 00 20 4E 24 18 4D 4A
00020920  EC 2D 34 3F 34 3F EC 2D 4D 4A 24 18 20 4E 00 00
00020930  4D 4A DC E7 34 3F 14 D2 EC 2D CC C0 24 18 B3 B5
00020940  00 00 E0 B1 DC E7 B3 B5 14 D2 CC C0 CC C0 14 D2
00020950  B3 B5 DC E7 E0 B1 00 00 B3 B5 24 18 CC C0 EC 2D
00020960  14 D2 34 3F DC E7 4D 4A 00 00 20 4E 24 18 4D 4A
00020970  EC 2D 34 3F 34 3F EC 2D 4D 4A 24 18 20 4E 00 00
00020980  4D 4A DC E7 34 3F 14 D2 EC 2D CC C0 24 18 B3 B5
00020990  00 00 E0 B1 DC E7 B3 B5 14 D2 CC C0 CC C0 14 D2
000209A0  B3 B5 DC E7 E0 B1 00 00 B3 B5 24 18 CC C0 EC 2D
000209B0  14 D2 34 3F DC E7 4D 4A 00 00 20 4E 24 18 4D 4A
000209C0  EC 2D 34 3F 34 3F EC 2D 4D 4A 24 18 20 4E 00 00
000209D0  4D 4A DC E7 34 3F 14 D2 EC 2D CC C0 24 18 B3 B5
000209E0  00 00 E0 B1 DC E7 B3 B5 14 D2 CC C0 CC C0 14 D2
000209F0  B3 B5 DC E7 E0 B1 00 00 B3 B5 24 18 CC C0 EC 2D
00020A00  14 D2 34 3F DC E7 4D 4A 00 00 20 4E 24 18 4D 4A
00020A10  EC 2D 34 3F 34 3F EC 2D 4D 4A 24 18 20 4E 00 00
00020A20  4D 4A DC E7 34 3F 14 D2 EC 2D CC C0 24 18 B3 B5
00020A30  00 00 E0 B1 DC E7 B3 B5 14 D2 CC C0 CC C0 14 D2
00020A40  B3 B5 DC E7 E0 B1 00 00 B3 B5 24 18 CC C0 EC 2D
00020A50  14 D2 34 3F DC E7 4D 4A 00 00 20 4E 24 18 4D 4A
00020A60  EC 2D 34 3F 34 3F EC 2D 4D 4A 24 18 20 4E 00 00
00020A70  4D 4A DC E7 34 3F 14 D2 EC 2D CC C0 24 18 B3 B5
00020A80  00 00 E0 B1 DC E7 B3 B5 14 D2 CC C0 CC C0 14 D2
00020A90  B3 B5 DC E7 E0 B1 00 00 B3 B5 24 18 CC C0 EC 2D
00020AA0  14 D2 34 3F DC E7 4D 4A 00 00 20 4E 24 18 4D 4A
00020AB0  EC 2D 34 3F 34 3F EC 2D 4D 4A 24 18 20 4E 00 00
00020AC0  4D 4A DC E7 34 3F 14 D2 EC 2D CC C0 24 18 B3 B5
00020AD0  00 00 E0 B1 DC E7 B3 B5 14 D2 CC C0 CC C0 14 D2
00020AE0  B3 B5 DC E7 E0 B1 00 00 B3 B5 24 18 CC C0 EC 2D
00020AF0  14 D2 34 3F DC E7 4D 4A 00 00 20 4E 24 18 4D 4A
00020B00  EC 2D 34 3F 34 3F EC 2D 4D 4A 24 18 20 4E 00 00
00020B10  4D 4A DC E7 34 3F 14 D2 EC 2D CC C0 24 18 B3 B5
00020B20  00 00 E0 B1 DC E7 B3 B5 14 D2 CC C0 CC C0 14 D2
00020B30  B3 B5 DC E7 E0 B1 00 00 B3 B5 24 18 CC C0 EC 2D
00020B40  14 D2 34 3F DC E7 4D 4A 00 00 20 4E 24 18 4D 4A
00020B50  EC 2D 34 3F 34 3F EC 2D 4D 4A 24 18 20 4E 00 00
00020B60  4D 4A DC E7 34 3F 14 D2 EC 2D CC C0 24 18 B3 B5
00020B70  00 00 E0 B1 DC E7 B3 B5 14 D2 CC C0 CC C0 14 D2
00020B80  B3 B5 DC E7 E0 B1 00 00 B3 B5 24 18 CC C0 EC 2D
00020B90  14 D2 34 3F DC E7 4D 4A 00 00 20 4E 24 18 4D 4A
00020BA0  EC 2D 34 3F 34 3F EC 2D 4D 4A 24 18 20 4E 00 00
00020BB0  4D 4A DC E7 34 3F 14 D2 EC 2D CC C0 24 18 B3 B5
00020BC0  00 00 E0 B1 DC E7 B3 B5 14 D2 CC C0 CC C0 14 D2
00020BD0  B3 B5 DC E7 E0 B1 00 00 B3 B5 24 18 CC C0 EC 2D
00020BE0  14 D2 34 3F DC E7 4D 4A 00 00 20 4E 24 18 4D 4A
00020BF0  EC 2D 34 3F 34 3F EC 2D 4D 4A 24 18 20 4E 00 00
00020C00  4D 4A DC E7 34 3F 14 D2 EC 2D CC C0 24 18 B3 B5
00020C10  00 00 E0 B1 DC E7 B3 B5 14 D2 CC C0 CC C0 14 D2
00020C20  B3 B5 DC E7 E0 B1 00 00 B3 B5 24 18 CC C0 EC 2D
00020C30  14 D2 34 3F DC E7 4D 4A 00 00 20 4E 24 18 4D 4A
00020C40  EC 2D 34 3F 34 3F EC 2D 4D 4A 24 18 20 4E 00 00
00020C50  4D 4A DC E7 34 3F 14 D2 EC 2D CC C0 24 18 B3 B5
00020C60  00 00 E0 B1 DC E7 B3 B5 14 D2 CC C0 CC C0 14 D2
00020C70  B3 B5 DC E7 E0 B1 00 00 B3 B5 24 18 CC C0 EC 2D
00020C80  14 D2 34 3F DC E7 4D 4A 00 00 20 4E 24 18 4D 4A
00020C90  EC 2D 34 3F 34 3F EC 2D 4D 4A 24 18 20 4E 00 00
00020CA0  4D 4A DC E7 34 3F 14 D2 EC 2D CC C0 24 18 B3 B5
00020CB0  00 00 E0 B1 DC E7 B3 B5 14 D2 CC C0 CC C0 14 D2
00020CC0  B3 B5 DC E7 E0 B1 00 00 B3 B5 24 18 CC C0 EC 2D
00020CD0  14 D2 34 3F DC E7 4D 4A 00 00 20 4E 24 18 4D 4A
00020CE0  EC 2D 34 3F 34 3F EC 2D 4D 4A 24 18 20 4E 00 00
00020CF0  4D 4A DC E7 34 3F 14 D2 EC 2D CC C0 24 18 B3 B5
00020D00  00 00 E0 B1 DC E7 B3 B5 14 D2 CC C0 CC C0 14 D2
00020D10  B3 B5 DC E7 E0 B1 00 00 B3 B5 24 18 CC C0 EC 2D
00020D20  14 D2 34 3F DC E7 4D 4A 00 00 20 4E 24 18 4D 4A
00020D30  EC 2D 34 3F 34 3F EC 2D 4D 4A 24 18 20 4E 00 00
00020D40  4D 4A DC E7 34 3F 14 D2 EC 2D CC C0 24 18 B3 B5
00020D50  00 00 E0 B1 DC E7 B3 B5 14 D2 CC C0 CC C0 14 D2
00020D60  B3 B5 DC E7 E0 B1 00 00 B3 B5 24 18 CC C0 EC 2D
00020D70  14 D2 34 3F DC E7 4D 4A 00 00 20 4E 24 18 4D 4A
00020D80  EC 2D 34 3F 34 3F EC 2D 4D 4A 24 18 20 4E 00 00
00020D90  4D 4A DC E7 34 3F 14 D2 EC 2D CC C0 24 18 B3 B5
00020DA0  00 00 E0 B1 DC E7 B3 B5 14 D2 CC C0 CC C0 14 D2
00020DB0  B3 B5 DC E7 E0 B1 00 00 B3 B5 24 18 CC C0 EC 2D
00020DC0  14 D2 34 3F DC E7 4D 4A 00 00 20 4E 24 18 4D 4A
00020DD0  EC 2D 34 3F 34 3F EC 2D 4D 4A 24 18 20 4E 00 00
00020DE0  4D 4A DC E7 34 3F 14 D2 EC 2D CC C0 24 18 B3 B5
00020DF0  00 00 E0 B1 DC E7 B3 B5 14 D2 CC C0 CC C0 14 D2
00020E00  B3 B5 DC E7 E0 B1 00 00 B3 B5 24 18 CC C0 EC 2D
00020E10  14 D2 34 3F DC E7 4D 4A 00 00 20 4E 24 18 4D 4A
00020E20  EC 2D 34 3F 34 3F EC 2D 4D 4A 24 18 20 4E 00 00
00020E30  4D 4A DC E7 34 3F 14 D2 EC 2D CC C0 24 18 B3 B5
00020E40  00 00 E0 B1 DC E7 B3 B5 14 D2 CC C0 CC C0 14 D2
00020E50  B3 B5 DC E7 E0 B1 00 00 B3 B5 24 18 CC C0 EC 2D
00020E60  14 D2 34 3F DC E7 4D 4A 00 00 20 4E 24 18 4D 4A
00020E70  EC 2D 34 3F 34 3F EC 2D 4D 4A 24 18 20 4E 00 00
00020E80  4D 4A DC E7 34 3F 14 D2 EC 2D CC C0 24 18 B3 B5
00020E90  00 00 E0 B1 DC E7 B3 B5 14 D2 CC C0 CC C0 14 D2
00020EA0  B3 B5 DC E7 E0 B1 00 00 B3 B5 24 18 CC C0 EC 2D
00020EB0  14 D2 34 3F DC E7 4D 4A 00 00 20 4E 24 18 4D 4A
00020EC0  EC 2D 34 3F 34 3F EC 2D 4D 4A 24 18 20 4E 00 00
00020ED0  4D 4A DC E7 34 3F 14 D2 EC 2D CC C0 24 18 B3 B5
00020EE0  00 00 E0 B1 DC E7 B3 B5 14 D2 CC C0 CC C0 14 D2
00020EF0  B3 B5 DC E7 E0 B1 00 00 B3 B5 24 18 CC C0 EC 2D
00020F00  14 D2 34 3F DC E7 4D 4A 00 00 20 4E 24 18 4D 4A
00020F10  EC 2D 34 3F 34 3F EC 2D 4D 4A 24 18 20 4E 00 00
00020F20  4D 4A DC E7 34 3F 14 D2 EC 2D CC C0 24 18 B3 B5
00020F30  00 00 E0 B1 DC E7 B3 B5 14 D2 CC C0 CC C0 14 D2
00020F40  B3 B5 DC E7 E0 B1 00 00 B3 B5 24 18 CC C0 EC 2D
00020F50  14 D2 34 3F DC E7 4D 4A 00 00 20 4E 24 18 4D 4A
00020F60  EC 2D 34 3F 34 3F EC 2D 4D 4A 24 18 20 4E 00 00
00020F70  4D 4A DC E7 34 3F 14 D2 EC 2D CC C0 24 18 B3 B5
00020F80  00 00 E0 B1 DC E7 B3 B5 14 D2 CC C0 CC C0 14 D2
00020F90  B3 B5 DC E7 E0 B1 00 00 B3 B5 24 18 CC C0 EC 2D
00020FA0  14 D2 34 3F DC E7 4D 4A 00 00 20 4E 24 18 4D 4A
00020FB0  EC 2D 34 3F 34 3F EC 2D 4D 4A 24 18 20 4E 00 00
00020FC0  4D 4A DC E7 34 3F 14 D2 EC 2D CC C0 24 18 B3 B5
00020FD0  00 00 E0 B1 DC E7 B3 B5 14 D2 CC C0 CC C0 14 D2
00020FE0  B3 B5 DC E7 E0 B1 00 00 B3 B5 24 18 CC C0 EC 2D
00020FF0  14 D2 34 3F DC E7 4D 4A 00 00 20 4E 24 18 4D 4A
00021000  EC 2D 34 3F 34 3F EC 2D 4D 4A 24 18 20 4E 00 00
00021010  4D 4A DC E7 34 3F 14 D2 EC 2D CC C0 24 18 B3 B5
00021020  00 00 E0 B1 DC E7 B3 B5 14 D2 CC C0 CC C0 14 D2
00021030  B3 B5 DC E7 E0 B1 00 00 B3 B5 24 18 CC C0 EC 2D
00021040  14 D2 34 3F DC E7 4D 4A 00 00 20 4E 24 18 4D 4A
00021050  EC 2D 34 3F 34 3F EC 2D 4D 4A 24 18 20 4E 00 00
00021060  4D 4A DC E7 34 3F 14 D2 EC 2D CC C0 24 18 B3 B5
00021070  00 00 E0 B1 DC E7 B3 B5 14 D2 CC C0 CC C0 14 D2
00021080  B3 B5 DC E7 E0 B1 00 00 B3 B5 24 18 CC C0 EC 2D
00021090  14 D2 34 3F DC E7 4D 4A 00 00 20 4E 24 18 4D 4A
000210A0  EC 2D 34 3F 34 3F EC 2D 4D 4A 24 18 20 4E 00 00
000210B0  4D 4A DC E7 34 3F 14 D2 EC 2D CC C0 24 18 B3 B5
000210C0  00 00 E0 B1 DC E7 B3 B5 14 D2 CC C0 CC C0 14 D2
000210D0  B3 B5 DC E7 E0 B1 00 00 B3 B5 24 18 CC C0 EC 2D
000210E0  14 D2 34 3F DC E7 4D 4A 00 00 20 4E 24 18 4D 4A
000210F0  EC 2D 34 3F 34 3F EC 2D 4D 4A 24 18 20 4E 00 00
00021100  4D 4A DC E7 34 3F 14 D2 EC 2D CC C0 24 18 B3 B5
00021110  00 00 E0 B1 DC E7 B3 B5 14 D2 CC C0 CC C0 14 D2
00021120  B3 B5 DC E7 E0 B1 00 00 B3 B5 24 18 CC C0 EC 2D
00021130  14 D2 34 3F DC E7 4D 4A 00 00 20 4E 24 18 4D 4A
00021140  EC 2D 34 3F 34 3F EC 2D 4D 4A 24 18 20 4E 00 00
00021150  4D 4A DC E7 34 3F 14 D2 EC 2D CC C0 24 18 B3 B5
00021160  00 00 E0 B1 DC E7 B3 B5 14 D2 CC C0 CC C0 14 D2
00021170  B3 B5 DC E7 E0 B1 00 00 B3 B5 24 18 CC C0 EC 2D
00021180  14 D2 34 3F DC E7 4D 4A 00 00 20 4E 24 18 4D 4A
00021190  EC 2D 34 3F 34 3F EC 2D 4D 4A 24 18 20 4E 00 00
000211A0  4D 4A DC E7 34 3F 14 D2 EC 2D CC C0 24 18 B3 B5
000211B0  00 00 E0 B1 DC E7 B3 B5 14 D2 CC C0 CC C0 14 D2
000211C0  B3 B5 DC E7 E0 B1 00 00 B3 B5 24 18 CC C0 EC 2D
000211D0  14 D2 34 3F DC E7 4D 4A 00 00 20 4E 24 18 4D 4A
000211E0  EC 2D 34 3F 34 3F EC 2D 4D 4A 24 18 20 4E 00 00
000211F0  4D 4A DC E7 34 3F 14 D2 EC 2D CC C0 24 18 B3 B5
00021200  00 00 E0 B1 DC E7 B3 B5 14 D2 CC C0 CC C0 14 D2
00021210  B3 B5 DC E7 E0 B1 00 00 B3 B5 24 18 CC C0 EC 2D
00021220  14 D2 34 3F DC E7 4D 4A 00 00 20 4E 24 18 4D 4A
00021230  EC 2D 34 3F 34 3F EC 2D 4D 4A 24 18 20 4E 00 00
00021240  4D 4A DC E7 34 3F 14 D2 EC 2D CC C0 24 18 B3 B5
00021250  00 00 E0 B1 DC E7 B3 B5 14 D2 CC C0 CC C0 14 D2
00021260  B3 B5 DC E7 E0 B1 00 00 B3 B5 24 18 CC C0 EC 2D
00021270  14 D2 34 3F DC E7 4D 4A 00 00 20 4E 24 18 4D 4A
00021280  EC 2D 34 3F 34 3F EC 2D 4D 4A 24 18 20 4E 00 00
00021290  4D 4A DC E7 34 3F 14 D2 EC 2D CC C0 24 18 B3 B5
000212A0  00 00 E0 B1 DC E7 B3 B5 14 D2 CC C0 CC C0 14 D2
000212B0  B3 B5 DC E7 E0 B1 00 00 B3 B5 24 18 CC C0 EC 2D
000212C0  14 D2 34 3F DC E7 4D 4A 00 00 20 4E 24 18 4D 4A
000212D0  EC 2D 34 3F 34 3F EC 2D 4D 4A 24 18 20 4E 00 00
000212E0  4D 4A DC E7 34 3F 14 D2 EC 2D CC C0 24 18 B3 B5
000212F0  00 00 E0 B1 DC E7 B3 B5 14 D2 CC C0 CC C0 14 D2
00021300  B3 B5 DC E7 E0 B1 00 00 B3 B5 24 18 CC C0 EC 2D
00021310  14 D2 34 3F DC E7 4D 4A 00 00 20 4E 24 18 4D 4A
00021320  EC 2D 34 3F 34 3F EC 2D 4D 4A 24 18 20 4E 00 00
00021330  4D 4A DC E7 34 3F 14 D2 EC 2D CC C0 24 18 B3 B5
00021340  00 00 E0 B1 DC E7 B3 B5 14 D2 CC C0 CC C0 14 D2
00021350  B3 B5 DC E7 E0 B1 00 00 B3 B5 24 18 CC C0 EC 2D
00021360  14 D2 34 3F DC E7 4D 4A 00 00 20 4E 24 18 4D 4A
00021370  EC 2D 34 3F 34 3F EC 2D 4D 4A 24 18 20 4E 00 00
00021380  4D 4A DC E7 34 3F 14 D2 EC 2D CC C0 24 18 B3 B5
00021390  00 00 E0 B1 DC E7 B3 B5 14 D2 CC C0 CC C0 14 D2
000213A0  B3 B5 DC E7 E0 B1 00 00 B3 B5 24 18 CC C0 EC 2D
000213B0  14 D2 34 3F DC E7 4D 4A 00 00 20 4E 24 18 4D 4A
000213C0  EC 2D 34 3F 34 3F EC 2D 4D 4A 24 18 20 4E 00 00
000213D0  4D 4A DC E7 34 3F 14 D2 EC 2D CC C0 24 18 B3 B5
000213E0  00 00 E0 B1 DC E7 B3 B5 14 D2 CC C0 CC C0 14 D2
000213F0  B3 B5 DC E7 E0 B1 00 00 B3 B5 24 18 CC C0 EC 2D
00021400  14 D2 34 3F DC E7 4D 4A 00 00 20 4E 24 18 4D 4A
00021410  EC 2D 34 3F 34 3F EC 2D 4D 4A 24 18 20 4E 00 00
00021420  4D 4A DC E7 34 3F 14 D2 EC 2D CC C0 24 18 B3 B5
00021430  00 00 E0 B1 DC E7 B3 B5 14 D2 CC C0 CC C0 14 D2
00021440  B3 B5 DC E7 E0 B1 00 00 B3 B5 24 18 CC C0 EC 2D
00021450  14 D2 34 3F DC E7 4D 4A 00 00 20 4E 24 18 4D 4A
00021460  EC 2D 34 3F 34 3F EC 2D 4D 4A 24 18 20 4E 00 00
00021470  4D 4A DC E7 34 3F 14 D2 EC 2D CC C0 24 18 B3 B5
00021480  00 00 E0 B1 DC E7 B3 B5 14 D2 CC C0 CC C0 14 D2
00021490  B3 B5 DC E7 E0 B1 00 00 B3 B5 24 18 CC C0 EC 2D
000214A0  14 D2 34 3F DC E7 4D 4A 00 00 20 4E 24 18 4D 4A
000214B0  EC 2D 34 3F 34 3F EC 2D 4D 4A 24 18 20 4E 00 00
000214C0  4D 4A DC E7 34 3F 14 D2 EC 2D CC C0 24 18 B3 B5
000214D0  00 00 E0 B1 DC E7 B3 B5 14 D2 CC C0 CC C0 14 D2
000214E0  B3 B5 DC E7 E0 B1 00 00 B3 B5 24 18 CC C0 EC 2D
000214F0  14 D2 34 3F DC E7 4D 4A 00 00 20 4E 24 18 4D 4A
00021500  EC 2D 34 3F 34 3F EC 2D 4D 4A 24 18 20 4E 00 00
00021510  4D 4A DC E7 34 3F 14 D2 EC 2D CC C0 24 18 B3 B5
00021520  00 00 E0 B1 DC E7 B3 B5 14 D2 CC C0 CC C0 14 D2
00021530  B3 B5 DC E7 E0 B1 00 00 B3 B5 24 18 CC C0 EC 2D
00021540  14 D2 34 3F DC E7 4D 4A 00 00 20 4E 24 18 4D 4A
00021550  EC 2D 34 3F 34 3F EC 2D 4D 4A 24 18 20 4E 00 00
00021560  4D 4A DC E7 34 3F 14 D2 EC 2D CC C0 24 18 B3 B5
00021570  00 00 E0 B1 DC E7 B3 B5 14 D2 CC C0 CC C0 14 D2
00021580  B3 B5 DC E7 E0 B1 00 00 B3 B5 24 18 CC C0 EC 2D
00021590  14 D2 34 3F DC E7 4D 4A 00 00 20 4E 24 18 4D 4A
000215A0  EC 2D 34 3F 34 3F EC 2D 4D 4A 24 18 20 4E 00 00
000215B0  4D 4A DC E7 34 3F 14 D2 EC 2D CC C0 24 18 B3 B5
000215C0  00 00 E0 B1 DC E7 B3 B5 14 D2 CC C0 CC C0 14 D2
000215D0  B3 B5 DC E7 E0 B1 00 00 B3 B5 24 18 CC C0 EC 2D
000215E0  14 D2 34 3F DC E7 4D 4A 00 00 20 4E 24 18 4D 4A
000215F0  EC 2D 34 3F 34 3F EC 2D 4D 4A 24 18 20 4E 00 00
00021600  4D 4A DC E7 34 3F 14 D2 EC 2D CC C0 24 18 B3 B5
00021610  00 00 E0 B1 DC E7 B3 B5 14 D2 CC C0 CC C0 14 D2
00021620  B3 B5 DC E7 E0 B1 00 00 B3 B5 24 18 CC C0 EC 2D
00021630  14 D2 34 3F DC E7 4D 4A 00 00 20 4E 24 18 4D 4A
00021640  EC 2D 34 3F 34 3F EC 2D 4D 4A 24 18 20 4E 00 00
00021650  4D 4A DC E7 34 3F 14 D2 EC 2D CC C0 24 18 B3 B5
00021660  00 00 E0 B1 DC E7 B3 B5 14 D2 CC C0 CC C0 14 D2
00021670  B3 B5 DC E7 E0 B1 00 00 B3 B5 24 18 CC C0 EC 2D
00021680  14 D2 34 3F DC E7 4D 4A 00 00 20 4E 24 18 4D 4A
00021690  EC 2D 34 3F 34 3F EC 2D 4D 4A 24 18 20 4E 00 00
000216A0  4D 4A DC E7 34 3F 14 D2 EC 2D CC C0 24 18 B3 B5
000216B0  00 00 E0 B1 DC E7 B3 B5 14 D2 CC C0 CC C0 14 D2
000216C0  B3 B5 DC E7 E0 B1 00 00 B3 B5 24 18 CC C0 EC 2D
000216D0  14 D2 34 3F DC E7 4D 4A 00 00 20 4E 24 18 4D 4A
000216E0  EC 2D 34 3F 34 3F EC 2D 4D 4A 24 18 20 4E 00 00
000216F0  4D 4A DC E7 34 3F 14 D2 EC 2D CC C0 24 18 B3 B5
00021700  00 00 E0 B1 DC E7 B3 B5 14 D2 CC C0 CC C0 14 D2
00021710  B3 B5 DC E7 E0 B1 00 00 B3 B5 24 18 CC C0 EC 2D
00021720  14 D2 34 3F DC E7 4D 4A 00 00 20 4E 24 18 4D 4A
00021730  EC 2D 34 3F 34 3F EC 2D 4D 4A 24 18 20 4E 00 00
00021740  4D 4A DC E7 34 3F 14 D2 EC 2D CC C0 24 18 B3 B5
00021750  00 00 E0 B1 DC E7 B3 B5 14 D2 CC C0 CC C0 14 D2
00021760  B3 B5 DC E7 E0 B1 00 00 B3 B5 24 18 CC C0 EC 2D
00021770  14 D2 34 3F DC E7 4D 4A 00 00 20 4E 24 18 4D 4A
00021780  EC 2D 34 3F 34 3F EC 2D 4D 4A 24 18 20 4E 00 00
00021790  4D 4A DC E7 34 3F 14 D2 EC 2D CC C0 24 18 B3 B5
000217A0  00 00 E0 B1 DC E7 B3 B5 14 D2 CC C0 CC C0 14 D2
000217B0  B3 B5 DC E7 E0 B1 00 00 B3 B5 24 18 CC C0 EC 2D
000217C0  14 D2 34 3F DC E7 4D 4A 00 00 20 4E 24 18 4D 4A
000217D0  EC 2D 34 3F 34 3F EC 2D 4D 4A 24 18 20 4E 00 00
000217E0  4D 4A DC E7 34 3F 14 D2 EC 2D CC C0 24 18 B3 B5
000217F0  00 00 E0 B1 DC E7 B3 B5 14 D2 CC C0 CC C0 14 D2
00021800  B3 B5 DC E7 E0 B1 00 00 B3 B5 24 18 CC C0 EC 2D
00021810  14 D2 34 3F DC E7 4D 4A 00 00 20 4E 24 18 4D 4A
00021820  EC 2D 34 3F 34 3F EC 2D 4D 4A 24 18 20 4E 00 00
00021830  4D 4A DC E7 34 3F 14 D2 EC 2D CC C0 24 18 B3 B5
00021840  00 00 E0 B1 DC E7 B3 B5 14 D2 CC C0 CC C0 14 D2
00021850  B3 B5 DC E7 E0 B1 00 00 B3 B5 24 18 CC C0 EC 2D
00021860  14 D2 34 3F DC E7 4D 4A 00 00 20 4E 24 18 4D 4A
00021870  EC 2D 34 3F 34 3F EC 2D 4D 4A 24 18 20 4E 00 00
00021880  4D 4A DC E7 34 3F 14 D2 EC 2D CC C0 24 18 B3 B5
00021890  00 00 E0 B1 DC E7 B3 B5 14 D2 CC C0 CC C0 14 D2
000218A0  B3 B5 DC E7 E0 B1 00 00 B3 B5 24 18 CC C0 EC 2D
000218B0  14 D2 34 3F DC E7 4D 4A 00 00 20 4E 24 18 4D 4A
000218C0  EC 2D 34 3F 34 3F EC 2D 4D 4A 24 18 20 4E 00 00
000218D0  4D 4A DC E7 34 3F 14 D2 EC 2D CC C0 24 18 B3 B5
000218E0  00 00 E0 B1 DC E7 B3 B5 14 D2 CC C0 CC C0 14 D2
000218F0  B3 B5 DC E7 E0 B1 00 00 B3 B5 24 18 CC C0 EC 2D
00021900  14 D2 34 3F DC E7 4D 4A 00 00 20 4E 24 18 4D 4A
00021910  EC 2D 34 3F 34 3F EC 2D 4D 4A 24 18 20 4E 00 00
00021920  4D 4A DC E7 34 3F 14 D2 EC 2D CC C0 24 18 B3 B5
00021930  00 00 E0 B1 DC E7 B3 B5 14 D2 CC C0 CC C0 14 D2
00021940  B3 B5 DC E7 E0 B1 00 00 B3 B5 24 18 CC C0 EC 2D
00021950  14 D2 34 3F DC E7 4D 4A 00 00 20 4E 24 18 4D 4A
00021960  EC 2D 34 3F 34 3F EC 2D 4D 4A 24 18 20 4E 00 00
00021970  4D 4A DC E7 34 3F 14 D2 EC 2D CC C0 24 18 B3 B5
00021980  00 00 E0 B1 DC E7 B3 B5 14 D2 CC C0 CC C0 14 D2
00021990  B3 B5 DC E7 E0 B1 00 00 B3 B5 24 18 CC C0 EC 2D
000219A0  14 D2 34 3F DC E7 4D 4A 00 00 20 4E 24 18 4D 4A
000219B0  EC 2D 34 3F 34 3F EC 2D 4D 4A 24 18 20 4E 00 00
000219C0  4D 4A DC E7 34 3F 14 D2 EC 2D CC C0 24 18 B3 B5
000219D0  00 00 E0 B1 DC E7 B3 B5 14 D2 CC C0 CC C0 14 D2
000219E0  B3 B5 DC E7 E0 B1 00 00 B3 B5 24 18 CC C0 EC 2D
000219F0  14 D2 34 3F DC E7 4D 4A 00 00 20 4E 24 18 4D 4A
00021A00  EC 2D 34 3F 34 3F EC 2D 4D 4A 24 18 20 4E 00 00
00021A10  4D 4A DC E7 34 3F 14 D2 EC 2D CC C0 24 18 B3 B5
00021A20  00 00 E0 B1 DC E7 B3 B5 14 D2 CC C0 CC C0 14 D2
00021A30  B3 B5 DC E7 E0 B1 00 00 B3 B5 24 18 CC C0 EC 2D
00021A40  14 D2 34 3F DC E7 4D 4A 00 00 20 4E 24 18 4D 4A
00021A50  EC 2D 34 3F 34 3F EC 2D 4D 4A 24 18 20 4E 00 00
00021A60  4D 4A DC E7 34 3F 14 D2 EC 2D CC C0 24 18 B3 B5
00021A70  00 00 E0 B1 DC E7 B3 B5 14 D2 CC C0 CC C0 14 D2
00021A80  B3 B5 DC E7 E0 B1 00 00 B3 B5 24 18 CC C0 EC 2D
00021A90  14 D2 34 3F DC E7 4D 4A 00 00 20 4E 24 18 4D 4A
00021AA0  EC 2D 34 3F 34 3F EC 2D 4D 4A 24 18 20 4E 00 00
00021AB0  4D 4A DC E7 34 3F 14 D2 EC 2D CC C0 24 18 B3 B5
00021AC0  00 00 E0 B1 DC E7 B3 B5 14 D2 CC C0 CC C0 14 D2
00021AD0  B3 B5 DC E7 E0 B1 00 00 B3 B5 24 18 CC C0 EC 2D
00021AE0  14 D2 34 3F DC E7 4D 4A 00 00 20 4E 24 18 4D 4A
00021AF0  EC 2D 34 3F 34 3F EC 2D 4D 4A 24 18 20 4E 00 00
00021B00  4D 4A DC E7 34 3F 14 D2 EC 2D CC C0 24 18 B3 B5
00021B10  00 00 E0 B1 DC E7 B3 B5 14 D2 CC C0 CC C0 14 D2
00021B20  B3 B5 DC E7 E0 B1 00 00 B3 B5 24 18 CC C0 EC 2D
00021B30  14 D2 34 3F DC E7 4D 4A 00 00 20 4E 24 18 4D 4A
00021B40  EC 2D 34 3F 34 3F EC 2D 4D 4A 24 18 20 4E 00 00
00021B50  4D 4A DC E7 34 3F 14 D2 EC 2D CC C0 24 18 B3 B5
00021B60  00 00 E0 B1 DC E7 B3 B5 14 D2 CC C0 CC C0 14 D2
00021B70  B3 B5 DC E7 E0 B1 00 00 B3 B5 24 18 CC C0 EC 2D
00021B80  14 D2 34 3F DC E7 4D 4A 00 00 20 4E 24 18 4D 4A
00021B90  EC 2D 34 3F 34 3F EC 2D 4D 4A 24 18 20 4E 00 00
00021BA0  4D 4A DC E7 34 3F 14 D2 EC 2D CC C0 24 18 B3 B5
00021BB0  00 00 E0 B1 DC E7 B3 B5 14 D2 CC C0 CC C0 14 D2
00021BC0  B3 B5 DC E7 E0 B1 00 00 B3 B5 24 18 CC C0 EC 2D
00021BD0  14 D2 34 3F DC E7 4D 4A 00 00 20 4E 24 18 4D 4A
00021BE0  EC 2D 34 3F 34 3F EC 2D 4D 4A 24 18 20 4E 00 00
00021BF0  4D 4A DC E7 34 3F 14 D2 EC 2D CC C0 24 18 B3 B5
00021C00  00 00 E0 B1 DC E7 B3 B5 14 D2 CC C0 CC C0 14 D2
00021C10  B3 B5 DC E7 E0 B1 00 00 B3 B5 24 18 CC C0 EC 2D
00021C20  14 D2 34 3F DC E7 4D 4A 00 00 20 4E 24 18 4D 4A
00021C30  EC 2D 34 3F 34 3F EC 2D 4D 4A 24 18 20 4E 00 00
00021C40  4D 4A DC E7 34 3F 14 D2 EC 2D CC C0 24 18 B3 B5
00021C50  00 00 E0 B1 DC E7 B3 B5 14 D2 CC C0 CC C0 14 D2
00021C60  B3 B5 DC E7 E0 B1 00 00 B3 B5 24 18 CC C0 EC 2D
00021C70  14 D2 34 3F DC E7 4D 4A 00 00 20 4E 24 18 4D 4A
00021C80  EC 2D 34 3F 34 3F EC 2D 4D 4A 24 18 20 4E 00 00
00021C90  4D 4A DC E7 34 3F 14 D2 EC 2D CC C0 24 18 B3 B5
00021CA0  00 00 E0 B1 DC E7 B3 B5 14 D2 CC C0 CC C0 14 D2
00021CB0  B3 B5 DC E7 E0 B1 00 00 B3 B5 24 18 CC C0 EC 2D
00021CC0  14 D2 34 3F DC E7 4D 4A 00 00 20 4E 24 18 4D 4A
00021CD0  EC 2D 34 3F 34 3F EC 2D 4D 4A 24 18 20 4E 00 00
00021CE0  4D 4A DC E7 34 3F 14 D2 EC 2D CC C0 24 18 B3 B5
00021CF0  00 00 E0 B1 DC E7 B3 B5 14 D2 CC C0 CC C0 14 D2
00021D00  B3 B5 DC E7 E0 B1 00 00 B3 B5 24 18 CC C0 EC 2D
00021D10  14 D2 34 3F DC E7 4D 4A 00 00 20 4E 24 18 4D 4A
00021D20  EC 2D 34 3F 34 3F EC 2D 4D 4A 24 18 20 4E 00 00
00021D30  4D 4A DC E7 34 3F 14 D2 EC 2D CC C0 24 18 B3 B5
00021D40  00 00 E0 B1 DC E7 B3 B5 14 D2 CC C0 CC C0 14 D2
00021D50  B3 B5 DC E7 E0 B1 00 00 B3 B5 24 18 CC C0 EC 2D
00021D60  14 D2 34 3F DC E7 4D 4A 00 00 20 4E 24 18 4D 4A
00021D70  EC 2D 34 3F 34 3F EC 2D 4D 4A 24 18 20 4E 00 00
00021D80  4D 4A DC E7 34 3F 14 D2 EC 2D CC C0 24 18 B3 B5
00021D90  00 00 E0 B1 DC E7 B3 B5 14 D2 CC C0 CC C0 14 D2
00021DA0  B3 B5 DC E7 E0 B1 00 00 B3 B5 24 18 CC C0 EC 2D
00021DB0  14 D2 34 3F DC E7 4D 4A 00 00 20 4E 24 18 4D 4A
00021DC0  EC 2D 34 3F 34 3F EC 2D 4D 4A 24 18 20 4E 00 00
00021DD0  4D 4A DC E7 34 3F 14 D2 EC 2D CC C0 24 18 B3 B5
00021DE0  00 00 E0 B1 DC E7 B3 B5 14 D2 CC C0 CC C0 14 D2
00021DF0  B3 B5 DC E7 E0 B1 00 00 B3 B5 24 18 CC C0 EC 2D
00021E00  14 D2 34 3F DC E7 4D 4A 00 00 20 4E 24 18 4D 4A
00021E10  EC 2D 34 3F 34 3F EC 2D 4D 4A 24 18 20 4E 00 00
00021E20  4D 4A DC E7 34 3F 14 D2 EC 2D CC C0 24 18 B3 B5
00021E30  00 00 E0 B1 DC E7 B3 B5 14 D2 CC C0 CC C0 14 D2
00021E40  B3 B5 DC E7 E0 B1 00 00 B3 B5 24 18 CC C0 EC 2D
00021E50  14 D2 34 3F DC E7 4D 4A 00 00 20 4E 24 18 4D 4A
00021E60  EC 2D 34 3F 34 3F EC 2D 4D 4A 24 18 20 4E 00 00
00021E70  4D 4A DC E7 34 3F 14 D2 EC 2D CC C0 24 18 B3 B5
00021E80  00 00 E0 B1 DC E7 B3 B5 14 D2 CC C0 CC C0 14 D2
00021E90  B3 B5 DC E7 E0 B1 00 00 B3 B5 24 18 CC C0 EC 2D
00021EA0  14 D2 34 3F DC E7 4D 4A 00 00 20 4E 24 18 4D 4A
00021EB0  EC 2D 34 3F 34 3F EC 2D 4D 4A 24 18 20 4E 00 00
00021EC0  4D 4A DC E7 34 3F 14 D2 EC 2D CC C0 24 18 B3 B5
00021ED0  00 00 E0 B1 DC E7 B3 B5 14 D2 CC C0 CC C0 14 D2
00021EE0  B3 B5 DC E7 E0 B1 00 00 B3 B5 24 18 CC C0 EC 2D
00021EF0  14 D2 34 3F DC E7 4D 4A 00 00 20 4E 24 18 4D 4A
00021F00  EC 2D 34 3F 34 3F EC 2D 4D 4A 24 18 20 4E 00 00
00021F10  4D 4A DC E7 34 3F 14 D2 EC 2D CC C0 24 18 B3 B5
00021F20  00 00 E0 B1 DC E7 B3 B5 14 D2 CC C0 CC C0 14 D2
00021F30  B3 B5 DC E7 E0 B1 00 00 B3 B5 24 18 CC C0 EC 2D
00021F40  14 D2 34 3F DC E7 4D 4A 00 00 20 4E 24 18 4D 4A
00021F50  EC 2D 34 3F 34 3F EC 2D 4D 4A 24 18 20 4E 00 00
00021F60  4D 4A DC E7 34 3F 14 D2 EC 2D CC C0 24 18 B3 B5
00021F70  00 00 E0 B1 DC E7 B3 B5 14 D2 CC C0 CC C0 14 D2
00021F80  B3 B5 DC E7 E0 B1 00 00 B3 B5 24 18 CC C0 EC 2D
00021F90  14 D2 34 3F DC E7 4D 4A 00 00 20 4E 24 18 4D 4A
00021FA0  EC 2D 34 3F 34 3F EC 2D 4D 4A 24 18 20 4E 00 00
00021FB0  4D 4A DC E7 34 3F 14 D2 EC 2D CC C0 24 18 B3 B5
00021FC0  00 00 E0 B1 DC E7 B3 B5 14 D2 CC C0 CC C0 14 D2
00021FD0  B3 B5 DC E7 E0 B1 00 00 B3 B5 24 18 CC C0 EC 2D
00021FE0  14 D2 34 3F DC E7 4D 4A 00 00 20 4E 24 18 4D 4A
00021FF0  EC 2D 34 3F 34 3F EC 2D 4D 4A 24 18 20 4E 00 00
00022000  4D 4A DC E7 34 3F 14 D2 EC 2D CC C0 24 18 B3 B5
00022010  00 00 E0 B1 DC E7 B3 B5 14 D2 CC C0 CC C0 14 D2
00022020  B3 B5 DC E7 E0 B1 00 00 B3 B5 24 18 CC C0 EC 2D
00022030  14 D2 34 3F DC E7 4D 4A 00 00 20 4E 24 18 4D 4A
00022040  EC 2D 34 3F 34 3F EC 2D 4D 4A 24 18 20 4E 00 00
00022050  4D 4A DC E7 34 3F 14 D2 EC 2D CC C0 24 18 B3 B5
00022060  00 00 E0 B1 DC E7 B3 B5 14 D2 CC C0 CC C0 14 D2
00022070  B3 B5 DC E7 E0 B1 00 00 B3 B5 24 18 CC C0 EC 2D
00022080  14 D2 34 3F DC E7 4D 4A 00 00 20 4E 24 18 4D 4A
00022090  EC 2D 34 3F 34 3F EC 2D 4D 4A 24 18 20 4E 00 00
000220A0  4D 4A DC E7 34 3F 14 D2 EC 2D CC C0 24 18 B3 B5
000220B0  00 00 E0 B1 DC E7 B3 B5 14 D2 CC C0 CC C0 14 D2
000220C0  B3 B5 DC E7 E0 B1 00 00 B3 B5 24 18 CC C0 EC 2D
000220D0  14 D2 34 3F DC E7 4D 4A 00 00 20 4E 24 18 4D 4A
000220E0  EC 2D 34 3F 34 3F EC 2D 4D 4A 24 18 20 4E 00 00
000220F0  4D 4A DC E7 34 3F 14 D2 EC 2D CC C0 24 18 B3 B5
00022100  00 00 E0 B1 DC E7 B3 B5 14 D2 CC C0 CC C0 14 D2
00022110  B3 B5 DC E7 E0 B1 00 00 B3 B5 24 18 CC C0 EC 2D
00022120  14 D2 34 3F DC E7 4D 4A 00 00 20 4E 24 18 4D 4A
00022130  EC 2D 34 3F 34 3F EC 2D 4D 4A 24 18 20 4E 00 00
00022140  4D 4A DC E7 34 3F 14 D2 EC 2D CC C0 24 18 B3 B5
00022150  00 00 E0 B1 DC E7 B3 B5 14 D2 CC C0 CC C0 14 D2
00022160  B3 B5 DC E7 E0 B1 00 00 B3 B5 24 18 CC C0 EC 2D
00022170  14 D2 34 3F DC E7 4D 4A 00 00 20 4E 24 18 4D 4A
00022180  EC 2D 34 3F 34 3F EC 2D 4D 4A 24 18 20 4E 00 00
00022190  4D 4A DC E7 34 3F 14 D2 EC 2D CC C0 24 18 B3 B5
000221A0  00 00 E0 B1 DC E7 B3 B5 14 D2 CC C0 CC C0 14 D2
000221B0  B3 B5 DC E7 E0 B1 00 00 B3 B5 24 18 CC C0 EC 2D
000221C0  14 D2 34 3F DC E7 4D 4A 00 00 20 4E 24 18 4D 4A
000221D0  EC 2D 34 3F 34 3F EC 2D 4D 4A 24 18 20 4E 00 00
000221E0  4D 4A DC E7 34 3F 14 D2 EC 2D CC C0 24 18 B3 B5
000221F0  00 00 E0 B1 DC E7 B3 B5 14 D2 CC C0 CC C0 14 D2
00022200  B3 B5 DC E7 E0 B1 00 00 B3 B5 24 18 CC C0 EC 2D
00022210  14 D2 34 3F DC E7 4D 4A 00 00 20 4E 24 18 4D 4A
00022220  EC 2D 34 3F 34 3F EC 2D 4D 4A 24 18 20 4E 00 00
00022230  4D 4A DC E7 34 3F 14 D2 EC 2D CC C0 24 18 B3 B5
00022240  00 00 E0 B1 DC E7 B3 B5 14 D2 CC C0 CC C0 14 D2
00022250  B3 B5 DC E7 E0 B1 00 00 B3 B5 24 18 CC C0 EC 2D
00022260  14 D2 34 3F DC E7 4D 4A 00 00 20 4E 24 18 4D 4A
00022270  EC 2D 34 3F 34 3F EC 2D 4D 4A 24 18 20 4E 00 00
00022280  4D 4A DC E7 34 3F 14 D2 EC 2D CC C0 24 18 B3 B5
00022290  00 00 E0 B1 DC E7 B3 B5 14 D2 CC C0 CC C0 14 D2
000222A0  B3 B5 DC E7 E0 B1 00 00 B3 B5 24 18 CC C0 EC 2D
000222B0  14 D2 34 3F DC E7 4D 4A 00 00 20 4E 24 18 4D 4A
000222C0  EC 2D 34 3F 34 3F EC 2D 4D 4A 24 18 20 4E 00 00
000222D0  4D 4A DC E7 34 3F 14 D2 EC 2D CC C0 24 18 B3 B5
000222E0  00 00 E0 B1 DC E7 B3 B5 14 D2 CC C0 CC C0 14 D2
000222F0  B3 B5 DC E7 E0 B1 00 00 B3 B5 24 18 CC C0 EC 2D
00022300  14 D2 34 3F DC E7 4D 4A 00 00 20 4E 24 18 4D 4A
00022310  EC 2D 34 3F 34 3F EC 2D 4D 4A 24 18 20 4E 00 00
00022320  4D 4A DC E7 34 3F 14 D2 EC 2D CC C0 24 18 B3 B5
00022330  00 00 E0 B1 DC E7 B3 B5 14 D2 CC C0 CC C0 14 D2
00022340  B3 B5 DC E7 E0 B1 00 00 B3 B5 24 18 CC C0 EC 2D
00022350  14 D2 34 3F DC E7 4D 4A 00 00 20 4E 24 18 4D 4A
00022360  EC 2D 34 3F 34 3F EC 2D 4D 4A 24 18 20 4E 00 00
00022370  4D 4A DC E7 34 3F 14 D2 EC 2D CC C0 24 18 B3 B5
00022380  00 00 E0 B1 DC E7 B3 B5 14 D2 CC C0 CC C0 14 D2
00022390  B3 B5 DC E7 E0 B1 00 00 B3 B5 24 18 CC C0 EC 2D
000223A0  14 D2 34 3F DC E7 4D 4A 00 00 20 4E 24 18 4D 4A
000223B0  EC 2D 34 3F 34 3F EC 2D 4D 4A 24 18 20 4E 00 00
000223C0  4D 4A DC E7 34 3F 14 D2 EC 2D CC C0 24 18 B3 B5
000223D0  00 00 E0 B1 DC E7 B3 B5 14 D2 CC C0 CC C0 14 D2
000223E0  B3 B5 DC E7 E0 B1 00 00 B3 B5 24 18 CC C0 EC 2D
000223F0  14 D2 34 3F DC E7 4D 4A 00 00 20 4E 24 18 4D 4A
00022400  EC 2D 34 3F 34 3F EC 2D 4D 4A 24 18 20 4E 00 00
00022410  4D 4A DC E7 34 3F 14 D2 EC 2D CC C0 24 18 B3 B5
00022420  00 00 E0 B1 DC E7 B3 B5 14 D2 CC C0 CC C0 14 D2
00022430  B3 B5 DC E7 E0 B1 00 00 B3 B5 24 18 CC C0 EC 2D
00022440  14 D2 34 3F DC E7 4D 4A 00 00 20 4E 24 18 4D 4A
00022450  EC 2D 34 3F 34 3F EC 2D 4D 4A 24 18 20 4E 00 00
00022460  4D 4A DC E7 34 3F 14 D2 EC 2D CC C0 24 18 B3 B5
00022470  00 00 E0 B1 DC E7 B3 B5 14 D2 CC C0 CC C0 14 D2
00022480  B3 B5 DC E7 E0 B1 00 00 B3 B5 24 18 CC C0 EC 2D
00022490  14 D2 34 3F DC E7 4D 4A 00 00 20 4E 24 18 4D 4A
000224A0  EC 2D 34 3F 34 3F EC 2D 4D 4A 24 18 20 4E 00 00
000224B0  4D 4A DC E7 34 3F 14 D2 EC 2D CC C0 24 18 B3 B5
000224C0  00 00 E0 B1 DC E7 B3 B5 14 D2 CC C0 CC C0 14 D2
000224D0  B3 B5 DC E7 E0 B1 00 00 B3 B5 24 18 CC C0 EC 2D
000224E0  14 D2 34 3F DC E7 4D 4A 00 00 20 4E 24 18 4D 4A
000224F0  EC 2D 34 3F 34 3F EC 2D 4D 4A 24 18 20 4E 00 00
00022500  4D 4A DC E7 34 3F 14 D2 EC 2D CC C0 24 18 B3 B5
00022510  00 00 E0 B1 DC E7 B3 B5 14 D2 CC C0 CC C0 14 D2
00022520  B3 B5 DC E7 E0 B1 00 00 B3 B5 24 18 CC C0 EC 2D
00022530  14 D2 34 3F DC E7 4D 4A 00 00 20 4E 24 18 4D 4A
00022540  EC 2D 34 3F 34 3F EC 2D 4D 4A 24 18 20 4E 00 00
00022550  4D 4A DC E7 34 3F 14 D2 EC 2D CC C0 24 18 B3 B5
00022560  00 00 E0 B1 DC E7 B3 B5 14 D2 CC C0 CC C0 14 D2
00022570  B3 B5 DC E7 E0 B1 00 00 B3 B5 24 18 CC C0 EC 2D
00022580  14 D2 34 3F DC E7 4D 4A 00 00 20 4E 24 18 4D 4A
00022590  EC 2D 34 3F 34 3F EC 2D 4D 4A 24 18 20 4E 00 00
000225A0  4D 4A DC E7 34 3F 14 D2 EC 2D CC C0 24 18 B3 B5
000225B0  00 00 E0 B1 DC E7 B3 B5 14 D2 CC C0 CC C0 14 D2
000225C0  B3 B5 DC E7 E0 B1 00 00 B3 B5 24 18 CC C0 EC 2D
000225D0  14 D2 34 3F DC E7 4D 4A 00 00 20 4E 24 18 4D 4A
000225E0  EC 2D 34 3F 34 3F EC 2D 4D 4A 24 18 20 4E 00 00
000225F0  4D 4A DC E7 34 3F 14 D2 EC 2D CC C0 24 18 B3 B5
00022600  00 00 E0 B1 DC E7 B3 B5 14 D2 CC C0 CC C0 14 D2
00022610  B3 B5 DC E7 E0 B1 00 00 B3 B5 24 18 CC C0 EC 2D
00022620  14 D2 34 3F DC E7 4D 4A 00 00 20 4E 24 18 4D 4A
00022630  EC 2D 34 3F 34 3F EC 2D 4D 4A 24 18 20 4E 00 00
00022640  4D 4A DC E7 34 3F 14 D2 EC 2D CC C0 24 18 B3 B5
00022650  00 00 E0 B1 DC E7 B3 B5 14 D2 CC C0 CC C0 14 D2
00022660  B3 B5 DC E7 E0 B1 00 00 B3 B5 24 18 CC C0 EC 2D
00022670  14 D2 34 3F DC E7 4D 4A 00 00 20 4E 24 18 4D 4A
00022680  EC 2D 34 3F 34 3F EC 2D 4D 4A 24 18 20 4E 00 00
00022690  4D 4A DC E7 34 3F 14 D2 EC 2D CC C0 24 18 B3 B5
000226A0  00 00 E0 B1 DC E7 B3 B5 14 D2 CC C0 CC C0 14 D2
000226B0  B3 B5 DC E7 E0 B1 00 00 B3 B5 24 18 CC C0 EC 2D
000226C0  14 D2 34 3F DC E7 4D 4A 00 00 20 4E 24 18 4D 4A
000226D0  EC 2D 34 3F 34 3F EC 2D 4D 4A 24 18 20 4E 00 00
000226E0  4D 4A DC E7 34 3F 14 D2 EC 2D CC C0 24 18 B3 B5
000226F0  00 00 E0 B1 DC E7 B3 B5 14 D2 CC C0 CC C0 14 D2
00022700  B3 B5 DC E7 E0 B1 00 00 B3 B5 24 18 CC C0 EC 2D
00022710  14 D2 34 3F DC E7 4D 4A 00 00 20 4E 24 18 4D 4A
00022720  EC 2D 34 3F 34 3F EC 2D 4D 4A 24 18 20 4E 00 00
00022730  4D 4A DC E7 34 3F 14 D2 EC 2D CC C0 24 18 B3 B5
00022740  00 00 E0 B1 DC E7 B3 B5 14 D2 CC C0 CC C0 14 D2
00022750  B3 B5 DC E7 E0 B1 00 00 B3 B5 24 18 CC C0 EC 2D
00022760  14 D2 34 3F DC E7 4D 4A 00 00 20 4E 24 18 4D 4A
00022770  EC 2D 34 3F 34 3F EC 2D 4D 4A 24 18 20 4E 00 00
00022780  4D 4A DC E7 34 3F 14 D2 EC 2D CC C0 24 18 B3 B5
00022790  00 00 E0 B1 DC E7 B3 B5 14 D2 CC C0 CC C0 14 D2
000227A0  B3 B5 DC E7 E0 B1 00 00 B3 B5 24 18 CC C0 EC 2D
000227B0  14 D2 34 3F DC E7 4D 4A 00 00 20 4E 24 18 4D 4A
000227C0  EC 2D 34 3F 34 3F EC 2D 4D 4A 24 18 20 4E 00 00
000227D0  4D 4A DC E7 34 3F 14 D2 EC 2D CC C0 24 18 B3 B5
000227E0  00 00 E0 B1 DC E7 B3 B5 14 D2 CC C0 CC C0 14 D2
000227F0  B3 B5 DC E7 E0 B1 00 00 B3 B5 24 18 CC C0 EC 2D
00022800  14 D2 34 3F DC E7 4D 4A 00 00 20 4E 24 18 4D 4A
00022810  EC 2D 34 3F 34 3F EC 2D 4D 4A 24 18 20 4E 00 00
00022820  4D 4A DC E7 34 3F 14 D2 EC 2D CC C0 24 18 B3 B5
00022830  00 00 E0 B1 DC E7 B3 B5 14 D2 CC C0 CC C0 14 D2
00022840  B3 B5 DC E7 E0 B1 00 00 B3 B5 24 18 CC C0 EC 2D
00022850  14 D2 34 3F DC E7 4D 4A 00 00 20 4E 24 18 4D 4A
00022860  EC 2D 34 3F 34 3F EC 2D 4D 4A 24 18 20 4E 00 00
00022870  4D 4A DC E7 34 3F 14 D2 EC 2D CC C0 24 18 B3 B5
00022880  00 00 E0 B1 DC E7 B3 B5 14 D2 CC C0 CC C0 14 D2
00022890  B3 B5 DC E7 E0 B1 00 00 B3 B5 24 18 CC C0 EC 2D
000228A0  14 D2 34 3F DC E7 4D 4A 00 00 20 4E 24 18 4D 4A
000228B0  EC 2D 34 3F 34 3F EC 2D 4D 4A 24 18 20 4E 00 00
000228C0  4D 4A DC E7 34 3F 14 D2 EC 2D CC C0 24 18 B3 B5
000228D0  00 00 E0 B1 DC E7 B3 B5 14 D2 CC C0 CC C0 14 D2
000228E0  B3 B5 DC E7 E0 B1 00 00 B3 B5 24 18 CC C0 EC 2D
000228F0  14 D2 34 3F DC E7 4D 4A 00 00 20 4E 24 18 4D 4A
00022900  EC 2D 34 3F 34 3F EC 2D 4D 4A 24 18 20 4E 00 00
00022910  4D 4A DC E7 34 3F 14 D2 EC 2D CC C0 24 18 B3 B5
00022920  00 00 E0 B1 DC E7 B3 B5 14 D2 CC C0 CC C0 14 D2
00022930  B3 B5 DC E7 E0 B1 00 00 B3 B5 24 18 CC C0 EC 2D
00022940  14 D2 34 3F DC E7 4D 4A 00 00 20 4E 24 18 4D 4A
00022950  EC 2D 34 3F 34 3F EC 2D 4D 4A 24 18 20 4E 00 00
00022960  4D 4A DC E7 34 3F 14 D2 EC 2D CC C0 24 18 B3 B5
00022970  00 00 E0 B1 DC E7 B3 B5 14 D2 CC C0 CC C0 14 D2
00022980  B3 B5 DC E7 E0 B1 00 00 B3 B5 24 18 CC C0 EC 2D
00022990  14 D2 34 3F DC E7 4D 4A 00 00 20 4E 24 18 4D 4A
000229A0  EC 2D 34 3F 34 3F EC 2D 4D 4A 24 18 20 4E 00 00
000229B0  4D 4A DC E7 34 3F 14 D2 EC 2D CC C0 24 18 B3 B5
000229C0  00 00 E0 B1 DC E7 B3 B5 14 D2 CC C0 CC C0 14 D2
000229D0  B3 B5 DC E7 E0 B1 00 00 B3 B5 24 18 CC C0 EC 2D
000229E0  14 D2 34 3F DC E7 4D 4A 00 00 20 4E 24 18 4D 4A
000229F0  EC 2D 34 3F 34 3F EC 2D 4D 4A 24 18 20 4E 00 00
00022A00  4D 4A DC E7 34 3F 14 D2 EC 2D CC C0 24 18 B3 B5
00022A10  00 00 E0 B1 DC E7 B3 B5 14 D2 CC C0 CC C0 14 D2
00022A20  B3 B5 DC E7 E0 B1 00 00 B3 B5 24 18 CC C0 EC 2D
00022A30  14 D2 34 3F DC E7 4D 4A 00 00 20 4E 24 18 4D 4A
00022A40  EC 2D 34 3F 34 3F EC 2D 4D 4A 24 18 20 4E 00 00
00022A50  4D 4A DC E7 34 3F 14 D2 EC 2D CC C0 24 18 B3 B5
00022A60  00 00 E0 B1 DC E7 B3 B5 14 D2 CC C0 CC C0 14 D2
00022A70  B3 B5 DC E7 E0 B1 00 00 B3 B5 24 18 CC C0 EC 2D
00022A80  14 D2 34 3F DC E7 4D 4A 00 00 20 4E 24 18 4D 4A
00022A90  EC 2D 34 3F 34 3F EC 2D 4D 4A 24 18 20 4E 00 00
00022AA0  4D 4A DC E7 34 3F 14 D2 EC 2D CC C0 24 18 B3 B5
00022AB0  00 00 E0 B1 DC E7 B3 B5 14 D2 CC C0 CC C0 14 D2
00022AC0  B3 B5 DC E7 E0 B1 00 00 B3 B5 24 18 CC C0 EC 2D
00022AD0  14 D2 34 3F DC E7 4D 4A 00 00 20 4E 24 18 4D 4A
00022AE0  EC 2D 34 3F 34 3F EC 2D 4D 4A 24 18 20 4E 00 00
00022AF0  4D 4A DC E7 34 3F 14 D2 EC 2D CC C0 24 18 B3 B5
00022B00  00 00 E0 B1 DC E7 B3 B5 14 D2 CC C0 CC C0 14 D2
00022B10  B3 B5 DC E7 E0 B1 00 00 B3 B5 24 18 CC C0 EC 2D
00022B20  14 D2 34 3F DC E7 4D 4A 00 00 20 4E 24 18 4D 4A
00022B30  EC 2D 34 3F 34 3F EC 2D 4D 4A 24 18 20 4E 00 00
00022B40  4D 4A DC E7 34 3F 14 D2 EC 2D CC C0 24 18 B3 B5
00022B50  00 00 E0 B1 DC E7 B3 B5 14 D2 CC C0 CC C0 14 D2
00022B60  B3 B5 DC E7 E0 B1 00 00 B3 B5 24 18 CC C0 EC 2D
00022B70  14 D2 34 3F DC E7 4D 4A 00 00 20 4E 24 18 4D 4A
00022B80  EC 2D 34 3F 34 3F EC 2D 4D 4A 24 18 20 4E 00 00
00022B90  4D 4A DC E7 34 3F 14 D2 EC 2D CC C0 24 18 B3 B5
00022BA0  00 00 E0 B1 DC E7 B3 B5 14 D2 CC C0 CC C0 14 D2
00022BB0  B3 B5 DC E7 E0 B1 00 00 B3 B5 24 18 CC C0 EC 2D
00022BC0  14 D2 34 3F DC E7 4D 4A 00 00 20 4E 24 18 4D 4A
00022BD0  EC 2D 34 3F 34 3F EC 2D 4D 4A 24 18 20 4E 00 00
00022BE0  4D 4A DC E7 34 3F 14 D2 EC 2D CC C0 24 18 B3 B5
00022BF0  00 00 E0 B1 DC E7 B3 B5 14 D2 CC C0 CC C0 14 D2
00022C00  B3 B5 DC E7 E0 B1 00 00 B3 B5 24 18 CC C0 EC 2D
00022C10  14 D2 34 3F DC E7 4D 4A 00 00 20 4E 24 18 4D 4A
00022C20  EC 2D 34 3F 34 3F EC 2D 4D 4A 24 18 20 4E 00 00
00022C30  4D 4A DC E7 34 3F 14 D2 EC 2D CC C0 24 18 B3 B5
00022C40  00 00 E0 B1 DC E7 B3 B5 14 D2 CC C0 CC C0 14 D2
00022C50  B3 B5 DC E7 E0 B1 00 00 B3 B5 24 18 CC C0 EC 2D
00022C60  14 D2 34 3F DC E7 4D 4A 00 00 20 4E 24 18 4D 4A
00022C70  EC 2D 34 3F 34 3F EC 2D 4D 4A 24 18 20 4E 00 00
00022C80  4D 4A DC E7 34 3F 14 D2 EC 2D CC C0 24 18 B3 B5
00022C90  00 00 E0 B1 DC E7 B3 B5 14 D2 CC C0 CC C0 14 D2
00022CA0  B3 B5 DC E7 E0 B1 00 00 B3 B5 24 18 CC C0 EC 2D
00022CB0  14 D2 34 3F DC E7 4D 4A 00 00 20 4E 24 18 4D 4A
00022CC0  EC 2D 34 3F 34 3F EC 2D 4D 4A 24 18 20 4E 00 00
00022CD0  4D 4A DC E7 34 3F 14 D2 EC 2D CC C0 24 18 B3 B5
00022CE0  00 00 E0 B1 DC E7 B3 B5 14 D2 CC C0 CC C0 14 D2
00022CF0  B3 B5 DC E7 E0 B1 00 00 B3 B5 24 18 CC C0 EC 2D
00022D00  14 D2 34 3F DC E7 4D 4A 00 00 20 4E 24 18 4D 4A
00022D10  EC 2D 34 3F 34 3F EC 2D 4D 4A 24 18 20 4E 00 00
00022D20  4D 4A DC E7 34 3F 14 D2 EC 2D CC C0 24 18 B3 B5
00022D30  00 00 E0 B1 DC E7 B3 B5 14 D2 CC C0 CC C0 14 D2
00022D40  B3 B5 DC E7 E0 B1 00 00 B3 B5 24 18 CC C0 EC 2D
00022D50  14 D2 34 3F DC E7 4D 4A 00 00 20 4E 24 18 4D 4A
00022D60  EC 2D 34 3F 34 3F EC 2D 4D 4A 24 18 20 4E 00 00
00022D70  4D 4A DC E7 34 3F 14 D2 EC 2D CC C0 24 18 B3 B5
00022D80  00 00 E0 B1 DC E7 B3 B5 14 D2 CC C0 CC C0 14 D2
00022D90  B3 B5 DC E7 E0 B1 00 00 B3 B5 24 18 CC C0 EC 2D
00022DA0  14 D2 34 3F DC E7 4D 4A 00 00 20 4E 24 18 4D 4A
00022DB0  EC 2D 34 3F 34 3F EC 2D 4D 4A 24 18 20 4E 00 00
00022DC0  4D 4A DC E7 34 3F 14 D2 EC 2D CC C0 24 18 B3 B5
00022DD0  00 00 E0 B1 DC E7 B3 B5 14 D2 CC C0 CC C0 14 D2
00022DE0  B3 B5 DC E7 E0 B1 00 00 B3 B5 24 18 CC C0 EC 2D
00022DF0  14 D2 34 3F DC E7 4D 4A 00 00 20 4E 24 18 4D 4A
00022E00  EC 2D 34 3F 34 3F EC 2D 4D 4A 24 18 20 4E 00 00
00022E10  4D 4A DC E7 34 3F 14 D2 EC 2D CC C0 24 18 B3 B5
00022E20  00 00 E0 B1 DC E7 B3 B5 14 D2 CC C0 CC C0 14 D2
00022E30  B3 B5 DC E7 E0 B1 00 00 B3 B5 24 18 CC C0 EC 2D
00022E40  14 D2 34 3F DC E7 4D 4A 00 00 20 4E 24 18 4D 4A
00022E50  EC 2D 34 3F 34 3F EC 2D 4D 4A 24 18 20 4E 00 00
00022E60  4D 4A DC E7 34 3F 14 D2 EC 2D CC C0 24 18 B3 B5
00022E70  00 00 E0 B1 DC E7 B3 B5 14 D2 CC C0 CC C0 14 D2
00022E80  B3 B5 DC E7 E0 B1 00 00 B3 B5 24 18 CC C0 EC 2D
00022E90  14 D2 34 3F DC E7 4D 4A 00 00 20 4E 24 18 4D 4A
00022EA0  EC 2D 34 3F 34 3F EC 2D 4D 4A 24 18 20 4E 00 00
00022EB0  4D 4A DC E7 34 3F 14 D2 EC 2D CC C0 24 18 B3 B5
00022EC0  00 00 E0 B1 DC E7 B3 B5 14 D2 CC C0 CC C0 14 D2
00022ED0  B3 B5 DC E7 E0 B1 00 00 B3 B5 24 18 CC C0 EC 2D
00022EE0  14 D2 34 3F DC E7 4D 4A 00 00 20 4E 24 18 4D 4A
00022EF0  EC 2D 34 3F 34 3F EC 2D 4D 4A 24 18 20 4E 00 00
00022F00  4D 4A DC E7 34 3F 14 D2 EC 2D CC C0 24 18 B3 B5
00022F10  00 00 E0 B1 DC E7 B3 B5 14 D2 CC C0 CC C0 14 D2
00022F20  B3 B5 DC E7 E0 B1 00 00 B3 B5 24 18 CC C0 EC 2D
00022F30  14 D2 34 3F DC E7 4D 4A 00 00 20 4E 24 18 4D 4A
00022F40  EC 2D 34 3F 34 3F EC 2D 4D 4A 24 18 20 4E 00 00
00022F50  4D 4A DC E7 34 3F 14 D2 EC 2D CC C0 24 18 B3 B5
00022F60  00 00 E0 B1 DC E7 B3 B5 14 D2 CC C0 CC C0 14 D2
00022F70  B3 B5 DC E7 E0 B1 00 00 B3 B5 24 18 CC C0 EC 2D
00022F80  14 D2 34 3F DC E7 4D 4A 00 00 20 4E 24 18 4D 4A
00022F90  EC 2D 34 3F 34 3F EC 2D 4D 4A 24 18 20 4E 00 00
00022FA0  4D 4A DC E7 34 3F 14 D2 EC 2D CC C0 24 18 B3 B5
00022FB0  00 00 E0 B1 DC E7 B3 B5 14 D2 CC C0 CC C0 14 D2
00022FC0  B3 B5 DC E7 E0 B1 00 00 B3 B5 24 18 CC C0 EC 2D
00022FD0  14 D2 34 3F DC E7 4D 4A 00 00 20 4E 24 18 4D 4A
00022FE0  EC 2D 34 3F 34 3F EC 2D 4D 4A 24 18 20 4E 00 00
00022FF0  4D 4A DC E7 34 3F 14 D2 EC 2D CC C0 24 18 B3 B5
00023000  00 00 E0 B1 DC E7 B3 B5 14 D2 CC C0 CC C0 14 D2
00023010  B3 B5 DC E7 E0 B1 00 00 B3 B5 24 18 CC C0 EC 2D
00023020  14 D2 34 3F DC E7 4D 4A 00 00 20 4E 24 18 4D 4A
00023030  EC 2D 34 3F 34 3F EC 2D 4D 4A 24 18 20 4E 00 00
00023040  4D 4A DC E7 34 3F 14 D2 EC 2D CC C0 24 18 B3 B5
00023050  00 00 E0 B1 DC E7 B3 B5 14 D2 CC C0 CC C0 14 D2
00023060  B3 B5 DC E7 E0 B1 00 00 B3 B5 24 18 CC C0 EC 2D
00023070  14 D2 34 3F DC E7 4D 4A 00 00 20 4E 24 18 4D 4A
00023080  EC 2D 34 3F 34 3F EC 2D 4D 4A 24 18 20 4E 00 00
00023090  4D 4A DC E7 34 3F 14 D2 EC 2D CC C0 24 18 B3 B5
000230A0  00 00 E0 B1 DC E7 B3 B5 14 D2 CC C0 CC C0 14 D2
000230B0  B3 B5 DC E7 E0 B1 00 00 B3 B5 24 18 CC C0 EC 2D
000230C0  14 D2 34 3F DC E7 4D 4A 00 00 20 4E 24 18 4D 4A
000230D0  EC 2D 34 3F 34 3F EC 2D 4D 4A 24 18 20 4E 00 00
000230E0  4D 4A DC E7 34 3F 14 D2 EC 2D CC C0 24 18 B3 B5
000230F0  00 00 E0 B1 DC E7 B3 B5 14 D2 CC C0 CC C0 14 D2
00023100  B3 B5 DC E7 E0 B1 00 00 B3 B5 24 18 CC C0 EC 2D
00023110  14 D2 34 3F DC E7 4D 4A 00 00 20 4E 24 18 4D 4A
00023120  EC 2D 34 3F 34 3F EC 2D 4D 4A 24 18 20 4E 00 00
00023130  4D 4A DC E7 34 3F 14 D2 EC 2D CC C0 24 18 B3 B5
00023140  00 00 E0 B1 DC E7 B3 B5 14 D2 CC C0 CC C0 14 D2
00023150  B3 B5 DC E7 E0 B1 00 00 B3 B5 24 18 CC C0 EC 2D
00023160  14 D2 34 3F DC E7 4D 4A 00 00 20 4E 24 18 4D 4A
00023170  EC 2D 34 3F 34 3F EC 2D 4D 4A 24 18 20 4E 00 00
00023180  4D 4A DC E7 34 3F 14 D2 EC 2D CC C0 24 18 B3 B5
00023190  00 00 E0 B1 DC E7 B3 B5 14 D2 CC C0 CC C0 14 D2
000231A0  B3 B5 DC E7 E0 B1 00 00 B3 B5 24 18 CC C0 EC 2D
000231B0  14 D2 34 3F DC E7 4D 4A 00 00 20 4E 24 18 4D 4A
000231C0  EC 2D 34 3F 34 3F EC 2D 4D 4A 24 18 20 4E 00 00
000231D0  4D 4A DC E7 34 3F 14 D2 EC 2D CC C0 24 18 B3 B5
000231E0  00 00 E0 B1 DC E7 B3 B5 14 D2 CC C0 CC C0 14 D2
000231F0  B3 B5 DC E7 E0 B1 00 00 B3 B5 24 18 CC C0 EC 2D
00023200  14 D2 34 3F DC E7 4D 4A 00 00 20 4E 24 18 4D 4A
00023210  EC 2D 34 3F 34 3F EC 2D 4D 4A 24 18 20 4E 00 00
00023220  4D 4A DC E7 34 3F 14 D2 EC 2D CC C0 24 18 B3 B5
00023230  00 00 E0 B1 DC E7 B3 B5 14 D2 CC C0 CC C0 14 D2
00023240  B3 B5 DC E7 E0 B1 00 00 B3 B5 24 18 CC C0 EC 2D
00023250  14 D2 34 3F DC E7 4D 4A 00 00 20 4E 24 18 4D 4A
00023260  EC 2D 34 3F 34 3F EC 2D 4D 4A 24 18 20 4E 00 00
00023270  4D 4A DC E7 34 3F 14 D2 EC 2D CC C0 24 18 B3 B5
00023280  00 00 E0 B1 DC E7 B3 B5 14 D2 CC C0 CC C0 14 D2
00023290  B3 B5 DC E7 E0 B1 00 00 B3 B5 24 18 CC C0 EC 2D
000232A0  14 D2 34 3F DC E7 4D 4A 00 00 20 4E 24 18 4D 4A
000232B0  EC 2D 34 3F 34 3F EC 2D 4D 4A 24 18 20 4E 00 00
000232C0  4D 4A DC E7 34 3F 14 D2 EC 2D CC C0 24 18 B3 B5
000232D0  00 00 E0 B1 DC E7 B3 B5 14 D2 CC C0 CC C0 14 D2
000232E0  B3 B5 DC E7 E0 B1 00 00 B3 B5 24 18 CC C0 EC 2D
000232F0  14 D2 34 3F DC E7 4D 4A 00 00 20 4E 24 18 4D 4A
00023300  EC 2D 34 3F 34 3F EC 2D 4D 4A 24 18 20 4E 00 00
00023310  4D 4A DC E7 34 3F 14 D2 EC 2D CC C0 24 18 B3 B5
00023320  00 00 E0 B1 DC E7 B3 B5 14 D2 CC C0 CC C0 14 D2
00023330  B3 B5 DC E7 E0 B1 00 00 B3 B5 24 18 CC C0 EC 2D
00023340  14 D2 34 3F DC E7 4D 4A 00 00 20 4E 24 18 4D 4A
00023350  EC 2D 34 3F 34 3F EC 2D 4D 4A 24 18 20 4E 00 00
00023360  4D 4A DC E7 34 3F 14 D2 EC 2D CC C0 24 18 B3 B5
00023370  00 00 E0 B1 DC E7 B3 B5 14 D2 CC C0 CC C0 14 D2
00023380  B3 B5 DC E7 E0 B1 00 00 B3 B5 24 18 CC C0 EC 2D
00023390  14 D2 34 3F DC E7 4D 4A 00 00 20 4E 24 18 4D 4A
000233A0  EC 2D 34 3F 34 3F EC 2D 4D 4A 24 18 20 4E 00 00
000233B0  4D 4A DC E7 34 3F 14 D2 EC 2D CC C0 24 18 B3 B5
000233C0  00 00 E0 B1 DC E7 B3 B5 14 D2 CC C0 CC C0 14 D2
000233D0  B3 B5 DC E7 E0 B1 00 00 B3 B5 24 18 CC C0 EC 2D
000233E0  14 D2 34 3F DC E7 4D 4A 00 00 20 4E 24 18 4D 4A
000233F0  EC 2D 34 3F 34 3F EC 2D 4D 4A 24 18 20 4E 00 00
00023400  4D 4A DC E7 34 3F 14 D2 EC 2D CC C0 24 18 B3 B5
00023410  00 00 E0 B1 DC E7 B3 B5 14 D2 CC C0 CC C0 14 D2
00023420  B3 B5 DC E7 E0 B1 00 00 B3 B5 24 18 CC C0 EC 2D
00023430  14 D2 34 3F DC E7 4D 4A 00 00 20 4E 24 18 4D 4A
00023440  EC 2D 34 3F 34 3F EC 2D 4D 4A 24 18 20 4E 00 00
00023450  4D 4A DC E7 34 3F 14 D2 EC 2D CC C0 24 18 B3 B5
00023460  00 00 E0 B1 DC E7 B3 B5 14 D2 CC C0 CC C0 14 D2
00023470  B3 B5 DC E7 E0 B1 00 00 B3 B5 24 18 CC C0 EC 2D
00023480  14 D2 34 3F DC E7 4D 4A 00 00 20 4E 24 18 4D 4A
00023490  EC 2D 34 3F 34 3F EC 2D 4D 4A 24 18 20 4E 00 00
000234A0  4D 4A DC E7 34 3F 14 D2 EC 2D CC C0 24 18 B3 B5
000234B0  00 00 E0 B1 DC E7 B3 B5 14 D2 CC C0 CC C0 14 D2
000234C0  B3 B5 DC E7 E0 B1 00 00 B3 B5 24 18 CC C0 EC 2D
000234D0  14 D2 34 3F DC E7 4D 4A 00 00 20 4E 24 18 4D 4A
000234E0  EC 2D 34 3F 34 3F EC 2D 4D 4A 24 18 20 4E 00 00
000234F0  4D 4A DC E7 34 3F 14 D2 EC 2D CC C0 24 18 B3 B5
00023500  00 00 E0 B1 DC E7 B3 B5 14 D2 CC C0 CC C0 14 D2
00023510  B3 B5 DC E7 E0 B1 00 00 B3 B5 24 18 CC C0 EC 2D
00023520  14 D2 34 3F DC E7 4D 4A 00 00 20 4E 24 18 4D 4A
00023530  EC 2D 34 3F 34 3F EC 2D 4D 4A 24 18 20 4E 00 00
00023540  4D 4A DC E7 34 3F 14 D2 EC 2D CC C0 24 18 B3 B5
00023550  00 00 E0 B1 DC E7 B3 B5 14 D2 CC C0 CC C0 14 D2
00023560  B3 B5 DC E7 E0 B1 00 00 B3 B5 24 18 CC C0 EC 2D
00023570  14 D2 34 3F DC E7 4D 4A 00 00 20 4E 24 18 4D 4A
00023580  EC 2D 34 3F 34 3F EC 2D 4D 4A 24 18 20 4E 00 00
00023590  4D 4A DC E7 34 3F 14 D2 EC 2D CC C0 24 18 B3 B5
000235A0  00 00 E0 B1 DC E7 B3 B5 14 D2 CC C0 CC C0 14 D2
000235B0  B3 B5 DC E7 E0 B1 00 00 B3 B5 24 18 CC C0 EC 2D
000235C0  14 D2 34 3F DC E7 4D 4A 00 00 20 4E 24 18 4D 4A
000235D0  EC 2D 34 3F 34 3F EC 2D 4D 4A 24 18 20 4E 00 00
000235E0  4D 4A DC E7 34 3F 14 D2 EC 2D CC C0 24 18 B3 B5
000235F0  00 00 E0 B1 DC E7 B3 B5 14 D2 CC C0 CC C0 14 D2
00023600  B3 B5 DC E7 E0 B1 00 00 B3 B5 24 18 CC C0 EC 2D
00023610  14 D2 34 3F DC E7 4D 4A 00 00 20 4E 24 18 4D 4A
00023620  EC 2D 34 3F 34 3F EC 2D 4D 4A 24 18 20 4E 00 00
00023630  4D 4A DC E7 34 3F 14 D2 EC 2D CC C0 24 18 B3 B5
00023640  00 00 E0 B1 DC E7 B3 B5 14 D2 CC C0 CC C0 14 D2
00023650  B3 B5 DC E7 E0 B1 00 00 B3 B5 24 18 CC C0 EC 2D
00023660  14 D2 34 3F DC E7 4D 4A 00 00 20 4E 24 18 4D 4A
00023670  EC 2D 34 3F 34 3F EC 2D 4D 4A 24 18 20 4E 00 00
00023680  4D 4A DC E7 34 3F 14 D2 EC 2D CC C0 24 18 B3 B5
00023690  00 00 E0 B1 DC E7 B3 B5 14 D2 CC C0 CC C0 14 D2
000236A0  B3 B5 DC E7 E0 B1 00 00 B3 B5 24 18 CC C0 EC 2D
000236B0  14 D2 34 3F DC E7 4D 4A 00 00 20 4E 24 18 4D 4A
000236C0  EC 2D 34 3F 34 3F EC 2D 4D 4A 24 18 20 4E 00 00
000236D0  4D 4A DC E7 34 3F 14 D2 EC 2D CC C0 24 18 B3 B5
000236E0  00 00 E0 B1 DC E7 B3 B5 14 D2 CC C0 CC C0 14 D2
000236F0  B3 B5 DC E7 E0 B1 00 00 B3 B5 24 18 CC C0 EC 2D
00023700  14 D2 34 3F DC E7 4D 4A 00 00 20 4E 24 18 4D 4A
00023710  EC 2D 34 3F 34 3F EC 2D 4D 4A 24 18 20 4E 00 00
00023720  4D 4A DC E7 34 3F 14 D2 EC 2D CC C0 24 18 B3 B5
00023730  00 00 E0 B1 DC E7 B3 B5 14 D2 CC C0 CC C0 14 D2
00023740  B3 B5 DC E7 E0 B1 00 00 B3 B5 24 18 CC C0 EC 2D
00023750  14 D2 34 3F DC E7 4D 4A 00 00 20 4E 24 18 4D 4A
00023760  EC 2D 34 3F 34 3F EC 2D 4D 4A 24 18 20 4E 00 00
00023770  4D 4A DC E7 34 3F 14 D2 EC 2D CC C0 24 18 B3 B5
00023780  00 00 E0 B1 DC E7 B3 B5 14 D2 CC C0 CC C0 14 D2
00023790  B3 B5 DC E7 E0 B1 00 00 B3 B5 24 18 CC C0 EC 2D
000237A0  14 D2 34 3F DC E7 4D 4A 00 00 20 4E 24 18 4D 4A
000237B0  EC 2D 34 3F 34 3F EC 2D 4D 4A 24 18 20 4E 00 00
000237C0  4D 4A DC E7 34 3F 14 D2 EC 2D CC C0 24 18 B3 B5
000237D0  00 00 E0 B1 DC E7 B3 B5 14 D2 CC C0 CC C0 14 D2
000237E0  B3 B5 DC E7 E0 B1 00 00 B3 B5 24 18 CC C0 EC 2D
000237F0  14 D2 34 3F DC E7 4D 4A 00 00 20 4E 24 18 4D 4A
00023800  EC 2D 34 3F 34 3F EC 2D 4D 4A 24 18 20 4E 00 00
00023810  4D 4A DC E7 34 3F 14 D2 EC 2D CC C0 24 18 B3 B5
00023820  00 00 E0 B1 DC E7 B3 B5 14 D2 CC C0 CC C0 14 D2
00023830  B3 B5 DC E7 E0 B1 00 00 B3 B5 24 18 CC C0 EC 2D
00023840  14 D2 34 3F DC E7 4D 4A 00 00 20 4E 24 18 4D 4A
00023850  EC 2D 34 3F 34 3F EC 2D 4D 4A 24 18 20 4E 00 00
00023860  4D 4A DC E7 34 3F 14 D2 EC 2D CC C0 24 18 B3 B5
00023870  00 00 E0 B1 DC E7 B3 B5 14 D2 CC C0 CC C0 14 D2
00023880  B3 B5 DC E7 E0 B1 00 00 B3 B5 24 18 CC C0 EC 2D
00023890  14 D2 34 3F DC E7 4D 4A 00 00 20 4E 24 18 4D 4A
000238A0  EC 2D 34 3F 34 3F EC 2D 4D 4A 24 18 20 4E 00 00
000238B0  4D 4A DC E7 34 3F 14 D2 EC 2D CC C0 24 18 B3 B5
000238C0  00 00 E0 B1 DC E7 B3 B5 14 D2 CC C0 CC C0 14 D2
000238D0  B3 B5 DC E7 E0 B1 00 00 B3 B5 24 18 CC C0 EC 2D
000238E0  14 D2 34 3F DC E7 4D 4A 00 00 20 4E 24 18 4D 4A
000238F0  EC 2D 34 3F 34 3F EC 2D 4D 4A 24 18 20 4E 00 00
00023900  4D 4A DC E7 34 3F 14 D2 EC 2D CC C0 24 18 B3 B5
00023910  00 00 E0 B1 DC E7 B3 B5 14 D2 CC C0 CC C0 14 D2
00023920  B3 B5 DC E7 E0 B1 00 00 B3 B5 24 18 CC C0 EC 2D
00023930  14 D2 34 3F DC E7 4D 4A 00 00 20 4E 24 18 4D 4A
00023940  EC 2D 34 3F 34 3F EC 2D 4D 4A 24 18 20 4E 00 00
00023950  4D 4A DC E7 34 3F 14 D2 EC 2D CC C0 24 18 B3 B5
00023960  00 00 E0 B1 DC E7 B3 B5 14 D2 CC C0 CC C0 14 D2
00023970  B3 B5 DC E7 E0 B1 00 00 B3 B5 24 18 CC C0 EC 2D
00023980  14 D2 34 3F DC E7 4D 4A 00 00 20 4E 24 18 4D 4A
00023990  EC 2D 34 3F 34 3F EC 2D 4D 4A 24 18 20 4E 00 00
000239A0  4D 4A DC E7 34 3F 14 D2 EC 2D CC C0 24 18 B3 B5
000239B0  00 00 E0 B1 DC E7 B3 B5 14 D2 CC C0 CC C0 14 D2
000239C0  B3 B5 DC E7 E0 B1 00 00 B3 B5 24 18 CC C0 EC 2D
000239D0  14 D2 34 3F DC E7 4D 4A 00 00 20 4E 24 18 4D 4A
000239E0  EC 2D 34 3F 34 3F EC 2D 4D 4A 24 18 20 4E 00 00
000239F0  4D 4A DC E7 34 3F 14 D2 EC 2D CC C0 24 18 B3 B5
00023A00  00 00 E0 B1 DC E7 B3 B5 14 D2 CC C0 CC C0 14 D2
00023A10  B3 B5 DC E7 E0 B1 00 00 B3 B5 24 18 CC C0 EC 2D
00023A20  14 D2 34 3F DC E7 4D 4A 00 00 20 4E 24 18 4D 4A
00023A30  EC 2D 34 3F 34 3F EC 2D 4D 4A 24 18 20 4E 00 00
00023A40  4D 4A DC E7 34 3F 14 D2 EC 2D CC C0 24 18 B3 B5
00023A50  00 00 E0 B1 DC E7 B3 B5 14 D2 CC C0 CC C0 14 D2
00023A60  B3 B5 DC E7 E0 B1 00 00 B3 B5 24 18 CC C0 EC 2D
00023A70  14 D2 34 3F DC E7 4D 4A 00 00 20 4E 24 18 4D 4A
00023A80  EC 2D 34 3F 34 3F EC 2D 4D 4A 24 18 20 4E 00 00
00023A90  4D 4A DC E7 34 3F 14 D2 EC 2D CC C0 24 18 B3 B5
00023AA0  00 00 E0 B1 DC E7 B3 B5 14 D2 CC C0 CC C0 14 D2
00023AB0  B3 B5 DC E7 E0 B1 00 00 B3 B5 24 18 CC C0 EC 2D
00023AC0  14 D2 34 3F DC E7 4D 4A 00 00 20 4E 24 18 4D 4A
00023AD0  EC 2D 34 3F 34 3F EC 2D 4D 4A 24 18 20 4E 00 00
00023AE0  4D 4A DC E7 34 3F 14 D2 EC 2D CC C0 24 18 B3 B5
00023AF0  00 00 E0 B1 DC E7 B3 B5 14 D2 CC C0 CC C0 14 D2
00023B00  B3 B5 DC E7 E0 B1 00 00 B3 B5 24 18 CC C0 EC 2D
00023B10  14 D2 34 3F DC E7 4D 4A 00 00 20 4E 24 18 4D 4A
00023B20  EC 2D 34 3F 34 3F EC 2D 4D 4A 24 18 20 4E 00 00
00023B30  4D 4A DC E7 34 3F 14 D2 EC 2D CC C0 24 18 B3 B5
00023B40  00 00 E0 B1 DC E7 B3 B5 14 D2 CC C0 CC C0 14 D2
00023B50  B3 B5 DC E7 E0 B1 00 00 B3 B5 24 18 CC C0 EC 2D
00023B60  14 D2 34 3F DC E7 4D 4A 00 00 20 4E 24 18 4D 4A
00023B70  EC 2D 34 3F 34 3F EC 2D 4D 4A 24 18 20 4E 00 00
00023B80  4D 4A DC E7 34 3F 14 D2 EC 2D CC C0 24 18 B3 B5
00023B90  00 00 E0 B1 DC E7 B3 B5 14 D2 CC C0 CC C0 14 D2
00023BA0  B3 B5 DC E7 E0 B1 00 00 B3 B5 24 18 CC C0 EC 2D
00023BB0  14 D2 34 3F DC E7 4D 4A 00 00 20 4E 24 18 4D 4A
00023BC0  EC 2D 34 3F 34 3F EC 2D 4D 4A 24 18 20 4E 00 00
00023BD0  4D 4A DC E7 34 3F 14 D2 EC 2D CC C0 24 18 B3 B5
00023BE0  00 00 E0 B1 DC E7 B3 B5 14 D2 CC C0 CC C0 14 D2
00023BF0  B3 B5 DC E7 E0 B1 00 00 B3 B5 24 18 CC C0 EC 2D
00023C00  14 D2 34 3F DC E7 4D 4A 00 00 20 4E 24 18 4D 4A
00023C10  EC 2D 34 3F 34 3F EC 2D 4D 4A 24 18 20 4E 00 00
00023C20  4D 4A DC E7 34 3F 14 D2 EC 2D CC C0 24 18 B3 B5
00023C30  00 00 E0 B1 DC E7 B3 B5 14 D2 CC C0 CC C0 14 D2
00023C40  B3 B5 DC E7 E0 B1 00 00 B3 B5 24 18 CC C0 EC 2D
00023C50  14 D2 34 3F DC E7 4D 4A 00 00 20 4E 24 18 4D 4A
00023C60  EC 2D 34 3F 34 3F EC 2D 4D 4A 24 18 20 4E 00 00
00023C70  4D 4A DC E7 34 3F 14 D2 EC 2D CC C0 24 18 B3 B5
00023C80  00 00 E0 B1 DC E7 B3 B5 14 D2 CC C0 CC C0 14 D2
00023C90  B3 B5 DC E7 E0 B1 00 00 B3 B5 24 18 CC C0 EC 2D
00023CA0  14 D2 34 3F DC E7 4D 4A 00 00 20 4E 24 18 4D 4A
00023CB0  EC 2D 34 3F 34 3F EC 2D 4D 4A 24 18 20 4E 00 00
00023CC0  4D 4A DC E7 34 3F 14 D2 EC 2D CC C0 24 18 B3 B5
00023CD0  00 00 E0 B1 DC E7 B3 B5 14 D2 CC C0 CC C0 14 D2
00023CE0  B3 B5 DC E7 E0 B1 00 00 B3 B5 24 18 CC C0 EC 2D
00023CF0  14 D2 34 3F DC E7 4D 4A 00 00 20 4E 24 18 4D 4A
00023D00  EC 2D 34 3F 34 3F EC 2D 4D 4A 24 18 20 4E 00 00
00023D10  4D 4A DC E7 34 3F 14 D2 EC 2D CC C0 24 18 B3 B5
00023D20  00 00 E0 B1 DC E7 B3 B5 14 D2 CC C0 CC C0 14 D2
00023D30  B3 B5 DC E7 E0 B1 00 00 B3 B5 24 18 CC C0 EC 2D
00023D40  14 D2 34 3F DC E7 4D 4A 00 00 20 4E 24 18 4D 4A
00023D50  EC 2D 34 3F 34 3F EC 2D 4D 4A 24 18 20 4E 00 00
00023D60  4D 4A DC E7 34 3F 14 D2 EC 2D CC C0 24 18 B3 B5
00023D70  00 00 E0 B1 DC E7 B3 B5 14 D2 CC C0 CC C0 14 D2
00023D80  B3 B5 DC E7 E0 B1 00 00 B3 B5 24 18 CC C0 EC 2D
00023D90  14 D2 34 3F DC E7 4D 4A 00 00 20 4E 24 18 4D 4A
00023DA0  EC 2D 34 3F 34 3F EC 2D 4D 4A 24 18 20 4E 00 00
00023DB0  4D 4A DC E7 34 3F 14 D2 EC 2D CC C0 24 18 B3 B5
00023DC0  00 00 E0 B1 DC E7 B3 B5 14 D2 CC C0 CC C0 14 D2
00023DD0  B3 B5 DC E7 E0 B1 00 00 B3 B5 24 18 CC C0 EC 2D
00023DE0  14 D2 34 3F DC E7 4D 4A 00 00 20 4E 24 18 4D 4A
00023DF0  EC 2D 34 3F 34 3F EC 2D 4D 4A 24 18 20 4E 00 00
00023E00  4D 4A DC E7 34 3F 14 D2 EC 2D CC C0 24 18 B3 B5
00023E10  00 00 E0 B1 DC E7 B3 B5 14 D2 CC C0 CC C0 14 D2
00023E20  B3 B5 DC E7 E0 B1 00 00 B3 B5 24 18 CC C0 EC 2D
00023E30  14 D2 34 3F DC E7 4D 4A 00 00 20 4E 24 18 4D 4A
00023E40  EC 2D 34 3F 34 3F EC 2D 4D 4A 24 18 20 4E 00 00
00023E50  4D 4A DC E7 34 3F 14 D2 EC 2D CC C0 24 18 B3 B5
00023E60  00 00 E0 B1 DC E7 B3 B5 14 D2 CC C0 CC C0 14 D2
00023E70  B3 B5 DC E7 E0 B1 00 00 B3 B5 24 18 CC C0 EC 2D
00023E80  14 D2 34 3F DC E7 4D 4A 00 00 20 4E 24 18 4D 4A
00023E90  EC 2D 34 3F 34 3F EC 2D 4D 4A 24 18 20 4E 00 00
00023EA0  4D 4A DC E7 34 3F 14 D2 EC 2D CC C0 24 18 B3 B5
00023EB0  00 00 E0 B1 DC E7 B3 B5 14 D2 CC C0 CC C0 14 D2
00023EC0  B3 B5 DC E7 E0 B1 00 00 B3 B5 24 18 CC C0 EC 2D
00023ED0  14 D2 34 3F DC E7 4D 4A 00 00 20 4E 24 18 4D 4A
00023EE0  EC 2D 34 3F 34 3F EC 2D 4D 4A 24 18 20 4E 00 00
00023EF0  4D 4A DC E7 34 3F 14 D2 EC 2D CC C0 24 18 B3 B5
00023F00  00 00 E0 B1 DC E7 B3 B5 14 D2 CC C0 CC C0 14 D2
00023F10  B3 B5 DC E7 E0 B1 00 00 B3 B5 24 18 CC C0 EC 2D
00023F20  14 D2 34 3F DC E7 4D 4A 00 00 20 4E 24 18 4D 4A
00023F30  EC 2D 34 3F 34 3F EC 2D 4D 4A 24 18 20 4E 00 00
00023F40  4D 4A DC E7 34 3F 14 D2 EC 2D CC C0 24 18 B3 B5
00023F50  00 00 E0 B1 DC E7 B3 B5 14 D2 CC C0 CC C0 14 D2
00023F60  B3 B5 DC E7 E0 B1 00 00 B3 B5 24 18 CC C0 EC 2D
00023F70  14 D2 34 3F DC E7 4D 4A 00 00 20 4E 24 18 4D 4A
00023F80  EC 2D 34 3F 34 3F EC 2D 4D 4A 24 18 20 4E 00 00
00023F90  4D 4A DC E7 34 3F 14 D2 EC 2D CC C0 24 18 B3 B5
00023FA0  00 00 E0 B1 DC E7 B3 B5 14 D2 CC C0 CC C0 14 D2
00023FB0  B3 B5 DC E7 E0 B1 00 00 B3 B5 24 18 CC C0 EC 2D
00023FC0  14 D2 34 3F DC E7 4D 4A 00 00 20 4E 24 18 4D 4A
00023FD0  EC 2D 34 3F 34 3F EC 2D 4D 4A 24 18 20 4E 00 00
00023FE0  4D 4A DC E7 34 3F 14 D2 EC 2D CC C0 24 18 B3 B5
00023FF0  00 00 E0 B1 DC E7 B3 B5 14 D2 CC C0 CC C0 14 D2
00024000  B3 B5 DC E7 E0 B1 00 00 B3 B5 24 18 CC C0 EC 2D
00024010  14 D2 34 3F DC E7 4D 4A 00 00 20 4E 24 18 4D 4A
00024020  EC 2D 34 3F 34 3F EC 2D 4D 4A 24 18 20 4E 00 00
00024030  4D 4A DC E7 34 3F 14 D2 EC 2D CC C0 24 18 B3 B5
00024040  00 00 E0 B1 DC E7 B3 B5 14 D2 CC C0 CC C0 14 D2
00024050  B3 B5 DC E7 E0 B1 00 00 B3 B5 24 18 CC C0 EC 2D
00024060  14 D2 34 3F DC E7 4D 4A 00 00 20 4E 24 18 4D 4A
00024070  EC 2D 34 3F 34 3F EC 2D 4D 4A 24 18 20 4E 00 00
00024080  4D 4A DC E7 34 3F 14 D2 EC 2D CC C0 24 18 B3 B5
00024090  00 00 E0 B1 DC E7 B3 B5 14 D2 CC C0 CC C0 14 D2
000240A0  B3 B5 DC E7 E0 B1 00 00 B3 B5 24 18 CC C0 EC 2D
000240B0  14 D2 34 3F DC E7 4D 4A 00 00 20 4E 24 18 4D 4A
000240C0  EC 2D 34 3F 34 3F EC 2D 4D 4A 24 18 20 4E 00 00
000240D0  4D 4A DC E7 34 3F 14 D2 EC 2D CC C0 24 18 B3 B5
000240E0  00 00 E0 B1 DC E7 B3 B5 14 D2 CC C0 CC C0 14 D2
000240F0  B3 B5 DC E7 E0 B1 00 00 B3 B5 24 18 CC C0 EC 2D
00024100  14 D2 34 3F DC E7 4D 4A 00 00 20 4E 24 18 4D 4A
00024110  EC 2D 34 3F 34 3F EC 2D 4D 4A 24 18 20 4E 00 00
00024120  4D 4A DC E7 34 3F 14 D2 EC 2D CC C0 24 18 B3 B5
00024130  00 00 E0 B1 DC E7 B3 B5 14 D2 CC C0 CC C0 14 D2
00024140  B3 B5 DC E7 E0 B1 00 00 B3 B5 24 18 CC C0 EC 2D
00024150  14 D2 34 3F DC E7 4D 4A 00 00 20 4E 24 18 4D 4A
00024160  EC 2D 34 3F 34 3F EC 2D 4D 4A 24 18 20 4E 00 00
00024170  4D 4A DC E7 34 3F 14 D2 EC 2D CC C0 24 18 B3 B5
00024180  00 00 E0 B1 DC E7 B3 B5 14 D2 CC C0 CC C0 14 D2
00024190  B3 B5 DC E7 E0 B1 00 00 B3 B5 24 18 CC C0 EC 2D
000241A0  14 D2 34 3F DC E7 4D 4A 00 00 20 4E 24 18 4D 4A
000241B0  EC 2D 34 3F 34 3F EC 2D 4D 4A 24 18 20 4E 00 00
000241C0  4D 4A DC E7 34 3F 14 D2 EC 2D CC C0 24 18 B3 B5
000241D0  00 00 E0 B1 DC E7 B3 B5 14 D2 CC C0 CC C0 14 D2
000241E0  B3 B5 DC E7 E0 B1 00 00 B3 B5 24 18 CC C0 EC 2D
000241F0  14 D2 34 3F DC E7 4D 4A 00 00 20 4E 24 18 4D 4A
00024200  EC 2D 34 3F 34 3F EC 2D 4D 4A 24 18 20 4E 00 00
00024210  4D 4A DC E7 34 3F 14 D2 EC 2D CC C0 24 18 B3 B5
00024220  00 00 E0 B1 DC E7 B3 B5 14 D2 CC C0 CC C0 14 D2
00024230  B3 B5 DC E7 E0 B1 00 00 B3 B5 24 18 CC C0 EC 2D
00024240  14 D2 34 3F DC E7 4D 4A 00 00 20 4E 24 18 4D 4A
00024250  EC 2D 34 3F 34 3F EC 2D 4D 4A 24 18 20 4E 00 00
00024260  4D 4A DC E7 34 3F 14 D2 EC 2D CC C0 24 18 B3 B5
00024270  00 00 E0 B1 DC E7 B3 B5 14 D2 CC C0 CC C0 14 D2
00024280  B3 B5 DC E7 E0 B1 00 00 B3 B5 24 18 CC C0 EC 2D
00024290  14 D2 34 3F DC E7 4D 4A 00 00 20 4E 24 18 4D 4A
000242A0  EC 2D 34 3F 34 3F EC 2D 4D 4A 24 18 20 4E 00 00
000242B0  4D 4A DC E7 34 3F 14 D2 EC 2D CC C0 24 18 B3 B5
000242C0  00 00 E0 B1 DC E7 B3 B5 14 D2 CC C0 CC C0 14 D2
000242D0  B3 B5 DC E7 E0 B1 00 00 B3 B5 24 18 CC C0 EC 2D
000242E0  14 D2 34 3F DC E7 4D 4A 00 00 20 4E 24 18 4D 4A
000242F0  EC 2D 34 3F 34 3F EC 2D 4D 4A 24 18 20 4E 00 00
00024300  4D 4A DC E7 34 3F 14 D2 EC 2D CC C0 24 18 B3 B5
00024310  00 00 E0 B1 DC E7 B3 B5 14 D2 CC C0 CC C0 14 D2
00024320  B3 B5 DC E7 E0 B1 00 00 B3 B5 24 18 CC C0 EC 2D
00024330  14 D2 34 3F DC E7 4D 4A 00 00 20 4E 24 18 4D 4A
00024340  EC 2D 34 3F 34 3F EC 2D 4D 4A 24 18 20 4E 00 00
00024350  4D 4A DC E7 34 3F 14 D2 EC 2D CC C0 24 18 B3 B5
00024360  00 00 E0 B1 DC E7 B3 B5 14 D2 CC C0 CC C0 14 D2
00024370  B3 B5 DC E7 E0 B1 00 00 B3 B5 24 18 CC C0 EC 2D
00024380  14 D2 34 3F DC E7 4D 4A 00 00 20 4E 24 18 4D 4A
00024390  EC 2D 34 3F 34 3F EC 2D 4D 4A 24 18 20 4E 00 00
000243A0  4D 4A DC E7 34 3F 14 D2 EC 2D CC C0 24 18 B3 B5
000243B0  00 00 E0 B1 DC E7 B3 B5 14 D2 CC C0 CC C0 14 D2
000243C0  B3 B5 DC E7 E0 B1 00 00 B3 B5 24 18 CC C0 EC 2D
000243D0  14 D2 34 3F DC E7 4D 4A 00 00 20 4E 24 18 4D 4A
000243E0  EC 2D 34 3F 34 3F EC 2D 4D 4A 24 18 20 4E 00 00
000243F0  4D 4A DC E7 34 3F 14 D2 EC 2D CC C0 24 18 B3 B5
00024400  00 00 E0 B1 DC E7 B3 B5 14 D2 CC C0 CC C0 14 D2
00024410  B3 B5 DC E7 E0 B1 00 00 B3 B5 24 18 CC C0 EC 2D
00024420  14 D2 34 3F DC E7 4D 4A 00 00 20 4E 24 18 4D 4A
00024430  EC 2D 34 3F 34 3F EC 2D 4D 4A 24 18 20 4E 00 00
00024440  4D 4A DC E7 34 3F 14 D2 EC 2D CC C0 24 18 B3 B5
00024450  00 00 E0 B1 DC E7 B3 B5 14 D2 CC C0 CC C0 14 D2
00024460  B3 B5 DC E7 E0 B1 00 00 B3 B5 24 18 CC C0 EC 2D
00024470  14 D2 34 3F DC E7 4D 4A 00 00 20 4E 24 18 4D 4A
00024480  EC 2D 34 3F 34 3F EC 2D 4D 4A 24 18 20 4E 00 00
00024490  4D 4A DC E7 34 3F 14 D2 EC 2D CC C0 24 18 B3 B5
000244A0  00 00 E0 B1 DC E7 B3 B5 14 D2 CC C0 CC C0 14 D2
000244B0  B3 B5 DC E7 E0 B1 00 00 B3 B5 24 18 CC C0 EC 2D
000244C0  14 D2 34 3F DC E7 4D 4A 00 00 20 4E 24 18 4D 4A
000244D0  EC 2D 34 3F 34 3F EC 2D 4D 4A 24 18 20 4E 00 00
000244E0  4D 4A DC E7 34 3F 14 D2 EC 2D CC C0 24 18 B3 B5
000244F0  00 00 E0 B1 DC E7 B3 B5 14 D2 CC C0 CC C0 14 D2
00024500  B3 B5 DC E7 E0 B1 00 00 B3 B5 24 18 CC C0 EC 2D
00024510  14 D2 34 3F DC E7 4D 4A 00 00 20 4E 24 18 4D 4A
00024520  EC 2D 34 3F 34 3F EC 2D 4D 4A 24 18 20 4E 00 00
00024530  4D 4A DC E7 34 3F 14 D2 EC 2D CC C0 24 18 B3 B5
00024540  00 00 E0 B1 DC E7 B3 B5 14 D2 CC C0 CC C0 14 D2
00024550  B3 B5 DC E7 E0 B1 00 00 B3 B5 24 18 CC C0 EC 2D
00024560  14 D2 34 3F DC E7 4D 4A 00 00 20 4E 24 18 4D 4A
00024570  EC 2D 34 3F 34 3F EC 2D 4D 4A 24 18 20 4E 00 00
00024580  4D 4A DC E7 34 3F 14 D2 EC 2D CC C0 24 18 B3 B5
00024590  00 00 E0 B1 DC E7 B3 B5 14 D2 CC C0 CC C0 14 D2
000245A0  B3 B5 DC E7 E0 B1 00 00 B3 B5 24 18 CC C0 EC 2D
000245B0  14 D2 34 3F DC E7 4D 4A 00 00 20 4E 24 18 4D 4A
000245C0  EC 2D 34 3F 34 3F EC 2D 4D 4A 24 18 20 4E 00 00
000245D0  4D 4A DC E7 34 3F 14 D2 EC 2D CC C0 24 18 B3 B5
000245E0  00 00 E0 B1 DC E7 B3 B5 14 D2 CC C0 CC C0 14 D2
000245F0  B3 B5 DC E7 E0 B1 00 00 B3 B5 24 18 CC C0 EC 2D
00024600  14 D2 34 3F DC E7 4D 4A 00 00 20 4E 24 18 4D 4A
00024610  EC 2D 34 3F 34 3F EC 2D 4D 4A 24 18 20 4E 00 00
00024620  4D 4A DC E7 34 3F 14 D2 EC 2D CC C0 24 18 B3 B5
00024630  00 00 E0 B1 DC E7 B3 B5 14 D2 CC C0 CC C0 14 D2
00024640  B3 B5 DC E7 E0 B1 00 00 B3 B5 24 18 CC C0 EC 2D
00024650  14 D2 34 3F DC E7 4D 4A 00 00 20 4E 24 18 4D 4A
00024660  EC 2D 34 3F 34 3F EC 2D 4D 4A 24 18 20 4E 00 00
00024670  4D 4A DC E7 34 3F 14 D2 EC 2D CC C0 24 18 B3 B5
00024680  00 00 E0 B1 DC E7 B3 B5 14 D2 CC C0 CC C0 14 D2
00024690  B3 B5 DC E7 E0 B1 00 00 B3 B5 24 18 CC C0 EC 2D
000246A0  14 D2 34 3F DC E7 4D 4A 00 00 20 4E 24 18 4D 4A
000246B0  EC 2D 34 3F 34 3F EC 2D 4D 4A 24 18 20 4E 00 00
000246C0  4D 4A DC E7 34 3F 14 D2 EC 2D CC C0 24 18 B3 B5
000246D0  00 00 E0 B1 DC E7 B3 B5 14 D2 CC C0 CC C0 14 D2
000246E0  B3 B5 DC E7 E0 B1 00 00 B3 B5 24 18 CC C0 EC 2D
000246F0  14 D2 34 3F DC E7 4D 4A 00 00 20 4E 24 18 4D 4A
00024700  EC 2D 34 3F 34 3F EC 2D 4D 4A 24 18 20 4E 00 00
00024710  4D 4A DC E7 34 3F 14 D2 EC 2D CC C0 24 18 B3 B5
00024720  00 00 E0 B1 DC E7 B3 B5 14 D2 CC C0 CC C0 14 D2
00024730  B3 B5 DC E7 E0 B1 00 00 B3 B5 24 18 CC C0 EC 2D
00024740  14 D2 34 3F DC E7 4D 4A 00 00 20 4E 24 18 4D 4A
00024750  EC 2D 34 3F 34 3F EC 2D 4D 4A 24 18 20 4E 00 00
00024760  4D 4A DC E7 34 3F 14 D2 EC 2D CC C0 24 18 B3 B5
00024770  00 00 E0 B1 DC E7 B3 B5 14 D2 CC C0 CC C0 14 D2
00024780  B3 B5 DC E7 E0 B1 00 00 B3 B5 24 18 CC C0 EC 2D
00024790  14 D2 34 3F DC E7 4D 4A 00 00 20 4E 24 18 4D 4A
000247A0  EC 2D 34 3F 34 3F EC 2D 4D 4A 24 18 20 4E 00 00
000247B0  4D 4A DC E7 34 3F 14 D2 EC 2D CC C0 24 18 B3 B5
000247C0  00 00 E0 B1 DC E7 B3 B5 14 D2 CC C0 CC C0 14 D2
000247D0  B3 B5 DC E7 E0 B1 00 00 B3 B5 24 18 CC C0 EC 2D
000247E0  14 D2 34 3F DC E7 4D 4A 00 00 20 4E 24 18 4D 4A
000247F0  EC 2D 34 3F 34 3F EC 2D 4D 4A 24 18 20 4E 00 00
00024800  4D 4A DC E7 34 3F 14 D2 EC 2D CC C0 24 18 B3 B5
00024810  00 00 E0 B1 DC E7 B3 B5 14 D2 CC C0 CC C0 14 D2
00024820  B3 B5 DC E7 E0 B1 00 00 B3 B5 24 18 CC C0 EC 2D
00024830  14 D2 34 3F DC E7 4D 4A 00 00 20 4E 24 18 4D 4A
00024840  EC 2D 34 3F 34 3F EC 2D 4D 4A 24 18 20 4E 00 00
00024850  4D 4A DC E7 34 3F 14 D2 EC 2D CC C0 24 18 B3 B5
00024860  00 00 E0 B1 DC E7 B3 B5 14 D2 CC C0 CC C0 14 D2
00024870  B3 B5 DC E7 E0 B1 00 00 B3 B5 24 18 CC C0 EC 2D
00024880  14 D2 34 3F DC E7 4D 4A 00 00 20 4E 24 18 4D 4A
00024890  EC 2D 34 3F 34 3F EC 2D 4D 4A 24 18 20 4E 00 00
000248A0  4D 4A DC E7 34 3F 14 D2 EC 2D CC C0 24 18 B3 B5
000248B0  00 00 E0 B1 DC E7 B3 B5 14 D2 CC C0 CC C0 14 D2
000248C0  B3 B5 DC E7 E0 B1 00 00 B3 B5 24 18 CC C0 EC 2D
000248D0  14 D2 34 3F DC E7 4D 4A 00 00 20 4E 24 18 4D 4A
000248E0  EC 2D 34 3F 34 3F EC 2D 4D 4A 24 18 20 4E 00 00
000248F0  4D 4A DC E7 34 3F 14 D2 EC 2D CC C0 24 18 B3 B5
00024900  00 00 E0 B1 DC E7 B3 B5 14 D2 CC C0 CC C0 14 D2
00024910  B3 B5 DC E7 E0 B1 00 00 B3 B5 24 18 CC C0 EC 2D
00024920  14 D2 34 3F DC E7 4D 4A 00 00 20 4E 24 18 4D 4A
00024930  EC 2D 34 3F 34 3F EC 2D 4D 4A 24 18 20 4E 00 00
00024940  4D 4A DC E7 34 3F 14 D2 EC 2D CC C0 24 18 B3 B5
00024950  00 00 E0 B1 DC E7 B3 B5 14 D2 CC C0 CC C0 14 D2
00024960  B3 B5 DC E7 E0 B1 00 00 B3 B5 24 18 CC C0 EC 2D
00024970  14 D2 34 3F DC E7 4D 4A 00 00 20 4E 24 18 4D 4A
00024980  EC 2D 34 3F 34 3F EC 2D 4D 4A 24 18 20 4E 00 00
00024990  4D 4A DC E7 34 3F 14 D2 EC 2D CC C0 24 18 B3 B5
000249A0  00 00 E0 B1 DC E7 B3 B5 14 D2 CC C0 CC C0 14 D2
000249B0  B3 B5 DC E7 E0 B1 00 00 B3 B5 24 18 CC C0 EC 2D
000249C0  14 D2 34 3F DC E7 4D 4A 00 00 20 4E 24 18 4D 4A
000249D0  EC 2D 34 3F 34 3F EC 2D 4D 4A 24 18 20 4E 00 00
000249E0  4D 4A DC E7 34 3F 14 D2 EC 2D CC C0 24 18 B3 B5
000249F0  00 00 E0 B1 DC E7 B3 B5 14 D2 CC C0 CC C0 14 D2
00024A00  B3 B5 DC E7 E0 B1 00 00 B3 B5 24 18 CC C0 EC 2D
00024A10  14 D2 34 3F DC E7 4D 4A 00 00 20 4E 24 18 4D 4A
00024A20  EC 2D 34 3F 34 3F EC 2D 4D 4A 24 18 20 4E 00 00
00024A30  4D 4A DC E7 34 3F 14 D2 EC 2D CC C0 24 18 B3 B5
00024A40  00 00 E0 B1 DC E7 B3 B5 14 D2 CC C0 CC C0 14 D2
00024A50  B3 B5 DC E7 E0 B1 00 00 B3 B5 24 18 CC C0 EC 2D
00024A60  14 D2 34 3F DC E7 4D 4A 00 00 20 4E 24 18 4D 4A
00024A70  EC 2D 34 3F 34 3F EC 2D 4D 4A 24 18 20 4E 00 00
00024A80  4D 4A DC E7 34 3F 14 D2 EC 2D CC C0 24 18 B3 B5
00024A90  00 00 E0 B1 DC E7 B3 B5 14 D2 CC C0 CC C0 14 D2
00024AA0  B3 B5 DC E7 E0 B1 00 00 B3 B5 24 18 CC C0 EC 2D
00024AB0  14 D2 34 3F DC E7 4D 4A 00 00 20 4E 24 18 4D 4A
00024AC0  EC 2D 34 3F 34 3F EC 2D 4D 4A 24 18 20 4E 00 00
00024AD0  4D 4A DC E7 34 3F 14 D2 EC 2D CC C0 24 18 B3 B5
00024AE0  00 00 E0 B1 DC E7 B3 B5 14 D2 CC C0 CC C0 14 D2
00024AF0  B3 B5 DC E7 E0 B1 00 00 B3 B5 24 18 CC C0 EC 2D
00024B00  14 D2 34 3F DC E7 4D 4A 00 00 20 4E 24 18 4D 4A
00024B10  EC 2D 34 3F 34 3F EC 2D 4D 4A 24 18 20 4E 00 00
00024B20  4D 4A DC E7 34 3F 14 D2 EC 2D CC C0 24 18 B3 B5
00024B30  00 00 E0 B1 DC E7 B3 B5 14 D2 CC C0 CC C0 14 D2
00024B40  B3 B5 DC E7 E0 B1 00 00 B3 B5 24 18 CC C0 EC 2D
00024B50  14 D2 34 3F DC E7 4D 4A 00 00 20 4E 24 18 4D 4A
00024B60  EC 2D 34 3F 34 3F EC 2D 4D 4A 24 18 20 4E 00 00
00024B70  4D 4A DC E7 34 3F 14 D2 EC 2D CC C0 24 18 B3 B5
00024B80  00 00 E0 B1 DC E7 B3 B5 14 D2 CC C0 CC C0 14 D2
00024B90  B3 B5 DC E7 E0 B1 00 00 B3 B5 24 18 CC C0 EC 2D
00024BA0  14 D2 34 3F DC E7 4D 4A 00 00 20 4E 24 18 4D 4A
00024BB0  EC 2D 34 3F 34 3F EC 2D 4D 4A 24 18 20 4E 00 00
00024BC0  4D 4A DC E7 34 3F 14 D2 EC 2D CC C0 24 18 B3 B5
00024BD0  00 00 E0 B1 DC E7 B3 B5 14 D2 CC C0 CC C0 14 D2
00024BE0  B3 B5 DC E7 E0 B1 00 00 B3 B5 24 18 CC C0 EC 2D
00024BF0  14 D2 34 3F DC E7 4D 4A 00 00 20 4E 24 18 4D 4A
00024C00  EC 2D 34 3F 34 3F EC 2D 4D 4A 24 18 20 4E 00 00
00024C10  4D 4A DC E7 34 3F 14 D2 EC 2D CC C0 24 18 B3 B5
00024C20  00 00 E0 B1 DC E7 B3 B5 14 D2 CC C0 CC C0 14 D2
00024C30  B3 B5 DC E7 E0 B1 00 00 B3 B5 24 18 CC C0 EC 2D
00024C40  14 D2 34 3F DC E7 4D 4A 00 00 20 4E 24 18 4D 4A
00024C50  EC 2D 34 3F 34 3F EC 2D 4D 4A 24 18 20 4E 00 00
00024C60  4D 4A DC E7 34 3F 14 D2 EC 2D CC C0 24 18 B3 B5
00024C70  00 00 E0 B1 DC E7 B3 B5 14 D2 CC C0 CC C0 14 D2
00024C80  B3 B5 DC E7 E0 B1 00 00 B3 B5 24 18 CC C0 EC 2D
00024C90  14 D2 34 3F DC E7 4D 4A 00 00 20 4E 24 18 4D 4A
00024CA0  EC 2D 34 3F 34 3F EC 2D 4D 4A 24 18 20 4E 00 00
00024CB0  4D 4A DC E7 34 3F 14 D2 EC 2D CC C0 24 18 B3 B5
00024CC0  00 00 E0 B1 DC E7 B3 B5 14 D2 CC C0 CC C0 14 D2
00024CD0  B3 B5 DC E7 E0 B1 00 00 B3 B5 24 18 CC C0 EC 2D
00024CE0  14 D2 34 3F DC E7 4D 4A 00 00 20 4E 24 18 4D 4A
00024CF0  EC 2D 34 3F 34 3F EC 2D 4D 4A 24 18 20 4E 00 00
00024D00  4D 4A DC E7 34 3F 14 D2 EC 2D CC C0 24 18 B3 B5
00024D10  00 00 E0 B1 DC E7 B3 B5 14 D2 CC C0 CC C0 14 D2
00024D20  B3 B5 DC E7 E0 B1 00 00 B3 B5 24 18 CC C0 EC 2D
00024D30  14 D2 34 3F DC E7 4D 4A 00 00 20 4E 24 18 4D 4A
00024D40  EC 2D 34 3F 34 3F EC 2D 4D 4A 24 18 20 4E 00 00
00024D50  4D 4A DC E7 34 3F 14 D2 EC 2D CC C0 24 18 B3 B5
00024D60  00 00 E0 B1 DC E7 B3 B5 14 D2 CC C0 CC C0 14 D2
00024D70  B3 B5 DC E7 E0 B1 00 00 B3 B5 24 18 CC C0 EC 2D
00024D80  14 D2 34 3F DC E7 4D 4A 00 00 20 4E 24 18 4D 4A
00024D90  EC 2D 34 3F 34 3F EC 2D 4D 4A 24 18 20 4E 00 00
00024DA0  4D 4A DC E7 34 3F 14 D2 EC 2D CC C0 24 18 B3 B5
00024DB0  00 00 E0 B1 DC E7 B3 B5 14 D2 CC C0 CC C0 14 D2
00024DC0  B3 B5 DC E7 E0 B1 00 00 B3 B5 24 18 CC C0 EC 2D
00024DD0  14 D2 34 3F DC E7 4D 4A 00 00 20 4E 24 18 4D 4A
00024DE0  EC 2D 34 3F 34 3F EC 2D 4D 4A 24 18 20 4E 00 00
00024DF0  4D 4A DC E7 34 3F 14 D2 EC 2D CC C0 24 18 B3 B5
00024E00  00 00 E0 B1 DC E7 B3 B5 14 D2 CC C0 CC C0 14 D2
00024E10  B3 B5 DC E7 E0 B1 00 00 B3 B5 24 18 CC C0 EC 2D
00024E20  14 D2 34 3F DC E7 4D 4A 00 00 20 4E 24 18 4D 4A
00024E30  EC 2D 34 3F 34 3F EC 2D 4D 4A 24 18 20 4E 00 00
00024E40  4D 4A DC E7 34 3F 14 D2 EC 2D CC C0 24 18 B3 B5
00024E50  00 00 E0 B1 DC E7 B3 B5 14 D2 CC C0 CC C0 14 D2
00024E60  B3 B5 DC E7 E0 B1 00 00 B3 B5 24 18 CC C0 EC 2D
00024E70  14 D2 34 3F DC E7 4D 4A 00 00 20 4E 24 18 4D 4A
00024E80  EC 2D 34 3F 34 3F EC 2D 4D 4A 24 18 20 4E 00 00
00024E90  4D 4A DC E7 34 3F 14 D2 EC 2D CC C0 24 18 B3 B5
00024EA0  00 00 E0 B1 DC E7 B3 B5 14 D2 CC C0 CC C0 14 D2
00024EB0  B3 B5 DC E7 E0 B1 00 00 B3 B5 24 18 CC C0 EC 2D
00024EC0  14 D2 34 3F DC E7 4D 4A 00 00 20 4E 24 18 4D 4A
00024ED0  EC 2D 34 3F 34 3F EC 2D 4D 4A 24 18 20 4E 00 00
00024EE0  4D 4A DC E7 34 3F 14 D2 EC 2D CC C0 24 18 B3 B5
00024EF0  00 00 E0 B1 DC E7 B3 B5 14 D2 CC C0 CC C0 14 D2
00024F00  B3 B5 DC E7 E0 B1 00 00 B3 B5 24 18 CC C0 EC 2D
00024F10  14 D2 34 3F DC E7 4D 4A 00 00 20 4E 24 18 4D 4A
00024F20  EC 2D 34 3F 34 3F EC 2D 4D 4A 24 18 20 4E 00 00
00024F30  4D 4A DC E7 34 3F 14 D2 EC 2D CC C0 24 18 B3 B5
00024F40  00 00 E0 B1 DC E7 B3 B5 14 D2 CC C0 CC C0 14 D2
00024F50  B3 B5 DC E7 E0 B1 00 00 B3 B5 24 18 CC C0 EC 2D
00024F60  14 D2 34 3F DC E7 4D 4A 00 00 20 4E 24 18 4D 4A
00024F70  EC 2D 34 3F 34 3F EC 2D 4D 4A 24 18 20 4E 00 00
00024F80  4D 4A DC E7 34 3F 14 D2 EC 2D CC C0 24 18 B3 B5
00024F90  00 00 E0 B1 DC E7 B3 B5 14 D2 CC C0 CC C0 14 D2
00024FA0  B3 B5 DC E7 E0 B1 00 00 B3 B5 24 18 CC C0 EC 2D
00024FB0  14 D2 34 3F DC E7 4D 4A 00 00 20 4E 24 18 4D 4A
00024FC0  EC 2D 34 3F 34 3F EC 2D 4D 4A 24 18 20 4E 00 00
00024FD0  4D 4A DC E7 34 3F 14 D2 EC 2D CC C0 24 18 B3 B5
00024FE0  00 00 E0 B1 DC E7 B3 B5 14 D2 CC C0 CC C0 14 D2
00024FF0  B3 B5 DC E7 E0 B1 00 00 B3 B5 24 18 CC C0 EC 2D
00025000  14 D2 34 3F DC E7 4D 4A 00 00 20 4E 24 18 4D 4A
00025010  EC 2D 34 3F 34 3F EC 2D 4D 4A 24 18 20 4E 00 00
00025020  4D 4A DC E7 34 3F 14 D2 EC 2D CC C0 24 18 B3 B5
00025030  00 00 E0 B1 DC E7 B3 B5 14 D2 CC C0 CC C0 14 D2
00025040  B3 B5 DC E7 E0 B1 00 00 B3 B5 24 18 CC C0 EC 2D
00025050  14 D2 34 3F DC E7 4D 4A 00 00 20 4E 24 18 4D 4A
00025060  EC 2D 34 3F 34 3F EC 2D 4D 4A 24 18 20 4E 00 00
00025070  4D 4A DC E7 34 3F 14 D2 EC 2D CC C0 24 18 B3 B5
00025080  00 00 E0 B1 DC E7 B3 B5 14 D2 CC C0 CC C0 14 D2
00025090  B3 B5 DC E7 E0 B1 00 00 B3 B5 24 18 CC C0 EC 2D
000250A0  14 D2 34 3F DC E7 4D 4A 00 00 20 4E 24 18 4D 4A
000250B0  EC 2D 34 3F 34 3F EC 2D 4D 4A 24 18 20 4E 00 00
000250C0  4D 4A DC E7 34 3F 14 D2 EC 2D CC C0 24 18 B3 B5
000250D0  00 00 E0 B1 DC E7 B3 B5 14 D2 CC C0 CC C0 14 D2
000250E0  B3 B5 DC E7 E0 B1 00 00 B3 B5 24 18 CC C0 EC 2D
000250F0  14 D2 34 3F DC E7 4D 4A 00 00 20 4E 24 18 4D 4A
00025100  EC 2D 34 3F 34 3F EC 2D 4D 4A 24 18 20 4E 00 00
00025110  4D 4A DC E7 34 3F 14 D2 EC 2D CC C0 24 18 B3 B5
00025120  00 00 E0 B1 DC E7 B3 B5 14 D2 CC C0 CC C0 14 D2
00025130  B3 B5 DC E7 E0 B1 00 00 B3 B5 24 18 CC C0 EC 2D
00025140  14 D2 34 3F DC E7 4D 4A 00 00 20 4E 24 18 4D 4A
00025150  EC 2D 34 3F 34 3F EC 2D 4D 4A 24 18 20 4E 00 00
00025160  4D 4A DC E7 34 3F 14 D2 EC 2D CC C0 24 18 B3 B5
00025170  00 00 E0 B1 DC E7 B3 B5 14 D2 CC C0 CC C0 14 D2
00025180  B3 B5 DC E7 E0 B1 00 00 B3 B5 24 18 CC C0 EC 2D
00025190  14 D2 34 3F DC E7 4D 4A 00 00 20 4E 24 18 4D 4A
000251A0  EC 2D 34 3F 34 3F EC 2D 4D 4A 24 18 20 4E 00 00
000251B0  4D 4A DC E7 34 3F 14 D2 EC 2D CC C0 24 18 B3 B5
000251C0  00 00 E0 B1 DC E7 B3 B5 14 D2 CC C0 CC C0 14 D2
000251D0  B3 B5 DC E7 E0 B1 00 00 B3 B5 24 18 CC C0 EC 2D
000251E0  14 D2 34 3F DC E7 4D 4A 00 00 20 4E 24 18 4D 4A
000251F0  EC 2D 34 3F 34 3F EC 2D 4D 4A 24 18 20 4E 00 00
00025200  4D 4A DC E7 34 3F 14 D2 EC 2D CC C0 24 18 B3 B5
00025210  00 00 E0 B1 DC E7 B3 B5 14 D2 CC C0 CC C0 14 D2
00025220  B3 B5 DC E7 E0 B1 00 00 B3 B5 24 18 CC C0 EC 2D
00025230  14 D2 34 3F DC E7 4D 4A 00 00 20 4E 24 18 4D 4A
00025240  EC 2D 34 3F 34 3F EC 2D 4D 4A 24 18 20 4E 00 00
00025250  4D 4A DC E7 34 3F 14 D2 EC 2D CC C0 24 18 B3 B5
00025260  00 00 E0 B1 DC E7 B3 B5 14 D2 CC C0 CC C0 14 D2
00025270  B3 B5 DC E7 E0 B1 00 00 B3 B5 24 18 CC C0 EC 2D
00025280  14 D2 34 3F DC E7 4D 4A 00 00 20 4E 24 18 4D 4A
00025290  EC 2D 34 3F 34 3F EC 2D 4D 4A 24 18 20 4E 00 00
000252A0  4D 4A DC E7 34 3F 14 D2 EC 2D CC C0 24 18 B3 B5
000252B0  00 00 E0 B1 DC E7 B3 B5 14 D2 CC C0 CC C0 14 D2
000252C0  B3 B5 DC E7 E0 B1 00 00 B3 B5 24 18 CC C0 EC 2D
000252D0  14 D2 34 3F DC E7 4D 4A 00 00 20 4E 24 18 4D 4A
000252E0  EC 2D 34 3F 34 3F EC 2D 4D 4A 24 18 20 4E 00 00
000252F0  4D 4A DC E7 34 3F 14 D2 EC 2D CC C0 24 18 B3 B5
00025300  00 00 E0 B1 DC E7 B3 B5 14 D2 CC C0 CC C0 14 D2
00025310  B3 B5 DC E7 E0 B1 00 00 B3 B5 24 18 CC C0 EC 2D
00025320  14 D2 34 3F DC E7 4D 4A 00 00 20 4E 24 18 4D 4A
00025330  EC 2D 34 3F 34 3F EC 2D 4D 4A 24 18 20 4E 00 00
00025340  4D 4A DC E7 34 3F 14 D2 EC 2D CC C0 24 18 B3 B5
00025350  00 00 E0 B1 DC E7 B3 B5 14 D2 CC C0 CC C0 14 D2
00025360  B3 B5 DC E7 E0 B1 00 00 B3 B5 24 18 CC C0 EC 2D
00025370  14 D2 34 3F DC E7 4D 4A 00 00 20 4E 24 18 4D 4A
00025380  EC 2D 34 3F 34 3F EC 2D 4D 4A 24 18 20 4E 00 00
00025390  4D 4A DC E7 34 3F 14 D2 EC 2D CC C0 24 18 B3 B5
000253A0  00 00 E0 B1 DC E7 B3 B5 14 D2 CC C0 CC C0 14 D2
000253B0  B3 B5 DC E7 E0 B1 00 00 B3 B5 24 18 CC C0 EC 2D
000253C0  14 D2 34 3F DC E7 4D 4A 00 00 20 4E 24 18 4D 4A
000253D0  EC 2D 34 3F 34 3F EC 2D 4D 4A 24 18 20 4E 00 00
000253E0  4D 4A DC E7 34 3F 14 D2 EC 2D CC C0 24 18 B3 B5
000253F0  00 00 E0 B1 DC E7 B3 B5 14 D2 CC C0 CC C0 14 D2
00025400  B3 B5 DC E7 E0 B1 00 00 B3 B5 24 18 CC C0 EC 2D
00025410  14 D2 34 3F DC E7 4D 4A 00 00 20 4E 24 18 4D 4A
00025420  EC 2D 34 3F 34 3F EC 2D 4D 4A 24 18 20 4E 00 00
00025430  4D 4A DC E7 34 3F 14 D2 EC 2D CC C0 24 18 B3 B5
00025440  00 00 E0 B1 DC E7 B3 B5 14 D2 CC C0 CC C0 14 D2
00025450  B3 B5 DC E7 E0 B1 00 00 B3 B5 24 18 CC C0 EC 2D
00025460  14 D2 34 3F DC E7 4D 4A 00 00 20 4E 24 18 4D 4A
00025470  EC 2D 34 3F 34 3F EC 2D 4D 4A 24 18 20 4E 00 00
00025480  4D 4A DC E7 34 3F 14 D2 EC 2D CC C0 24 18 B3 B5
00025490  00 00 E0 B1 DC E7 B3 B5 14 D2 CC C0 CC C0 14 D2
000254A0  B3 B5 DC E7 E0 B1 00 00 B3 B5 24 18 CC C0 EC 2D
000254B0  14 D2 34 3F DC E7 4D 4A 00 00 20 4E 24 18 4D 4A
000254C0  EC 2D 34 3F 34 3F EC 2D 4D 4A 24 18 20 4E 00 00
000254D0  4D 4A DC E7 34 3F 14 D2 EC 2D CC C0 24 18 B3 B5
000254E0  00 00 E0 B1 DC E7 B3 B5 14 D2 CC C0 CC C0 14 D2
000254F0  B3 B5 DC E7 E0 B1 00 00 B3 B5 24 18 CC C0 EC 2D
00025500  14 D2 34 3F DC E7 4D 4A 00 00 20 4E 24 18 4D 4A
00025510  EC 2D 34 3F 34 3F EC 2D 4D 4A 24 18 20 4E 00 00
00025520  4D 4A DC E7 34 3F 14 D2 EC 2D CC C0 24 18 B3 B5
00025530  00 00 E0 B1 DC E7 B3 B5 14 D2 CC C0 CC C0 14 D2
00025540  B3 B5 DC E7 E0 B1 00 00 B3 B5 24 18 CC C0 EC 2D
00025550  14 D2 34 3F DC E7 4D 4A 00 00 20 4E 24 18 4D 4A
00025560  EC 2D 34 3F 34 3F EC 2D 4D 4A 24 18 20 4E 00 00
00025570  4D 4A DC E7 34 3F 14 D2 EC 2D CC C0 24 18 B3 B5
00025580  00 00 E0 B1 DC E7 B3 B5 14 D2 CC C0 CC C0 14 D2
00025590  B3 B5 DC E7 E0 B1 00 00 B3 B5 24 18 CC C0 EC 2D
000255A0  14 D2 34 3F DC E7 4D 4A 00 00 20 4E 24 18 4D 4A
000255B0  EC 2D 34 3F 34 3F EC 2D 4D 4A 24 18 20 4E 00 00
000255C0  4D 4A DC E7 34 3F 14 D2 EC 2D CC C0 24 18 B3 B5
000255D0  00 00 E0 B1 DC E7 B3 B5 14 D2 CC C0 CC C0 14 D2
000255E0  B3 B5 DC E7 E0 B1 00 00 B3 B5 24 18 CC C0 EC 2D
000255F0  14 D2 34 3F DC E7 4D 4A 00 00 20 4E 24 18 4D 4A
00025600  EC 2D 34 3F 34 3F EC 2D 4D 4A 24 18 20 4E 00 00
00025610  4D 4A DC E7 34 3F 14 D2 EC 2D CC C0 24 18 B3 B5
00025620  00 00 E0 B1 DC E7 B3 B5 14 D2 CC C0 CC C0 14 D2
00025630  B3 B5 DC E7 E0 B1 00 00 B3 B5 24 18 CC C0 EC 2D
00025640  14 D2 34 3F DC E7 4D 4A 00 00 20 4E 24 18 4D 4A
00025650  EC 2D 34 3F 34 3F EC 2D 4D 4A 24 18 20 4E 00 00
00025660  4D 4A DC E7 34 3F 14 D2 EC 2D CC C0 24 18 B3 B5
00025670  00 00 E0 B1 DC E7 B3 B5 14 D2 CC C0 CC C0 14 D2
00025680  B3 B5 DC E7 E0 B1 00 00 B3 B5 24 18 CC C0 EC 2D
00025690  14 D2 34 3F DC E7 4D 4A 00 00 20 4E 24 18 4D 4A
000256A0  EC 2D 34 3F 34 3F EC 2D 4D 4A 24 18 20 4E 00 00
000256B0  4D 4A DC E7 34 3F 14 D2 EC 2D CC C0 24 18 B3 B5
000256C0  00 00 E0 B1 DC E7 B3 B5 14 D2 CC C0 CC C0 14 D2
000256D0  B3 B5 DC E7 E0 B1 00 00 B3 B5 24 18 CC C0 EC 2D
000256E0  14 D2 34 3F DC E7 4D 4A 00 00 20 4E 24 18 4D 4A
000256F0  EC 2D 34 3F 34 3F EC 2D 4D 4A 24 18 20 4E 00 00
00025700  4D 4A DC E7 34 3F 14 D2 EC 2D CC C0 24 18 B3 B5
00025710  00 00 E0 B1 DC E7 B3 B5 14 D2 CC C0 CC C0 14 D2
00025720  B3 B5 DC E7 E0 B1 00 00 B3 B5 24 18 CC C0 EC 2D
00025730  14 D2 34 3F DC E7 4D 4A 00 00 20 4E 24 18 4D 4A
00025740  EC 2D 34 3F 34 3F EC 2D 4D 4A 24 18 20 4E 00 00
00025750  4D 4A DC E7 34 3F 14 D2 EC 2D CC C0 24 18 B3 B5
00025760  00 00 E0 B1 DC E7 B3 B5 14 D2 CC C0 CC C0 14 D2
00025770  B3 B5 DC E7 E0 B1 00 00 B3 B5 24 18 CC C0 EC 2D
00025780  14 D2 34 3F DC E7 4D 4A 00 00 20 4E 24 18 4D 4A
00025790  EC 2D 34 3F 34 3F EC 2D 4D 4A 24 18 20 4E 00 00
000257A0  4D 4A DC E7 34 3F 14 D2 EC 2D CC C0 24 18 B3 B5
000257B0  00 00 E0 B1 DC E7 B3 B5 14 D2 CC C0 CC C0 14 D2
000257C0  B3 B5 DC E7 E0 B1 00 00 B3 B5 24 18 CC C0 EC 2D
000257D0  14 D2 34 3F DC E7 4D 4A 00 00 20 4E 24 18 4D 4A
000257E0  EC 2D 34 3F 34 3F EC 2D 4D 4A 24 18 20 4E 00 00
000257F0  4D 4A DC E7 34 3F 14 D2 EC 2D CC C0 24 18 B3 B5
00025800  00 00 E0 B1 DC E7 B3 B5 14 D2 CC C0 CC C0 14 D2
00025810  B3 B5 DC E7 E0 B1 00 00 B3 B5 24 18 CC C0 EC 2D
00025820  14 D2 34 3F DC E7 4D 4A 00 00 20 4E 24 18 4D 4A
00025830  EC 2D 34 3F 34 3F EC 2D 4D 4A 24 18 20 4E 00 00
00025840  4D 4A DC E7 34 3F 14 D2 EC 2D CC C0 24 18 B3 B5
00025850  00 00 E0 B1 DC E7 B3 B5 14 D2 CC C0 CC C0 14 D2
00025860  B3 B5 DC E7 E0 B1 00 00 B3 B5 24 18 CC C0 EC 2D
00025870  14 D2 34 3F DC E7 4D 4A 00 00 20 4E 24 18 4D 4A
00025880  EC 2D 34 3F 34 3F EC 2D 4D 4A 24 18 20 4E 00 00
00025890  4D 4A DC E7 34 3F 14 D2 EC 2D CC C0 24 18 B3 B5
000258A0  00 00 E0 B1 DC E7 B3 B5 14 D2 CC C0 CC C0 14 D2
000258B0  B3 B5 DC E7 E0 B1 00 00 B3 B5 24 18 CC C0 EC 2D
000258C0  14 D2 34 3F DC E7 4D 4A 00 00 20 4E 24 18 4D 4A
000258D0  EC 2D 34 3F 34 3F EC 2D 4D 4A 24 18 20 4E 00 00
000258E0  4D 4A DC E7 34 3F 14 D2 EC 2D CC C0 24 18 B3 B5
000258F0  00 00 E0 B1 DC E7 B3 B5 14 D2 CC C0 CC C0 14 D2
00025900  B3 B5 DC E7 E0 B1 00 00 B3 B5 24 18 CC C0 EC 2D
00025910  14 D2 34 3F DC E7 4D 4A 00 00 20 4E 24 18 4D 4A
00025920  EC 2D 34 3F 34 3F EC 2D 4D 4A 24 18 20 4E 00 00
00025930  4D 4A DC E7 34 3F 14 D2 EC 2D CC C0 24 18 B3 B5
00025940  00 00 E0 B1 DC E7 B3 B5 14 D2 CC C0 CC C0 14 D2
00025950  B3 B5 DC E7 E0 B1 00 00 B3 B5 24 18 CC C0 EC 2D
00025960  14 D2 34 3F DC E7 4D 4A 00 00 20 4E 24 18 4D 4A
00025970  EC 2D 34 3F 34 3F EC 2D 4D 4A 24 18 20 4E 00 00
00025980  4D 4A DC E7 34 3F 14 D2 EC 2D CC C0 24 18 B3 B5
00025990  00 00 E0 B1 DC E7 B3 B5 14 D2 CC C0 CC C0 14 D2
000259A0  B3 B5 DC E7 E0 B1 00 00 B3 B5 24 18 CC C0 EC 2D
000259B0  14 D2 34 3F DC E7 4D 4A 00 00 20 4E 24 18 4D 4A
000259C0  EC 2D 34 3F 34 3F EC 2D 4D 4A 24 18 20 4E 00 00
000259D0  4D 4A DC E7 34 3F 14 D2 EC 2D CC C0 24 18 B3 B5
000259E0  00 00 E0 B1 DC E7 B3 B5 14 D2 CC C0 CC C0 14 D2
000259F0  B3 B5 DC E7 E0 B1 00 00 B3 B5 24 18 CC C0 EC 2D
00025A00  14 D2 34 3F DC E7 4D 4A 00 00 20 4E 24 18 4D 4A
00025A10  EC 2D 34 3F 34 3F EC 2D 4D 4A 24 18 20 4E 00 00
00025A20  4D 4A DC E7 34 3F 14 D2 EC 2D CC C0 24 18 B3 B5
00025A30  00 00 E0 B1 DC E7 B3 B5 14 D2 CC C0 CC C0 14 D2
00025A40  B3 B5 DC E7 E0 B1 00 00 B3 B5 24 18 CC C0 EC 2D
00025A50  14 D2 34 3F DC E7 4D 4A 00 00 20 4E 24 18 4D 4A
00025A60  EC 2D 34 3F 34 3F EC 2D 4D 4A 24 18 20 4E 00 00
00025A70  4D 4A DC E7 34 3F 14 D2 EC 2D CC C0 24 18 B3 B5
00025A80  00 00 E0 B1 DC E7 B3 B5 14 D2 CC C0 CC C0 14 D2
00025A90  B3 B5 DC E7 E0 B1 00 00 B3 B5 24 18 CC C0 EC 2D
00025AA0  14 D2 34 3F DC E7 4D 4A 00 00 20 4E 24 18 4D 4A
00025AB0  EC 2D 34 3F 34 3F EC 2D 4D 4A 24 18 20 4E 00 00
00025AC0  4D 4A DC E7 34 3F 14 D2 EC 2D CC C0 24 18 B3 B5
00025AD0  00 00 E0 B1 DC E7 B3 B5 14 D2 CC C0 CC C0 14 D2
00025AE0  B3 B5 DC E7 E0 B1 00 00 B3 B5 24 18 CC C0 EC 2D
00025AF0  14 D2 34 3F DC E7 4D 4A 00 00 20 4E 24 18 4D 4A
00025B00  EC 2D 34 3F 34 3F EC 2D 4D 4A 24 18 20 4E 00 00
00025B10  4D 4A DC E7 34 3F 14 D2 EC 2D CC C0 24 18 B3 B5
00025B20  00 00 E0 B1 DC E7 B3 B5 14 D2 CC C0 CC C0 14 D2
00025B30  B3 B5 DC E7 E0 B1 00 00 B3 B5 24 18 CC C0 EC 2D
00025B40  14 D2 34 3F DC E7 4D 4A 00 00 20 4E 24 18 4D 4A
00025B50  EC 2D 34 3F 34 3F EC 2D 4D 4A 24 18 20 4E 00 00
00025B60  4D 4A DC E7 34 3F 14 D2 EC 2D CC C0 24 18 B3 B5
00025B70  00 00 E0 B1 DC E7 B3 B5 14 D2 CC C0 CC C0 14 D2
00025B80  B3 B5 DC E7 E0 B1 00 00 B3 B5 24 18 CC C0 EC 2D
00025B90  14 D2 34 3F DC E7 4D 4A 00 00 20 4E 24 18 4D 4A
00025BA0  EC 2D 34 3F 34 3F EC 2D 4D 4A 24 18 20 4E 00 00
00025BB0  4D 4A DC E7 34 3F 14 D2 EC 2D CC C0 24 18 B3 B5
00025BC0  00 00 E0 B1 DC E7 B3 B5 14 D2 CC C0 CC C0 14 D2
00025BD0  B3 B5 DC E7 E0 B1 00 00 B3 B5 24 18 CC C0 EC 2D
00025BE0  14 D2 34 3F DC E7 4D 4A 00 00 20 4E 24 18 4D 4A
00025BF0  EC 2D 34 3F 34 3F EC 2D 4D 4A 24 18 20 4E 00 00
00025C00  4D 4A DC E7 34 3F 14 D2 EC 2D CC C0 24 18 B3 B5
00025C10  00 00 E0 B1 DC E7 B3 B5 14 D2 CC C0 CC C0 14 D2
00025C20  B3 B5 DC E7 E0 B1 00 00 B3 B5 24 18 CC C0 EC 2D
00025C30  14 D2 34 3F DC E7 4D 4A 00 00 20 4E 24 18 4D 4A
00025C40  EC 2D 34 3F 34 3F EC 2D 4D 4A 24 18 20 4E 00 00
00025C50  4D 4A DC E7 34 3F 14 D2 EC 2D CC C0 24 18 B3 B5
00025C60  00 00 E0 B1 DC E7 B3 B5 14 D2 CC C0 CC C0 14 D2
00025C70  B3 B5 DC E7 E0 B1 00 00 B3 B5 24 18 CC C0 EC 2D
00025C80  14 D2 34 3F DC E7 4D 4A 00 00 20 4E 24 18 4D 4A
00025C90  EC 2D 34 3F 34 3F EC 2D 4D 4A 24 18 20 4E 00 00
00025CA0  4D 4A DC E7 34 3F 14 D2 EC 2D CC C0 24 18 B3 B5
00025CB0  00 00 E0 B1 DC E7 B3 B5 14 D2 CC C0 CC C0 14 D2
00025CC0  B3 B5 DC E7 E0 B1 00 00 B3 B5 24 18 CC C0 EC 2D
00025CD0  14 D2 34 3F DC E7 4D 4A 00 00 20 4E 24 18 4D 4A
00025CE0  EC 2D 34 3F 34 3F EC 2D 4D 4A 24 18 20 4E 00 00
00025CF0  4D 4A DC E7 34 3F 14 D2 EC 2D CC C0 24 18 B3 B5
00025D00  00 00 E0 B1 DC E7 B3 B5 14 D2 CC C0 CC C0 14 D2
00025D10  B3 B5 DC E7 E0 B1 00 00 B3 B5 24 18 CC C0 EC 2D
00025D20  14 D2 34 3F DC E7 4D 4A 00 00 20 4E 24 18 4D 4A
00025D30  EC 2D 34 3F 34 3F EC 2D 4D 4A 24 18 20 4E 00 00
00025D40  4D 4A DC E7 34 3F 14 D2 EC 2D CC C0 24 18 B3 B5
00025D50  00 00 E0 B1 DC E7 B3 B5 14 D2 CC C0 CC C0 14 D2
00025D60  B3 B5 DC E7 E0 B1 00 00 B3 B5 24 18 CC C0 EC 2D
00025D70  14 D2 34 3F DC E7 4D 4A 00 00 20 4E 24 18 4D 4A
00025D80  EC 2D 34 3F 34 3F EC 2D 4D 4A 24 18 20 4E 00 00
00025D90  4D 4A DC E7 34 3F 14 D2 EC 2D CC C0 24 18 B3 B5
00025DA0  00 00 E0 B1 DC E7 B3 B5 14 D2 CC C0 CC C0 14 D2
00025DB0  B3 B5 DC E7 E0 B1 00 00 B3 B5 24 18 CC C0 EC 2D
00025DC0  14 D2 34 3F DC E7 4D 4A 00 00 20 4E 24 18 4D 4A
00025DD0  EC 2D 34 3F 34 3F EC 2D 4D 4A 24 18 20 4E 00 00
00025DE0  4D 4A DC E7 34 3F 14 D2 EC 2D CC C0 24 18 B3 B5
00025DF0  00 00 E0 B1 DC E7 B3 B5 14 D2 CC C0 CC C0 14 D2
00025E00  B3 B5 DC E7 E0 B1 00 00 B3 B5 24 18 CC C0 EC 2D
00025E10  14 D2 34 3F DC E7 4D 4A 00 00 20 4E 24 18 4D 4A
00025E20  EC 2D 34 3F 34 3F EC 2D 4D 4A 24 18 20 4E 00 00
00025E30  4D 4A DC E7 34 3F 14 D2 EC 2D CC C0 24 18 B3 B5
00025E40  00 00 E0 B1 DC E7 B3 B5 14 D2 CC C0 CC C0 14 D2
00025E50  B3 B5 DC E7 E0 B1 00 00 B3 B5 24 18 CC C0 EC 2D
00025E60  14 D2 34 3F DC E7 4D 4A 00 00 20 4E 24 18 4D 4A
00025E70  EC 2D 34 3F 34 3F EC 2D 4D 4A 24 18 20 4E 00 00
00025E80  4D 4A DC E7 34 3F 14 D2 EC 2D CC C0 24 18 B3 B5
00025E90  00 00 E0 B1 DC E7 B3 B5 14 D2 CC C0 CC C0 14 D2
00025EA0  B3 B5 DC E7 E0 B1 00 00 B3 B5 24 18 CC C0 EC 2D
00025EB0  14 D2 34 3F DC E7 4D 4A 00 00 20 4E 24 18 4D 4A
00025EC0  EC 2D 34 3F 34 3F EC 2D 4D 4A 24 18 20 4E 00 00
00025ED0  4D 4A DC E7 34 3F 14 D2 EC 2D CC C0 24 18 B3 B5
00025EE0  00 00 E0 B1 DC E7 B3 B5 14 D2 CC C0 CC C0 14 D2
00025EF0  B3 B5 DC E7 E0 B1 00 00 B3 B5 24 18 CC C0 EC 2D
00025F00  14 D2 34 3F DC E7 4D 4A 00 00 20 4E 24 18 4D 4A
00025F10  EC 2D 34 3F 34 3F EC 2D 4D 4A 24 18 20 4E 00 00
00025F20  4D 4A DC E7 34 3F 14 D2 EC 2D CC C0 24 18 B3 B5
00025F30  00 00 E0 B1 DC E7 B3 B5 14 D2 CC C0 CC C0 14 D2
00025F40  B3 B5 DC E7 E0 B1 00 00 B3 B5 24 18 CC C0 EC 2D
00025F50  14 D2 34 3F DC E7 4D 4A 00 00 20 4E 24 18 4D 4A
00025F60  EC 2D 34 3F 34 3F EC 2D 4D 4A 24 18 20 4E 00 00
00025F70  4D 4A DC E7 34 3F 14 D2 EC 2D CC C0 24 18 B3 B5
00025F80  00 00 E0 B1 DC E7 B3 B5 14 D2 CC C0 CC C0 14 D2
00025F90  B3 B5 DC E7 E0 B1 00 00 B3 B5 24 18 CC C0 EC 2D
00025FA0  14 D2 34 3F DC E7 4D 4A 00 00 20 4E 24 18 4D 4A
00025FB0  EC 2D 34 3F 34 3F EC 2D 4D 4A 24 18 20 4E 00 00
00025FC0  4D 4A DC E7 34 3F 14 D2 EC 2D CC C0 24 18 B3 B5
00025FD0  00 00 E0 B1 DC E7 B3 B5 14 D2 CC C0 CC C0 14 D2
00025FE0  B3 B5 DC E7 E0 B1 00 00 B3 B5 24 18 CC C0 EC 2D
00025FF0  14 D2 34 3F DC E7 4D 4A 00 00 20 4E 24 18 4D 4A
00026000  EC 2D 34 3F 34 3F EC 2D 4D 4A 24 18 20 4E 00 00
00026010  4D 4A DC E7 34 3F 14 D2 EC 2D CC C0 24 18 B3 B5
00026020  00 00 E0 B1 DC E7 B3 B5 14 D2 CC C0 CC C0 14 D2
00026030  B3 B5 DC E7 E0 B1 00 00 B3 B5 24 18 CC C0 EC 2D
00026040  14 D2 34 3F DC E7 4D 4A 00 00 20 4E 24 18 4D 4A
00026050  EC 2D 34 3F 34 3F EC 2D 4D 4A 24 18 20 4E 00 00
00026060  4D 4A DC E7 34 3F 14 D2 EC 2D CC C0 24 18 B3 B5
00026070  00 00 E0 B1 DC E7 B3 B5 14 D2 CC C0 CC C0 14 D2
00026080  B3 B5 DC E7 E0 B1 00 00 B3 B5 24 18 CC C0 EC 2D
00026090  14 D2 34 3F DC E7 4D 4A 00 00 20 4E 24 18 4D 4A
000260A0  EC 2D 34 3F 34 3F EC 2D 4D 4A 24 18 20 4E 00 00
000260B0  4D 4A DC E7 34 3F 14 D2 EC 2D CC C0 24 18 B3 B5
000260C0  00 00 E0 B1 DC E7 B3 B5 14 D2 CC C0 CC C0 14 D2
000260D0  B3 B5 DC E7 E0 B1 00 00 B3 B5 24 18 CC C0 EC 2D
000260E0  14 D2 34 3F DC E7 4D 4A 00 00 20 4E 24 18 4D 4A
000260F0  EC 2D 34 3F 34 3F EC 2D 4D 4A 24 18 20 4E 00 00
00026100  4D 4A DC E7 34 3F 14 D2 EC 2D CC C0 24 18 B3 B5
00026110  00 00 E0 B1 DC E7 B3 B5 14 D2 CC C0 CC C0 14 D2
00026120  B3 B5 DC E7 E0 B1 00 00 B3 B5 24 18 CC C0 EC 2D
00026130  14 D2 34 3F DC E7 4D 4A 00 00 20 4E 24 18 4D 4A
00026140  EC 2D 34 3F 34 3F EC 2D 4D 4A 24 18 20 4E 00 00
00026150  4D 4A DC E7 34 3F 14 D2 EC 2D CC C0 24 18 B3 B5
00026160  00 00 E0 B1 DC E7 B3 B5 14 D2 CC C0 CC C0 14 D2
00026170  B3 B5 DC E7 E0 B1 00 00 B3 B5 24 18 CC C0 EC 2D
00026180  14 D2 34 3F DC E7 4D 4A 00 00 20 4E 24 18 4D 4A
00026190  EC 2D 34 3F 34 3F EC 2D 4D 4A 24 18 20 4E 00 00
000261A0  4D 4A DC E7 34 3F 14 D2 EC 2D CC C0 24 18 B3 B5
000261B0  00 00 E0 B1 DC E7 B3 B5 14 D2 CC C0 CC C0 14 D2
000261C0  B3 B5 DC E7 E0 B1 00 00 B3 B5 24 18 CC C0 EC 2D
000261D0  14 D2 34 3F DC E7 4D 4A 00 00 20 4E 24 18 4D 4A
000261E0  EC 2D 34 3F 34 3F EC 2D 4D 4A 24 18 20 4E 00 00
000261F0  4D 4A DC E7 34 3F 14 D2 EC 2D CC C0 24 18 B3 B5
00026200  00 00 E0 B1 DC E7 B3 B5 14 D2 CC C0 CC C0 14 D2
00026210  B3 B5 DC E7 E0 B1 00 00 B3 B5 24 18 CC C0 EC 2D
00026220  14 D2 34 3F DC E7 4D 4A 00 00 20 4E 24 18 4D 4A
00026230  EC 2D 34 3F 34 3F EC 2D 4D 4A 24 18 20 4E 00 00
00026240  4D 4A DC E7 34 3F 14 D2 EC 2D CC C0 24 18 B3 B5
00026250  00 00 E0 B1 DC E7 B3 B5 14 D2 CC C0 CC C0 14 D2
00026260  B3 B5 DC E7 E0 B1 00 00 B3 B5 24 18 CC C0 EC 2D
00026270  14 D2 34 3F DC E7 4D 4A 00 00 20 4E 24 18 4D 4A
00026280  EC 2D 34 3F 34 3F EC 2D 4D 4A 24 18 20 4E 00 00
00026290  4D 4A DC E7 34 3F 14 D2 EC 2D CC C0 24 18 B3 B5
000262A0  00 00 E0 B1 DC E7 B3 B5 14 D2 CC C0 CC C0 14 D2
000262B0  B3 B5 DC E7 E0 B1 00 00 B3 B5 24 18 CC C0 EC 2D
000262C0  14 D2 34 3F DC E7 4D 4A 00 00 20 4E 24 18 4D 4A
000262D0  EC 2D 34 3F 34 3F EC 2D 4D 4A 24 18 20 4E 00 00
000262E0  4D 4A DC E7 34 3F 14 D2 EC 2D CC C0 24 18 B3 B5
000262F0  00 00 E0 B1 DC E7 B3 B5 14 D2 CC C0 CC C0 14 D2
00026300  B3 B5 DC E7 E0 B1 00 00 B3 B5 24 18 CC C0 EC 2D
00026310  14 D2 34 3F DC E7 4D 4A 00 00 20 4E 24 18 4D 4A
00026320  EC 2D 34 3F 34 3F EC 2D 4D 4A 24 18 20 4E 00 00
00026330  4D 4A DC E7 34 3F 14 D2 EC 2D CC C0 24 18 B3 B5
00026340  00 00 E0 B1 DC E7 B3 B5 14 D2 CC C0 CC C0 14 D2
00026350  B3 B5 DC E7 E0 B1 00 00 B3 B5 24 18 CC C0 EC 2D
00026360  14 D2 34 3F DC E7 4D 4A 00 00 20 4E 24 18 4D 4A
00026370  EC 2D 34 3F 34 3F EC 2D 4D 4A 24 18 20 4E 00 00
00026380  4D 4A DC E7 34 3F 14 D2 EC 2D CC C0 24 18 B3 B5
00026390  00 00 E0 B1 DC E7 B3 B5 14 D2 CC C0 CC C0 14 D2
000263A0  B3 B5 DC E7 E0 B1 00 00 B3 B5 24 18 CC C0 EC 2D
000263B0  14 D2 34 3F DC E7 4D 4A 00 00 20 4E 24 18 4D 4A
000263C0  EC 2D 34 3F 34 3F EC 2D 4D 4A 24 18 20 4E 00 00
000263D0  4D 4A DC E7 34 3F 14 D2 EC 2D CC C0 24 18 B3 B5
000263E0  00 00 E0 B1 DC E7 B3 B5 14 D2 CC C0 CC C0 14 D2
000263F0  B3 B5 DC E7 E0 B1 00 00 B3 B5 24 18 CC C0 EC 2D
00026400  14 D2 34 3F DC E7 4D 4A 00 00 20 4E 24 18 4D 4A
00026410  EC 2D 34 3F 34 3F EC 2D 4D 4A 24 18 20 4E 00 00
00026420  4D 4A DC E7 34 3F 14 D2 EC 2D CC C0 24 18 B3 B5
00026430  00 00 E0 B1 DC E7 B3 B5 14 D2 CC C0 CC C0 14 D2
00026440  B3 B5 DC E7 E0 B1 00 00 B3 B5 24 18 CC C0 EC 2D
00026450  14 D2 34 3F DC E7 4D 4A 00 00 20 4E 24 18 4D 4A
00026460  EC 2D 34 3F 34 3F EC 2D 4D 4A 24 18 20 4E 00 00
00026470  4D 4A DC E7 34 3F 14 D2 EC 2D CC C0 24 18 B3 B5
00026480  00 00 E0 B1 DC E7 B3 B5 14 D2 CC C0 CC C0 14 D2
00026490  B3 B5 DC E7 E0 B1 00 00 B3 B5 24 18 CC C0 EC 2D
000264A0  14 D2 34 3F DC E7 4D 4A 00 00 20 4E 24 18 4D 4A
000264B0  EC 2D 34 3F 34 3F EC 2D 4D 4A 24 18 20 4E 00 00
000264C0  4D 4A DC E7 34 3F 14 D2 EC 2D CC C0 24 18 B3 B5
000264D0  00 00 E0 B1 DC E7 B3 B5 14 D2 CC C0 CC C0 14 D2
000264E0  B3 B5 DC E7 E0 B1 00 00 B3 B5 24 18 CC C0 EC 2D
000264F0  14 D2 34 3F DC E7 4D 4A 00 00 20 4E 24 18 4D 4A
00026500  EC 2D 34 3F 34 3F EC 2D 4D 4A 24 18 20 4E 00 00
00026510  4D 4A DC E7 34 3F 14 D2 EC 2D CC C0 24 18 B3 B5
00026520  00 00 E0 B1 DC E7 B3 B5 14 D2 CC C0 CC C0 14 D2
00026530  B3 B5 DC E7 E0 B1 00 00 B3 B5 24 18 CC C0 EC 2D
00026540  14 D2 34 3F DC E7 4D 4A 00 00 20 4E 24 18 4D 4A
00026550  EC 2D 34 3F 34 3F EC 2D 4D 4A 24 18 20 4E 00 00
00026560  4D 4A DC E7 34 3F 14 D2 EC 2D CC C0 24 18 B3 B5
00026570  00 00 E0 B1 DC E7 B3 B5 14 D2 CC C0 CC C0 14 D2
00026580  B3 B5 DC E7 E0 B1 00 00 B3 B5 24 18 CC C0 EC 2D
00026590  14 D2 34 3F DC E7 4D 4A 00 00 20 4E 24 18 4D 4A
000265A0  EC 2D 34 3F 34 3F EC 2D 4D 4A 24 18 20 4E 00 00
000265B0  4D 4A DC E7 34 3F 14 D2 EC 2D CC C0 24 18 B3 B5
000265C0  00 00 E0 B1 DC E7 B3 B5 14 D2 CC C0 CC C0 14 D2
000265D0  B3 B5 DC E7 E0 B1 00 00 B3 B5 24 18 CC C0 EC 2D
000265E0  14 D2 34 3F DC E7 4D 4A 00 00 20 4E 24 18 4D 4A
000265F0  EC 2D 34 3F 34 3F EC 2D 4D 4A 24 18 20 4E 00 00
00026600  4D 4A DC E7 34 3F 14 D2 EC 2D CC C0 24 18 B3 B5
00026610  00 00 E0 B1 DC E7 B3 B5 14 D2 CC C0 CC C0 14 D2
00026620  B3 B5 DC E7 E0 B1 00 00 B3 B5 24 18 CC C0 EC 2D
00026630  14 D2 34 3F DC E7 4D 4A 00 00 20 4E 24 18 4D 4A
00026640  EC 2D 34 3F 34 3F EC 2D 4D 4A 24 18 20 4E 00 00
00026650  4D 4A DC E7 34 3F 14 D2 EC 2D CC C0 24 18 B3 B5
00026660  00 00 E0 B1 DC E7 B3 B5 14 D2 CC C0 CC C0 14 D2
00026670  B3 B5 DC E7 E0 B1 00 00 B3 B5 24 18 CC C0 EC 2D
00026680  14 D2 34 3F DC E7 4D 4A 00 00 20 4E 24 18 4D 4A
00026690  EC 2D 34 3F 34 3F EC 2D 4D 4A 24 18 20 4E 00 00
000266A0  4D 4A DC E7 34 3F 14 D2 EC 2D CC C0 24 18 B3 B5
000266B0  00 00 E0 B1 DC E7 B3 B5 14 D2 CC C0 CC C0 14 D2
000266C0  B3 B5 DC E7 E0 B1 00 00 B3 B5 24 18 CC C0 EC 2D
000266D0  14 D2 34 3F DC E7 4D 4A 00 00 20 4E 24 18 4D 4A
000266E0  EC 2D 34 3F 34 3F EC 2D 4D 4A 24 18 20 4E 00 00
000266F0  4D 4A DC E7 34 3F 14 D2 EC 2D CC C0 24 18 B3 B5
00026700  00 00 E0 B1 DC E7 B3 B5 14 D2 CC C0 CC C0 14 D2
00026710  B3 B5 DC E7 E0 B1 00 00 B3 B5 24 18 CC C0 EC 2D
00026720  14 D2 34 3F DC E7 4D 4A 00 00 20 4E 24 18 4D 4A
00026730  EC 2D 34 3F 34 3F EC 2D 4D 4A 24 18 20 4E 00 00
00026740  4D 4A DC E7 34 3F 14 D2 EC 2D CC C0 24 18 B3 B5
00026750  00 00 E0 B1 DC E7 B3 B5 14 D2 CC C0 CC C0 14 D2
00026760  B3 B5 DC E7 E0 B1 00 00 B3 B5 24 18 CC C0 EC 2D
00026770  14 D2 34 3F DC E7 4D 4A 00 00 20 4E 24 18 4D 4A
00026780  EC 2D 34 3F 34 3F EC 2D 4D 4A 24 18 20 4E 00 00
00026790  4D 4A DC E7 34 3F 14 D2 EC 2D CC C0 24 18 B3 B5
000267A0  00 00 E0 B1 DC E7 B3 B5 14 D2 CC C0 CC C0 14 D2
000267B0  B3 B5 DC E7 E0 B1 00 00 B3 B5 24 18 CC C0 EC 2D
000267C0  14 D2 34 3F DC E7 4D 4A 00 00 20 4E 24 18 4D 4A
000267D0  EC 2D 34 3F 34 3F EC 2D 4D 4A 24 18 20 4E 00 00
000267E0  4D 4A DC E7 34 3F 14 D2 EC 2D CC C0 24 18 B3 B5
000267F0  00 00 E0 B1 DC E7 B3 B5 14 D2 CC C0 CC C0 14 D2
00026800  B3 B5 DC E7 E0 B1 00 00 B3 B5 24 18 CC C0 EC 2D
00026810  14 D2 34 3F DC E7 4D 4A 00 00 20 4E 24 18 4D 4A
00026820  EC 2D 34 3F 34 3F EC 2D 4D 4A 24 18 20 4E 00 00
00026830  4D 4A DC E7 34 3F 14 D2 EC 2D CC C0 24 18 B3 B5
00026840  00 00 E0 B1 DC E7 B3 B5 14 D2 CC C0 CC C0 14 D2
00026850  B3 B5 DC E7 E0 B1 00 00 B3 B5 24 18 CC C0 EC 2D
00026860  14 D2 34 3F DC E7 4D 4A 00 00 20 4E 24 18 4D 4A
00026870  EC 2D 34 3F 34 3F EC 2D 4D 4A 24 18 20 4E 00 00
00026880  4D 4A DC E7 34 3F 14 D2 EC 2D CC C0 24 18 B3 B5
00026890  00 00 E0 B1 DC E7 B3 B5 14 D2 CC C0 CC C0 14 D2
000268A0  B3 B5 DC E7 E0 B1 00 00 B3 B5 24 18 CC C0 EC 2D
000268B0  14 D2 34 3F DC E7 4D 4A 00 00 20 4E 24 18 4D 4A
000268C0  EC 2D 34 3F 34 3F EC 2D 4D 4A 24 18 20 4E 00 00
000268D0  4D 4A DC E7 34 3F 14 D2 EC 2D CC C0 24 18 B3 B5
000268E0  00 00 E0 B1 DC E7 B3 B5 14 D2 CC C0 CC C0 14 D2
000268F0  B3 B5 DC E7 E0 B1 00 00 B3 B5 24 18 CC C0 EC 2D
00026900  14 D2 34 3F DC E7 4D 4A 00 00 20 4E 24 18 4D 4A
00026910  EC 2D 34 3F 34 3F EC 2D 4D 4A 24 18 20 4E 00 00
00026920  4D 4A DC E7 34 3F 14 D2 EC 2D CC C0 24 18 B3 B5
00026930  00 00 E0 B1 DC E7 B3 B5 14 D2 CC C0 CC C0 14 D2
00026940  B3 B5 DC E7 E0 B1 00 00 B3 B5 24 18 CC C0 EC 2D
00026950  14 D2 34 3F DC E7 4D 4A 00 00 20 4E 24 18 4D 4A
00026960  EC 2D 34 3F 34 3F EC 2D 4D 4A 24 18 20 4E 00 00
00026970  4D 4A DC E7 34 3F 14 D2 EC 2D CC C0 24 18 B3 B5
00026980  00 00 E0 B1 DC E7 B3 B5 14 D2 CC C0 CC C0 14 D2
00026990  B3 B5 DC E7 E0 B1 00 00 B3 B5 24 18 CC C0 EC 2D
000269A0  14 D2 34 3F DC E7 4D 4A 00 00 20 4E 24 18 4D 4A
000269B0  EC 2D 34 3F 34 3F EC 2D 4D 4A 24 18 20 4E 00 00
000269C0  4D 4A DC E7 34 3F 14 D2 EC 2D CC C0 24 18 B3 B5
000269D0  00 00 E0 B1 DC E7 B3 B5 14 D2 CC C0 CC C0 14 D2
000269E0  B3 B5 DC E7 E0 B1 00 00 B3 B5 24 18 CC C0 EC 2D
000269F0  14 D2 34 3F DC E7 4D 4A 00 00 20 4E 24 18 4D 4A
00026A00  EC 2D 34 3F 34 3F EC 2D 4D 4A 24 18 20 4E 00 00
00026A10  4D 4A DC E7 34 3F 14 D2 EC 2D CC C0 24 18 B3 B5
00026A20  00 00 E0 B1 DC E7 B3 B5 14 D2 CC C0 CC C0 14 D2
00026A30  B3 B5 DC E7 E0 B1 00 00 B3 B5 24 18 CC C0 EC 2D
00026A40  14 D2 34 3F DC E7 4D 4A 00 00 20 4E 24 18 4D 4A
00026A50  EC 2D 34 3F 34 3F EC 2D 4D 4A 24 18 20 4E 00 00
00026A60  4D 4A DC E7 34 3F 14 D2 EC 2D CC C0 24 18 B3 B5
00026A70  00 00 E0 B1 DC E7 B3 B5 14 D2 CC C0 CC C0 14 D2
00026A80  B3 B5 DC E7 E0 B1 00 00 B3 B5 24 18 CC C0 EC 2D
00026A90  14 D2 34 3F DC E7 4D 4A 00 00 20 4E 24 18 4D 4A
00026AA0  EC 2D 34 3F 34 3F EC 2D 4D 4A 24 18 20 4E 00 00
00026AB0  4D 4A DC E7 34 3F 14 D2 EC 2D CC C0 24 18 B3 B5
00026AC0  00 00 E0 B1 DC E7 B3 B5 14 D2 CC C0 CC C0 14 D2
00026AD0  B3 B5 DC E7 E0 B1 00 00 B3 B5 24 18 CC C0 EC 2D
00026AE0  14 D2 34 3F DC E7 4D 4A 00 00 20 4E 24 18 4D 4A
00026AF0  EC 2D 34 3F 34 3F EC 2D 4D 4A 24 18 20 4E 00 00
00026B00  4D 4A DC E7 34 3F 14 D2 EC 2D CC C0 24 18 B3 B5
00026B10  00 00 E0 B1 DC E7 B3 B5 14 D2 CC C0 CC C0 14 D2
00026B20  B3 B5 DC E7 E0 B1 00 00 B3 B5 24 18 CC C0 EC 2D
00026B30  14 D2 34 3F DC E7 4D 4A 00 00 20 4E 24 18 4D 4A
00026B40  EC 2D 34 3F 34 3F EC 2D 4D 4A 24 18 20 4E 00 00
00026B50  4D 4A DC E7 34 3F 14 D2 EC 2D CC C0 24 18 B3 B5
00026B60  00 00 E0 B1 DC E7 B3 B5 14 D2 CC C0 CC C0 14 D2
00026B70  B3 B5 DC E7 E0 B1 00 00 B3 B5 24 18 CC C0 EC 2D
00026B80  14 D2 34 3F DC E7 4D 4A 00 00 20 4E 24 18 4D 4A
00026B90  EC 2D 34 3F 34 3F EC 2D 4D 4A 24 18 20 4E 00 00
00026BA0  4D 4A DC E7 34 3F 14 D2 EC 2D CC C0 24 18 B3 B5
00026BB0  00 00 E0 B1 DC E7 B3 B5 14 D2 CC C0 CC C0 14 D2
00026BC0  B3 B5 DC E7 E0 B1 00 00 B3 B5 24 18 CC C0 EC 2D
00026BD0  14 D2 34 3F DC E7 4D 4A 00 00 20 4E 24 18 4D 4A
00026BE0  EC 2D 34 3F 34 3F EC 2D 4D 4A 24 18 20 4E 00 00
00026BF0  4D 4A DC E7 34 3F 14 D2 EC 2D CC C0 24 18 B3 B5
00026C00  00 00 E0 B1 DC E7 B3 B5 14 D2 CC C0 CC C0 14 D2
00026C10  B3 B5 DC E7 E0 B1 00 00 B3 B5 24 18 CC C0 EC 2D
00026C20  14 D2 34 3F DC E7 4D 4A 00 00 20 4E 24 18 4D 4A
00026C30  EC 2D 34 3F 34 3F EC 2D 4D 4A 24 18 20 4E 00 00
00026C40  4D 4A DC E7 34 3F 14 D2 EC 2D CC C0 24 18 B3 B5
00026C50  00 00 E0 B1 DC E7 B3 B5 14 D2 CC C0 CC C0 14 D2
00026C60  B3 B5 DC E7 E0 B1 00 00 B3 B5 24 18 CC C0 EC 2D
00026C70  14 D2 34 3F DC E7 4D 4A 00 00 20 4E 24 18 4D 4A
00026C80  EC 2D 34 3F 34 3F EC 2D 4D 4A 24 18 20 4E 00 00
00026C90  4D 4A DC E7 34 3F 14 D2 EC 2D CC C0 24 18 B3 B5
00026CA0  00 00 E0 B1 DC E7 B3 B5 14 D2 CC C0 CC C0 14 D2
00026CB0  B3 B5 DC E7 E0 B1 00 00 B3 B5 24 18 CC C0 EC 2D
00026CC0  14 D2 34 3F DC E7 4D 4A 00 00 20 4E 24 18 4D 4A
00026CD0  EC 2D 34 3F 34 3F EC 2D 4D 4A 24 18 20 4E 00 00
00026CE0  4D 4A DC E7 34 3F 14 D2 EC 2D CC C0 24 18 B3 B5
00026CF0  00 00 E0 B1 DC E7 B3 B5 14 D2 CC C0 CC C0 14 D2
00026D00  B3 B5 DC E7 E0 B1 00 00 B3 B5 24 18 CC C0 EC 2D
00026D10  14 D2 34 3F DC E7 4D 4A 00 00 20 4E 24 18 4D 4A
00026D20  EC 2D 34 3F 34 3F EC 2D 4D 4A 24 18 20 4E 00 00
00026D30  4D 4A DC E7 34 3F 14 D2 EC 2D CC C0 24 18 B3 B5
00026D40  00 00 E0 B1 DC E7 B3 B5 14 D2 CC C0 CC C0 14 D2
00026D50  B3 B5 DC E7 E0 B1 00 00 B3 B5 24 18 CC C0 EC 2D
00026D60  14 D2 34 3F DC E7 4D 4A 00 00 20 4E 24 18 4D 4A
00026D70  EC 2D 34 3F 34 3F EC 2D 4D 4A 24 18 20 4E 00 00
00026D80  4D 4A DC E7 34 3F 14 D2 EC 2D CC C0 24 18 B3 B5
00026D90  00 00 E0 B1 DC E7 B3 B5 14 D2 CC C0 CC C0 14 D2
00026DA0  B3 B5 DC E7 E0 B1 00 00 B3 B5 24 18 CC C0 EC 2D
00026DB0  14 D2 34 3F DC E7 4D 4A 00 00 20 4E 24 18 4D 4A
00026DC0  EC 2D 34 3F 34 3F EC 2D 4D 4A 24 18 20 4E 00 00
00026DD0  4D 4A DC E7 34 3F 14 D2 EC 2D CC C0 24 18 B3 B5
00026DE0  00 00 E0 B1 DC E7 B3 B5 14 D2 CC C0 CC C0 14 D2
00026DF0  B3 B5 DC E7 E0 B1 00 00 B3 B5 24 18 CC C0 EC 2D
00026E00  14 D2 34 3F DC E7 4D 4A 00 00 20 4E 24 18 4D 4A
00026E10  EC 2D 34 3F 34 3F EC 2D 4D 4A 24 18 20 4E 00 00
00026E20  4D 4A DC E7 34 3F 14 D2 EC 2D CC C0 24 18 B3 B5
00026E30  00 00 E0 B1 DC E7 B3 B5 14 D2 CC C0 CC C0 14 D2
00026E40  B3 B5 DC E7 E0 B1 00 00 B3 B5 24 18 CC C0 EC 2D
00026E50  14 D2 34 3F DC E7 4D 4A 00 00 20 4E 24 18 4D 4A
00026E60  EC 2D 34 3F 34 3F EC 2D 4D 4A 24 18 20 4E 00 00
00026E70  4D 4A DC E7 34 3F 14 D2 EC 2D CC C0 24 18 B3 B5
00026E80  00 00 E0 B1 DC E7 B3 B5 14 D2 CC C0 CC C0 14 D2
00026E90  B3 B5 DC E7 E0 B1 00 00 B3 B5 24 18 CC C0 EC 2D
00026EA0  14 D2 34 3F DC E7 4D 4A 00 00 20 4E 24 18 4D 4A
00026EB0  EC 2D 34 3F 34 3F EC 2D 4D 4A 24 18 20 4E 00 00
00026EC0  4D 4A DC E7 34 3F 14 D2 EC 2D CC C0 24 18 B3 B5
00026ED0  00 00 E0 B1 DC E7 B3 B5 14 D2 CC C0 CC C0 14 D2
00026EE0  B3 B5 DC E7 E0 B1 00 00 B3 B5 24 18 CC C0 EC 2D
00026EF0  14 D2 34 3F DC E7 4D 4A 00 00 20 4E 24 18 4D 4A
00026F00  EC 2D 34 3F 34 3F EC 2D 4D 4A 24 18 20 4E 00 00
00026F10  4D 4A DC E7 34 3F 14 D2 EC 2D CC C0 24 18 B3 B5
00026F20  00 00 E0 B1 DC E7 B3 B5 14 D2 CC C0 CC C0 14 D2
00026F30  B3 B5 DC E7 E0 B1 00 00 B3 B5 24 18 CC C0 EC 2D
00026F40  14 D2 34 3F DC E7 4D 4A 00 00 20 4E 24 18 4D 4A
00026F50  EC 2D 34 3F 34 3F EC 2D 4D 4A 24 18 20 4E 00 00
00026F60  4D 4A DC E7 34 3F 14 D2 EC 2D CC C0 24 18 B3 B5
00026F70  00 00 E0 B1 DC E7 B3 B5 14 D2 CC C0 CC C0 14 D2
00026F80  B3 B5 DC E7 E0 B1 00 00 B3 B5 24 18 CC C0 EC 2D
00026F90  14 D2 34 3F DC E7 4D 4A 00 00 20 4E 24 18 4D 4A
00026FA0  EC 2D 34 3F 34 3F EC 2D 4D 4A 24 18 20 4E 00 00
00026FB0  4D 4A DC E7 34 3F 14 D2 EC 2D CC C0 24 18 B3 B5
00026FC0  00 00 E0 B1 DC E7 B3 B5 14 D2 CC C0 CC C0 14 D2
00026FD0  B3 B5 DC E7 E0 B1 00 00 B3 B5 24 18 CC C0 EC 2D
00026FE0  14 D2 34 3F DC E7 4D 4A 00 00 20 4E 24 18 4D 4A
00026FF0  EC 2D 34 3F 34 3F EC 2D 4D 4A 24 18 20 4E 00 00
00027000  4D 4A DC E7 34 3F 14 D2 EC 2D CC C0 24 18 B3 B5
00027010  00 00 E0 B1 DC E7 B3 B5 14 D2 CC C0 CC C0 14 D2
00027020  B3 B5 DC E7 E0 B1 00 00 B3 B5 24 18 CC C0 EC 2D
00027030  14 D2 34 3F DC E7 4D 4A 00 00 20 4E 24 18 4D 4A
00027040  EC 2D 34 3F 34 3F EC 2D 4D 4A 24 18 20 4E 00 00
00027050  4D 4A DC E7 34 3F 14 D2 EC 2D CC C0 24 18 B3 B5
00027060  00 00 E0 B1 DC E7 B3 B5 14 D2 CC C0 CC C0 14 D2
00027070  B3 B5 DC E7 E0 B1 00 00 B3 B5 24 18 CC C0 EC 2D
00027080  14 D2 34 3F DC E7 4D 4A 00 00 20 4E 24 18 4D 4A
00027090  EC 2D 34 3F 34 3F EC 2D 4D 4A 24 18 20 4E 00 00
000270A0  4D 4A DC E7 34 3F 14 D2 EC 2D CC C0 24 18 B3 B5
000270B0  00 00 E0 B1 DC E7 B3 B5 14 D2 CC C0 CC C0 14 D2
000270C0  B3 B5 DC E7 E0 B1 00 00 B3 B5 24 18 CC C0 EC 2D
000270D0  14 D2 34 3F DC E7 4D 4A 00 00 20 4E 24 18 4D 4A
000270E0  EC 2D 34 3F 34 3F EC 2D 4D 4A 24 18 20 4E 00 00
000270F0  4D 4A DC E7 34 3F 14 D2 EC 2D CC C0 24 18 B3 B5
00027100  00 00 00 00 00 00 00 00 00 00 00 00 00 00 00 00
00027110  00 00 00 00 00 00 00 00 00 00 00 00 00 00 00 00
00027120  00 00 00 00 00 00 00 00 00 00 00 00 00 00 00 00
00027130  00 00 00 00 00 00 00 00 00 00 00 00 00 00 00 00
00027140  00 00 00 00 00 00 00 00 00 00 00 00 00 00 00 00
00027150  00 00 00 00 00 00 00 00 00 00 00 00 00 00 00 00
