00000000  00 00 2B 08 3E 10 24 18 20 4E B2 4D 6B 4C 4D 4A
00000010  00 00 39 0C 24 18 78 23 20 4E 2A 4D 4D 4A 9C 45
00000020  00 00 00 00 00 00 00 00 00 00 00 00 00 00 00 00
00000030  00 00 00 00 00 00 00 00 00 00 00 00 00 00 00 00
00000040  C7 1F 10 27 EC 2D 47 34 5F 47 A9 43 34 3F 0F 3A
00000050  EC 2D 3E 37 34 3F 9C 45 34 3F 3E 37 EC 2D 78 23
00000060  00 00 00 00 00 00 00 00 00 00 00 00 00 00 00 00
00000070  00 00 00 00 00 00 00 00 00 00 00 00 00 00 00 00
00000080  0F 3A 34 3F A9 43 5F 47 47 34 EC 2D 10 27 C7 1F
00000090  4D 4A 2A 4D 20 4E 2A 4D 24 18 39 0C 00 00 C7 F3
000000A0  00 00 00 00 00 00 00 00 00 00 00 00 00 00 00 00
000000B0  00 00 00 00 00 00 00 00 00 00 00 00 00 00 00 00
000000C0  4D 4A 6B 4C B2 4D 20 4E 24 18 3E 10 2B 08 00 00
000000D0  4D 4A 9C 45 34 3F 3E 37 DC E7 88 DC 14 D2 C2 C8
000000E0  00 00 00 00 00 00 00 00 00 00 00 00 00 00 00 00
000000F0  00 00 00 00 00 00 00 00 00 00 00 00 00 00 00 00
00000100  B2 4D 6B 4C 4D 4A 5F 47 D5 F7 C2 EF DC E7 39 E0
00000110  EC 2D 78 23 24 18 39 0C CC C0 64 BA B3 B5 D6 B2
00000120  00 00 00 00 00 00 00 00 00 00 00 00 00 00 00 00
00000130  00 00 00 00 00 00 00 00 00 00 00 00 00 00 00 00
00000140  A9 43 34 3F 0F 3A 47 34 F0 D8 14 D2 B9 CB F1 C5
00000150  00 00 C7 F3 DC E7 88 DC E0 B1 D6 B2 B3 B5 64 BA
00000160  00 00 00 00 00 00 00 00 00 00 00 00 00 00 00 00
00000170  00 00 00 00 00 00 00 00 00 00 00 00 00 00 00 00
00000180  EC 2D 10 27 C7 1F 24 18 CC C0 57 BC A1 B8 B3 B5
00000190  14 D2 C2 C8 CC C0 64 BA CC C0 C2 C8 14 D2 88 DC
000001A0  00 00 00 00 00 00 00 00 00 00 00 00 00 00 00 00
000001B0  00 00 00 00 00 00 00 00 00 00 00 00 00 00 00 00
000001C0  3E 10 2B 08 00 00 D5 F7 95 B3 4E B2 E0 B1 4E B2
000001D0  B3 B5 D6 B2 E0 B1 D6 B2 DC E7 C7 F3 00 00 39 0C
000001E0  00 00 00 00 00 00 00 00 00 00 00 00 00 00 00 00
000001F0  00 00 00 00 00 00 00 00 00 00 00 00 00 00 00 00
00000200  C2 EF DC E7 39 E0 F0 D8 95 B3 B3 B5 A1 B8 57 BC
00000210  B3 B5 64 BA CC C0 C2 C8 24 18 78 23 EC 2D 3E 37
00000220  00 00 00 00 00 00 00 00 00 00 00 00 00 00 00 00
00000230  00 00 00 00 00 00 00 00 00 00 00 00 00 00 00 00
00000240  14 D2 B9 CB F1 C5 CC C0 CC C0 F1 C5 B9 CB 14 D2
00000250  14 D2 88 DC DC E7 C7 F3 34 3F 9C 45 4D 4A 2A 4D
00000260  00 00 00 00 00 00 00 00 00 00 00 00 00 00 00 00
00000270  00 00 00 00 00 00 00 00 00 00 00 00 00 00 00 00
00000280  57 BC A1 B8 B3 B5 95 B3 F0 D8 39 E0 DC E7 C2 EF
00000290  00 00 39 0C 24 18 78 23 20 4E 2A 4D 4D 4A 9C 45
000002A0  00 00 00 00 00 00 00 00 00 00 00 00 00 00 00 00
000002B0  00 00 00 00 00 00 00 00 00 00 00 00 00 00 00 00
000002C0  4E B2 E0 B1 4E B2 95 B3 D5 F7 00 00 2B 08 3E 10
000002D0  EC 2D 3E 37 34 3F 9C 45 34 3F 3E 37 EC 2D 78 23
000002E0  00 00 00 00 00 00 00 00 00 00 00 00 00 00 00 00
000002F0  00 00 00 00 00 00 00 00 00 00 00 00 00 00 00 00
00000300  B3 B5 A1 B8 57 BC CC C0 24 18 C7 1F 10 27 EC 2D
00000310  4D 4A 2A 4D 20 4E 2A 4D 24 18 39 0C 00 00 C7 F3
00000320  00 00 00 00 00 00 00 00 00 00 00 00 00 00 00 00
00000330  00 00 00 00 00 00 00 00 00 00 00 00 00 00 00 00
00000340  F1 C5 B9 CB 14 D2 F0 D8 47 34 0F 3A 34 3F A9 43
00000350  4D 4A 9C 45 34 3F 3E 37 DC E7 88 DC 14 D2 C2 C8
00000360  00 00 00 00 00 00 00 00 00 00 00 00 00 00 00 00
00000370  00 00 00 00 00 00 00 00 00 00 00 00 00 00 00 00
00000380  39 E0 DC E7 C2 EF D5 F7 5F 47 4D 4A 6B 4C B2 4D
00000390  EC 2D 78 23 24 18 39 0C CC C0 64 BA B3 B5 D6 B2
000003A0  00 00 00 00 00 00 00 00 00 00 00 00 00 00 00 00
000003B0  00 00 00 00 00 00 00 00 00 00 00 00 00 00 00 00
000003C0  00 00 2B 08 3E 10 24 18 20 4E B2 4D 6B 4C 4D 4A
000003D0  00 00 C7 F3 DC E7 88 DC E0 B1 D6 B2 B3 B5 64 BA
000003E0  00 00 00 00 00 00 00 00 00 00 00 00 00 00 00 00
000003F0  00 00 00 00 00 00 00 00 00 00 00 00 00 00 00 00
00000400  C7 1F 10 27 EC 2D 47 34 5F 47 A9 43 34 3F 0F 3A
00000410  14 D2 C2 C8 CC C0 64 BA CC C0 C2 C8 14 D2 88 DC
00000420  00 00 00 00 00 00 00 00 00 00 00 00 00 00 00 00
00000430  00 00 00 00 00 00 00 00 00 00 00 00 00 00 00 00
00000440  0F 3A 34 3F A9 43 5F 47 47 34 EC 2D 10 27 C7 1F
00000450  B3 B5 D6 B2 E0 B1 D6 B2 DC E7 C7 F3 00 00 39 0C
00000460  00 00 00 00 00 00 00 00 00 00 00 00 00 00 00 00
00000470  00 00 00 00 00 00 00 00 00 00 00 00 00 00 00 00
00000480  4D 4A 6B 4C B2 4D 20 4E 24 18 3E 10 2B 08 00 00
00000490  B3 B5 64 BA CC C0 C2 C8 24 18 78 23 EC 2D 3E 37
000004A0  00 00 00 00 00 00 00 00 00 00 00 00 00 00 00 00
000004B0  00 00 00 00 00 00 00 00 00 00 00 00 00 00 00 00
000004C0  B2 4D 6B 4C 4D 4A 5F 47 D5 F7 C2 EF DC E7 39 E0
000004D0  14 D2 88 DC DC E7 C7 F3 34 3F 9C 45 4D 4A 2A 4D
000004E0  00 00 00 00 00 00 00 00 00 00 00 00 00 00 00 00
000004F0  00 00 00 00 00 00 00 00 00 00 00 00 00 00 00 00
00000500  A9 43 34 3F 0F 3A 47 34 F0 D8 14 D2 B9 CB F1 C5
00000510  00 00 39 0C 24 18 78 23 20 4E 2A 4D 4D 4A 9C 45
00000520  00 00 00 00 00 00 00 00 00 00 00 00 00 00 00 00
00000530  00 00 00 00 00 00 00 00 00 00 00 00 00 00 00 00
00000540  EC 2D 10 27 C7 1F 24 18 CC C0 57 BC A1 B8 B3 B5
00000550  EC 2D 3E 37 34 3F 9C 45 34 3F 3E 37 EC 2D 78 23
00000560  00 00 00 00 00 00 00 00 00 00 00 00 00 00 00 00
00000570  00 00 00 00 00 00 00 00 00 00 00 00 00 00 00 00
00000580  3E 10 2B 08 00 00 D5 F7 95 B3 4E B2 E0 B1 4E B2
00000590  4D 4A 2A 4D 20 4E 2A 4D 24 18 39 0C 00 00 C7 F3
000005A0  00 00 00 00 00 00 00 00 00 00 00 00 00 00 00 00
000005B0  00 00 00 00 00 00 00 00 00 00 00 00 00 00 00 00
000005C0  C2 EF DC E7 39 E0 F0 D8 95 B3 B3 B5 A1 B8 57 BC
000005D0  4D 4A 9C 45 34 3F 3E 37 DC E7 88 DC 14 D2 C2 C8
000005E0  00 00 00 00 00 00 00 00 00 00 00 00 00 00 00 00
000005F0  00 00 00 00 00 00 00 00 00 00 00 00 00 00 00 00
00000600  14 D2 B9 CB F1 C5 CC C0 CC C0 F1 C5 B9 CB 14 D2
00000610  EC 2D 78 23 24 18 39 0C CC C0 64 BA B3 B5 D6 B2
00000620  00 00 00 00 00 00 00 00 00 00 00 00 00 00 00 00
00000630  00 00 00 00 00 00 00 00 00 00 00 00 00 00 00 00
00000640  57 BC A1 B8 B3 B5 95 B3 F0 D8 39 E0 DC E7 C2 EF
00000650  00 00 C7 F3 DC E7 88 DC E0 B1 D6 B2 B3 B5 64 BA
00000660  00 00 00 00 00 00 00 00 00 00 00 00 00 00 00 00
00000670  00 00 00 00 00 00 00 00 00 00 00 00 00 00 00 00
00000680  4E B2 E0 B1 4E B2 95 B3 D5 F7 00 00 2B 08 3E 10
00000690  14 D2 C2 C8 CC C0 64 BA CC C0 C2 C8 14 D2 88 DC
000006A0  00 00 00 00 00 00 00 00 00 00 00 00 00 00 00 00
000006B0  00 00 00 00 00 00 00 00 00 00 00 00 00 00 00 00
000006C0  B3 B5 A1 B8 57 BC CC C0 24 18 C7 1F 10 27 EC 2D
000006D0  B3 B5 D6 B2 E0 B1 D6 B2 DC E7 C7 F3 00 00 39 0C
000006E0  00 00 00 00 00 00 00 00 00 00 00 00 00 00 00 00
000006F0  00 00 00 00 00 00 00 00 00 00 00 00 00 00 00 00
00000700  F1 C5 B9 CB 14 D2 F0 D8 47 34 0F 3A 34 3F A9 43
00000710  B3 B5 64 BA CC C0 C2 C8 24 18 78 23 EC 2D 3E 37
00000720  00 00 00 00 00 00 00 00 00 00 00 00 00 00 00 00
00000730  00 00 00 00 00 00 00 00 00 00 00 00 00 00 00 00
00000740  39 E0 DC E7 C2 EF D5 F7 5F 47 4D 4A 6B 4C B2 4D
00000750  14 D2 88 DC DC E7 C7 F3 34 3F 9C 45 4D 4A 2A 4D
00000760  00 00 00 00 00 00 00 00 00 00 00 00 00 00 00 00
00000770  00 00 00 00 00 00 00 00 00 00 00 00 00 00 00 00
00000780  00 00 2B 08 3E 10 24 18 20 4E B2 4D 6B 4C 4D 4A
00000790  00 00 39 0C 24 18 78 23 20 4E 2A 4D 4D 4A 9C 45
000007A0  00 00 00 00 00 00 00 00 00 00 00 00 00 00 00 00
000007B0  00 00 00 00 00 00 00 00 00 00 00 00 00 00 00 00
000007C0  C7 1F 10 27 EC 2D 47 34 5F 47 A9 43 34 3F 0F 3A
000007D0  EC 2D 3E 37 34 3F 9C 45 34 3F 3E 37 EC 2D 78 23
000007E0  00 00 00 00 00 00 00 00 00 00 00 00 00 00 00 00
000007F0  00 00 00 00 00 00 00 00 00 00 00 00 00 00 00 00
00000800  0F 3A 34 3F A9 43 5F 47 47 34 EC 2D 10 27 C7 1F
00000810  4D 4A 2A 4D 20 4E 2A 4D 24 18 39 0C 00 00 C7 F3
00000820  00 00 00 00 00 00 00 00 00 00 00 00 00 00 00 00
00000830  00 00 00 00 00 00 00 00 00 00 00 00 00 00 00 00
00000840  4D 4A 6B 4C B2 4D 20 4E 24 18 3E 10 2B 08 00 00
00000850  4D 4A 9C 45 34 3F 3E 37 DC E7 88 DC 14 D2 C2 C8
00000860  00 00 00 00 00 00 00 00 00 00 00 00 00 00 00 00
00000870  00 00 00 00 00 00 00 00 00 00 00 00 00 00 00 00
00000880  B2 4D 6B 4C 4D 4A 5F 47 D5 F7 C2 EF DC E7 39 E0
00000890  EC 2D 78 23 24 18 39 0C CC C0 64 BA B3 B5 D6 B2
000008A0  00 00 00 00 00 00 00 00 00 00 00 00 00 00 00 00
000008B0  00 00 00 00 00 00 00 00 00 00 00 00 00 00 00 00
000008C0  A9 43 34 3F 0F 3A 47 34 F0 D8 14 D2 B9 CB F1 C5
000008D0  00 00 C7 F3 DC E7 88 DC E0 B1 D6 B2 B3 B5 64 BA
000008E0  00 00 00 00 00 00 00 00 00 00 00 00 00 00 00 00
000008F0  00 00 00 00 00 00 00 00 00 00 00 00 00 00 00 00
00000900  EC 2D 10 27 C7 1F 24 18 CC C0 57 BC A1 B8 B3 B5
00000910  14 D2 C2 C8 CC C0 64 BA CC C0 C2 C8 14 D2 88 DC
00000920  00 00 00 00 00 00 00 00 00 00 00 00 00 00 00 00
00000930  00 00 00 00 00 00 00 00 00 00 00 00 00 00 00 00
00000940  3E 10 2B 08 00 00 D5 F7 95 B3 4E B2 E0 B1 4E B2
00000950  B3 B5 D6 B2 E0 B1 D6 B2 DC E7 C7 F3 00 00 39 0C
00000960  00 00 00 00 00 00 00 00 00 00 00 00 00 00 00 00
00000970  00 00 00 00 00 00 00 00 00 00 00 00 00 00 00 00
00000980  C2 EF DC E7 39 E0 F0 D8 95 B3 B3 B5 A1 B8 57 BC
00000990  B3 B5 64 BA CC C0 C2 C8 24 18 78 23 EC 2D 3E 37
000009A0  00 00 00 00 00 00 00 00 00 00 00 00 00 00 00 00
000009B0  00 00 00 00 00 00 00 00 00 00 00 00 00 00 00 00
000009C0  14 D2 B9 CB F1 C5 CC C0 CC C0 F1 C5 B9 CB 14 D2
000009D0  14 D2 88 DC DC E7 C7 F3 34 3F 9C 45 4D 4A 2A 4D
000009E0  00 00 00 00 00 00 00 00 00 00 00 00 00 00 00 00
000009F0  00 00 00 00 00 00 00 00 00 00 00 00 00 00 00 00
00000A00  57 BC A1 B8 B3 B5 95 B3 F0 D8 39 E0 DC E7 C2 EF
00000A10  00 00 39 0C 24 18 78 23 20 4E 2A 4D 4D 4A 9C 45
00000A20  00 00 00 00 00 00 00 00 00 00 00 00 00 00 00 00
00000A30  00 00 00 00 00 00 00 00 00 00 00 00 00 00 00 00
00000A40  4E B2 E0 B1 4E B2 95 B3 D5 F7 00 00 2B 08 3E 10
00000A50  EC 2D 3E 37 34 3F 9C 45 34 3F 3E 37 EC 2D 78 23
00000A60  00 00 00 00 00 00 00 00 00 00 00 00 00 00 00 00
00000A70  00 00 00 00 00 00 00 00 00 00 00 00 00 00 00 00
00000A80  B3 B5 A1 B8 57 BC CC C0 24 18 C7 1F 10 27 EC 2D
00000A90  4D 4A 2A 4D 20 4E 2A 4D 24 18 39 0C 00 00 C7 F3
00000AA0  00 00 00 00 00 00 00 00 00 00 00 00 00 00 00 00
00000AB0  00 00 00 00 00 00 00 00 00 00 00 00 00 00 00 00
00000AC0  F1 C5 B9 CB 14 D2 F0 D8 47 34 0F 3A 34 3F A9 43
00000AD0  4D 4A 9C 45 34 3F 3E 37 DC E7 88 DC 14 D2 C2 C8
00000AE0  00 00 00 00 00 00 00 00 00 00 00 00 00 00 00 00
00000AF0  00 00 00 00 00 00 00 00 00 00 00 00 00 00 00 00
00000B00  39 E0 DC E7 C2 EF D5 F7 5F 47 4D 4A 6B 4C B2 4D
00000B10  EC 2D 78 23 24 18 39 0C CC C0 64 BA B3 B5 D6 B2
00000B20  00 00 00 00 00 00 00 00 00 00 00 00 00 00 00 00
00000B30  00 00 00 00 00 00 00 00 00 00 00 00 00 00 00 00
00000B40  00 00 2B 08 3E 10 24 18 20 4E B2 4D 6B 4C 4D 4A
00000B50  00 00 C7 F3 DC E7 88 DC E0 B1 D6 B2 B3 B5 64 BA
00000B60  00 00 00 00 00 00 00 00 00 00 00 00 00 00 00 00
00000B70  00 00 00 00 00 00 00 00 00 00 00 00 00 00 00 00
00000B80  C7 1F 10 27 EC 2D 47 34 5F 47 A9 43 34 3F 0F 3A
00000B90  14 D2 C2 C8 CC C0 64 BA CC C0 C2 C8 14 D2 88 DC
00000BA0  00 00 00 00 00 00 00 00 00 00 00 00 00 00 00 00
00000BB0  00 00 00 00 00 00 00 00 00 00 00 00 00 00 00 00
00000BC0  0F 3A 34 3F A9 43 5F 47 47 34 EC 2D 10 27 C7 1F
00000BD0  B3 B5 D6 B2 E0 B1 D6 B2 DC E7 C7 F3 00 00 39 0C
00000BE0  00 00 00 00 00 00 00 00 00 00 00 00 00 00 00 00
00000BF0  00 00 00 00 00 00 00 00 00 00 00 00 00 00 00 00
00000C00  4D 4A 6B 4C B2 4D 20 4E 24 18 3E 10 2B 08 00 00
00000C10  B3 B5 64 BA CC C0 C2 C8 24 18 78 23 EC 2D 3E 37
00000C20  00 00 00 00 00 00 00 00 00 00 00 00 00 00 00 00
00000C30  00 00 00 00 00 00 00 00 00 00 00 00 00 00 00 00
00000C40  B2 4D 6B 4C 4D 4A 5F 47 D5 F7 C2 EF DC E7 39 E0
00000C50  14 D2 88 DC DC E7 C7 F3 34 3F 9C 45 4D 4A 2A 4D
00000C60  00 00 00 00 00 00 00 00 00 00 00 00 00 00 00 00
00000C70  00 00 00 00 00 00 00 00 00 00 00 00 00 00 00 00
00000C80  A9 43 34 3F 0F 3A 47 34 F0 D8 14 D2 B9 CB F1 C5
00000C90  00 00 39 0C 24 18 78 23 20 4E 2A 4D 4D 4A 9C 45
00000CA0  00 00 00 00 00 00 00 00 00 00 00 00 00 00 00 00
00000CB0  00 00 00 00 00 00 00 00 00 00 00 00 00 00 00 00
00000CC0  EC 2D 10 27 C7 1F 24 18 CC C0 57 BC A1 B8 B3 B5
00000CD0  EC 2D 3E 37 34 3F 9C 45 34 3F 3E 37 EC 2D 78 23
00000CE0  00 00 00 00 00 00 00 00 00 00 00 00 00 00 00 00
00000CF0  00 00 00 00 00 00 00 00 00 00 00 00 00 00 00 00
00000D00  3E 10 2B 08 00 00 D5 F7 95 B3 4E B2 E0 B1 4E B2
00000D10  4D 4A 2A 4D 20 4E 2A 4D 24 18 39 0C 00 00 C7 F3
00000D20  00 00 00 00 00 00 00 00 00 00 00 00 00 00 00 00
00000D30  00 00 00 00 00 00 00 00 00 00 00 00 00 00 00 00
00000D40  C2 EF DC E7 39 E0 F0 D8 95 B3 B3 B5 A1 B8 57 BC
00000D50  4D 4A 9C 45 34 3F 3E 37 DC E7 88 DC 14 D2 C2 C8
00000D60  00 00 00 00 00 00 00 00 00 00 00 00 00 00 00 00
00000D70  00 00 00 00 00 00 00 00 00 00 00 00 00 00 00 00
00000D80  14 D2 B9 CB F1 C5 CC C0 CC C0 F1 C5 B9 CB 14 D2
00000D90  EC 2D 78 23 24 18 39 0C CC C0 64 BA B3 B5 D6 B2
00000DA0  00 00 00 00 00 00 00 00 00 00 00 00 00 00 00 00
00000DB0  00 00 00 00 00 00 00 00 00 00 00 00 00 00 00 00
00000DC0  57 BC A1 B8 B3 B5 95 B3 F0 D8 39 E0 DC E7 C2 EF
00000DD0  00 00 C7 F3 DC E7 88 DC E0 B1 D6 B2 B3 B5 64 BA
00000DE0  00 00 00 00 00 00 00 00 00 00 00 00 00 00 00 00
00000DF0  00 00 00 00 00 00 00 00 00 00 00 00 00 00 00 00
00000E00  4E B2 E0 B1 4E B2 95 B3 D5 F7 00 00 2B 08 3E 10
00000E10  14 D2 C2 C8 CC C0 64 BA CC C0 C2 C8 14 D2 88 DC
00000E20  00 00 00 00 00 00 00 00 00 00 00 00 00 00 00 00
00000E30  00 00 00 00 00 00 00 00 00 00 00 00 00 00 00 00
00000E40  B3 B5 A1 B8 57 BC CC C0 24 18 C7 1F 10 27 EC 2D
00000E50  B3 B5 D6 B2 E0 B1 D6 B2 DC E7 C7 F3 00 00 39 0C
00000E60  00 00 00 00 00 00 00 00 00 00 00 00 00 00 00 00
00000E70  00 00 00 00 00 00 00 00 00 00 00 00 00 00 00 00
00000E80  F1 C5 B9 CB 14 D2 F0 D8 47 34 0F 3A 34 3F A9 43
00000E90  B3 B5 64 BA CC C0 C2 C8 24 18 78 23 EC 2D 3E 37
00000EA0  00 00 00 00 00 00 00 00 00 00 00 00 00 00 00 00
00000EB0  00 00 00 00 00 00 00 00 00 00 00 00 00 00 00 00
00000EC0  39 E0 DC E7 C2 EF D5 F7 5F 47 4D 4A 6B 4C B2 4D
00000ED0  14 D2 88 DC DC E7 C7 F3 34 3F 9C 45 4D 4A 2A 4D
00000EE0  00 00 00 00 00 00 00 00 00 00 00 00 00 00 00 00
00000EF0  00 00 00 00 00 00 00 00 00 00 00 00 00 00 00 00
00000F00  00 00 2B 08 3E 10 24 18 20 4E B2 4D 6B 4C 4D 4A
00000F10  00 00 39 0C 24 18 78 23 20 4E 2A 4D 4D 4A 9C 45
00000F20  00 00 00 00 00 00 00 00 00 00 00 00 00 00 00 00
00000F30  00 00 00 00 00 00 00 00 00 00 00 00 00 00 00 00
00000F40  C7 1F 10 27 EC 2D 47 34 5F 47 A9 43 34 3F 0F 3A
00000F50  EC 2D 3E 37 34 3F 9C 45 34 3F 3E 37 EC 2D 78 23
00000F60  00 00 00 00 00 00 00 00 00 00 00 00 00 00 00 00
00000F70  00 00 00 00 00 00 00 00 00 00 00 00 00 00 00 00
00000F80  0F 3A 34 3F A9 43 5F 47 47 34 EC 2D 10 27 C7 1F
00000F90  4D 4A 2A 4D 20 4E 2A 4D 24 18 39 0C 00 00 C7 F3
00000FA0  00 00 00 00 00 00 00 00 00 00 00 00 00 00 00 00
00000FB0  00 00 00 00 00 00 00 00 00 00 00 00 00 00 00 00
00000FC0  4D 4A 6B 4C B2 4D 20 4E 24 18 3E 10 2B 08 00 00
00000FD0  4D 4A 9C 45 34 3F 3E 37 DC E7 88 DC 14 D2 C2 C8
00000FE0  00 00 00 00 00 00 00 00 00 00 00 00 00 00 00 00
00000FF0  00 00 00 00 00 00 00 00 00 00 00 00 00 00 00 00
00001000  B2 4D 6B 4C 4D 4A 5F 47 D5 F7 C2 EF DC E7 39 E0
00001010  EC 2D 78 23 24 18 39 0C CC C0 64 BA B3 B5 D6 B2
00001020  00 00 00 00 00 00 00 00 00 00 00 00 00 00 00 00
00001030  00 00 00 00 00 00 00 00 00 00 00 00 00 00 00 00
00001040  A9 43 34 3F 0F 3A 47 34 F0 D8 14 D2 B9 CB F1 C5
00001050  00 00 C7 F3 DC E7 88 DC E0 B1 D6 B2 B3 B5 64 BA
00001060  00 00 00 00 00 00 00 00 00 00 00 00 00 00 00 00
00001070  00 00 00 00 00 00 00 00 00 00 00 00 00 00 00 00
00001080  EC 2D 10 27 C7 1F 24 18 CC C0 57 BC A1 B8 B3 B5
00001090  14 D2 C2 C8 CC C0 64 BA CC C0 C2 C8 14 D2 88 DC
000010A0  00 00 00 00 00 00 00 00 00 00 00 00 00 00 00 00
000010B0  00 00 00 00 00 00 00 00 00 00 00 00 00 00 00 00
000010C0  3E 10 2B 08 00 00 D5 F7 95 B3 4E B2 E0 B1 4E B2
000010D0  B3 B5 D6 B2 E0 B1 D6 B2 DC E7 C7 F3 00 00 39 0C
000010E0  00 00 00 00 00 00 00 00 00 00 00 00 00 00 00 00
000010F0  00 00 00 00 00 00 00 00 00 00 00 00 00 00 00 00
00001100  C2 EF DC E7 39 E0 F0 D8 95 B3 B3 B5 A1 B8 57 BC
00001110  B3 B5 64 BA CC C0 C2 C8 24 18 78 23 EC 2D 3E 37
00001120  00 00 00 00 00 00 00 00 00 00 00 00 00 00 00 00
00001130  00 00 00 00 00 00 00 00 00 00 00 00 00 00 00 00
00001140  14 D2 B9 CB F1 C5 CC C0 CC C0 F1 C5 B9 CB 14 D2
00001150  14 D2 88 DC DC E7 C7 F3 34 3F 9C 45 4D 4A 2A 4D
00001160  00 00 00 00 00 00 00 00 00 00 00 00 00 00 00 00
00001170  00 00 00 00 00 00 00 00 00 00 00 00 00 00 00 00
00001180  57 BC A1 B8 B3 B5 95 B3 F0 D8 39 E0 DC E7 C2 EF
00001190  00 00 39 0C 24 18 78 23 20 4E 2A 4D 4D 4A 9C 45
000011A0  00 00 00 00 00 00 00 00 00 00 00 00 00 00 00 00
000011B0  00 00 00 00 00 00 00 00 00 00 00 00 00 00 00 00
000011C0  4E B2 E0 B1 4E B2 95 B3 D5 F7 00 00 2B 08 3E 10
000011D0  EC 2D 3E 37 34 3F 9C 45 34 3F 3E 37 EC 2D 78 23
000011E0  00 00 00 00 00 00 00 00 00 00 00 00 00 00 00 00
000011F0  00 00 00 00 00 00 00 00 00 00 00 00 00 00 00 00
00001200  B3 B5 A1 B8 57 BC CC C0 24 18 C7 1F 10 27 EC 2D
00001210  4D 4A 2A 4D 20 4E 2A 4D 24 18 39 0C 00 00 C7 F3
00001220  00 00 00 00 00 00 00 00 00 00 00 00 00 00 00 00
00001230  00 00 00 00 00 00 00 00 00 00 00 00 00 00 00 00
00001240  F1 C5 B9 CB 14 D2 F0 D8 47 34 0F 3A 34 3F A9 43
00001250  4D 4A 9C 45 34 3F 3E 37 DC E7 88 DC 14 D2 C2 C8
00001260  00 00 00 00 00 00 00 00 00 00 00 00 00 00 00 00
00001270  00 00 00 00 00 00 00 00 00 00 00 00 00 00 00 00
00001280  39 E0 DC E7 C2 EF D5 F7 5F 47 4D 4A 6B 4C B2 4D
00001290  EC 2D 78 23 24 18 39 0C CC C0 64 BA B3 B5 D6 B2
000012A0  00 00 00 00 00 00 00 00 00 00 00 00 00 00 00 00
000012B0  00 00 00 00 00 00 00 00 00 00 00 00 00 00 00 00
000012C0  00 00 2B 08 3E 10 24 18 20 4E B2 4D 6B 4C 4D 4A
000012D0  00 00 C7 F3 DC E7 88 DC E0 B1 D6 B2 B3 B5 64 BA
000012E0  00 00 00 00 00 00 00 00 00 00 00 00 00 00 00 00
000012F0  00 00 00 00 00 00 00 00 00 00 00 00 00 00 00 00
00001300  C7 1F 10 27 EC 2D 47 34 5F 47 A9 43 34 3F 0F 3A
00001310  14 D2 C2 C8 CC C0 64 BA CC C0 C2 C8 14 D2 88 DC
00001320  00 00 00 00 00 00 00 00 00 00 00 00 00 00 00 00
00001330  00 00 00 00 00 00 00 00 00 00 00 00 00 00 00 00
00001340  0F 3A 34 3F A9 43 5F 47 47 34 EC 2D 10 27 C7 1F
00001350  B3 B5 D6 B2 E0 B1 D6 B2 DC E7 C7 F3 00 00 39 0C
00001360  00 00 00 00 00 00 00 00 00 00 00 00 00 00 00 00
00001370  00 00 00 00 00 00 00 00 00 00 00 00 00 00 00 00
00001380  4D 4A 6B 4C B2 4D 20 4E 24 18 3E 10 2B 08 00 00
00001390  B3 B5 64 BA CC C0 C2 C8 24 18 78 23 EC 2D 3E 37
000013A0  00 00 00 00 00 00 00 00 00 00 00 00 00 00 00 00
000013B0  00 00 00 00 00 00 00 00 00 00 00 00 00 00 00 00
000013C0  B2 4D 6B 4C 4D 4A 5F 47 D5 F7 C2 EF DC E7 39 E0
000013D0  14 D2 88 DC DC E7 C7 F3 34 3F 9C 45 4D 4A 2A 4D
000013E0  00 00 00 00 00 00 00 00 00 00 00 00 00 00 00 00
000013F0  00 00 00 00 00 00 00 00 00 00 00 00 00 00 00 00
00001400  A9 43 34 3F 0F 3A 47 34 F0 D8 14 D2 B9 CB F1 C5
00001410  00 00 39 0C 24 18 78 23 20 4E 2A 4D 4D 4A 9C 45
00001420  00 00 00 00 00 00 00 00 00 00 00 00 00 00 00 00
00001430  00 00 00 00 00 00 00 00 00 00 00 00 00 00 00 00
00001440  EC 2D 10 27 C7 1F 24 18 CC C0 57 BC A1 B8 B3 B5
00001450  EC 2D 3E 37 34 3F 9C 45 34 3F 3E 37 EC 2D 78 23
00001460  00 00 00 00 00 00 00 00 00 00 00 00 00 00 00 00
00001470  00 00 00 00 00 00 00 00 00 00 00 00 00 00 00 00
00001480  3E 10 2B 08 00 00 D5 F7 95 B3 4E B2 E0 B1 4E B2
00001490  4D 4A 2A 4D 20 4E 2A 4D 24 18 39 0C 00 00 C7 F3
000014A0  00 00 00 00 00 00 00 00 00 00 00 00 00 00 00 00
000014B0  00 00 00 00 00 00 00 00 00 00 00 00 00 00 00 00
000014C0  C2 EF DC E7 39 E0 F0 D8 95 B3 B3 B5 A1 B8 57 BC
000014D0  4D 4A 9C 45 34 3F 3E 37 DC E7 88 DC 14 D2 C2 C8
000014E0  00 00 00 00 00 00 00 00 00 00 00 00 00 00 00 00
000014F0  00 00 00 00 00 00 00 00 00 00 00 00 00 00 00 00
00001500  14 D2 B9 CB F1 C5 CC C0 CC C0 F1 C5 B9 CB 14 D2
00001510  EC 2D 78 23 24 18 39 0C CC C0 64 BA B3 B5 D6 B2
00001520  00 00 00 00 00 00 00 00 00 00 00 00 00 00 00 00
00001530  00 00 00 00 00 00 00 00 00 00 00 00 00 00 00 00
00001540  57 BC A1 B8 B3 B5 95 B3 F0 D8 39 E0 DC E7 C2 EF
00001550  00 00 C7 F3 DC E7 88 DC E0 B1 D6 B2 B3 B5 64 BA
00001560  00 00 00 00 00 00 00 00 00 00 00 00 00 00 00 00
00001570  00 00 00 00 00 00 00 00 00 00 00 00 00 00 00 00
00001580  4E B2 E0 B1 4E B2 95 B3 D5 F7 00 00 2B 08 3E 10
00001590  14 D2 C2 C8 CC C0 64 BA CC C0 C2 C8 14 D2 88 DC
000015A0  00 00 00 00 00 00 00 00 00 00 00 00 00 00 00 00
000015B0  00 00 00 00 00 00 00 00 00 00 00 00 00 00 00 00
000015C0  B3 B5 A1 B8 57 BC CC C0 24 18 C7 1F 10 27 EC 2D
000015D0  B3 B5 D6 B2 E0 B1 D6 B2 DC E7 C7 F3 00 00 39 0C
000015E0  00 00 00 00 00 00 00 00 00 00 00 00 00 00 00 00
000015F0  00 00 00 00 00 00 00 00 00 00 00 00 00 00 00 00
00001600  F1 C5 B9 CB 14 D2 F0 D8 47 34 0F 3A 34 3F A9 43
00001610  B3 B5 64 BA CC C0 C2 C8 24 18 78 23 EC 2D 3E 37
00001620  00 00 00 00 00 00 00 00 00 00 00 00 00 00 00 00
00001630  00 00 00 00 00 00 00 00 00 00 00 00 00 00 00 00
00001640  39 E0 DC E7 C2 EF D5 F7 5F 47 4D 4A 6B 4C B2 4D
00001650  14 D2 88 DC DC E7 C7 F3 34 3F 9C 45 4D 4A 2A 4D
00001660  00 00 00 00 00 00 00 00 00 00 00 00 00 00 00 00
00001670  00 00 00 00 00 00 00 00 00 00 00 00 00 00 00 00
00001680  00 00 2B 08 3E 10 24 18 20 4E B2 4D 6B 4C 4D 4A
00001690  00 00 39 0C 24 18 78 23 20 4E 2A 4D 4D 4A 9C 45
000016A0  00 00 00 00 00 00 00 00 00 00 00 00 00 00 00 00
000016B0  00 00 00 00 00 00 00 00 00 00 00 00 00 00 00 00
000016C0  C7 1F 10 27 EC 2D 47 34 5F 47 A9 43 34 3F 0F 3A
000016D0  EC 2D 3E 37 34 3F 9C 45 34 3F 3E 37 EC 2D 78 23
000016E0  00 00 00 00 00 00 00 00 00 00 00 00 00 00 00 00
000016F0  00 00 00 00 00 00 00 00 00 00 00 00 00 00 00 00
00001700  0F 3A 34 3F A9 43 5F 47 47 34 EC 2D 10 27 C7 1F
00001710  4D 4A 2A 4D 20 4E 2A 4D 24 18 39 0C 00 00 C7 F3
00001720  00 00 00 00 00 00 00 00 00 00 00 00 00 00 00 00
00001730  00 00 00 00 00 00 00 00 00 00 00 00 00 00 00 00
00001740  4D 4A 6B 4C B2 4D 20 4E 24 18 3E 10 2B 08 00 00
00001750  4D 4A 9C 45 34 3F 3E 37 DC E7 88 DC 14 D2 C2 C8
00001760  00 00 00 00 00 00 00 00 00 00 00 00 00 00 00 00
00001770  00 00 00 00 00 00 00 00 00 00 00 00 00 00 00 00
00001780  B2 4D 6B 4C 4D 4A 5F 47 D5 F7 C2 EF DC E7 39 E0
00001790  EC 2D 78 23 24 18 39 0C CC C0 64 BA B3 B5 D6 B2
000017A0  00 00 00 00 00 00 00 00 00 00 00 00 00 00 00 00
000017B0  00 00 00 00 00 00 00 00 00 00 00 00 00 00 00 00
000017C0  A9 43 34 3F 0F 3A 47 34 F0 D8 14 D2 B9 CB F1 C5
000017D0  00 00 C7 F3 DC E7 88 DC E0 B1 D6 B2 B3 B5 64 BA
000017E0  00 00 00 00 00 00 00 00 00 00 00 00 00 00 00 00
000017F0  00 00 00 00 00 00 00 00 00 00 00 00 00 00 00 00
00001800  EC 2D 10 27 C7 1F 24 18 CC C0 57 BC A1 B8 B3 B5
00001810  14 D2 C2 C8 CC C0 64 BA CC C0 C2 C8 14 D2 88 DC
00001820  00 00 00 00 00 00 00 00 00 00 00 00 00 00 00 00
00001830  00 00 00 00 00 00 00 00 00 00 00 00 00 00 00 00
00001840  3E 10 2B 08 00 00 D5 F7 95 B3 4E B2 E0 B1 4E B2
00001850  B3 B5 D6 B2 E0 B1 D6 B2 DC E7 C7 F3 00 00 39 0C
00001860  00 00 00 00 00 00 00 00 00 00 00 00 00 00 00 00
00001870  00 00 00 00 00 00 00 00 00 00 00 00 00 00 00 00
00001880  C2 EF DC E7 39 E0 F0 D8 95 B3 B3 B5 A1 B8 57 BC
00001890  B3 B5 64 BA CC C0 C2 C8 24 18 78 23 EC 2D 3E 37
000018A0  00 00 00 00 00 00 00 00 00 00 00 00 00 00 00 00
000018B0  00 00 00 00 00 00 00 00 00 00 00 00 00 00 00 00
000018C0  14 D2 B9 CB F1 C5 CC C0 CC C0 F1 C5 B9 CB 14 D2
000018D0  14 D2 88 DC DC E7 C7 F3 34 3F 9C 45 4D 4A 2A 4D
000018E0  00 00 00 00 00 00 00 00 00 00 00 00 00 00 00 00
000018F0  00 00 00 00 00 00 00 00 00 00 00 00 00 00 00 00
00001900  57 BC A1 B8 B3 B5 95 B3 F0 D8 39 E0 DC E7 C2 EF
00001910  00 00 39 0C 24 18 78 23 20 4E 2A 4D 4D 4A 9C 45
00001920  00 00 00 00 00 00 00 00 00 00 00 00 00 00 00 00
00001930  00 00 00 00 00 00 00 00 00 00 00 00 00 00 00 00
00001940  4E B2 E0 B1 4E B2 95 B3 D5 F7 00 00 2B 08 3E 10
00001950  EC 2D 3E 37 34 3F 9C 45 34 3F 3E 37 EC 2D 78 23
00001960  00 00 00 00 00 00 00 00 00 00 00 00 00 00 00 00
00001970  00 00 00 00 00 00 00 00 00 00 00 00 00 00 00 00
00001980  B3 B5 A1 B8 57 BC CC C0 24 18 C7 1F 10 27 EC 2D
00001990  4D 4A 2A 4D 20 4E 2A 4D 24 18 39 0C 00 00 C7 F3
000019A0  00 00 00 00 00 00 00 00 00 00 00 00 00 00 00 00
000019B0  00 00 00 00 00 00 00 00 00 00 00 00 00 00 00 00
000019C0  F1 C5 B9 CB 14 D2 F0 D8 47 34 0F 3A 34 3F A9 43
000019D0  4D 4A 9C 45 34 3F 3E 37 DC E7 88 DC 14 D2 C2 C8
000019E0  00 00 00 00 00 00 00 00 00 00 00 00 00 00 00 00
000019F0  00 00 00 00 00 00 00 00 00 00 00 00 00 00 00 00
00001A00  39 E0 DC E7 C2 EF D5 F7 5F 47 4D 4A 6B 4C B2 4D
00001A10  EC 2D 78 23 24 18 39 0C CC C0 64 BA B3 B5 D6 B2
00001A20  00 00 00 00 00 00 00 00 00 00 00 00 00 00 00 00
00001A30  00 00 00 00 00 00 00 00 00 00 00 00 00 00 00 00
00001A40  00 00 2B 08 3E 10 24 18 20 4E B2 4D 6B 4C 4D 4A
00001A50  00 00 C7 F3 DC E7 88 DC E0 B1 D6 B2 B3 B5 64 BA
00001A60  00 00 00 00 00 00 00 00 00 00 00 00 00 00 00 00
00001A70  00 00 00 00 00 00 00 00 00 00 00 00 00 00 00 00
00001A80  C7 1F 10 27 EC 2D 47 34 5F 47 A9 43 34 3F 0F 3A
00001A90  14 D2 C2 C8 CC C0 64 BA CC C0 C2 C8 14 D2 88 DC
00001AA0  00 00 00 00 00 00 00 00 00 00 00 00 00 00 00 00
00001AB0  00 00 00 00 00 00 00 00 00 00 00 00 00 00 00 00
00001AC0  0F 3A 34 3F A9 43 5F 47 47 34 EC 2D 10 27 C7 1F
00001AD0  B3 B5 D6 B2 E0 B1 D6 B2 DC E7 C7 F3 00 00 39 0C
00001AE0  00 00 00 00 00 00 00 00 00 00 00 00 00 00 00 00
00001AF0  00 00 00 00 00 00 00 00 00 00 00 00 00 00 00 00
00001B00  4D 4A 6B 4C B2 4D 20 4E 24 18 3E 10 2B 08 00 00
00001B10  B3 B5 64 BA CC C0 C2 C8 24 18 78 23 EC 2D 3E 37
00001B20  00 00 00 00 00 00 00 00 00 00 00 00 00 00 00 00
00001B30  00 00 00 00 00 00 00 00 00 00 00 00 00 00 00 00
00001B40  B2 4D 6B 4C 4D 4A 5F 47 D5 F7 C2 EF DC E7 39 E0
00001B50  14 D2 88 DC DC E7 C7 F3 34 3F 9C 45 4D 4A 2A 4D
00001B60  00 00 00 00 00 00 00 00 00 00 00 00 00 00 00 00
00001B70  00 00 00 00 00 00 00 00 00 00 00 00 00 00 00 00
00001B80  A9 43 34 3F 0F 3A 47 34 F0 D8 14 D2 B9 CB F1 C5
00001B90  00 00 39 0C 24 18 78 23 20 4E 2A 4D 4D 4A 9C 45
00001BA0  00 00 00 00 00 00 00 00 00 00 00 00 00 00 00 00
00001BB0  00 00 00 00 00 00 00 00 00 00 00 00 00 00 00 00
00001BC0  EC 2D 10 27 C7 1F 24 18 CC C0 57 BC A1 B8 B3 B5
00001BD0  EC 2D 3E 37 34 3F 9C 45 34 3F 3E 37 EC 2D 78 23
00001BE0  00 00 00 00 00 00 00 00 00 00 00 00 00 00 00 00
00001BF0  00 00 00 00 00 00 00 00 00 00 00 00 00 00 00 00
00001C00  3E 10 2B 08 00 00 D5 F7 95 B3 4E B2 E0 B1 4E B2
00001C10  4D 4A 2A 4D 20 4E 2A 4D 24 18 39 0C 00 00 C7 F3
00001C20  00 00 00 00 00 00 00 00 00 00 00 00 00 00 00 00
00001C30  00 00 00 00 00 00 00 00 00 00 00 00 00 00 00 00
00001C40  C2 EF DC E7 39 E0 F0 D8 95 B3 B3 B5 A1 B8 57 BC
00001C50  4D 4A 9C 45 34 3F 3E 37 DC E7 88 DC 14 D2 C2 C8
00001C60  00 00 00 00 00 00 00 00 00 00 00 00 00 00 00 00
00001C70  00 00 00 00 00 00 00 00 00 00 00 00 00 00 00 00
00001C80  14 D2 B9 CB F1 C5 CC C0 CC C0 F1 C5 B9 CB 14 D2
00001C90  EC 2D 78 23 24 18 39 0C CC C0 64 BA B3 B5 D6 B2
00001CA0  00 00 00 00 00 00 00 00 00 00 00 00 00 00 00 00
00001CB0  00 00 00 00 00 00 00 00 00 00 00 00 00 00 00 00
00001CC0  57 BC A1 B8 B3 B5 95 B3 F0 D8 39 E0 DC E7 C2 EF
00001CD0  00 00 C7 F3 DC E7 88 DC E0 B1 D6 B2 B3 B5 64 BA
00001CE0  00 00 00 00 00 00 00 00 00 00 00 00 00 00 00 00
00001CF0  00 00 00 00 00 00 00 00 00 00 00 00 00 00 00 00
00001D00  4E B2 E0 B1 4E B2 95 B3 D5 F7 00 00 2B 08 3E 10
00001D10  14 D2 C2 C8 CC C0 64 BA CC C0 C2 C8 14 D2 88 DC
00001D20  00 00 00 00 00 00 00 00 00 00 00 00 00 00 00 00
00001D30  00 00 00 00 00 00 00 00 00 00 00 00 00 00 00 00
00001D40  B3 B5 A1 B8 57 BC CC C0 24 18 C7 1F 10 27 EC 2D
00001D50  B3 B5 D6 B2 E0 B1 D6 B2 DC E7 C7 F3 00 00 39 0C
00001D60  00 00 00 00 00 00 00 00 00 00 00 00 00 00 00 00
00001D70  00 00 00 00 00 00 00 00 00 00 00 00 00 00 00 00
00001D80  F1 C5 B9 CB 14 D2 F0 D8 47 34 0F 3A 34 3F A9 43
00001D90  B3 B5 64 BA CC C0 C2 C8 24 18 78 23 EC 2D 3E 37
00001DA0  00 00 00 00 00 00 00 00 00 00 00 00 00 00 00 00
00001DB0  00 00 00 00 00 00 00 00 00 00 00 00 00 00 00 00
00001DC0  39 E0 DC E7 C2 EF D5 F7 5F 47 4D 4A 6B 4C B2 4D
00001DD0  14 D2 88 DC DC E7 C7 F3 34 3F 9C 45 4D 4A 2A 4D
00001DE0  00 00 00 00 00 00 00 00 00 00 00 00 00 00 00 00
00001DF0  00 00 00 00 00 00 00 00 00 00 00 00 00 00 00 00
00001E00  00 00 2B 08 3E 10 24 18 20 4E B2 4D 6B 4C 4D 4A
00001E10  00 00 39 0C 24 18 78 23 20 4E 2A 4D 4D 4A 9C 45
00001E20  00 00 00 00 00 00 00 00 00 00 00 00 00 00 00 00
00001E30  00 00 00 00 00 00 00 00 00 00 00 00 00 00 00 00
00001E40  C7 1F 10 27 EC 2D 47 34 5F 47 A9 43 34 3F 0F 3A
00001E50  EC 2D 3E 37 34 3F 9C 45 34 3F 3E 37 EC 2D 78 23
00001E60  00 00 00 00 00 00 00 00 00 00 00 00 00 00 00 00
00001E70  00 00 00 00 00 00 00 00 00 00 00 00 00 00 00 00
00001E80  0F 3A 34 3F A9 43 5F 47 47 34 EC 2D 10 27 C7 1F
00001E90  4D 4A 2A 4D 20 4E 2A 4D 24 18 39 0C 00 00 C7 F3
00001EA0  00 00 00 00 00 00 00 00 00 00 00 00 00 00 00 00
00001EB0  00 00 00 00 00 00 00 00 00 00 00 00 00 00 00 00
00001EC0  4D 4A 6B 4C B2 4D 20 4E 24 18 3E 10 2B 08 00 00
00001ED0  4D 4A 9C 45 34 3F 3E 37 DC E7 88 DC 14 D2 C2 C8
00001EE0  00 00 00 00 00 00 00 00 00 00 00 00 00 00 00 00
00001EF0  00 00 00 00 00 00 00 00 00 00 00 00 00 00 00 00
00001F00  B2 4D 6B 4C 4D 4A 5F 47 D5 F7 C2 EF DC E7 39 E0
00001F10  EC 2D 78 23 24 18 39 0C CC C0 64 BA B3 B5 D6 B2
00001F20  00 00 00 00 00 00 00 00 00 00 00 00 00 00 00 00
00001F30  00 00 00 00 00 00 00 00 00 00 00 00 00 00 00 00
00001F40  A9 43 34 3F 0F 3A 47 34 F0 D8 14 D2 B9 CB F1 C5
00001F50  00 00 C7 F3 DC E7 88 DC E0 B1 D6 B2 B3 B5 64 BA
00001F60  00 00 00 00 00 00 00 00 00 00 00 00 00 00 00 00
00001F70  00 00 00 00 00 00 00 00 00 00 00 00 00 00 00 00
00001F80  EC 2D 10 27 C7 1F 24 18 CC C0 57 BC A1 B8 B3 B5
00001F90  14 D2 C2 C8 CC C0 64 BA CC C0 C2 C8 14 D2 88 DC
00001FA0  00 00 00 00 00 00 00 00 00 00 00 00 00 00 00 00
00001FB0  00 00 00 00 00 00 00 00 00 00 00 00 00 00 00 00
00001FC0  3E 10 2B 08 00 00 D5 F7 95 B3 4E B2 E0 B1 4E B2
00001FD0  B3 B5 D6 B2 E0 B1 D6 B2 DC E7 C7 F3 00 00 39 0C
00001FE0  00 00 00 00 00 00 00 00 00 00 00 00 00 00 00 00
00001FF0  00 00 00 00 00 00 00 00 00 00 00 00 00 00 00 00
00002000  C2 EF DC E7 39 E0 F0 D8 95 B3 B3 B5 A1 B8 57 BC
00002010  B3 B5 64 BA CC C0 C2 C8 24 18 78 23 EC 2D 3E 37
00002020  00 00 00 00 00 00 00 00 00 00 00 00 00 00 00 00
00002030  00 00 00 00 00 00 00 00 00 00 00 00 00 00 00 00
00002040  14 D2 B9 CB F1 C5 CC C0 CC C0 F1 C5 B9 CB 14 D2
00002050  14 D2 88 DC DC E7 C7 F3 34 3F 9C 45 4D 4A 2A 4D
00002060  00 00 00 00 00 00 00 00 00 00 00 00 00 00 00 00
00002070  00 00 00 00 00 00 00 00 00 00 00 00 00 00 00 00
00002080  57 BC A1 B8 B3 B5 95 B3 F0 D8 39 E0 DC E7 C2 EF
00002090  00 00 39 0C 24 18 78 23 20 4E 2A 4D 4D 4A 9C 45
000020A0  00 00 00 00 00 00 00 00 00 00 00 00 00 00 00 00
000020B0  00 00 00 00 00 00 00 00 00 00 00 00 00 00 00 00
000020C0  4E B2 E0 B1 4E B2 95 B3 D5 F7 00 00 2B 08 3E 10
000020D0  EC 2D 3E 37 34 3F 9C 45 34 3F 3E 37 EC 2D 78 23
000020E0  00 00 00 00 00 00 00 00 00 00 00 00 00 00 00 00
000020F0  00 00 00 00 00 00 00 00 00 00 00 00 00 00 00 00
00002100  B3 B5 A1 B8 57 BC CC C0 24 18 C7 1F 10 27 EC 2D
00002110  4D 4A 2A 4D 20 4E 2A 4D 24 18 39 0C 00 00 C7 F3
00002120  00 00 00 00 00 00 00 00 00 00 00 00 00 00 00 00
00002130  00 00 00 00 00 00 00 00 00 00 00 00 00 00 00 00
00002140  F1 C5 B9 CB 14 D2 F0 D8 47 34 0F 3A 34 3F A9 43
00002150  4D 4A 9C 45 34 3F 3E 37 DC E7 88 DC 14 D2 C2 C8
00002160  00 00 00 00 00 00 00 00 00 00 00 00 00 00 00 00
00002170  00 00 00 00 00 00 00 00 00 00 00 00 00 00 00 00
00002180  39 E0 DC E7 C2 EF D5 F7 5F 47 4D 4A 6B 4C B2 4D
00002190  EC 2D 78 23 24 18 39 0C CC C0 64 BA B3 B5 D6 B2
000021A0  00 00 00 00 00 00 00 00 00 00 00 00 00 00 00 00
000021B0  00 00 00 00 00 00 00 00 00 00 00 00 00 00 00 00
000021C0  00 00 2B 08 3E 10 24 18 20 4E B2 4D 6B 4C 4D 4A
000021D0  00 00 C7 F3 DC E7 88 DC E0 B1 D6 B2 B3 B5 64 BA
000021E0  00 00 00 00 00 00 00 00 00 00 00 00 00 00 00 00
000021F0  00 00 00 00 00 00 00 00 00 00 00 00 00 00 00 00
00002200  C7 1F 10 27 EC 2D 47 34 5F 47 A9 43 34 3F 0F 3A
00002210  14 D2 C2 C8 CC C0 64 BA CC C0 C2 C8 14 D2 88 DC
00002220  00 00 00 00 00 00 00 00 00 00 00 00 00 00 00 00
00002230  00 00 00 00 00 00 00 00 00 00 00 00 00 00 00 00
00002240  0F 3A 34 3F A9 43 5F 47 47 34 EC 2D 10 27 C7 1F
00002250  B3 B5 D6 B2 E0 B1 D6 B2 DC E7 C7 F3 00 00 39 0C
00002260  00 00 00 00 00 00 00 00 00 00 00 00 00 00 00 00
00002270  00 00 00 00 00 00 00 00 00 00 00 00 00 00 00 00
00002280  4D 4A 6B 4C B2 4D 20 4E 24 18 3E 10 2B 08 00 00
00002290  B3 B5 64 BA CC C0 C2 C8 24 18 78 23 EC 2D 3E 37
000022A0  00 00 00 00 00 00 00 00 00 00 00 00 00 00 00 00
000022B0  00 00 00 00 00 00 00 00 00 00 00 00 00 00 00 00
000022C0  B2 4D 6B 4C 4D 4A 5F 47 D5 F7 C2 EF DC E7 39 E0
000022D0  14 D2 88 DC DC E7 C7 F3 34 3F 9C 45 4D 4A 2A 4D
000022E0  00 00 00 00 00 00 00 00 00 00 00 00 00 00 00 00
000022F0  00 00 00 00 00 00 00 00 00 00 00 00 00 00 00 00
00002300  A9 43 34 3F 0F 3A 47 34 F0 D8 14 D2 B9 CB F1 C5
00002310  00 00 39 0C 24 18 78 23 20 4E 2A 4D 4D 4A 9C 45
00002320  00 00 00 00 00 00 00 00 00 00 00 00 00 00 00 00
00002330  00 00 00 00 00 00 00 00 00 00 00 00 00 00 00 00
00002340  EC 2D 10 27 C7 1F 24 18 CC C0 57 BC A1 B8 B3 B5
00002350  EC 2D 3E 37 34 3F 9C 45 34 3F 3E 37 EC 2D 78 23
00002360  00 00 00 00 00 00 00 00 00 00 00 00 00 00 00 00
00002370  00 00 00 00 00 00 00 00 00 00 00 00 00 00 00 00
00002380  3E 10 2B 08 00 00 D5 F7 95 B3 4E B2 E0 B1 4E B2
00002390  4D 4A 2A 4D 20 4E 2A 4D 24 18 39 0C 00 00 C7 F3
000023A0  00 00 00 00 00 00 00 00 00 00 00 00 00 00 00 00
000023B0  00 00 00 00 00 00 00 00 00 00 00 00 00 00 00 00
000023C0  C2 EF DC E7 39 E0 F0 D8 95 B3 B3 B5 A1 B8 57 BC
000023D0  4D 4A 9C 45 34 3F 3E 37 DC E7 88 DC 14 D2 C2 C8
000023E0  00 00 00 00 00 00 00 00 00 00 00 00 00 00 00 00
000023F0  00 00 00 00 00 00 00 00 00 00 00 00 00 00 00 00
00002400  14 D2 B9 CB F1 C5 CC C0 CC C0 F1 C5 B9 CB 14 D2
00002410  EC 2D 78 23 24 18 39 0C CC C0 64 BA B3 B5 D6 B2
00002420  00 00 00 00 00 00 00 00 00 00 00 00 00 00 00 00
00002430  00 00 00 00 00 00 00 00 00 00 00 00 00 00 00 00
00002440  57 BC A1 B8 B3 B5 95 B3 F0 D8 39 E0 DC E7 C2 EF
00002450  00 00 C7 F3 DC E7 88 DC E0 B1 D6 B2 B3 B5 64 BA
00002460  00 00 00 00 00 00 00 00 00 00 00 00 00 00 00 00
00002470  00 00 00 00 00 00 00 00 00 00 00 00 00 00 00 00
00002480  4E B2 E0 B1 4E B2 95 B3 D5 F7 00 00 2B 08 3E 10
00002490  14 D2 C2 C8 CC C0 64 BA CC C0 C2 C8 14 D2 88 DC
000024A0  00 00 00 00 00 00 00 00 00 00 00 00 00 00 00 00
000024B0  00 00 00 00 00 00 00 00 00 00 00 00 00 00 00 00
000024C0  B3 B5 A1 B8 57 BC CC C0 24 18 C7 1F 10 27 EC 2D
000024D0  B3 B5 D6 B2 E0 B1 D6 B2 DC E7 C7 F3 00 00 39 0C
000024E0  00 00 00 00 00 00 00 00 00 00 00 00 00 00 00 00
000024F0  00 00 00 00 00 00 00 00 00 00 00 00 00 00 00 00
00002500  F1 C5 B9 CB 14 D2 F0 D8 47 34 0F 3A 34 3F A9 43
00002510  B3 B5 64 BA CC C0 C2 C8 24 18 78 23 EC 2D 3E 37
00002520  00 00 00 00 00 00 00 00 00 00 00 00 00 00 00 00
00002530  00 00 00 00 00 00 00 00 00 00 00 00 00 00 00 00
00002540  39 E0 DC E7 C2 EF D5 F7 5F 47 4D 4A 6B 4C B2 4D
00002550  14 D2 88 DC DC E7 C7 F3 34 3F 9C 45 4D 4A 2A 4D
00002560  00 00 00 00 00 00 00 00 00 00 00 00 00 00 00 00
00002570  00 00 00 00 00 00 00 00 00 00 00 00 00 00 00 00
00002580  00 00 2B 08 3E 10 24 18 20 4E B2 4D 6B 4C 4D 4A
00002590  00 00 39 0C 24 18 78 23 20 4E 2A 4D 4D 4A 9C 45
000025A0  00 00 00 00 00 00 00 00 00 00 00 00 00 00 00 00
000025B0  00 00 00 00 00 00 00 00 00 00 00 00 00 00 00 00
000025C0  C7 1F 10 27 EC 2D 47 34 5F 47 A9 43 34 3F 0F 3A
000025D0  EC 2D 3E 37 34 3F 9C 45 34 3F 3E 37 EC 2D 78 23
000025E0  00 00 00 00 00 00 00 00 00 00 00 00 00 00 00 00
000025F0  00 00 00 00 00 00 00 00 00 00 00 00 00 00 00 00
00002600  0F 3A 34 3F A9 43 5F 47 47 34 EC 2D 10 27 C7 1F
00002610  4D 4A 2A 4D 20 4E 2A 4D 24 18 39 0C 00 00 C7 F3
00002620  00 00 00 00 00 00 00 00 00 00 00 00 00 00 00 00
00002630  00 00 00 00 00 00 00 00 00 00 00 00 00 00 00 00
00002640  4D 4A 6B 4C B2 4D 20 4E 24 18 3E 10 2B 08 00 00
00002650  4D 4A 9C 45 34 3F 3E 37 DC E7 88 DC 14 D2 C2 C8
00002660  00 00 00 00 00 00 00 00 00 00 00 00 00 00 00 00
00002670  00 00 00 00 00 00 00 00 00 00 00 00 00 00 00 00
00002680  B2 4D 6B 4C 4D 4A 5F 47 D5 F7 C2 EF DC E7 39 E0
00002690  EC 2D 78 23 24 18 39 0C CC C0 64 BA B3 B5 D6 B2
000026A0  00 00 00 00 00 00 00 00 00 00 00 00 00 00 00 00
000026B0  00 00 00 00 00 00 00 00 00 00 00 00 00 00 00 00
000026C0  A9 43 34 3F 0F 3A 47 34 F0 D8 14 D2 B9 CB F1 C5
000026D0  00 00 C7 F3 DC E7 88 DC E0 B1 D6 B2 B3 B5 64 BA
000026E0  00 00 00 00 00 00 00 00 00 00 00 00 00 00 00 00
000026F0  00 00 00 00 00 00 00 00 00 00 00 00 00 00 00 00
00002700  EC 2D 10 27 C7 1F 24 18 CC C0 57 BC A1 B8 B3 B5
00002710  14 D2 C2 C8 CC C0 64 BA CC C0 C2 C8 14 D2 88 DC
00002720  00 00 00 00 00 00 00 00 00 00 00 00 00 00 00 00
00002730  00 00 00 00 00 00 00 00 00 00 00 00 00 00 00 00
00002740  3E 10 2B 08 00 00 D5 F7 95 B3 4E B2 E0 B1 4E B2
00002750  B3 B5 D6 B2 E0 B1 D6 B2 DC E7 C7 F3 00 00 39 0C
00002760  00 00 00 00 00 00 00 00 00 00 00 00 00 00 00 00
00002770  00 00 00 00 00 00 00 00 00 00 00 00 00 00 00 00
00002780  C2 EF DC E7 39 E0 F0 D8 95 B3 B3 B5 A1 B8 57 BC
00002790  B3 B5 64 BA CC C0 C2 C8 24 18 78 23 EC 2D 3E 37
000027A0  00 00 00 00 00 00 00 00 00 00 00 00 00 00 00 00
000027B0  00 00 00 00 00 00 00 00 00 00 00 00 00 00 00 00
000027C0  14 D2 B9 CB F1 C5 CC C0 CC C0 F1 C5 B9 CB 14 D2
000027D0  14 D2 88 DC DC E7 C7 F3 34 3F 9C 45 4D 4A 2A 4D
000027E0  00 00 00 00 00 00 00 00 00 00 00 00 00 00 00 00
000027F0  00 00 00 00 00 00 00 00 00 00 00 00 00 00 00 00
00002800  57 BC A1 B8 B3 B5 95 B3 F0 D8 39 E0 DC E7 C2 EF
00002810  00 00 39 0C 24 18 78 23 20 4E 2A 4D 4D 4A 9C 45
00002820  00 00 00 00 00 00 00 00 00 00 00 00 00 00 00 00
00002830  00 00 00 00 00 00 00 00 00 00 00 00 00 00 00 00
00002840  4E B2 E0 B1 4E B2 95 B3 D5 F7 00 00 2B 08 3E 10
00002850  EC 2D 3E 37 34 3F 9C 45 34 3F 3E 37 EC 2D 78 23
00002860  00 00 00 00 00 00 00 00 00 00 00 00 00 00 00 00
00002870  00 00 00 00 00 00 00 00 00 00 00 00 00 00 00 00
00002880  B3 B5 A1 B8 57 BC CC C0 24 18 C7 1F 10 27 EC 2D
00002890  4D 4A 2A 4D 20 4E 2A 4D 24 18 39 0C 00 00 C7 F3
000028A0  00 00 00 00 00 00 00 00 00 00 00 00 00 00 00 00
000028B0  00 00 00 00 00 00 00 00 00 00 00 00 00 00 00 00
000028C0  F1 C5 B9 CB 14 D2 F0 D8 47 34 0F 3A 34 3F A9 43
000028D0  4D 4A 9C 45 34 3F 3E 37 DC E7 88 DC 14 D2 C2 C8
000028E0  00 00 00 00 00 00 00 00 00 00 00 00 00 00 00 00
000028F0  00 00 00 00 00 00 00 00 00 00 00 00 00 00 00 00
00002900  39 E0 DC E7 C2 EF D5 F7 5F 47 4D 4A 6B 4C B2 4D
00002910  EC 2D 78 23 24 18 39 0C CC C0 64 BA B3 B5 D6 B2
00002920  00 00 00 00 00 00 00 00 00 00 00 00 00 00 00 00
00002930  00 00 00 00 00 00 00 00 00 00 00 00 00 00 00 00
00002940  00 00 2B 08 3E 10 24 18 20 4E B2 4D 6B 4C 4D 4A
00002950  00 00 C7 F3 DC E7 88 DC E0 B1 D6 B2 B3 B5 64 BA
00002960  00 00 00 00 00 00 00 00 00 00 00 00 00 00 00 00
00002970  00 00 00 00 00 00 00 00 00 00 00 00 00 00 00 00
00002980  C7 1F 10 27 EC 2D 47 34 5F 47 A9 43 34 3F 0F 3A
00002990  14 D2 C2 C8 CC C0 64 BA CC C0 C2 C8 14 D2 88 DC
000029A0  00 00 00 00 00 00 00 00 00 00 00 00 00 00 00 00
000029B0  00 00 00 00 00 00 00 00 00 00 00 00 00 00 00 00
000029C0  0F 3A 34 3F A9 43 5F 47 47 34 EC 2D 10 27 C7 1F
000029D0  B3 B5 D6 B2 E0 B1 D6 B2 DC E7 C7 F3 00 00 39 0C
000029E0  00 00 00 00 00 00 00 00 00 00 00 00 00 00 00 00
000029F0  00 00 00 00 00 00 00 00 00 00 00 00 00 00 00 00
00002A00  4D 4A 6B 4C B2 4D 20 4E 24 18 3E 10 2B 08 00 00
00002A10  B3 B5 64 BA CC C0 C2 C8 24 18 78 23 EC 2D 3E 37
00002A20  00 00 00 00 00 00 00 00 00 00 00 00 00 00 00 00
00002A30  00 00 00 00 00 00 00 00 00 00 00 00 00 00 00 00
00002A40  B2 4D 6B 4C 4D 4A 5F 47 D5 F7 C2 EF DC E7 39 E0
00002A50  14 D2 88 DC DC E7 C7 F3 34 3F 9C 45 4D 4A 2A 4D
00002A60  00 00 00 00 00 00 00 00 00 00 00 00 00 00 00 00
00002A70  00 00 00 00 00 00 00 00 00 00 00 00 00 00 00 00
00002A80  A9 43 34 3F 0F 3A 47 34 F0 D8 14 D2 B9 CB F1 C5
00002A90  00 00 39 0C 24 18 78 23 20 4E 2A 4D 4D 4A 9C 45
00002AA0  00 00 00 00 00 00 00 00 00 00 00 00 00 00 00 00
00002AB0  00 00 00 00 00 00 00 00 00 00 00 00 00 00 00 00
00002AC0  EC 2D 10 27 C7 1F 24 18 CC C0 57 BC A1 B8 B3 B5
00002AD0  EC 2D 3E 37 34 3F 9C 45 34 3F 3E 37 EC 2D 78 23
00002AE0  00 00 00 00 00 00 00 00 00 00 00 00 00 00 00 00
00002AF0  00 00 00 00 00 00 00 00 00 00 00 00 00 00 00 00
00002B00  3E 10 2B 08 00 00 D5 F7 95 B3 4E B2 E0 B1 4E B2
00002B10  4D 4A 2A 4D 20 4E 2A 4D 24 18 39 0C 00 00 C7 F3
00002B20  00 00 00 00 00 00 00 00 00 00 00 00 00 00 00 00
00002B30  00 00 00 00 00 00 00 00 00 00 00 00 00 00 00 00
00002B40  C2 EF DC E7 39 E0 F0 D8 95 B3 B3 B5 A1 B8 57 BC
00002B50  4D 4A 9C 45 34 3F 3E 37 DC E7 88 DC 14 D2 C2 C8
00002B60  00 00 00 00 00 00 00 00 00 00 00 00 00 00 00 00
00002B70  00 00 00 00 00 00 00 00 00 00 00 00 00 00 00 00
00002B80  14 D2 B9 CB F1 C5 CC C0 CC C0 F1 C5 B9 CB 14 D2
00002B90  EC 2D 78 23 24 18 39 0C CC C0 64 BA B3 B5 D6 B2
00002BA0  00 00 00 00 00 00 00 00 00 00 00 00 00 00 00 00
00002BB0  00 00 00 00 00 00 00 00 00 00 00 00 00 00 00 00
00002BC0  57 BC A1 B8 B3 B5 95 B3 F0 D8 39 E0 DC E7 C2 EF
00002BD0  00 00 C7 F3 DC E7 88 DC E0 B1 D6 B2 B3 B5 64 BA
00002BE0  00 00 00 00 00 00 00 00 00 00 00 00 00 00 00 00
00002BF0  00 00 00 00 00 00 00 00 00 00 00 00 00 00 00 00
00002C00  4E B2 E0 B1 4E B2 95 B3 D5 F7 00 00 2B 08 3E 10
00002C10  14 D2 C2 C8 CC C0 64 BA CC C0 C2 C8 14 D2 88 DC
00002C20  00 00 00 00 00 00 00 00 00 00 00 00 00 00 00 00
00002C30  00 00 00 00 00 00 00 00 00 00 00 00 00 00 00 00
00002C40  B3 B5 A1 B8 57 BC CC C0 24 18 C7 1F 10 27 EC 2D
00002C50  B3 B5 D6 B2 E0 B1 D6 B2 DC E7 C7 F3 00 00 39 0C
00002C60  00 00 00 00 00 00 00 00 00 00 00 00 00 00 00 00
00002C70  00 00 00 00 00 00 00 00 00 00 00 00 00 00 00 00
00002C80  F1 C5 B9 CB 14 D2 F0 D8 47 34 0F 3A 34 3F A9 43
00002C90  B3 B5 64 BA CC C0 C2 C8 24 18 78 23 EC 2D 3E 37
00002CA0  00 00 00 00 00 00 00 00 00 00 00 00 00 00 00 00
00002CB0  00 00 00 00 00 00 00 00 00 00 00 00 00 00 00 00
00002CC0  39 E0 DC E7 C2 EF D5 F7 5F 47 4D 4A 6B 4C B2 4D
00002CD0  14 D2 88 DC DC E7 C7 F3 34 3F 9C 45 4D 4A 2A 4D
00002CE0  00 00 00 00 00 00 00 00 00 00 00 00 00 00 00 00
00002CF0  00 00 00 00 00 00 00 00 00 00 00 00 00 00 00 00
00002D00  00 00 2B 08 3E 10 24 18 20 4E B2 4D 6B 4C 4D 4A
00002D10  00 00 39 0C 24 18 78 23 20 4E 2A 4D 4D 4A 9C 45
00002D20  00 00 00 00 00 00 00 00 00 00 00 00 00 00 00 00
00002D30  00 00 00 00 00 00 00 00 00 00 00 00 00 00 00 00
00002D40  C7 1F 10 27 EC 2D 47 34 5F 47 A9 43 34 3F 0F 3A
00002D50  EC 2D 3E 37 34 3F 9C 45 34 3F 3E 37 EC 2D 78 23
00002D60  00 00 00 00 00 00 00 00 00 00 00 00 00 00 00 00
00002D70  00 00 00 00 00 00 00 00 00 00 00 00 00 00 00 00
00002D80  0F 3A 34 3F A9 43 5F 47 47 34 EC 2D 10 27 C7 1F
00002D90  4D 4A 2A 4D 20 4E 2A 4D 24 18 39 0C 00 00 C7 F3
00002DA0  00 00 00 00 00 00 00 00 00 00 00 00 00 00 00 00
00002DB0  00 00 00 00 00 00 00 00 00 00 00 00 00 00 00 00
00002DC0  4D 4A 6B 4C B2 4D 20 4E 24 18 3E 10 2B 08 00 00
00002DD0  4D 4A 9C 45 34 3F 3E 37 DC E7 88 DC 14 D2 C2 C8
00002DE0  00 00 00 00 00 00 00 00 00 00 00 00 00 00 00 00
00002DF0  00 00 00 00 00 00 00 00 00 00 00 00 00 00 00 00
00002E00  B2 4D 6B 4C 4D 4A 5F 47 D5 F7 C2 EF DC E7 39 E0
00002E10  EC 2D 78 23 24 18 39 0C CC C0 64 BA B3 B5 D6 B2
00002E20  00 00 00 00 00 00 00 00 00 00 00 00 00 00 00 00
00002E30  00 00 00 00 00 00 00 00 00 00 00 00 00 00 00 00
00002E40  A9 43 34 3F 0F 3A 47 34 F0 D8 14 D2 B9 CB F1 C5
00002E50  00 00 C7 F3 DC E7 88 DC E0 B1 D6 B2 B3 B5 64 BA
00002E60  00 00 00 00 00 00 00 00 00 00 00 00 00 00 00 00
00002E70  00 00 00 00 00 00 00 00 00 00 00 00 00 00 00 00
00002E80  EC 2D 10 27 C7 1F 24 18 CC C0 57 BC A1 B8 B3 B5
00002E90  14 D2 C2 C8 CC C0 64 BA CC C0 C2 C8 14 D2 88 DC
00002EA0  00 00 00 00 00 00 00 00 00 00 00 00 00 00 00 00
00002EB0  00 00 00 00 00 00 00 00 00 00 00 00 00 00 00 00
00002EC0  3E 10 2B 08 00 00 D5 F7 95 B3 4E B2 E0 B1 4E B2
00002ED0  B3 B5 D6 B2 E0 B1 D6 B2 DC E7 C7 F3 00 00 39 0C
00002EE0  00 00 00 00 00 00 00 00 00 00 00 00 00 00 00 00
00002EF0  00 00 00 00 00 00 00 00 00 00 00 00 00 00 00 00
00002F00  C2 EF DC E7 39 E0 F0 D8 95 B3 B3 B5 A1 B8 57 BC
00002F10  B3 B5 64 BA CC C0 C2 C8 24 18 78 23 EC 2D 3E 37
00002F20  00 00 00 00 00 00 00 00 00 00 00 00 00 00 00 00
00002F30  00 00 00 00 00 00 00 00 00 00 00 00 00 00 00 00
00002F40  14 D2 B9 CB F1 C5 CC C0 CC C0 F1 C5 B9 CB 14 D2
00002F50  14 D2 88 DC DC E7 C7 F3 34 3F 9C 45 4D 4A 2A 4D
00002F60  00 00 00 00 00 00 00 00 00 00 00 00 00 00 00 00
00002F70  00 00 00 00 00 00 00 00 00 00 00 00 00 00 00 00
00002F80  57 BC A1 B8 B3 B5 95 B3 F0 D8 39 E0 DC E7 C2 EF
00002F90  00 00 39 0C 24 18 78 23 20 4E 2A 4D 4D 4A 9C 45
00002FA0  00 00 00 00 00 00 00 00 00 00 00 00 00 00 00 00
00002FB0  00 00 00 00 00 00 00 00 00 00 00 00 00 00 00 00
00002FC0  4E B2 E0 B1 4E B2 95 B3 D5 F7 00 00 2B 08 3E 10
00002FD0  EC 2D 3E 37 34 3F 9C 45 34 3F 3E 37 EC 2D 78 23
00002FE0  00 00 00 00 00 00 00 00 00 00 00 00 00 00 00 00
00002FF0  00 00 00 00 00 00 00 00 00 00 00 00 00 00 00 00
00003000  B3 B5 A1 B8 57 BC CC C0 24 18 C7 1F 10 27 EC 2D
00003010  4D 4A 2A 4D 20 4E 2A 4D 24 18 39 0C 00 00 C7 F3
00003020  00 00 00 00 00 00 00 00 00 00 00 00 00 00 00 00
00003030  00 00 00 00 00 00 00 00 00 00 00 00 00 00 00 00
00003040  F1 C5 B9 CB 14 D2 F0 D8 47 34 0F 3A 34 3F A9 43
00003050  4D 4A 9C 45 34 3F 3E 37 DC E7 88 DC 14 D2 C2 C8
00003060  00 00 00 00 00 00 00 00 00 00 00 00 00 00 00 00
00003070  00 00 00 00 00 00 00 00 00 00 00 00 00 00 00 00
00003080  39 E0 DC E7 C2 EF D5 F7 5F 47 4D 4A 6B 4C B2 4D
00003090  EC 2D 78 23 24 18 39 0C CC C0 64 BA B3 B5 D6 B2
000030A0  00 00 00 00 00 00 00 00 00 00 00 00 00 00 00 00
000030B0  00 00 00 00 00 00 00 00 00 00 00 00 00 00 00 00
000030C0  00 00 2B 08 3E 10 24 18 20 4E B2 4D 6B 4C 4D 4A
000030D0  00 00 C7 F3 DC E7 88 DC E0 B1 D6 B2 B3 B5 64 BA
000030E0  00 00 00 00 00 00 00 00 00 00 00 00 00 00 00 00
000030F0  00 00 00 00 00 00 00 00 00 00 00 00 00 00 00 00
00003100  C7 1F 10 27 EC 2D 47 34 5F 47 A9 43 34 3F 0F 3A
00003110  14 D2 C2 C8 CC C0 64 BA CC C0 C2 C8 14 D2 88 DC
00003120  00 00 00 00 00 00 00 00 00 00 00 00 00 00 00 00
00003130  00 00 00 00 00 00 00 00 00 00 00 00 00 00 00 00
00003140  0F 3A 34 3F A9 43 5F 47 47 34 EC 2D 10 27 C7 1F
00003150  B3 B5 D6 B2 E0 B1 D6 B2 DC E7 C7 F3 00 00 39 0C
00003160  00 00 00 00 00 00 00 00 00 00 00 00 00 00 00 00
00003170  00 00 00 00 00 00 00 00 00 00 00 00 00 00 00 00
00003180  4D 4A 6B 4C B2 4D 20 4E 24 18 3E 10 2B 08 00 00
00003190  B3 B5 64 BA CC C0 C2 C8 24 18 78 23 EC 2D 3E 37
000031A0  00 00 00 00 00 00 00 00 00 00 00 00 00 00 00 00
000031B0  00 00 00 00 00 00 00 00 00 00 00 00 00 00 00 00
000031C0  B2 4D 6B 4C 4D 4A 5F 47 D5 F7 C2 EF DC E7 39 E0
000031D0  14 D2 88 DC DC E7 C7 F3 34 3F 9C 45 4D 4A 2A 4D
000031E0  00 00 00 00 00 00 00 00 00 00 00 00 00 00 00 00
000031F0  00 00 00 00 00 00 00 00 00 00 00 00 00 00 00 00
00003200  A9 43 34 3F 0F 3A 47 34 F0 D8 14 D2 B9 CB F1 C5
00003210  00 00 39 0C 24 18 78 23 20 4E 2A 4D 4D 4A 9C 45
00003220  00 00 00 00 00 00 00 00 00 00 00 00 00 00 00 00
00003230  00 00 00 00 00 00 00 00 00 00 00 00 00 00 00 00
00003240  EC 2D 10 27 C7 1F 24 18 CC C0 57 BC A1 B8 B3 B5
00003250  EC 2D 3E 37 34 3F 9C 45 34 3F 3E 37 EC 2D 78 23
00003260  00 00 00 00 00 00 00 00 00 00 00 00 00 00 00 00
00003270  00 00 00 00 00 00 00 00 00 00 00 00 00 00 00 00
00003280  3E 10 2B 08 00 00 D5 F7 95 B3 4E B2 E0 B1 4E B2
00003290  4D 4A 2A 4D 20 4E 2A 4D 24 18 39 0C 00 00 C7 F3
000032A0  00 00 00 00 00 00 00 00 00 00 00 00 00 00 00 00
000032B0  00 00 00 00 00 00 00 00 00 00 00 00 00 00 00 00
000032C0  C2 EF DC E7 39 E0 F0 D8 95 B3 B3 B5 A1 B8 57 BC
000032D0  4D 4A 9C 45 34 3F 3E 37 DC E7 88 DC 14 D2 C2 C8
000032E0  00 00 00 00 00 00 00 00 00 00 00 00 00 00 00 00
000032F0  00 00 00 00 00 00 00 00 00 00 00 00 00 00 00 00
00003300  14 D2 B9 CB F1 C5 CC C0 CC C0 F1 C5 B9 CB 14 D2
00003310  EC 2D 78 23 24 18 39 0C CC C0 64 BA B3 B5 D6 B2
00003320  00 00 00 00 00 00 00 00 00 00 00 00 00 00 00 00
00003330  00 00 00 00 00 00 00 00 00 00 00 00 00 00 00 00
00003340  57 BC A1 B8 B3 B5 95 B3 F0 D8 39 E0 DC E7 C2 EF
00003350  00 00 C7 F3 DC E7 88 DC E0 B1 D6 B2 B3 B5 64 BA
00003360  00 00 00 00 00 00 00 00 00 00 00 00 00 00 00 00
00003370  00 00 00 00 00 00 00 00 00 00 00 00 00 00 00 00
00003380  4E B2 E0 B1 4E B2 95 B3 D5 F7 00 00 2B 08 3E 10
00003390  14 D2 C2 C8 CC C0 64 BA CC C0 C2 C8 14 D2 88 DC
000033A0  00 00 00 00 00 00 00 00 00 00 00 00 00 00 00 00
000033B0  00 00 00 00 00 00 00 00 00 00 00 00 00 00 00 00
000033C0  B3 B5 A1 B8 57 BC CC C0 24 18 C7 1F 10 27 EC 2D
000033D0  B3 B5 D6 B2 E0 B1 D6 B2 DC E7 C7 F3 00 00 39 0C
000033E0  00 00 00 00 00 00 00 00 00 00 00 00 00 00 00 00
000033F0  00 00 00 00 00 00 00 00 00 00 00 00 00 00 00 00
00003400  F1 C5 B9 CB 14 D2 F0 D8 47 34 0F 3A 34 3F A9 43
00003410  B3 B5 64 BA CC C0 C2 C8 24 18 78 23 EC 2D 3E 37
00003420  00 00 00 00 00 00 00 00 00 00 00 00 00 00 00 00
00003430  00 00 00 00 00 00 00 00 00 00 00 00 00 00 00 00
00003440  39 E0 DC E7 C2 EF D5 F7 5F 47 4D 4A 6B 4C B2 4D
00003450  14 D2 88 DC DC E7 C7 F3 34 3F 9C 45 4D 4A 2A 4D
00003460  00 00 00 00 00 00 00 00 00 00 00 00 00 00 00 00
00003470  00 00 00 00 00 00 00 00 00 00 00 00 00 00 00 00
00003480  00 00 2B 08 3E 10 24 18 20 4E B2 4D 6B 4C 4D 4A
00003490  00 00 39 0C 24 18 78 23 20 4E 2A 4D 4D 4A 9C 45
000034A0  00 00 00 00 00 00 00 00 00 00 00 00 00 00 00 00
000034B0  00 00 00 00 00 00 00 00 00 00 00 00 00 00 00 00
000034C0  C7 1F 10 27 EC 2D 47 34 5F 47 A9 43 34 3F 0F 3A
000034D0  EC 2D 3E 37 34 3F 9C 45 34 3F 3E 37 EC 2D 78 23
000034E0  00 00 00 00 00 00 00 00 00 00 00 00 00 00 00 00
000034F0  00 00 00 00 00 00 00 00 00 00 00 00 00 00 00 00
00003500  0F 3A 34 3F A9 43 5F 47 47 34 EC 2D 10 27 C7 1F
00003510  4D 4A 2A 4D 20 4E 2A 4D 24 18 39 0C 00 00 C7 F3
00003520  00 00 00 00 00 00 00 00 00 00 00 00 00 00 00 00
00003530  00 00 00 00 00 00 00 00 00 00 00 00 00 00 00 00
00003540  4D 4A 6B 4C B2 4D 20 4E 24 18 3E 10 2B 08 00 00
00003550  4D 4A 9C 45 34 3F 3E 37 DC E7 88 DC 14 D2 C2 C8
00003560  00 00 00 00 00 00 00 00 00 00 00 00 00 00 00 00
00003570  00 00 00 00 00 00 00 00 00 00 00 00 00 00 00 00
00003580  B2 4D 6B 4C 4D 4A 5F 47 D5 F7 C2 EF DC E7 39 E0
00003590  EC 2D 78 23 24 18 39 0C CC C0 64 BA B3 B5 D6 B2
000035A0  00 00 00 00 00 00 00 00 00 00 00 00 00 00 00 00
000035B0  00 00 00 00 00 00 00 00 00 00 00 00 00 00 00 00
000035C0  A9 43 34 3F 0F 3A 47 34 F0 D8 14 D2 B9 CB F1 C5
000035D0  00 00 C7 F3 DC E7 88 DC E0 B1 D6 B2 B3 B5 64 BA
000035E0  00 00 00 00 00 00 00 00 00 00 00 00 00 00 00 00
000035F0  00 00 00 00 00 00 00 00 00 00 00 00 00 00 00 00
00003600  EC 2D 10 27 C7 1F 24 18 CC C0 57 BC A1 B8 B3 B5
00003610  14 D2 C2 C8 CC C0 64 BA CC C0 C2 C8 14 D2 88 DC
00003620  00 00 00 00 00 00 00 00 00 00 00 00 00 00 00 00
00003630  00 00 00 00 00 00 00 00 00 00 00 00 00 00 00 00
00003640  3E 10 2B 08 00 00 D5 F7 95 B3 4E B2 E0 B1 4E B2
00003650  B3 B5 D6 B2 E0 B1 D6 B2 DC E7 C7 F3 00 00 39 0C
00003660  00 00 00 00 00 00 00 00 00 00 00 00 00 00 00 00
00003670  00 00 00 00 00 00 00 00 00 00 00 00 00 00 00 00
00003680  C2 EF DC E7 39 E0 F0 D8 95 B3 B3 B5 A1 B8 57 BC
00003690  B3 B5 64 BA CC C0 C2 C8 24 18 78 23 EC 2D 3E 37
000036A0  00 00 00 00 00 00 00 00 00 00 00 00 00 00 00 00
000036B0  00 00 00 00 00 00 00 00 00 00 00 00 00 00 00 00
000036C0  14 D2 B9 CB F1 C5 CC C0 CC C0 F1 C5 B9 CB 14 D2
000036D0  14 D2 88 DC DC E7 C7 F3 34 3F 9C 45 4D 4A 2A 4D
000036E0  00 00 00 00 00 00 00 00 00 00 00 00 00 00 00 00
000036F0  00 00 00 00 00 00 00 00 00 00 00 00 00 00 00 00
00003700  57 BC A1 B8 B3 B5 95 B3 F0 D8 39 E0 DC E7 C2 EF
00003710  00 00 39 0C 24 18 78 23 20 4E 2A 4D 4D 4A 9C 45
00003720  00 00 00 00 00 00 00 00 00 00 00 00 00 00 00 00
00003730  00 00 00 00 00 00 00 00 00 00 00 00 00 00 00 00
00003740  4E B2 E0 B1 4E B2 95 B3 D5 F7 00 00 2B 08 3E 10
00003750  EC 2D 3E 37 34 3F 9C 45 34 3F 3E 37 EC 2D 78 23
00003760  00 00 00 00 00 00 00 00 00 00 00 00 00 00 00 00
00003770  00 00 00 00 00 00 00 00 00 00 00 00 00 00 00 00
00003780  B3 B5 A1 B8 57 BC CC C0 24 18 C7 1F 10 27 EC 2D
00003790  4D 4A 2A 4D 20 4E 2A 4D 24 18 39 0C 00 00 C7 F3
000037A0  00 00 00 00 00 00 00 00 00 00 00 00 00 00 00 00
000037B0  00 00 00 00 00 00 00 00 00 00 00 00 00 00 00 00
000037C0  F1 C5 B9 CB 14 D2 F0 D8 47 34 0F 3A 34 3F A9 43
000037D0  4D 4A 9C 45 34 3F 3E 37 DC E7 88 DC 14 D2 C2 C8
000037E0  00 00 00 00 00 00 00 00 00 00 00 00 00 00 00 00
000037F0  00 00 00 00 00 00 00 00 00 00 00 00 00 00 00 00
00003800  39 E0 DC E7 C2 EF D5 F7 5F 47 4D 4A 6B 4C B2 4D
00003810  EC 2D 78 23 24 18 39 0C CC C0 64 BA B3 B5 D6 B2
00003820  00 00 00 00 00 00 00 00 00 00 00 00 00 00 00 00
00003830  00 00 00 00 00 00 00 00 00 00 00 00 00 00 00 00
00003840  00 00 2B 08 3E 10 24 18 20 4E B2 4D 6B 4C 4D 4A
00003850  00 00 C7 F3 DC E7 88 DC E0 B1 D6 B2 B3 B5 64 BA
00003860  00 00 00 00 00 00 00 00 00 00 00 00 00 00 00 00
00003870  00 00 00 00 00 00 00 00 00 00 00 00 00 00 00 00
00003880  C7 1F 10 27 EC 2D 47 34 5F 47 A9 43 34 3F 0F 3A
00003890  14 D2 C2 C8 CC C0 64 BA CC C0 C2 C8 14 D2 88 DC
000038A0  00 00 00 00 00 00 00 00 00 00 00 00 00 00 00 00
000038B0  00 00 00 00 00 00 00 00 00 00 00 00 00 00 00 00
000038C0  0F 3A 34 3F A9 43 5F 47 47 34 EC 2D 10 27 C7 1F
000038D0  B3 B5 D6 B2 E0 B1 D6 B2 DC E7 C7 F3 00 00 39 0C
000038E0  00 00 00 00 00 00 00 00 00 00 00 00 00 00 00 00
000038F0  00 00 00 00 00 00 00 00 00 00 00 00 00 00 00 00
00003900  4D 4A 6B 4C B2 4D 20 4E 24 18 3E 10 2B 08 00 00
00003910  B3 B5 64 BA CC C0 C2 C8 24 18 78 23 EC 2D 3E 37
00003920  00 00 00 00 00 00 00 00 00 00 00 00 00 00 00 00
00003930  00 00 00 00 00 00 00 00 00 00 00 00 00 00 00 00
00003940  B2 4D 6B 4C 4D 4A 5F 47 D5 F7 C2 EF DC E7 39 E0
00003950  14 D2 88 DC DC E7 C7 F3 34 3F 9C 45 4D 4A 2A 4D
00003960  00 00 00 00 00 00 00 00 00 00 00 00 00 00 00 00
00003970  00 00 00 00 00 00 00 00 00 00 00 00 00 00 00 00
00003980  A9 43 34 3F 0F 3A 47 34 F0 D8 14 D2 B9 CB F1 C5
00003990  00 00 39 0C 24 18 78 23 20 4E 2A 4D 4D 4A 9C 45
000039A0  00 00 00 00 00 00 00 00 00 00 00 00 00 00 00 00
000039B0  00 00 00 00 00 00 00 00 00 00 00 00 00 00 00 00
000039C0  EC 2D 10 27 C7 1F 24 18 CC C0 57 BC A1 B8 B3 B5
000039D0  EC 2D 3E 37 34 3F 9C 45 34 3F 3E 37 EC 2D 78 23
000039E0  00 00 00 00 00 00 00 00 00 00 00 00 00 00 00 00
000039F0  00 00 00 00 00 00 00 00 00 00 00 00 00 00 00 00
00003A00  3E 10 2B 08 00 00 D5 F7 95 B3 4E B2 E0 B1 4E B2
00003A10  4D 4A 2A 4D 20 4E 2A 4D 24 18 39 0C 00 00 C7 F3
00003A20  00 00 00 00 00 00 00 00 00 00 00 00 00 00 00 00
00003A30  00 00 00 00 00 00 00 00 00 00 00 00 00 00 00 00
00003A40  C2 EF DC E7 39 E0 F0 D8 95 B3 B3 B5 A1 B8 57 BC
00003A50  4D 4A 9C 45 34 3F 3E 37 DC E7 88 DC 14 D2 C2 C8
00003A60  00 00 00 00 00 00 00 00 00 00 00 00 00 00 00 00
00003A70  00 00 00 00 00 00 00 00 00 00 00 00 00 00 00 00
00003A80  14 D2 B9 CB F1 C5 CC C0 CC C0 F1 C5 B9 CB 14 D2
00003A90  EC 2D 78 23 24 18 39 0C CC C0 64 BA B3 B5 D6 B2
00003AA0  00 00 00 00 00 00 00 00 00 00 00 00 00 00 00 00
00003AB0  00 00 00 00 00 00 00 00 00 00 00 00 00 00 00 00
00003AC0  57 BC A1 B8 B3 B5 95 B3 F0 D8 39 E0 DC E7 C2 EF
00003AD0  00 00 C7 F3 DC E7 88 DC E0 B1 D6 B2 B3 B5 64 BA
00003AE0  00 00 00 00 00 00 00 00 00 00 00 00 00 00 00 00
00003AF0  00 00 00 00 00 00 00 00 00 00 00 00 00 00 00 00
00003B00  4E B2 E0 B1 4E B2 95 B3 D5 F7 00 00 2B 08 3E 10
00003B10  14 D2 C2 C8 CC C0 64 BA CC C0 C2 C8 14 D2 88 DC
00003B20  00 00 00 00 00 00 00 00 00 00 00 00 00 00 00 00
00003B30  00 00 00 00 00 00 00 00 00 00 00 00 00 00 00 00
00003B40  B3 B5 A1 B8 57 BC CC C0 24 18 C7 1F 10 27 EC 2D
00003B50  B3 B5 D6 B2 E0 B1 D6 B2 DC E7 C7 F3 00 00 39 0C
00003B60  00 00 00 00 00 00 00 00 00 00 00 00 00 00 00 00
00003B70  00 00 00 00 00 00 00 00 00 00 00 00 00 00 00 00
00003B80  F1 C5 B9 CB 14 D2 F0 D8 47 34 0F 3A 34 3F A9 43
00003B90  B3 B5 64 BA CC C0 C2 C8 24 18 78 23 EC 2D 3E 37
00003BA0  00 00 00 00 00 00 00 00 00 00 00 00 00 00 00 00
00003BB0  00 00 00 00 00 00 00 00 00 00 00 00 00 00 00 00
00003BC0  39 E0 DC E7 C2 EF D5 F7 5F 47 4D 4A 6B 4C B2 4D
00003BD0  14 D2 88 DC DC E7 C7 F3 34 3F 9C 45 4D 4A 2A 4D
00003BE0  00 00 00 00 00 00 00 00 00 00 00 00 00 00 00 00
00003BF0  00 00 00 00 00 00 00 00 00 00 00 00 00 00 00 00
00003C00  00 00 2B 08 3E 10 24 18 20 4E B2 4D 6B 4C 4D 4A
00003C10  00 00 39 0C 24 18 78 23 20 4E 2A 4D 4D 4A 9C 45
00003C20  00 00 00 00 00 00 00 00 00 00 00 00 00 00 00 00
00003C30  00 00 00 00 00 00 00 00 00 00 00 00 00 00 00 00
00003C40  C7 1F 10 27 EC 2D 47 34 5F 47 A9 43 34 3F 0F 3A
00003C50  EC 2D 3E 37 34 3F 9C 45 34 3F 3E 37 EC 2D 78 23
00003C60  00 00 00 00 00 00 00 00 00 00 00 00 00 00 00 00
00003C70  00 00 00 00 00 00 00 00 00 00 00 00 00 00 00 00
00003C80  0F 3A 34 3F A9 43 5F 47 47 34 EC 2D 10 27 C7 1F
00003C90  4D 4A 2A 4D 20 4E 2A 4D 24 18 39 0C 00 00 C7 F3
00003CA0  00 00 00 00 00 00 00 00 00 00 00 00 00 00 00 00
00003CB0  00 00 00 00 00 00 00 00 00 00 00 00 00 00 00 00
00003CC0  4D 4A 6B 4C B2 4D 20 4E 24 18 3E 10 2B 08 00 00
00003CD0  4D 4A 9C 45 34 3F 3E 37 DC E7 88 DC 14 D2 C2 C8
00003CE0  00 00 00 00 00 00 00 00 00 00 00 00 00 00 00 00
00003CF0  00 00 00 00 00 00 00 00 00 00 00 00 00 00 00 00
00003D00  B2 4D 6B 4C 4D 4A 5F 47 D5 F7 C2 EF DC E7 39 E0
00003D10  EC 2D 78 23 24 18 39 0C CC C0 64 BA B3 B5 D6 B2
00003D20  00 00 00 00 00 00 00 00 00 00 00 00 00 00 00 00
00003D30  00 00 00 00 00 00 00 00 00 00 00 00 00 00 00 00
00003D40  A9 43 34 3F 0F 3A 47 34 F0 D8 14 D2 B9 CB F1 C5
00003D50  00 00 C7 F3 DC E7 88 DC E0 B1 D6 B2 B3 B5 64 BA
00003D60  00 00 00 00 00 00 00 00 00 00 00 00 00 00 00 00
00003D70  00 00 00 00 00 00 00 00 00 00 00 00 00 00 00 00
00003D80  EC 2D 10 27 C7 1F 24 18 CC C0 57 BC A1 B8 B3 B5
00003D90  14 D2 C2 C8 CC C0 64 BA CC C0 C2 C8 14 D2 88 DC
00003DA0  00 00 00 00 00 00 00 00 00 00 00 00 00 00 00 00
00003DB0  00 00 00 00 00 00 00 00 00 00 00 00 00 00 00 00
00003DC0  3E 10 2B 08 00 00 D5 F7 95 B3 4E B2 E0 B1 4E B2
00003DD0  B3 B5 D6 B2 E0 B1 D6 B2 DC E7 C7 F3 00 00 39 0C
00003DE0  00 00 00 00 00 00 00 00 00 00 00 00 00 00 00 00
00003DF0  00 00 00 00 00 00 00 00 00 00 00 00 00 00 00 00
00003E00  C2 EF DC E7 39 E0 F0 D8 95 B3 B3 B5 A1 B8 57 BC
00003E10  B3 B5 64 BA CC C0 C2 C8 24 18 78 23 EC 2D 3E 37
00003E20  00 00 00 00 00 00 00 00 00 00 00 00 00 00 00 00
00003E30  00 00 00 00 00 00 00 00 00 00 00 00 00 00 00 00
00003E40  14 D2 B9 CB F1 C5 CC C0 CC C0 F1 C5 B9 CB 14 D2
00003E50  14 D2 88 DC DC E7 C7 F3 34 3F 9C 45 4D 4A 2A 4D
00003E60  00 00 00 00 00 00 00 00 00 00 00 00 00 00 00 00
00003E70  00 00 00 00 00 00 00 00 00 00 00 00 00 00 00 00
00003E80  57 BC A1 B8 B3 B5 95 B3 F0 D8 39 E0 DC E7 C2 EF
00003E90  00 00 39 0C 24 18 78 23 20 4E 2A 4D 4D 4A 9C 45
00003EA0  00 00 00 00 00 00 00 00 00 00 00 00 00 00 00 00
00003EB0  00 00 00 00 00 00 00 00 00 00 00 00 00 00 00 00
00003EC0  4E B2 E0 B1 4E B2 95 B3 D5 F7 00 00 2B 08 3E 10
00003ED0  EC 2D 3E 37 34 3F 9C 45 34 3F 3E 37 EC 2D 78 23
00003EE0  00 00 00 00 00 00 00 00 00 00 00 00 00 00 00 00
00003EF0  00 00 00 00 00 00 00 00 00 00 00 00 00 00 00 00
00003F00  B3 B5 A1 B8 57 BC CC C0 24 18 C7 1F 10 27 EC 2D
00003F10  4D 4A 2A 4D 20 4E 2A 4D 24 18 39 0C 00 00 C7 F3
00003F20  00 00 00 00 00 00 00 00 00 00 00 00 00 00 00 00
00003F30  00 00 00 00 00 00 00 00 00 00 00 00 00 00 00 00
00003F40  F1 C5 B9 CB 14 D2 F0 D8 47 34 0F 3A 34 3F A9 43
00003F50  4D 4A 9C 45 34 3F 3E 37 DC E7 88 DC 14 D2 C2 C8
00003F60  00 00 00 00 00 00 00 00 00 00 00 00 00 00 00 00
00003F70  00 00 00 00 00 00 00 00 00 00 00 00 00 00 00 00
00003F80  39 E0 DC E7 C2 EF D5 F7 5F 47 4D 4A 6B 4C B2 4D
00003F90  EC 2D 78 23 24 18 39 0C CC C0 64 BA B3 B5 D6 B2
00003FA0  00 00 00 00 00 00 00 00 00 00 00 00 00 00 00 00
00003FB0  00 00 00 00 00 00 00 00 00 00 00 00 00 00 00 00
00003FC0  00 00 2B 08 3E 10 24 18 20 4E B2 4D 6B 4C 4D 4A
00003FD0  00 00 C7 F3 DC E7 88 DC E0 B1 D6 B2 B3 B5 64 BA
00003FE0  00 00 00 00 00 00 00 00 00 00 00 00 00 00 00 00
00003FF0  00 00 00 00 00 00 00 00 00 00 00 00 00 00 00 00
00004000  C7 1F 10 27 EC 2D 47 34 5F 47 A9 43 34 3F 0F 3A
00004010  14 D2 C2 C8 CC C0 64 BA CC C0 C2 C8 14 D2 88 DC
00004020  00 00 00 00 00 00 00 00 00 00 00 00 00 00 00 00
00004030  00 00 00 00 00 00 00 00 00 00 00 00 00 00 00 00
00004040  0F 3A 34 3F A9 43 5F 47 47 34 EC 2D 10 27 C7 1F
00004050  B3 B5 D6 B2 E0 B1 D6 B2 DC E7 C7 F3 00 00 39 0C
00004060  00 00 00 00 00 00 00 00 00 00 00 00 00 00 00 00
00004070  00 00 00 00 00 00 00 00 00 00 00 00 00 00 00 00
00004080  4D 4A 6B 4C B2 4D 20 4E 24 18 3E 10 2B 08 00 00
00004090  B3 B5 64 BA CC C0 C2 C8 24 18 78 23 EC 2D 3E 37
000040A0  00 00 00 00 00 00 00 00 00 00 00 00 00 00 00 00
000040B0  00 00 00 00 00 00 00 00 00 00 00 00 00 00 00 00
000040C0  B2 4D 6B 4C 4D 4A 5F 47 D5 F7 C2 EF DC E7 39 E0
000040D0  14 D2 88 DC DC E7 C7 F3 34 3F 9C 45 4D 4A 2A 4D
000040E0  00 00 00 00 00 00 00 00 00 00 00 00 00 00 00 00
000040F0  00 00 00 00 00 00 00 00 00 00 00 00 00 00 00 00
00004100  A9 43 34 3F 0F 3A 47 34 F0 D8 14 D2 B9 CB F1 C5
00004110  00 00 39 0C 24 18 78 23 20 4E 2A 4D 4D 4A 9C 45
00004120  00 00 00 00 00 00 00 00 00 00 00 00 00 00 00 00
00004130  00 00 00 00 00 00 00 00 00 00 00 00 00 00 00 00
00004140  EC 2D 10 27 C7 1F 24 18 CC C0 57 BC A1 B8 B3 B5
00004150  EC 2D 3E 37 34 3F 9C 45 34 3F 3E 37 EC 2D 78 23
00004160  00 00 00 00 00 00 00 00 00 00 00 00 00 00 00 00
00004170  00 00 00 00 00 00 00 00 00 00 00 00 00 00 00 00
00004180  3E 10 2B 08 00 00 D5 F7 95 B3 4E B2 E0 B1 4E B2
00004190  4D 4A 2A 4D 20 4E 2A 4D 24 18 39 0C 00 00 C7 F3
000041A0  00 00 00 00 00 00 00 00 00 00 00 00 00 00 00 00
000041B0  00 00 00 00 00 00 00 00 00 00 00 00 00 00 00 00
000041C0  C2 EF DC E7 39 E0 F0 D8 95 B3 B3 B5 A1 B8 57 BC
000041D0  4D 4A 9C 45 34 3F 3E 37 DC E7 88 DC 14 D2 C2 C8
000041E0  00 00 00 00 00 00 00 00 00 00 00 00 00 00 00 00
000041F0  00 00 00 00 00 00 00 00 00 00 00 00 00 00 00 00
00004200  14 D2 B9 CB F1 C5 CC C0 CC C0 F1 C5 B9 CB 14 D2
00004210  EC 2D 78 23 24 18 39 0C CC C0 64 BA B3 B5 D6 B2
00004220  00 00 00 00 00 00 00 00 00 00 00 00 00 00 00 00
00004230  00 00 00 00 00 00 00 00 00 00 00 00 00 00 00 00
00004240  57 BC A1 B8 B3 B5 95 B3 F0 D8 39 E0 DC E7 C2 EF
00004250  00 00 C7 F3 DC E7 88 DC E0 B1 D6 B2 B3 B5 64 BA
00004260  00 00 00 00 00 00 00 00 00 00 00 00 00 00 00 00
00004270  00 00 00 00 00 00 00 00 00 00 00 00 00 00 00 00
00004280  4E B2 E0 B1 4E B2 95 B3 D5 F7 00 00 2B 08 3E 10
00004290  14 D2 C2 C8 CC C0 64 BA CC C0 C2 C8 14 D2 88 DC
000042A0  00 00 00 00 00 00 00 00 00 00 00 00 00 00 00 00
000042B0  00 00 00 00 00 00 00 00 00 00 00 00 00 00 00 00
000042C0  B3 B5 A1 B8 57 BC CC C0 24 18 C7 1F 10 27 EC 2D
000042D0  B3 B5 D6 B2 E0 B1 D6 B2 DC E7 C7 F3 00 00 39 0C
000042E0  00 00 00 00 00 00 00 00 00 00 00 00 00 00 00 00
000042F0  00 00 00 00 00 00 00 00 00 00 00 00 00 00 00 00
00004300  F1 C5 B9 CB 14 D2 F0 D8 47 34 0F 3A 34 3F A9 43
00004310  B3 B5 64 BA CC C0 C2 C8 24 18 78 23 EC 2D 3E 37
00004320  00 00 00 00 00 00 00 00 00 00 00 00 00 00 00 00
00004330  00 00 00 00 00 00 00 00 00 00 00 00 00 00 00 00
00004340  39 E0 DC E7 C2 EF D5 F7 5F 47 4D 4A 6B 4C B2 4D
00004350  14 D2 88 DC DC E7 C7 F3 34 3F 9C 45 4D 4A 2A 4D
00004360  00 00 00 00 00 00 00 00 00 00 00 00 00 00 00 00
00004370  00 00 00 00 00 00 00 00 00 00 00 00 00 00 00 00
00004380  00 00 2B 08 3E 10 24 18 20 4E B2 4D 6B 4C 4D 4A
00004390  00 00 39 0C 24 18 78 23 20 4E 2A 4D 4D 4A 9C 45
000043A0  00 00 00 00 00 00 00 00 00 00 00 00 00 00 00 00
000043B0  00 00 00 00 00 00 00 00 00 00 00 00 00 00 00 00
000043C0  C7 1F 10 27 EC 2D 47 34 5F 47 A9 43 34 3F 0F 3A
000043D0  EC 2D 3E 37 34 3F 9C 45 34 3F 3E 37 EC 2D 78 23
000043E0  00 00 00 00 00 00 00 00 00 00 00 00 00 00 00 00
000043F0  00 00 00 00 00 00 00 00 00 00 00 00 00 00 00 00
00004400  0F 3A 34 3F A9 43 5F 47 47 34 EC 2D 10 27 C7 1F
00004410  4D 4A 2A 4D 20 4E 2A 4D 24 18 39 0C 00 00 C7 F3
00004420  00 00 00 00 00 00 00 00 00 00 00 00 00 00 00 00
00004430  00 00 00 00 00 00 00 00 00 00 00 00 00 00 00 00
00004440  4D 4A 6B 4C B2 4D 20 4E 24 18 3E 10 2B 08 00 00
00004450  4D 4A 9C 45 34 3F 3E 37 DC E7 88 DC 14 D2 C2 C8
00004460  00 00 00 00 00 00 00 00 00 00 00 00 00 00 00 00
00004470  00 00 00 00 00 00 00 00 00 00 00 00 00 00 00 00
00004480  B2 4D 6B 4C 4D 4A 5F 47 D5 F7 C2 EF DC E7 39 E0
00004490  EC 2D 78 23 24 18 39 0C CC C0 64 BA B3 B5 D6 B2
000044A0  00 00 00 00 00 00 00 00 00 00 00 00 00 00 00 00
000044B0  00 00 00 00 00 00 00 00 00 00 00 00 00 00 00 00
000044C0  A9 43 34 3F 0F 3A 47 34 F0 D8 14 D2 B9 CB F1 C5
000044D0  00 00 C7 F3 DC E7 88 DC E0 B1 D6 B2 B3 B5 64 BA
000044E0  00 00 00 00 00 00 00 00 00 00 00 00 00 00 00 00
000044F0  00 00 00 00 00 00 00 00 00 00 00 00 00 00 00 00
00004500  EC 2D 10 27 C7 1F 24 18 CC C0 57 BC A1 B8 B3 B5
00004510  14 D2 C2 C8 CC C0 64 BA CC C0 C2 C8 14 D2 88 DC
00004520  00 00 00 00 00 00 00 00 00 00 00 00 00 00 00 00
00004530  00 00 00 00 00 00 00 00 00 00 00 00 00 00 00 00
00004540  3E 10 2B 08 00 00 D5 F7 95 B3 4E B2 E0 B1 4E B2
00004550  B3 B5 D6 B2 E0 B1 D6 B2 DC E7 C7 F3 00 00 39 0C
00004560  00 00 00 00 00 00 00 00 00 00 00 00 00 00 00 00
00004570  00 00 00 00 00 00 00 00 00 00 00 00 00 00 00 00
00004580  C2 EF DC E7 39 E0 F0 D8 95 B3 B3 B5 A1 B8 57 BC
00004590  B3 B5 64 BA CC C0 C2 C8 24 18 78 23 EC 2D 3E 37
000045A0  00 00 00 00 00 00 00 00 00 00 00 00 00 00 00 00
000045B0  00 00 00 00 00 00 00 00 00 00 00 00 00 00 00 00
000045C0  14 D2 B9 CB F1 C5 CC C0 CC C0 F1 C5 B9 CB 14 D2
000045D0  14 D2 88 DC DC E7 C7 F3 34 3F 9C 45 4D 4A 2A 4D
000045E0  00 00 00 00 00 00 00 00 00 00 00 00 00 00 00 00
000045F0  00 00 00 00 00 00 00 00 00 00 00 00 00 00 00 00
00004600  57 BC A1 B8 B3 B5 95 B3 F0 D8 39 E0 DC E7 C2 EF
00004610  00 00 39 0C 24 18 78 23 20 4E 2A 4D 4D 4A 9C 45
00004620  00 00 00 00 00 00 00 00 00 00 00 00 00 00 00 00
00004630  00 00 00 00 00 00 00 00 00 00 00 00 00 00 00 00
00004640  4E B2 E0 B1 4E B2 95 B3 D5 F7 00 00 2B 08 3E 10
00004650  EC 2D 3E 37 34 3F 9C 45 34 3F 3E 37 EC 2D 78 23
00004660  00 00 00 00 00 00 00 00 00 00 00 00 00 00 00 00
00004670  00 00 00 00 00 00 00 00 00 00 00 00 00 00 00 00
00004680  B3 B5 A1 B8 57 BC CC C0 24 18 C7 1F 10 27 EC 2D
00004690  4D 4A 2A 4D 20 4E 2A 4D 24 18 39 0C 00 00 C7 F3
000046A0  00 00 00 00 00 00 00 00 00 00 00 00 00 00 00 00
000046B0  00 00 00 00 00 00 00 00 00 00 00 00 00 00 00 00
000046C0  F1 C5 B9 CB 14 D2 F0 D8 47 34 0F 3A 34 3F A9 43
000046D0  4D 4A 9C 45 34 3F 3E 37 DC E7 88 DC 14 D2 C2 C8
000046E0  00 00 00 00 00 00 00 00 00 00 00 00 00 00 00 00
000046F0  00 00 00 00 00 00 00 00 00 00 00 00 00 00 00 00
00004700  39 E0 DC E7 C2 EF D5 F7 5F 47 4D 4A 6B 4C B2 4D
00004710  EC 2D 78 23 24 18 39 0C CC C0 64 BA B3 B5 D6 B2
00004720  00 00 00 00 00 00 00 00 00 00 00 00 00 00 00 00
00004730  00 00 00 00 00 00 00 00 00 00 00 00 00 00 00 00
00004740  00 00 2B 08 3E 10 24 18 20 4E B2 4D 6B 4C 4D 4A
00004750  00 00 C7 F3 DC E7 88 DC E0 B1 D6 B2 B3 B5 64 BA
00004760  00 00 00 00 00 00 00 00 00 00 00 00 00 00 00 00
00004770  00 00 00 00 00 00 00 00 00 00 00 00 00 00 00 00
00004780  C7 1F 10 27 EC 2D 47 34 5F 47 A9 43 34 3F 0F 3A
00004790  14 D2 C2 C8 CC C0 64 BA CC C0 C2 C8 14 D2 88 DC
000047A0  00 00 00 00 00 00 00 00 00 00 00 00 00 00 00 00
000047B0  00 00 00 00 00 00 00 00 00 00 00 00 00 00 00 00
000047C0  0F 3A 34 3F A9 43 5F 47 47 34 EC 2D 10 27 C7 1F
000047D0  B3 B5 D6 B2 E0 B1 D6 B2 DC E7 C7 F3 00 00 39 0C
000047E0  00 00 00 00 00 00 00 00 00 00 00 00 00 00 00 00
000047F0  00 00 00 00 00 00 00 00 00 00 00 00 00 00 00 00
00004800  4D 4A 6B 4C B2 4D 20 4E 24 18 3E 10 2B 08 00 00
00004810  B3 B5 64 BA CC C0 C2 C8 24 18 78 23 EC 2D 3E 37
00004820  00 00 00 00 00 00 00 00 00 00 00 00 00 00 00 00
00004830  00 00 00 00 00 00 00 00 00 00 00 00 00 00 00 00
00004840  B2 4D 6B 4C 4D 4A 5F 47 D5 F7 C2 EF DC E7 39 E0
00004850  14 D2 88 DC DC E7 C7 F3 34 3F 9C 45 4D 4A 2A 4D
00004860  00 00 00 00 00 00 00 00 00 00 00 00 00 00 00 00
00004870  00 00 00 00 00 00 00 00 00 00 00 00 00 00 00 00
00004880  A9 43 34 3F 0F 3A 47 34 F0 D8 14 D2 B9 CB F1 C5
00004890  00 00 39 0C 24 18 78 23 20 4E 2A 4D 4D 4A 9C 45
000048A0  00 00 00 00 00 00 00 00 00 00 00 00 00 00 00 00
000048B0  00 00 00 00 00 00 00 00 00 00 00 00 00 00 00 00
000048C0  EC 2D 10 27 C7 1F 24 18 CC C0 57 BC A1 B8 B3 B5
000048D0  EC 2D 3E 37 34 3F 9C 45 34 3F 3E 37 EC 2D 78 23
000048E0  00 00 00 00 00 00 00 00 00 00 00 00 00 00 00 00
000048F0  00 00 00 00 00 00 00 00 00 00 00 00 00 00 00 00
00004900  3E 10 2B 08 00 00 D5 F7 95 B3 4E B2 E0 B1 4E B2
00004910  4D 4A 2A 4D 20 4E 2A 4D 24 18 39 0C 00 00 C7 F3
00004920  00 00 00 00 00 00 00 00 00 00 00 00 00 00 00 00
00004930  00 00 00 00 00 00 00 00 00 00 00 00 00 00 00 00
00004940  C2 EF DC E7 39 E0 F0 D8 95 B3 B3 B5 A1 B8 57 BC
00004950  4D 4A 9C 45 34 3F 3E 37 DC E7 88 DC 14 D2 C2 C8
00004960  00 00 00 00 00 00 00 00 00 00 00 00 00 00 00 00
00004970  00 00 00 00 00 00 00 00 00 00 00 00 00 00 00 00
00004980  14 D2 B9 CB F1 C5 CC C0 CC C0 F1 C5 B9 CB 14 D2
00004990  EC 2D 78 23 24 18 39 0C CC C0 64 BA B3 B5 D6 B2
000049A0  00 00 00 00 00 00 00 00 00 00 00 00 00 00 00 00
000049B0  00 00 00 00 00 00 00 00 00 00 00 00 00 00 00 00
000049C0  57 BC A1 B8 B3 B5 95 B3 F0 D8 39 E0 DC E7 C2 EF
000049D0  00 00 C7 F3 DC E7 88 DC E0 B1 D6 B2 B3 B5 64 BA
000049E0  00 00 00 00 00 00 00 00 00 00 00 00 00 00 00 00
000049F0  00 00 00 00 00 00 00 00 00 00 00 00 00 00 00 00
00004A00  4E B2 E0 B1 4E B2 95 B3 D5 F7 00 00 2B 08 3E 10
00004A10  14 D2 C2 C8 CC C0 64 BA CC C0 C2 C8 14 D2 88 DC
00004A20  00 00 00 00 00 00 00 00 00 00 00 00 00 00 00 00
00004A30  00 00 00 00 00 00 00 00 00 00 00 00 00 00 00 00
00004A40  B3 B5 A1 B8 57 BC CC C0 24 18 C7 1F 10 27 EC 2D
00004A50  B3 B5 D6 B2 E0 B1 D6 B2 DC E7 C7 F3 00 00 39 0C
00004A60  00 00 00 00 00 00 00 00 00 00 00 00 00 00 00 00
00004A70  00 00 00 00 00 00 00 00 00 00 00 00 00 00 00 00
00004A80  F1 C5 B9 CB 14 D2 F0 D8 47 34 0F 3A 34 3F A9 43
00004A90  B3 B5 64 BA CC C0 C2 C8 24 18 78 23 EC 2D 3E 37
00004AA0  00 00 00 00 00 00 00 00 00 00 00 00 00 00 00 00
00004AB0  00 00 00 00 00 00 00 00 00 00 00 00 00 00 00 00
00004AC0  39 E0 DC E7 C2 EF D5 F7 5F 47 4D 4A 6B 4C B2 4D
00004AD0  14 D2 88 DC DC E7 C7 F3 34 3F 9C 45 4D 4A 2A 4D
00004AE0  00 00 00 00 00 00 00 00 00 00 00 00 00 00 00 00
00004AF0  00 00 00 00 00 00 00 00 00 00 00 00 00 00 00 00
00004B00  00 00 2B 08 3E 10 24 18 20 4E B2 4D 6B 4C 4D 4A
00004B10  00 00 39 0C 24 18 78 23 20 4E 2A 4D 4D 4A 9C 45
00004B20  00 00 00 00 00 00 00 00 00 00 00 00 00 00 00 00
00004B30  00 00 00 00 00 00 00 00 00 00 00 00 00 00 00 00
00004B40  C7 1F 10 27 EC 2D 47 34 5F 47 A9 43 34 3F 0F 3A
00004B50  EC 2D 3E 37 34 3F 9C 45 34 3F 3E 37 EC 2D 78 23
00004B60  00 00 00 00 00 00 00 00 00 00 00 00 00 00 00 00
00004B70  00 00 00 00 00 00 00 00 00 00 00 00 00 00 00 00
00004B80  0F 3A 34 3F A9 43 5F 47 47 34 EC 2D 10 27 C7 1F
00004B90  4D 4A 2A 4D 20 4E 2A 4D 24 18 39 0C 00 00 C7 F3
00004BA0  00 00 00 00 00 00 00 00 00 00 00 00 00 00 00 00
00004BB0  00 00 00 00 00 00 00 00 00 00 00 00 00 00 00 00
00004BC0  4D 4A 6B 4C B2 4D 20 4E 24 18 3E 10 2B 08 00 00
00004BD0  4D 4A 9C 45 34 3F 3E 37 DC E7 88 DC 14 D2 C2 C8
00004BE0  00 00 00 00 00 00 00 00 00 00 00 00 00 00 00 00
00004BF0  00 00 00 00 00 00 00 00 00 00 00 00 00 00 00 00
00004C00  B2 4D 6B 4C 4D 4A 5F 47 D5 F7 C2 EF DC E7 39 E0
00004C10  EC 2D 78 23 24 18 39 0C CC C0 64 BA B3 B5 D6 B2
00004C20  00 00 00 00 00 00 00 00 00 00 00 00 00 00 00 00
00004C30  00 00 00 00 00 00 00 00 00 00 00 00 00 00 00 00
00004C40  A9 43 34 3F 0F 3A 47 34 F0 D8 14 D2 B9 CB F1 C5
00004C50  00 00 C7 F3 DC E7 88 DC E0 B1 D6 B2 B3 B5 64 BA
00004C60  00 00 00 00 00 00 00 00 00 00 00 00 00 00 00 00
00004C70  00 00 00 00 00 00 00 00 00 00 00 00 00 00 00 00
00004C80  EC 2D 10 27 C7 1F 24 18 CC C0 57 BC A1 B8 B3 B5
00004C90  14 D2 C2 C8 CC C0 64 BA CC C0 C2 C8 14 D2 88 DC
00004CA0  00 00 00 00 00 00 00 00 00 00 00 00 00 00 00 00
00004CB0  00 00 00 00 00 00 00 00 00 00 00 00 00 00 00 00
00004CC0  3E 10 2B 08 00 00 D5 F7 95 B3 4E B2 E0 B1 4E B2
00004CD0  B3 B5 D6 B2 E0 B1 D6 B2 DC E7 C7 F3 00 00 39 0C
00004CE0  00 00 00 00 00 00 00 00 00 00 00 00 00 00 00 00
00004CF0  00 00 00 00 00 00 00 00 00 00 00 00 00 00 00 00
00004D00  C2 EF DC E7 39 E0 F0 D8 95 B3 B3 B5 A1 B8 57 BC
00004D10  B3 B5 64 BA CC C0 C2 C8 24 18 78 23 EC 2D 3E 37
00004D20  00 00 00 00 00 00 00 00 00 00 00 00 00 00 00 00
00004D30  00 00 00 00 00 00 00 00 00 00 00 00 00 00 00 00
00004D40  14 D2 B9 CB F1 C5 CC C0 CC C0 F1 C5 B9 CB 14 D2
00004D50  14 D2 88 DC DC E7 C7 F3 34 3F 9C 45 4D 4A 2A 4D
00004D60  00 00 00 00 00 00 00 00 00 00 00 00 00 00 00 00
00004D70  00 00 00 00 00 00 00 00 00 00 00 00 00 00 00 00
00004D80  57 BC A1 B8 B3 B5 95 B3 F0 D8 39 E0 DC E7 C2 EF
00004D90  00 00 39 0C 24 18 78 23 20 4E 2A 4D 4D 4A 9C 45
00004DA0  00 00 00 00 00 00 00 00 00 00 00 00 00 00 00 00
00004DB0  00 00 00 00 00 00 00 00 00 00 00 00 00 00 00 00
00004DC0  4E B2 E0 B1 4E B2 95 B3 D5 F7 00 00 2B 08 3E 10
00004DD0  EC 2D 3E 37 34 3F 9C 45 34 3F 3E 37 EC 2D 78 23
00004DE0  00 00 00 00 00 00 00 00 00 00 00 00 00 00 00 00
00004DF0  00 00 00 00 00 00 00 00 00 00 00 00 00 00 00 00
00004E00  B3 B5 A1 B8 57 BC CC C0 24 18 C7 1F 10 27 EC 2D
00004E10  4D 4A 2A 4D 20 4E 2A 4D 24 18 39 0C 00 00 C7 F3
00004E20  00 00 00 00 00 00 00 00 00 00 00 00 00 00 00 00
00004E30  00 00 00 00 00 00 00 00 00 00 00 00 00 00 00 00
00004E40  F1 C5 B9 CB 14 D2 F0 D8 47 34 0F 3A 34 3F A9 43
00004E50  4D 4A 9C 45 34 3F 3E 37 DC E7 88 DC 14 D2 C2 C8
00004E60  00 00 00 00 00 00 00 00 00 00 00 00 00 00 00 00
00004E70  00 00 00 00 00 00 00 00 00 00 00 00 00 00 00 00
00004E80  39 E0 DC E7 C2 EF D5 F7 5F 47 4D 4A 6B 4C B2 4D
00004E90  EC 2D 78 23 24 18 39 0C CC C0 64 BA B3 B5 D6 B2
00004EA0  00 00 00 00 00 00 00 00 00 00 00 00 00 00 00 00
00004EB0  00 00 00 00 00 00 00 00 00 00 00 00 00 00 00 00
00004EC0  00 00 2B 08 3E 10 24 18 20 4E B2 4D 6B 4C 4D 4A
00004ED0  00 00 C7 F3 DC E7 88 DC E0 B1 D6 B2 B3 B5 64 BA
00004EE0  00 00 00 00 00 00 00 00 00 00 00 00 00 00 00 00
00004EF0  00 00 00 00 00 00 00 00 00 00 00 00 00 00 00 00
00004F00  C7 1F 10 27 EC 2D 47 34 5F 47 A9 43 34 3F 0F 3A
00004F10  14 D2 C2 C8 CC C0 64 BA CC C0 C2 C8 14 D2 88 DC
00004F20  00 00 00 00 00 00 00 00 00 00 00 00 00 00 00 00
00004F30  00 00 00 00 00 00 00 00 00 00 00 00 00 00 00 00
00004F40  0F 3A 34 3F A9 43 5F 47 47 34 EC 2D 10 27 C7 1F
00004F50  B3 B5 D6 B2 E0 B1 D6 B2 DC E7 C7 F3 00 00 39 0C
00004F60  00 00 00 00 00 00 00 00 00 00 00 00 00 00 00 00
00004F70  00 00 00 00 00 00 00 00 00 00 00 00 00 00 00 00
00004F80  4D 4A 6B 4C B2 4D 20 4E 24 18 3E 10 2B 08 00 00
00004F90  B3 B5 64 BA CC C0 C2 C8 24 18 78 23 EC 2D 3E 37
00004FA0  00 00 00 00 00 00 00 00 00 00 00 00 00 00 00 00
00004FB0  00 00 00 00 00 00 00 00 00 00 00 00 00 00 00 00
00004FC0  B2 4D 6B 4C 4D 4A 5F 47 D5 F7 C2 EF DC E7 39 E0
00004FD0  14 D2 88 DC DC E7 C7 F3 34 3F 9C 45 4D 4A 2A 4D
00004FE0  00 00 00 00 00 00 00 00 00 00 00 00 00 00 00 00
00004FF0  00 00 00 00 00 00 00 00 00 00 00 00 00 00 00 00
00005000  A9 43 34 3F 0F 3A 47 34 F0 D8 14 D2 B9 CB F1 C5
00005010  00 00 39 0C 24 18 78 23 20 4E 2A 4D 4D 4A 9C 45
00005020  00 00 00 00 00 00 00 00 00 00 00 00 00 00 00 00
00005030  00 00 00 00 00 00 00 00 00 00 00 00 00 00 00 00
00005040  EC 2D 10 27 C7 1F 24 18 CC C0 57 BC A1 B8 B3 B5
00005050  EC 2D 3E 37 34 3F 9C 45 34 3F 3E 37 EC 2D 78 23
00005060  00 00 00 00 00 00 00 00 00 00 00 00 00 00 00 00
00005070  00 00 00 00 00 00 00 00 00 00 00 00 00 00 00 00
00005080  3E 10 2B 08 00 00 D5 F7 95 B3 4E B2 E0 B1 4E B2
00005090  4D 4A 2A 4D 20 4E 2A 4D 24 18 39 0C 00 00 C7 F3
000050A0  00 00 00 00 00 00 00 00 00 00 00 00 00 00 00 00
000050B0  00 00 00 00 00 00 00 00 00 00 00 00 00 00 00 00
000050C0  C2 EF DC E7 39 E0 F0 D8 95 B3 B3 B5 A1 B8 57 BC
000050D0  4D 4A 9C 45 34 3F 3E 37 DC E7 88 DC 14 D2 C2 C8
000050E0  00 00 00 00 00 00 00 00 00 00 00 00 00 00 00 00
000050F0  00 00 00 00 00 00 00 00 00 00 00 00 00 00 00 00
00005100  14 D2 B9 CB F1 C5 CC C0 CC C0 F1 C5 B9 CB 14 D2
00005110  EC 2D 78 23 24 18 39 0C CC C0 64 BA B3 B5 D6 B2
00005120  00 00 00 00 00 00 00 00 00 00 00 00 00 00 00 00
00005130  00 00 00 00 00 00 00 00 00 00 00 00 00 00 00 00
00005140  57 BC A1 B8 B3 B5 95 B3 F0 D8 39 E0 DC E7 C2 EF
00005150  00 00 C7 F3 DC E7 88 DC E0 B1 D6 B2 B3 B5 64 BA
00005160  00 00 00 00 00 00 00 00 00 00 00 00 00 00 00 00
00005170  00 00 00 00 00 00 00 00 00 00 00 00 00 00 00 00
00005180  4E B2 E0 B1 4E B2 95 B3 D5 F7 00 00 2B 08 3E 10
00005190  14 D2 C2 C8 CC C0 64 BA CC C0 C2 C8 14 D2 88 DC
000051A0  00 00 00 00 00 00 00 00 00 00 00 00 00 00 00 00
000051B0  00 00 00 00 00 00 00 00 00 00 00 00 00 00 00 00
000051C0  B3 B5 A1 B8 57 BC CC C0 24 18 C7 1F 10 27 EC 2D
000051D0  B3 B5 D6 B2 E0 B1 D6 B2 DC E7 C7 F3 00 00 39 0C
000051E0  00 00 00 00 00 00 00 00 00 00 00 00 00 00 00 00
000051F0  00 00 00 00 00 00 00 00 00 00 00 00 00 00 00 00
00005200  F1 C5 B9 CB 14 D2 F0 D8 47 34 0F 3A 34 3F A9 43
00005210  B3 B5 64 BA CC C0 C2 C8 24 18 78 23 EC 2D 3E 37
00005220  00 00 00 00 00 00 00 00 00 00 00 00 00 00 00 00
00005230  00 00 00 00 00 00 00 00 00 00 00 00 00 00 00 00
00005240  39 E0 DC E7 C2 EF D5 F7 5F 47 4D 4A 6B 4C B2 4D
00005250  14 D2 88 DC DC E7 C7 F3 34 3F 9C 45 4D 4A 2A 4D
00005260  00 00 00 00 00 00 00 00 00 00 00 00 00 00 00 00
00005270  00 00 00 00 00 00 00 00 00 00 00 00 00 00 00 00
00005280  00 00 2B 08 3E 10 24 18 20 4E B2 4D 6B 4C 4D 4A
00005290  00 00 39 0C 24 18 78 23 20 4E 2A 4D 4D 4A 9C 45
000052A0  00 00 00 00 00 00 00 00 00 00 00 00 00 00 00 00
000052B0  00 00 00 00 00 00 00 00 00 00 00 00 00 00 00 00
000052C0  C7 1F 10 27 EC 2D 47 34 5F 47 A9 43 34 3F 0F 3A
000052D0  EC 2D 3E 37 34 3F 9C 45 34 3F 3E 37 EC 2D 78 23
000052E0  00 00 00 00 00 00 00 00 00 00 00 00 00 00 00 00
000052F0  00 00 00 00 00 00 00 00 00 00 00 00 00 00 00 00
00005300  0F 3A 34 3F A9 43 5F 47 47 34 EC 2D 10 27 C7 1F
00005310  4D 4A 2A 4D 20 4E 2A 4D 24 18 39 0C 00 00 C7 F3
00005320  00 00 00 00 00 00 00 00 00 00 00 00 00 00 00 00
00005330  00 00 00 00 00 00 00 00 00 00 00 00 00 00 00 00
00005340  4D 4A 6B 4C B2 4D 20 4E 24 18 3E 10 2B 08 00 00
00005350  4D 4A 9C 45 34 3F 3E 37 DC E7 88 DC 14 D2 C2 C8
00005360  00 00 00 00 00 00 00 00 00 00 00 00 00 00 00 00
00005370  00 00 00 00 00 00 00 00 00 00 00 00 00 00 00 00
00005380  B2 4D 6B 4C 4D 4A 5F 47 D5 F7 C2 EF DC E7 39 E0
00005390  EC 2D 78 23 24 18 39 0C CC C0 64 BA B3 B5 D6 B2
000053A0  00 00 00 00 00 00 00 00 00 00 00 00 00 00 00 00
000053B0  00 00 00 00 00 00 00 00 00 00 00 00 00 00 00 00
000053C0  A9 43 34 3F 0F 3A 47 34 F0 D8 14 D2 B9 CB F1 C5
000053D0  00 00 C7 F3 DC E7 88 DC E0 B1 D6 B2 B3 B5 64 BA
000053E0  00 00 00 00 00 00 00 00 00 00 00 00 00 00 00 00
000053F0  00 00 00 00 00 00 00 00 00 00 00 00 00 00 00 00
00005400  EC 2D 10 27 C7 1F 24 18 CC C0 57 BC A1 B8 B3 B5
00005410  14 D2 C2 C8 CC C0 64 BA CC C0 C2 C8 14 D2 88 DC
00005420  00 00 00 00 00 00 00 00 00 00 00 00 00 00 00 00
00005430  00 00 00 00 00 00 00 00 00 00 00 00 00 00 00 00
00005440  3E 10 2B 08 00 00 D5 F7 95 B3 4E B2 E0 B1 4E B2
00005450  B3 B5 D6 B2 E0 B1 D6 B2 DC E7 C7 F3 00 00 39 0C
00005460  00 00 00 00 00 00 00 00 00 00 00 00 00 00 00 00
00005470  00 00 00 00 00 00 00 00 00 00 00 00 00 00 00 00
00005480  C2 EF DC E7 39 E0 F0 D8 95 B3 B3 B5 A1 B8 57 BC
00005490  B3 B5 64 BA CC C0 C2 C8 24 18 78 23 EC 2D 3E 37
000054A0  00 00 00 00 00 00 00 00 00 00 00 00 00 00 00 00
000054B0  00 00 00 00 00 00 00 00 00 00 00 00 00 00 00 00
000054C0  14 D2 B9 CB F1 C5 CC C0 CC C0 F1 C5 B9 CB 14 D2
000054D0  14 D2 88 DC DC E7 C7 F3 34 3F 9C 45 4D 4A 2A 4D
000054E0  00 00 00 00 00 00 00 00 00 00 00 00 00 00 00 00
000054F0  00 00 00 00 00 00 00 00 00 00 00 00 00 00 00 00
00005500  57 BC A1 B8 B3 B5 95 B3 F0 D8 39 E0 DC E7 C2 EF
00005510  00 00 39 0C 24 18 78 23 20 4E 2A 4D 4D 4A 9C 45
00005520  00 00 00 00 00 00 00 00 00 00 00 00 00 00 00 00
00005530  00 00 00 00 00 00 00 00 00 00 00 00 00 00 00 00
00005540  4E B2 E0 B1 4E B2 95 B3 D5 F7 00 00 2B 08 3E 10
00005550  EC 2D 3E 37 34 3F 9C 45 34 3F 3E 37 EC 2D 78 23
00005560  00 00 00 00 00 00 00 00 00 00 00 00 00 00 00 00
00005570  00 00 00 00 00 00 00 00 00 00 00 00 00 00 00 00
00005580  B3 B5 A1 B8 57 BC CC C0 24 18 C7 1F 10 27 EC 2D
00005590  4D 4A 2A 4D 20 4E 2A 4D 24 18 39 0C 00 00 C7 F3
000055A0  00 00 00 00 00 00 00 00 00 00 00 00 00 00 00 00
000055B0  00 00 00 00 00 00 00 00 00 00 00 00 00 00 00 00
000055C0  F1 C5 B9 CB 14 D2 F0 D8 47 34 0F 3A 34 3F A9 43
000055D0  4D 4A 9C 45 34 3F 3E 37 DC E7 88 DC 14 D2 C2 C8
000055E0  00 00 00 00 00 00 00 00 00 00 00 00 00 00 00 00
000055F0  00 00 00 00 00 00 00 00 00 00 00 00 00 00 00 00
00005600  39 E0 DC E7 C2 EF D5 F7 5F 47 4D 4A 6B 4C B2 4D
00005610  EC 2D 78 23 24 18 39 0C CC C0 64 BA B3 B5 D6 B2
00005620  00 00 00 00 00 00 00 00 00 00 00 00 00 00 00 00
00005630  00 00 00 00 00 00 00 00 00 00 00 00 00 00 00 00
00005640  00 00 2B 08 3E 10 24 18 20 4E B2 4D 6B 4C 4D 4A
00005650  00 00 C7 F3 DC E7 88 DC E0 B1 D6 B2 B3 B5 64 BA
00005660  00 00 00 00 00 00 00 00 00 00 00 00 00 00 00 00
00005670  00 00 00 00 00 00 00 00 00 00 00 00 00 00 00 00
00005680  C7 1F 10 27 EC 2D 47 34 5F 47 A9 43 34 3F 0F 3A
00005690  14 D2 C2 C8 CC C0 64 BA CC C0 C2 C8 14 D2 88 DC
000056A0  00 00 00 00 00 00 00 00 00 00 00 00 00 00 00 00
000056B0  00 00 00 00 00 00 00 00 00 00 00 00 00 00 00 00
000056C0  0F 3A 34 3F A9 43 5F 47 47 34 EC 2D 10 27 C7 1F
000056D0  B3 B5 D6 B2 E0 B1 D6 B2 DC E7 C7 F3 00 00 39 0C
000056E0  00 00 00 00 00 00 00 00 00 00 00 00 00 00 00 00
000056F0  00 00 00 00 00 00 00 00 00 00 00 00 00 00 00 00
00005700  4D 4A 6B 4C B2 4D 20 4E 24 18 3E 10 2B 08 00 00
00005710  B3 B5 64 BA CC C0 C2 C8 24 18 78 23 EC 2D 3E 37
00005720  00 00 00 00 00 00 00 00 00 00 00 00 00 00 00 00
00005730  00 00 00 00 00 00 00 00 00 00 00 00 00 00 00 00
00005740  B2 4D 6B 4C 4D 4A 5F 47 D5 F7 C2 EF DC E7 39 E0
00005750  14 D2 88 DC DC E7 C7 F3 34 3F 9C 45 4D 4A 2A 4D
00005760  00 00 00 00 00 00 00 00 00 00 00 00 00 00 00 00
00005770  00 00 00 00 00 00 00 00 00 00 00 00 00 00 00 00
00005780  A9 43 34 3F 0F 3A 47 34 F0 D8 14 D2 B9 CB F1 C5
00005790  00 00 39 0C 24 18 78 23 20 4E 2A 4D 4D 4A 9C 45
000057A0  00 00 00 00 00 00 00 00 00 00 00 00 00 00 00 00
000057B0  00 00 00 00 00 00 00 00 00 00 00 00 00 00 00 00
000057C0  EC 2D 10 27 C7 1F 24 18 CC C0 57 BC A1 B8 B3 B5
000057D0  EC 2D 3E 37 34 3F 9C 45 34 3F 3E 37 EC 2D 78 23
000057E0  00 00 00 00 00 00 00 00 00 00 00 00 00 00 00 00
000057F0  00 00 00 00 00 00 00 00 00 00 00 00 00 00 00 00
00005800  3E 10 2B 08 00 00 D5 F7 95 B3 4E B2 E0 B1 4E B2
00005810  4D 4A 2A 4D 20 4E 2A 4D 24 18 39 0C 00 00 C7 F3
00005820  00 00 00 00 00 00 00 00 00 00 00 00 00 00 00 00
00005830  00 00 00 00 00 00 00 00 00 00 00 00 00 00 00 00
00005840  C2 EF DC E7 39 E0 F0 D8 95 B3 B3 B5 A1 B8 57 BC
00005850  4D 4A 9C 45 34 3F 3E 37 DC E7 88 DC 14 D2 C2 C8
00005860  00 00 00 00 00 00 00 00 00 00 00 00 00 00 00 00
00005870  00 00 00 00 00 00 00 00 00 00 00 00 00 00 00 00
00005880  14 D2 B9 CB F1 C5 CC C0 CC C0 F1 C5 B9 CB 14 D2
00005890  EC 2D 78 23 24 18 39 0C CC C0 64 BA B3 B5 D6 B2
000058A0  00 00 00 00 00 00 00 00 00 00 00 00 00 00 00 00
000058B0  00 00 00 00 00 00 00 00 00 00 00 00 00 00 00 00
000058C0  57 BC A1 B8 B3 B5 95 B3 F0 D8 39 E0 DC E7 C2 EF
000058D0  00 00 C7 F3 DC E7 88 DC E0 B1 D6 B2 B3 B5 64 BA
000058E0  00 00 00 00 00 00 00 00 00 00 00 00 00 00 00 00
000058F0  00 00 00 00 00 00 00 00 00 00 00 00 00 00 00 00
00005900  4E B2 E0 B1 4E B2 95 B3 D5 F7 00 00 2B 08 3E 10
00005910  14 D2 C2 C8 CC C0 64 BA CC C0 C2 C8 14 D2 88 DC
00005920  00 00 00 00 00 00 00 00 00 00 00 00 00 00 00 00
00005930  00 00 00 00 00 00 00 00 00 00 00 00 00 00 00 00
00005940  B3 B5 A1 B8 57 BC CC C0 24 18 C7 1F 10 27 EC 2D
00005950  B3 B5 D6 B2 E0 B1 D6 B2 DC E7 C7 F3 00 00 39 0C
00005960  00 00 00 00 00 00 00 00 00 00 00 00 00 00 00 00
00005970  00 00 00 00 00 00 00 00 00 00 00 00 00 00 00 00
00005980  F1 C5 B9 CB 14 D2 F0 D8 47 34 0F 3A 34 3F A9 43
00005990  B3 B5 64 BA CC C0 C2 C8 24 18 78 23 EC 2D 3E 37
000059A0  00 00 00 00 00 00 00 00 00 00 00 00 00 00 00 00
000059B0  00 00 00 00 00 00 00 00 00 00 00 00 00 00 00 00
000059C0  39 E0 DC E7 C2 EF D5 F7 5F 47 4D 4A 6B 4C B2 4D
000059D0  14 D2 88 DC DC E7 C7 F3 34 3F 9C 45 4D 4A 2A 4D
000059E0  00 00 00 00 00 00 00 00 00 00 00 00 00 00 00 00
000059F0  00 00 00 00 00 00 00 00 00 00 00 00 00 00 00 00
00005A00  00 00 2B 08 3E 10 24 18 20 4E B2 4D 6B 4C 4D 4A
00005A10  00 00 39 0C 24 18 78 23 20 4E 2A 4D 4D 4A 9C 45
00005A20  00 00 00 00 00 00 00 00 00 00 00 00 00 00 00 00
00005A30  00 00 00 00 00 00 00 00 00 00 00 00 00 00 00 00
00005A40  C7 1F 10 27 EC 2D 47 34 5F 47 A9 43 34 3F 0F 3A
00005A50  EC 2D 3E 37 34 3F 9C 45 34 3F 3E 37 EC 2D 78 23
00005A60  00 00 00 00 00 00 00 00 00 00 00 00 00 00 00 00
00005A70  00 00 00 00 00 00 00 00 00 00 00 00 00 00 00 00
00005A80  0F 3A 34 3F A9 43 5F 47 47 34 EC 2D 10 27 C7 1F
00005A90  4D 4A 2A 4D 20 4E 2A 4D 24 18 39 0C 00 00 C7 F3
00005AA0  00 00 00 00 00 00 00 00 00 00 00 00 00 00 00 00
00005AB0  00 00 00 00 00 00 00 00 00 00 00 00 00 00 00 00
00005AC0  4D 4A 6B 4C B2 4D 20 4E 24 18 3E 10 2B 08 00 00
00005AD0  4D 4A 9C 45 34 3F 3E 37 DC E7 88 DC 14 D2 C2 C8
00005AE0  00 00 00 00 00 00 00 00 00 00 00 00 00 00 00 00
00005AF0  00 00 00 00 00 00 00 00 00 00 00 00 00 00 00 00
00005B00  B2 4D 6B 4C 4D 4A 5F 47 D5 F7 C2 EF DC E7 39 E0
00005B10  EC 2D 78 23 24 18 39 0C CC C0 64 BA B3 B5 D6 B2
00005B20  00 00 00 00 00 00 00 00 00 00 00 00 00 00 00 00
00005B30  00 00 00 00 00 00 00 00 00 00 00 00 00 00 00 00
00005B40  A9 43 34 3F 0F 3A 47 34 F0 D8 14 D2 B9 CB F1 C5
00005B50  00 00 C7 F3 DC E7 88 DC E0 B1 D6 B2 B3 B5 64 BA
00005B60  00 00 00 00 00 00 00 00 00 00 00 00 00 00 00 00
00005B70  00 00 00 00 00 00 00 00 00 00 00 00 00 00 00 00
00005B80  EC 2D 10 27 C7 1F 24 18 CC C0 57 BC A1 B8 B3 B5
00005B90  14 D2 C2 C8 CC C0 64 BA CC C0 C2 C8 14 D2 88 DC
00005BA0  00 00 00 00 00 00 00 00 00 00 00 00 00 00 00 00
00005BB0  00 00 00 00 00 00 00 00 00 00 00 00 00 00 00 00
00005BC0  3E 10 2B 08 00 00 D5 F7 95 B3 4E B2 E0 B1 4E B2
00005BD0  B3 B5 D6 B2 E0 B1 D6 B2 DC E7 C7 F3 00 00 39 0C
00005BE0  00 00 00 00 00 00 00 00 00 00 00 00 00 00 00 00
00005BF0  00 00 00 00 00 00 00 00 00 00 00 00 00 00 00 00
00005C00  C2 EF DC E7 39 E0 F0 D8 95 B3 B3 B5 A1 B8 57 BC
00005C10  B3 B5 64 BA CC C0 C2 C8 24 18 78 23 EC 2D 3E 37
00005C20  00 00 00 00 00 00 00 00 00 00 00 00 00 00 00 00
00005C30  00 00 00 00 00 00 00 00 00 00 00 00 00 00 00 00
00005C40  14 D2 B9 CB F1 C5 CC C0 CC C0 F1 C5 B9 CB 14 D2
00005C50  14 D2 88 DC DC E7 C7 F3 34 3F 9C 45 4D 4A 2A 4D
00005C60  00 00 00 00 00 00 00 00 00 00 00 00 00 00 00 00
00005C70  00 00 00 00 00 00 00 00 00 00 00 00 00 00 00 00
00005C80  57 BC A1 B8 B3 B5 95 B3 F0 D8 39 E0 DC E7 C2 EF
00005C90  00 00 39 0C 24 18 78 23 20 4E 2A 4D 4D 4A 9C 45
00005CA0  00 00 00 00 00 00 00 00 00 00 00 00 00 00 00 00
00005CB0  00 00 00 00 00 00 00 00 00 00 00 00 00 00 00 00
00005CC0  4E B2 E0 B1 4E B2 95 B3 D5 F7 00 00 2B 08 3E 10
00005CD0  EC 2D 3E 37 34 3F 9C 45 34 3F 3E 37 EC 2D 78 23
00005CE0  00 00 00 00 00 00 00 00 00 00 00 00 00 00 00 00
00005CF0  00 00 00 00 00 00 00 00 00 00 00 00 00 00 00 00
00005D00  B3 B5 A1 B8 57 BC CC C0 24 18 C7 1F 10 27 EC 2D
00005D10  4D 4A 2A 4D 20 4E 2A 4D 24 18 39 0C 00 00 C7 F3
00005D20  00 00 00 00 00 00 00 00 00 00 00 00 00 00 00 00
00005D30  00 00 00 00 00 00 00 00 00 00 00 00 00 00 00 00
00005D40  F1 C5 B9 CB 14 D2 F0 D8 47 34 0F 3A 34 3F A9 43
00005D50  4D 4A 9C 45 34 3F 3E 37 DC E7 88 DC 14 D2 C2 C8
00005D60  00 00 00 00 00 00 00 00 00 00 00 00 00 00 00 00
00005D70  00 00 00 00 00 00 00 00 00 00 00 00 00 00 00 00
00005D80  39 E0 DC E7 C2 EF D5 F7 5F 47 4D 4A 6B 4C B2 4D
00005D90  EC 2D 78 23 24 18 39 0C CC C0 64 BA B3 B5 D6 B2
00005DA0  00 00 00 00 00 00 00 00 00 00 00 00 00 00 00 00
00005DB0  00 00 00 00 00 00 00 00 00 00 00 00 00 00 00 00
00005DC0  00 00 2B 08 3E 10 24 18 20 4E B2 4D 6B 4C 4D 4A
00005DD0  00 00 C7 F3 DC E7 88 DC E0 B1 D6 B2 B3 B5 64 BA
00005DE0  00 00 00 00 00 00 00 00 00 00 00 00 00 00 00 00
00005DF0  00 00 00 00 00 00 00 00 00 00 00 00 00 00 00 00
00005E00  C7 1F 10 27 EC 2D 47 34 5F 47 A9 43 34 3F 0F 3A
00005E10  14 D2 C2 C8 CC C0 64 BA CC C0 C2 C8 14 D2 88 DC
00005E20  00 00 00 00 00 00 00 00 00 00 00 00 00 00 00 00
00005E30  00 00 00 00 00 00 00 00 00 00 00 00 00 00 00 00
00005E40  0F 3A 34 3F A9 43 5F 47 47 34 EC 2D 10 27 C7 1F
00005E50  B3 B5 D6 B2 E0 B1 D6 B2 DC E7 C7 F3 00 00 39 0C
00005E60  00 00 00 00 00 00 00 00 00 00 00 00 00 00 00 00
00005E70  00 00 00 00 00 00 00 00 00 00 00 00 00 00 00 00
00005E80  4D 4A 6B 4C B2 4D 20 4E 24 18 3E 10 2B 08 00 00
00005E90  B3 B5 64 BA CC C0 C2 C8 24 18 78 23 EC 2D 3E 37
00005EA0  00 00 00 00 00 00 00 00 00 00 00 00 00 00 00 00
00005EB0  00 00 00 00 00 00 00 00 00 00 00 00 00 00 00 00
00005EC0  B2 4D 6B 4C 4D 4A 5F 47 D5 F7 C2 EF DC E7 39 E0
00005ED0  14 D2 88 DC DC E7 C7 F3 34 3F 9C 45 4D 4A 2A 4D
00005EE0  00 00 00 00 00 00 00 00 00 00 00 00 00 00 00 00
00005EF0  00 00 00 00 00 00 00 00 00 00 00 00 00 00 00 00
00005F00  A9 43 34 3F 0F 3A 47 34 F0 D8 14 D2 B9 CB F1 C5
00005F10  00 00 39 0C 24 18 78 23 20 4E 2A 4D 4D 4A 9C 45
00005F20  00 00 00 00 00 00 00 00 00 00 00 00 00 00 00 00
00005F30  00 00 00 00 00 00 00 00 00 00 00 00 00 00 00 00
00005F40  EC 2D 10 27 C7 1F 24 18 CC C0 57 BC A1 B8 B3 B5
00005F50  EC 2D 3E 37 34 3F 9C 45 34 3F 3E 37 EC 2D 78 23
00005F60  00 00 00 00 00 00 00 00 00 00 00 00 00 00 00 00
00005F70  00 00 00 00 00 00 00 00 00 00 00 00 00 00 00 00
00005F80  3E 10 2B 08 00 00 D5 F7 95 B3 4E B2 E0 B1 4E B2
00005F90  4D 4A 2A 4D 20 4E 2A 4D 24 18 39 0C 00 00 C7 F3
00005FA0  00 00 00 00 00 00 00 00 00 00 00 00 00 00 00 00
00005FB0  00 00 00 00 00 00 00 00 00 00 00 00 00 00 00 00
00005FC0  C2 EF DC E7 39 E0 F0 D8 95 B3 B3 B5 A1 B8 57 BC
00005FD0  4D 4A 9C 45 34 3F 3E 37 DC E7 88 DC 14 D2 C2 C8
00005FE0  00 00 00 00 00 00 00 00 00 00 00 00 00 00 00 00
00005FF0  00 00 00 00 00 00 00 00 00 00 00 00 00 00 00 00
00006000  14 D2 B9 CB F1 C5 CC C0 CC C0 F1 C5 B9 CB 14 D2
00006010  EC 2D 78 23 24 18 39 0C CC C0 64 BA B3 B5 D6 B2
00006020  00 00 00 00 00 00 00 00 00 00 00 00 00 00 00 00
00006030  00 00 00 00 00 00 00 00 00 00 00 00 00 00 00 00
00006040  57 BC A1 B8 B3 B5 95 B3 F0 D8 39 E0 DC E7 C2 EF
00006050  00 00 C7 F3 DC E7 88 DC E0 B1 D6 B2 B3 B5 64 BA
00006060  00 00 00 00 00 00 00 00 00 00 00 00 00 00 00 00
00006070  00 00 00 00 00 00 00 00 00 00 00 00 00 00 00 00
00006080  4E B2 E0 B1 4E B2 95 B3 D5 F7 00 00 2B 08 3E 10
00006090  14 D2 C2 C8 CC C0 64 BA CC C0 C2 C8 14 D2 88 DC
000060A0  00 00 00 00 00 00 00 00 00 00 00 00 00 00 00 00
000060B0  00 00 00 00 00 00 00 00 00 00 00 00 00 00 00 00
000060C0  B3 B5 A1 B8 57 BC CC C0 24 18 C7 1F 10 27 EC 2D
000060D0  B3 B5 D6 B2 E0 B1 D6 B2 DC E7 C7 F3 00 00 39 0C
000060E0  00 00 00 00 00 00 00 00 00 00 00 00 00 00 00 00
000060F0  00 00 00 00 00 00 00 00 00 00 00 00 00 00 00 00
00006100  F1 C5 B9 CB 14 D2 F0 D8 47 34 0F 3A 34 3F A9 43
00006110  B3 B5 64 BA CC C0 C2 C8 24 18 78 23 EC 2D 3E 37
00006120  00 00 00 00 00 00 00 00 00 00 00 00 00 00 00 00
00006130  00 00 00 00 00 00 00 00 00 00 00 00 00 00 00 00
00006140  39 E0 DC E7 C2 EF D5 F7 5F 47 4D 4A 6B 4C B2 4D
00006150  14 D2 88 DC DC E7 C7 F3 34 3F 9C 45 4D 4A 2A 4D
00006160  00 00 00 00 00 00 00 00 00 00 00 00 00 00 00 00
00006170  00 00 00 00 00 00 00 00 00 00 00 00 00 00 00 00
00006180  00 00 2B 08 3E 10 24 18 20 4E B2 4D 6B 4C 4D 4A
00006190  00 00 39 0C 24 18 78 23 20 4E 2A 4D 4D 4A 9C 45
000061A0  00 00 00 00 00 00 00 00 00 00 00 00 00 00 00 00
000061B0  00 00 00 00 00 00 00 00 00 00 00 00 00 00 00 00
000061C0  C7 1F 10 27 EC 2D 47 34 5F 47 A9 43 34 3F 0F 3A
000061D0  EC 2D 3E 37 34 3F 9C 45 34 3F 3E 37 EC 2D 78 23
000061E0  00 00 00 00 00 00 00 00 00 00 00 00 00 00 00 00
000061F0  00 00 00 00 00 00 00 00 00 00 00 00 00 00 00 00
00006200  0F 3A 34 3F A9 43 5F 47 47 34 EC 2D 10 27 C7 1F
00006210  4D 4A 2A 4D 20 4E 2A 4D 24 18 39 0C 00 00 C7 F3
00006220  00 00 00 00 00 00 00 00 00 00 00 00 00 00 00 00
00006230  00 00 00 00 00 00 00 00 00 00 00 00 00 00 00 00
00006240  4D 4A 6B 4C B2 4D 20 4E 24 18 3E 10 2B 08 00 00
00006250  4D 4A 9C 45 34 3F 3E 37 DC E7 88 DC 14 D2 C2 C8
00006260  00 00 00 00 00 00 00 00 00 00 00 00 00 00 00 00
00006270  00 00 00 00 00 00 00 00 00 00 00 00 00 00 00 00
00006280  B2 4D 6B 4C 4D 4A 5F 47 D5 F7 C2 EF DC E7 39 E0
00006290  EC 2D 78 23 24 18 39 0C CC C0 64 BA B3 B5 D6 B2
000062A0  00 00 00 00 00 00 00 00 00 00 00 00 00 00 00 00
000062B0  00 00 00 00 00 00 00 00 00 00 00 00 00 00 00 00
000062C0  A9 43 34 3F 0F 3A 47 34 F0 D8 14 D2 B9 CB F1 C5
000062D0  00 00 C7 F3 DC E7 88 DC E0 B1 D6 B2 B3 B5 64 BA
000062E0  00 00 00 00 00 00 00 00 00 00 00 00 00 00 00 00
000062F0  00 00 00 00 00 00 00 00 00 00 00 00 00 00 00 00
00006300  EC 2D 10 27 C7 1F 24 18 CC C0 57 BC A1 B8 B3 B5
00006310  14 D2 C2 C8 CC C0 64 BA CC C0 C2 C8 14 D2 88 DC
00006320  00 00 00 00 00 00 00 00 00 00 00 00 00 00 00 00
00006330  00 00 00 00 00 00 00 00 00 00 00 00 00 00 00 00
00006340  3E 10 2B 08 00 00 D5 F7 95 B3 4E B2 E0 B1 4E B2
00006350  B3 B5 D6 B2 E0 B1 D6 B2 DC E7 C7 F3 00 00 39 0C
00006360  00 00 00 00 00 00 00 00 00 00 00 00 00 00 00 00
00006370  00 00 00 00 00 00 00 00 00 00 00 00 00 00 00 00
00006380  C2 EF DC E7 39 E0 F0 D8 95 B3 B3 B5 A1 B8 57 BC
00006390  B3 B5 64 BA CC C0 C2 C8 24 18 78 23 EC 2D 3E 37
000063A0  00 00 00 00 00 00 00 00 00 00 00 00 00 00 00 00
000063B0  00 00 00 00 00 00 00 00 00 00 00 00 00 00 00 00
000063C0  14 D2 B9 CB F1 C5 CC C0 CC C0 F1 C5 B9 CB 14 D2
000063D0  14 D2 88 DC DC E7 C7 F3 34 3F 9C 45 4D 4A 2A 4D
000063E0  00 00 00 00 00 00 00 00 00 00 00 00 00 00 00 00
000063F0  00 00 00 00 00 00 00 00 00 00 00 00 00 00 00 00
00006400  57 BC A1 B8 B3 B5 95 B3 F0 D8 39 E0 DC E7 C2 EF
00006410  00 00 39 0C 24 18 78 23 20 4E 2A 4D 4D 4A 9C 45
00006420  00 00 00 00 00 00 00 00 00 00 00 00 00 00 00 00
00006430  00 00 00 00 00 00 00 00 00 00 00 00 00 00 00 00
00006440  4E B2 E0 B1 4E B2 95 B3 D5 F7 00 00 2B 08 3E 10
00006450  EC 2D 3E 37 34 3F 9C 45 34 3F 3E 37 EC 2D 78 23
00006460  00 00 00 00 00 00 00 00 00 00 00 00 00 00 00 00
00006470  00 00 00 00 00 00 00 00 00 00 00 00 00 00 00 00
00006480  B3 B5 A1 B8 57 BC CC C0 24 18 C7 1F 10 27 EC 2D
00006490  4D 4A 2A 4D 20 4E 2A 4D 24 18 39 0C 00 00 C7 F3
000064A0  00 00 00 00 00 00 00 00 00 00 00 00 00 00 00 00
000064B0  00 00 00 00 00 00 00 00 00 00 00 00 00 00 00 00
000064C0  F1 C5 B9 CB 14 D2 F0 D8 47 34 0F 3A 34 3F A9 43
000064D0  4D 4A 9C 45 34 3F 3E 37 DC E7 88 DC 14 D2 C2 C8
000064E0  00 00 00 00 00 00 00 00 00 00 00 00 00 00 00 00
000064F0  00 00 00 00 00 00 00 00 00 00 00 00 00 00 00 00
00006500  39 E0 DC E7 C2 EF D5 F7 5F 47 4D 4A 6B 4C B2 4D
00006510  EC 2D 78 23 24 18 39 0C CC C0 64 BA B3 B5 D6 B2
00006520  00 00 00 00 00 00 00 00 00 00 00 00 00 00 00 00
00006530  00 00 00 00 00 00 00 00 00 00 00 00 00 00 00 00
00006540  00 00 2B 08 3E 10 24 18 20 4E B2 4D 6B 4C 4D 4A
00006550  00 00 C7 F3 DC E7 88 DC E0 B1 D6 B2 B3 B5 64 BA
00006560  00 00 00 00 00 00 00 00 00 00 00 00 00 00 00 00
00006570  00 00 00 00 00 00 00 00 00 00 00 00 00 00 00 00
00006580  C7 1F 10 27 EC 2D 47 34 5F 47 A9 43 34 3F 0F 3A
00006590  14 D2 C2 C8 CC C0 64 BA CC C0 C2 C8 14 D2 88 DC
000065A0  00 00 00 00 00 00 00 00 00 00 00 00 00 00 00 00
000065B0  00 00 00 00 00 00 00 00 00 00 00 00 00 00 00 00
000065C0  0F 3A 34 3F A9 43 5F 47 47 34 EC 2D 10 27 C7 1F
000065D0  B3 B5 D6 B2 E0 B1 D6 B2 DC E7 C7 F3 00 00 39 0C
000065E0  00 00 00 00 00 00 00 00 00 00 00 00 00 00 00 00
000065F0  00 00 00 00 00 00 00 00 00 00 00 00 00 00 00 00
00006600  4D 4A 6B 4C B2 4D 20 4E 24 18 3E 10 2B 08 00 00
00006610  B3 B5 64 BA CC C0 C2 C8 24 18 78 23 EC 2D 3E 37
00006620  00 00 00 00 00 00 00 00 00 00 00 00 00 00 00 00
00006630  00 00 00 00 00 00 00 00 00 00 00 00 00 00 00 00
00006640  B2 4D 6B 4C 4D 4A 5F 47 D5 F7 C2 EF DC E7 39 E0
00006650  14 D2 88 DC DC E7 C7 F3 34 3F 9C 45 4D 4A 2A 4D
00006660  00 00 00 00 00 00 00 00 00 00 00 00 00 00 00 00
00006670  00 00 00 00 00 00 00 00 00 00 00 00 00 00 00 00
00006680  A9 43 34 3F 0F 3A 47 34 F0 D8 14 D2 B9 CB F1 C5
00006690  00 00 39 0C 24 18 78 23 20 4E 2A 4D 4D 4A 9C 45
000066A0  00 00 00 00 00 00 00 00 00 00 00 00 00 00 00 00
000066B0  00 00 00 00 00 00 00 00 00 00 00 00 00 00 00 00
000066C0  EC 2D 10 27 C7 1F 24 18 CC C0 57 BC A1 B8 B3 B5
000066D0  EC 2D 3E 37 34 3F 9C 45 34 3F 3E 37 EC 2D 78 23
000066E0  00 00 00 00 00 00 00 00 00 00 00 00 00 00 00 00
000066F0  00 00 00 00 00 00 00 00 00 00 00 00 00 00 00 00
00006700  3E 10 2B 08 00 00 D5 F7 95 B3 4E B2 E0 B1 4E B2
00006710  4D 4A 2A 4D 20 4E 2A 4D 24 18 39 0C 00 00 C7 F3
00006720  00 00 00 00 00 00 00 00 00 00 00 00 00 00 00 00
00006730  00 00 00 00 00 00 00 00 00 00 00 00 00 00 00 00
00006740  C2 EF DC E7 39 E0 F0 D8 95 B3 B3 B5 A1 B8 57 BC
00006750  4D 4A 9C 45 34 3F 3E 37 DC E7 88 DC 14 D2 C2 C8
00006760  00 00 00 00 00 00 00 00 00 00 00 00 00 00 00 00
00006770  00 00 00 00 00 00 00 00 00 00 00 00 00 00 00 00
00006780  14 D2 B9 CB F1 C5 CC C0 CC C0 F1 C5 B9 CB 14 D2
00006790  EC 2D 78 23 24 18 39 0C CC C0 64 BA B3 B5 D6 B2
000067A0  00 00 00 00 00 00 00 00 00 00 00 00 00 00 00 00
000067B0  00 00 00 00 00 00 00 00 00 00 00 00 00 00 00 00
000067C0  57 BC A1 B8 B3 B5 95 B3 F0 D8 39 E0 DC E7 C2 EF
000067D0  00 00 C7 F3 DC E7 88 DC E0 B1 D6 B2 B3 B5 64 BA
000067E0  00 00 00 00 00 00 00 00 00 00 00 00 00 00 00 00
000067F0  00 00 00 00 00 00 00 00 00 00 00 00 00 00 00 00
00006800  4E B2 E0 B1 4E B2 95 B3 D5 F7 00 00 2B 08 3E 10
00006810  14 D2 C2 C8 CC C0 64 BA CC C0 C2 C8 14 D2 88 DC
00006820  00 00 00 00 00 00 00 00 00 00 00 00 00 00 00 00
00006830  00 00 00 00 00 00 00 00 00 00 00 00 00 00 00 00
00006840  B3 B5 A1 B8 57 BC CC C0 24 18 C7 1F 10 27 EC 2D
00006850  B3 B5 D6 B2 E0 B1 D6 B2 DC E7 C7 F3 00 00 39 0C
00006860  00 00 00 00 00 00 00 00 00 00 00 00 00 00 00 00
00006870  00 00 00 00 00 00 00 00 00 00 00 00 00 00 00 00
00006880  F1 C5 B9 CB 14 D2 F0 D8 47 34 0F 3A 34 3F A9 43
00006890  B3 B5 64 BA CC C0 C2 C8 24 18 78 23 EC 2D 3E 37
000068A0  00 00 00 00 00 00 00 00 00 00 00 00 00 00 00 00
000068B0  00 00 00 00 00 00 00 00 00 00 00 00 00 00 00 00
000068C0  39 E0 DC E7 C2 EF D5 F7 5F 47 4D 4A 6B 4C B2 4D
000068D0  14 D2 88 DC DC E7 C7 F3 34 3F 9C 45 4D 4A 2A 4D
000068E0  00 00 00 00 00 00 00 00 00 00 00 00 00 00 00 00
000068F0  00 00 00 00 00 00 00 00 00 00 00 00 00 00 00 00
00006900  00 00 2B 08 3E 10 24 18 20 4E B2 4D 6B 4C 4D 4A
00006910  00 00 39 0C 24 18 78 23 20 4E 2A 4D 4D 4A 9C 45
00006920  00 00 00 00 00 00 00 00 00 00 00 00 00 00 00 00
00006930  00 00 00 00 00 00 00 00 00 00 00 00 00 00 00 00
00006940  C7 1F 10 27 EC 2D 47 34 5F 47 A9 43 34 3F 0F 3A
00006950  EC 2D 3E 37 34 3F 9C 45 34 3F 3E 37 EC 2D 78 23
00006960  00 00 00 00 00 00 00 00 00 00 00 00 00 00 00 00
00006970  00 00 00 00 00 00 00 00 00 00 00 00 00 00 00 00
00006980  0F 3A 34 3F A9 43 5F 47 47 34 EC 2D 10 27 C7 1F
00006990  4D 4A 2A 4D 20 4E 2A 4D 24 18 39 0C 00 00 C7 F3
000069A0  00 00 00 00 00 00 00 00 00 00 00 00 00 00 00 00
000069B0  00 00 00 00 00 00 00 00 00 00 00 00 00 00 00 00
000069C0  4D 4A 6B 4C B2 4D 20 4E 24 18 3E 10 2B 08 00 00
000069D0  4D 4A 9C 45 34 3F 3E 37 DC E7 88 DC 14 D2 C2 C8
000069E0  00 00 00 00 00 00 00 00 00 00 00 00 00 00 00 00
000069F0  00 00 00 00 00 00 00 00 00 00 00 00 00 00 00 00
00006A00  B2 4D 6B 4C 4D 4A 5F 47 D5 F7 C2 EF DC E7 39 E0
00006A10  EC 2D 78 23 24 18 39 0C CC C0 64 BA B3 B5 D6 B2
00006A20  00 00 00 00 00 00 00 00 00 00 00 00 00 00 00 00
00006A30  00 00 00 00 00 00 00 00 00 00 00 00 00 00 00 00
00006A40  A9 43 34 3F 0F 3A 47 34 F0 D8 14 D2 B9 CB F1 C5
00006A50  00 00 C7 F3 DC E7 88 DC E0 B1 D6 B2 B3 B5 64 BA
00006A60  00 00 00 00 00 00 00 00 00 00 00 00 00 00 00 00
00006A70  00 00 00 00 00 00 00 00 00 00 00 00 00 00 00 00
00006A80  EC 2D 10 27 C7 1F 24 18 CC C0 57 BC A1 B8 B3 B5
00006A90  14 D2 C2 C8 CC C0 64 BA CC C0 C2 C8 14 D2 88 DC
00006AA0  00 00 00 00 00 00 00 00 00 00 00 00 00 00 00 00
00006AB0  00 00 00 00 00 00 00 00 00 00 00 00 00 00 00 00
00006AC0  3E 10 2B 08 00 00 D5 F7 95 B3 4E B2 E0 B1 4E B2
00006AD0  B3 B5 D6 B2 E0 B1 D6 B2 DC E7 C7 F3 00 00 39 0C
00006AE0  00 00 00 00 00 00 00 00 00 00 00 00 00 00 00 00
00006AF0  00 00 00 00 00 00 00 00 00 00 00 00 00 00 00 00
00006B00  C2 EF DC E7 39 E0 F0 D8 95 B3 B3 B5 A1 B8 57 BC
00006B10  B3 B5 64 BA CC C0 C2 C8 24 18 78 23 EC 2D 3E 37
00006B20  00 00 00 00 00 00 00 00 00 00 00 00 00 00 00 00
00006B30  00 00 00 00 00 00 00 00 00 00 00 00 00 00 00 00
00006B40  14 D2 B9 CB F1 C5 CC C0 CC C0 F1 C5 B9 CB 14 D2
00006B50  14 D2 88 DC DC E7 C7 F3 34 3F 9C 45 4D 4A 2A 4D
00006B60  00 00 00 00 00 00 00 00 00 00 00 00 00 00 00 00
00006B70  00 00 00 00 00 00 00 00 00 00 00 00 00 00 00 00
00006B80  57 BC A1 B8 B3 B5 95 B3 F0 D8 39 E0 DC E7 C2 EF
00006B90  00 00 39 0C 24 18 78 23 20 4E 2A 4D 4D 4A 9C 45
00006BA0  00 00 00 00 00 00 00 00 00 00 00 00 00 00 00 00
00006BB0  00 00 00 00 00 00 00 00 00 00 00 00 00 00 00 00
00006BC0  4E B2 E0 B1 4E B2 95 B3 D5 F7 00 00 2B 08 3E 10
00006BD0  EC 2D 3E 37 34 3F 9C 45 34 3F 3E 37 EC 2D 78 23
00006BE0  00 00 00 00 00 00 00 00 00 00 00 00 00 00 00 00
00006BF0  00 00 00 00 00 00 00 00 00 00 00 00 00 00 00 00
00006C00  B3 B5 A1 B8 57 BC CC C0 24 18 C7 1F 10 27 EC 2D
00006C10  4D 4A 2A 4D 20 4E 2A 4D 24 18 39 0C 00 00 C7 F3
00006C20  00 00 00 00 00 00 00 00 00 00 00 00 00 00 00 00
00006C30  00 00 00 00 00 00 00 00 00 00 00 00 00 00 00 00
00006C40  F1 C5 B9 CB 14 D2 F0 D8 47 34 0F 3A 34 3F A9 43
00006C50  4D 4A 9C 45 34 3F 3E 37 DC E7 88 DC 14 D2 C2 C8
00006C60  00 00 00 00 00 00 00 00 00 00 00 00 00 00 00 00
00006C70  00 00 00 00 00 00 00 00 00 00 00 00 00 00 00 00
00006C80  39 E0 DC E7 C2 EF D5 F7 5F 47 4D 4A 6B 4C B2 4D
00006C90  EC 2D 78 23 24 18 39 0C CC C0 64 BA B3 B5 D6 B2
00006CA0  00 00 00 00 00 00 00 00 00 00 00 00 00 00 00 00
00006CB0  00 00 00 00 00 00 00 00 00 00 00 00 00 00 00 00
00006CC0  00 00 2B 08 3E 10 24 18 20 4E B2 4D 6B 4C 4D 4A
00006CD0  00 00 C7 F3 DC E7 88 DC E0 B1 D6 B2 B3 B5 64 BA
00006CE0  00 00 00 00 00 00 00 00 00 00 00 00 00 00 00 00
00006CF0  00 00 00 00 00 00 00 00 00 00 00 00 00 00 00 00
00006D00  C7 1F 10 27 EC 2D 47 34 5F 47 A9 43 34 3F 0F 3A
00006D10  14 D2 C2 C8 CC C0 64 BA CC C0 C2 C8 14 D2 88 DC
00006D20  00 00 00 00 00 00 00 00 00 00 00 00 00 00 00 00
00006D30  00 00 00 00 00 00 00 00 00 00 00 00 00 00 00 00
00006D40  0F 3A 34 3F A9 43 5F 47 47 34 EC 2D 10 27 C7 1F
00006D50  B3 B5 D6 B2 E0 B1 D6 B2 DC E7 C7 F3 00 00 39 0C
00006D60  00 00 00 00 00 00 00 00 00 00 00 00 00 00 00 00
00006D70  00 00 00 00 00 00 00 00 00 00 00 00 00 00 00 00
00006D80  4D 4A 6B 4C B2 4D 20 4E 24 18 3E 10 2B 08 00 00
00006D90  B3 B5 64 BA CC C0 C2 C8 24 18 78 23 EC 2D 3E 37
00006DA0  00 00 00 00 00 00 00 00 00 00 00 00 00 00 00 00
00006DB0  00 00 00 00 00 00 00 00 00 00 00 00 00 00 00 00
00006DC0  B2 4D 6B 4C 4D 4A 5F 47 D5 F7 C2 EF DC E7 39 E0
00006DD0  14 D2 88 DC DC E7 C7 F3 34 3F 9C 45 4D 4A 2A 4D
00006DE0  00 00 00 00 00 00 00 00 00 00 00 00 00 00 00 00
00006DF0  00 00 00 00 00 00 00 00 00 00 00 00 00 00 00 00
00006E00  A9 43 34 3F 0F 3A 47 34 F0 D8 14 D2 B9 CB F1 C5
00006E10  00 00 39 0C 24 18 78 23 20 4E 2A 4D 4D 4A 9C 45
00006E20  00 00 00 00 00 00 00 00 00 00 00 00 00 00 00 00
00006E30  00 00 00 00 00 00 00 00 00 00 00 00 00 00 00 00
00006E40  EC 2D 10 27 C7 1F 24 18 CC C0 57 BC A1 B8 B3 B5
00006E50  EC 2D 3E 37 34 3F 9C 45 34 3F 3E 37 EC 2D 78 23
00006E60  00 00 00 00 00 00 00 00 00 00 00 00 00 00 00 00
00006E70  00 00 00 00 00 00 00 00 00 00 00 00 00 00 00 00
00006E80  3E 10 2B 08 00 00 D5 F7 95 B3 4E B2 E0 B1 4E B2
00006E90  4D 4A 2A 4D 20 4E 2A 4D 24 18 39 0C 00 00 C7 F3
00006EA0  00 00 00 00 00 00 00 00 00 00 00 00 00 00 00 00
00006EB0  00 00 00 00 00 00 00 00 00 00 00 00 00 00 00 00
00006EC0  C2 EF DC E7 39 E0 F0 D8 95 B3 B3 B5 A1 B8 57 BC
00006ED0  4D 4A 9C 45 34 3F 3E 37 DC E7 88 DC 14 D2 C2 C8
00006EE0  00 00 00 00 00 00 00 00 00 00 00 00 00 00 00 00
00006EF0  00 00 00 00 00 00 00 00 00 00 00 00 00 00 00 00
00006F00  14 D2 B9 CB F1 C5 CC C0 CC C0 F1 C5 B9 CB 14 D2
00006F10  EC 2D 78 23 24 18 39 0C CC C0 64 BA B3 B5 D6 B2
00006F20  00 00 00 00 00 00 00 00 00 00 00 00 00 00 00 00
00006F30  00 00 00 00 00 00 00 00 00 00 00 00 00 00 00 00
00006F40  57 BC A1 B8 B3 B5 95 B3 F0 D8 39 E0 DC E7 C2 EF
00006F50  00 00 C7 F3 DC E7 88 DC E0 B1 D6 B2 B3 B5 64 BA
00006F60  00 00 00 00 00 00 00 00 00 00 00 00 00 00 00 00
00006F70  00 00 00 00 00 00 00 00 00 00 00 00 00 00 00 00
00006F80  4E B2 E0 B1 4E B2 95 B3 D5 F7 00 00 2B 08 3E 10
00006F90  14 D2 C2 C8 CC C0 64 BA CC C0 C2 C8 14 D2 88 DC
00006FA0  00 00 00 00 00 00 00 00 00 00 00 00 00 00 00 00
00006FB0  00 00 00 00 00 00 00 00 00 00 00 00 00 00 00 00
00006FC0  B3 B5 A1 B8 57 BC CC C0 24 18 C7 1F 10 27 EC 2D
00006FD0  B3 B5 D6 B2 E0 B1 D6 B2 DC E7 C7 F3 00 00 39 0C
00006FE0  00 00 00 00 00 00 00 00 00 00 00 00 00 00 00 00
00006FF0  00 00 00 00 00 00 00 00 00 00 00 00 00 00 00 00
00007000  F1 C5 B9 CB 14 D2 F0 D8 47 34 0F 3A 34 3F A9 43
00007010  B3 B5 64 BA CC C0 C2 C8 24 18 78 23 EC 2D 3E 37
00007020  00 00 00 00 00 00 00 00 00 00 00 00 00 00 00 00
00007030  00 00 00 00 00 00 00 00 00 00 00 00 00 00 00 00
00007040  39 E0 DC E7 C2 EF D5 F7 5F 47 4D 4A 6B 4C B2 4D
00007050  14 D2 88 DC DC E7 C7 F3 34 3F 9C 45 4D 4A 2A 4D
00007060  00 00 00 00 00 00 00 00 00 00 00 00 00 00 00 00
00007070  00 00 00 00 00 00 00 00 00 00 00 00 00 00 00 00
00007080  00 00 2B 08 3E 10 24 18 20 4E B2 4D 6B 4C 4D 4A
00007090  00 00 39 0C 24 18 78 23 20 4E 2A 4D 4D 4A 9C 45
000070A0  00 00 00 00 00 00 00 00 00 00 00 00 00 00 00 00
000070B0  00 00 00 00 00 00 00 00 00 00 00 00 00 00 00 00
000070C0  C7 1F 10 27 EC 2D 47 34 5F 47 A9 43 34 3F 0F 3A
000070D0  EC 2D 3E 37 34 3F 9C 45 34 3F 3E 37 EC 2D 78 23
000070E0  00 00 00 00 00 00 00 00 00 00 00 00 00 00 00 00
000070F0  00 00 00 00 00 00 00 00 00 00 00 00 00 00 00 00
00007100  0F 3A 34 3F A9 43 5F 47 47 34 EC 2D 10 27 C7 1F
00007110  4D 4A 2A 4D 20 4E 2A 4D 24 18 39 0C 00 00 C7 F3
00007120  00 00 00 00 00 00 00 00 00 00 00 00 00 00 00 00
00007130  00 00 00 00 00 00 00 00 00 00 00 00 00 00 00 00
00007140  4D 4A 6B 4C B2 4D 20 4E 24 18 3E 10 2B 08 00 00
00007150  4D 4A 9C 45 34 3F 3E 37 DC E7 88 DC 14 D2 C2 C8
00007160  00 00 00 00 00 00 00 00 00 00 00 00 00 00 00 00
00007170  00 00 00 00 00 00 00 00 00 00 00 00 00 00 00 00
00007180  B2 4D 6B 4C 4D 4A 5F 47 D5 F7 C2 EF DC E7 39 E0
00007190  EC 2D 78 23 24 18 39 0C CC C0 64 BA B3 B5 D6 B2
000071A0  00 00 00 00 00 00 00 00 00 00 00 00 00 00 00 00
000071B0  00 00 00 00 00 00 00 00 00 00 00 00 00 00 00 00
000071C0  A9 43 34 3F 0F 3A 47 34 F0 D8 14 D2 B9 CB F1 C5
000071D0  00 00 C7 F3 DC E7 88 DC E0 B1 D6 B2 B3 B5 64 BA
000071E0  00 00 00 00 00 00 00 00 00 00 00 00 00 00 00 00
000071F0  00 00 00 00 00 00 00 00 00 00 00 00 00 00 00 00
00007200  EC 2D 10 27 C7 1F 24 18 CC C0 57 BC A1 B8 B3 B5
00007210  14 D2 C2 C8 CC C0 64 BA CC C0 C2 C8 14 D2 88 DC
00007220  00 00 00 00 00 00 00 00 00 00 00 00 00 00 00 00
00007230  00 00 00 00 00 00 00 00 00 00 00 00 00 00 00 00
00007240  3E 10 2B 08 00 00 D5 F7 95 B3 4E B2 E0 B1 4E B2
00007250  B3 B5 D6 B2 E0 B1 D6 B2 DC E7 C7 F3 00 00 39 0C
00007260  00 00 00 00 00 00 00 00 00 00 00 00 00 00 00 00
00007270  00 00 00 00 00 00 00 00 00 00 00 00 00 00 00 00
00007280  C2 EF DC E7 39 E0 F0 D8 95 B3 B3 B5 A1 B8 57 BC
00007290  B3 B5 64 BA CC C0 C2 C8 24 18 78 23 EC 2D 3E 37
000072A0  00 00 00 00 00 00 00 00 00 00 00 00 00 00 00 00
000072B0  00 00 00 00 00 00 00 00 00 00 00 00 00 00 00 00
000072C0  14 D2 B9 CB F1 C5 CC C0 CC C0 F1 C5 B9 CB 14 D2
000072D0  14 D2 88 DC DC E7 C7 F3 34 3F 9C 45 4D 4A 2A 4D
000072E0  00 00 00 00 00 00 00 00 00 00 00 00 00 00 00 00
000072F0  00 00 00 00 00 00 00 00 00 00 00 00 00 00 00 00
00007300  57 BC A1 B8 B3 B5 95 B3 F0 D8 39 E0 DC E7 C2 EF
00007310  00 00 39 0C 24 18 78 23 20 4E 2A 4D 4D 4A 9C 45
00007320  00 00 00 00 00 00 00 00 00 00 00 00 00 00 00 00
00007330  00 00 00 00 00 00 00 00 00 00 00 00 00 00 00 00
00007340  4E B2 E0 B1 4E B2 95 B3 D5 F7 00 00 2B 08 3E 10
00007350  EC 2D 3E 37 34 3F 9C 45 34 3F 3E 37 EC 2D 78 23
00007360  00 00 00 00 00 00 00 00 00 00 00 00 00 00 00 00
00007370  00 00 00 00 00 00 00 00 00 00 00 00 00 00 00 00
00007380  B3 B5 A1 B8 57 BC CC C0 24 18 C7 1F 10 27 EC 2D
00007390  4D 4A 2A 4D 20 4E 2A 4D 24 18 39 0C 00 00 C7 F3
000073A0  00 00 00 00 00 00 00 00 00 00 00 00 00 00 00 00
000073B0  00 00 00 00 00 00 00 00 00 00 00 00 00 00 00 00
000073C0  F1 C5 B9 CB 14 D2 F0 D8 47 34 0F 3A 34 3F A9 43
000073D0  4D 4A 9C 45 34 3F 3E 37 DC E7 88 DC 14 D2 C2 C8
000073E0  00 00 00 00 00 00 00 00 00 00 00 00 00 00 00 00
000073F0  00 00 00 00 00 00 00 00 00 00 00 00 00 00 00 00
00007400  39 E0 DC E7 C2 EF D5 F7 5F 47 4D 4A 6B 4C B2 4D
00007410  EC 2D 78 23 24 18 39 0C CC C0 64 BA B3 B5 D6 B2
00007420  00 00 00 00 00 00 00 00 00 00 00 00 00 00 00 00
00007430  00 00 00 00 00 00 00 00 00 00 00 00 00 00 00 00
00007440  00 00 2B 08 3E 10 24 18 20 4E B2 4D 6B 4C 4D 4A
00007450  00 00 C7 F3 DC E7 88 DC E0 B1 D6 B2 B3 B5 64 BA
00007460  00 00 00 00 00 00 00 00 00 00 00 00 00 00 00 00
00007470  00 00 00 00 00 00 00 00 00 00 00 00 00 00 00 00
00007480  C7 1F 10 27 EC 2D 47 34 5F 47 A9 43 34 3F 0F 3A
00007490  14 D2 C2 C8 CC C0 64 BA CC C0 C2 C8 14 D2 88 DC
000074A0  00 00 00 00 00 00 00 00 00 00 00 00 00 00 00 00
000074B0  00 00 00 00 00 00 00 00 00 00 00 00 00 00 00 00
000074C0  0F 3A 34 3F A9 43 5F 47 47 34 EC 2D 10 27 C7 1F
000074D0  B3 B5 D6 B2 E0 B1 D6 B2 DC E7 C7 F3 00 00 39 0C
000074E0  00 00 00 00 00 00 00 00 00 00 00 00 00 00 00 00
000074F0  00 00 00 00 00 00 00 00 00 00 00 00 00 00 00 00
00007500  4D 4A 6B 4C B2 4D 20 4E 24 18 3E 10 2B 08 00 00
00007510  B3 B5 64 BA CC C0 C2 C8 24 18 78 23 EC 2D 3E 37
00007520  00 00 00 00 00 00 00 00 00 00 00 00 00 00 00 00
00007530  00 00 00 00 00 00 00 00 00 00 00 00 00 00 00 00
00007540  B2 4D 6B 4C 4D 4A 5F 47 D5 F7 C2 EF DC E7 39 E0
00007550  14 D2 88 DC DC E7 C7 F3 34 3F 9C 45 4D 4A 2A 4D
00007560  00 00 00 00 00 00 00 00 00 00 00 00 00 00 00 00
00007570  00 00 00 00 00 00 00 00 00 00 00 00 00 00 00 00
00007580  A9 43 34 3F 0F 3A 47 34 F0 D8 14 D2 B9 CB F1 C5
00007590  00 00 39 0C 24 18 78 23 20 4E 2A 4D 4D 4A 9C 45
000075A0  00 00 00 00 00 00 00 00 00 00 00 00 00 00 00 00
000075B0  00 00 00 00 00 00 00 00 00 00 00 00 00 00 00 00
000075C0  EC 2D 10 27 C7 1F 24 18 CC C0 57 BC A1 B8 B3 B5
000075D0  EC 2D 3E 37 34 3F 9C 45 34 3F 3E 37 EC 2D 78 23
000075E0  00 00 00 00 00 00 00 00 00 00 00 00 00 00 00 00
000075F0  00 00 00 00 00 00 00 00 00 00 00 00 00 00 00 00
00007600  3E 10 2B 08 00 00 D5 F7 95 B3 4E B2 E0 B1 4E B2
00007610  4D 4A 2A 4D 20 4E 2A 4D 24 18 39 0C 00 00 C7 F3
00007620  00 00 00 00 00 00 00 00 00 00 00 00 00 00 00 00
00007630  00 00 00 00 00 00 00 00 00 00 00 00 00 00 00 00
00007640  C2 EF DC E7 39 E0 F0 D8 95 B3 B3 B5 A1 B8 57 BC
00007650  4D 4A 9C 45 34 3F 3E 37 DC E7 88 DC 14 D2 C2 C8
00007660  00 00 00 00 00 00 00 00 00 00 00 00 00 00 00 00
00007670  00 00 00 00 00 00 00 00 00 00 00 00 00 00 00 00
00007680  14 D2 B9 CB F1 C5 CC C0 CC C0 F1 C5 B9 CB 14 D2
00007690  EC 2D 78 23 24 18 39 0C CC C0 64 BA B3 B5 D6 B2
000076A0  00 00 00 00 00 00 00 00 00 00 00 00 00 00 00 00
000076B0  00 00 00 00 00 00 00 00 00 00 00 00 00 00 00 00
000076C0  57 BC A1 B8 B3 B5 95 B3 F0 D8 39 E0 DC E7 C2 EF
000076D0  00 00 C7 F3 DC E7 88 DC E0 B1 D6 B2 B3 B5 64 BA
000076E0  00 00 00 00 00 00 00 00 00 00 00 00 00 00 00 00
000076F0  00 00 00 00 00 00 00 00 00 00 00 00 00 00 00 00
00007700  4E B2 E0 B1 4E B2 95 B3 D5 F7 00 00 2B 08 3E 10
00007710  14 D2 C2 C8 CC C0 64 BA CC C0 C2 C8 14 D2 88 DC
00007720  00 00 00 00 00 00 00 00 00 00 00 00 00 00 00 00
00007730  00 00 00 00 00 00 00 00 00 00 00 00 00 00 00 00
00007740  B3 B5 A1 B8 57 BC CC C0 24 18 C7 1F 10 27 EC 2D
00007750  B3 B5 D6 B2 E0 B1 D6 B2 DC E7 C7 F3 00 00 39 0C
00007760  00 00 00 00 00 00 00 00 00 00 00 00 00 00 00 00
00007770  00 00 00 00 00 00 00 00 00 00 00 00 00 00 00 00
00007780  F1 C5 B9 CB 14 D2 F0 D8 47 34 0F 3A 34 3F A9 43
00007790  B3 B5 64 BA CC C0 C2 C8 24 18 78 23 EC 2D 3E 37
000077A0  00 00 00 00 00 00 00 00 00 00 00 00 00 00 00 00
000077B0  00 00 00 00 00 00 00 00 00 00 00 00 00 00 00 00
000077C0  39 E0 DC E7 C2 EF D5 F7 5F 47 4D 4A 6B 4C B2 4D
000077D0  14 D2 88 DC DC E7 C7 F3 34 3F 9C 45 4D 4A 2A 4D
000077E0  00 00 00 00 00 00 00 00 00 00 00 00 00 00 00 00
000077F0  00 00 00 00 00 00 00 00 00 00 00 00 00 00 00 00
00007800  00 00 2B 08 3E 10 24 18 20 4E B2 4D 6B 4C 4D 4A
00007810  00 00 39 0C 24 18 78 23 20 4E 2A 4D 4D 4A 9C 45
00007820  00 00 00 00 00 00 00 00 00 00 00 00 00 00 00 00
00007830  00 00 00 00 00 00 00 00 00 00 00 00 00 00 00 00
00007840  C7 1F 10 27 EC 2D 47 34 5F 47 A9 43 34 3F 0F 3A
00007850  EC 2D 3E 37 34 3F 9C 45 34 3F 3E 37 EC 2D 78 23
00007860  00 00 00 00 00 00 00 00 00 00 00 00 00 00 00 00
00007870  00 00 00 00 00 00 00 00 00 00 00 00 00 00 00 00
00007880  0F 3A 34 3F A9 43 5F 47 47 34 EC 2D 10 27 C7 1F
00007890  4D 4A 2A 4D 20 4E 2A 4D 24 18 39 0C 00 00 C7 F3
000078A0  00 00 00 00 00 00 00 00 00 00 00 00 00 00 00 00
000078B0  00 00 00 00 00 00 00 00 00 00 00 00 00 00 00 00
000078C0  4D 4A 6B 4C B2 4D 20 4E 24 18 3E 10 2B 08 00 00
000078D0  4D 4A 9C 45 34 3F 3E 37 DC E7 88 DC 14 D2 C2 C8
000078E0  00 00 00 00 00 00 00 00 00 00 00 00 00 00 00 00
000078F0  00 00 00 00 00 00 00 00 00 00 00 00 00 00 00 00
00007900  B2 4D 6B 4C 4D 4A 5F 47 D5 F7 C2 EF DC E7 39 E0
00007910  EC 2D 78 23 24 18 39 0C CC C0 64 BA B3 B5 D6 B2
00007920  00 00 00 00 00 00 00 00 00 00 00 00 00 00 00 00
00007930  00 00 00 00 00 00 00 00 00 00 00 00 00 00 00 00
00007940  A9 43 34 3F 0F 3A 47 34 F0 D8 14 D2 B9 CB F1 C5
00007950  00 00 C7 F3 DC E7 88 DC E0 B1 D6 B2 B3 B5 64 BA
00007960  00 00 00 00 00 00 00 00 00 00 00 00 00 00 00 00
00007970  00 00 00 00 00 00 00 00 00 00 00 00 00 00 00 00
00007980  EC 2D 10 27 C7 1F 24 18 CC C0 57 BC A1 B8 B3 B5
00007990  14 D2 C2 C8 CC C0 64 BA CC C0 C2 C8 14 D2 88 DC
000079A0  00 00 00 00 00 00 00 00 00 00 00 00 00 00 00 00
000079B0  00 00 00 00 00 00 00 00 00 00 00 00 00 00 00 00
000079C0  3E 10 2B 08 00 00 D5 F7 95 B3 4E B2 E0 B1 4E B2
000079D0  B3 B5 D6 B2 E0 B1 D6 B2 DC E7 C7 F3 00 00 39 0C
000079E0  00 00 00 00 00 00 00 00 00 00 00 00 00 00 00 00
000079F0  00 00 00 00 00 00 00 00 00 00 00 00 00 00 00 00
00007A00  C2 EF DC E7 39 E0 F0 D8 95 B3 B3 B5 A1 B8 57 BC
00007A10  B3 B5 64 BA CC C0 C2 C8 24 18 78 23 EC 2D 3E 37
00007A20  00 00 00 00 00 00 00 00 00 00 00 00 00 00 00 00
00007A30  00 00 00 00 00 00 00 00 00 00 00 00 00 00 00 00
00007A40  14 D2 B9 CB F1 C5 CC C0 CC C0 F1 C5 B9 CB 14 D2
00007A50  14 D2 88 DC DC E7 C7 F3 34 3F 9C 45 4D 4A 2A 4D
00007A60  00 00 00 00 00 00 00 00 00 00 00 00 00 00 00 00
00007A70  00 00 00 00 00 00 00 00 00 00 00 00 00 00 00 00
00007A80  57 BC A1 B8 B3 B5 95 B3 F0 D8 39 E0 DC E7 C2 EF
00007A90  00 00 39 0C 24 18 78 23 20 4E 2A 4D 4D 4A 9C 45
00007AA0  00 00 00 00 00 00 00 00 00 00 00 00 00 00 00 00
00007AB0  00 00 00 00 00 00 00 00 00 00 00 00 00 00 00 00
00007AC0  4E B2 E0 B1 4E B2 95 B3 D5 F7 00 00 2B 08 3E 10
00007AD0  EC 2D 3E 37 34 3F 9C 45 34 3F 3E 37 EC 2D 78 23
00007AE0  00 00 00 00 00 00 00 00 00 00 00 00 00 00 00 00
00007AF0  00 00 00 00 00 00 00 00 00 00 00 00 00 00 00 00
00007B00  B3 B5 A1 B8 57 BC CC C0 24 18 C7 1F 10 27 EC 2D
00007B10  4D 4A 2A 4D 20 4E 2A 4D 24 18 39 0C 00 00 C7 F3
00007B20  00 00 00 00 00 00 00 00 00 00 00 00 00 00 00 00
00007B30  00 00 00 00 00 00 00 00 00 00 00 00 00 00 00 00
00007B40  F1 C5 B9 CB 14 D2 F0 D8 47 34 0F 3A 34 3F A9 43
00007B50  4D 4A 9C 45 34 3F 3E 37 DC E7 88 DC 14 D2 C2 C8
00007B60  00 00 00 00 00 00 00 00 00 00 00 00 00 00 00 00
00007B70  00 00 00 00 00 00 00 00 00 00 00 00 00 00 00 00
00007B80  39 E0 DC E7 C2 EF D5 F7 5F 47 4D 4A 6B 4C B2 4D
00007B90  EC 2D 78 23 24 18 39 0C CC C0 64 BA B3 B5 D6 B2
00007BA0  00 00 00 00 00 00 00 00 00 00 00 00 00 00 00 00
00007BB0  00 00 00 00 00 00 00 00 00 00 00 00 00 00 00 00
00007BC0  00 00 2B 08 3E 10 24 18 20 4E B2 4D 6B 4C 4D 4A
00007BD0  00 00 C7 F3 DC E7 88 DC E0 B1 D6 B2 B3 B5 64 BA
00007BE0  00 00 00 00 00 00 00 00 00 00 00 00 00 00 00 00
00007BF0  00 00 00 00 00 00 00 00 00 00 00 00 00 00 00 00
00007C00  C7 1F 10 27 EC 2D 47 34 5F 47 A9 43 34 3F 0F 3A
00007C10  14 D2 C2 C8 CC C0 64 BA CC C0 C2 C8 14 D2 88 DC
00007C20  00 00 00 00 00 00 00 00 00 00 00 00 00 00 00 00
00007C30  00 00 00 00 00 00 00 00 00 00 00 00 00 00 00 00
00007C40  0F 3A 34 3F A9 43 5F 47 47 34 EC 2D 10 27 C7 1F
00007C50  B3 B5 D6 B2 E0 B1 D6 B2 DC E7 C7 F3 00 00 39 0C
00007C60  00 00 00 00 00 00 00 00 00 00 00 00 00 00 00 00
00007C70  00 00 00 00 00 00 00 00 00 00 00 00 00 00 00 00
00007C80  4D 4A 6B 4C B2 4D 20 4E 24 18 3E 10 2B 08 00 00
00007C90  B3 B5 64 BA CC C0 C2 C8 24 18 78 23 EC 2D 3E 37
00007CA0  00 00 00 00 00 00 00 00 00 00 00 00 00 00 00 00
00007CB0  00 00 00 00 00 00 00 00 00 00 00 00 00 00 00 00
00007CC0  B2 4D 6B 4C 4D 4A 5F 47 D5 F7 C2 EF DC E7 39 E0
00007CD0  14 D2 88 DC DC E7 C7 F3 34 3F 9C 45 4D 4A 2A 4D
00007CE0  00 00 00 00 00 00 00 00 00 00 00 00 00 00 00 00
00007CF0  00 00 00 00 00 00 00 00 00 00 00 00 00 00 00 00
00007D00  A9 43 34 3F 0F 3A 47 34 F0 D8 14 D2 B9 CB F1 C5
00007D10  00 00 39 0C 24 18 78 23 20 4E 2A 4D 4D 4A 9C 45
00007D20  00 00 00 00 00 00 00 00 00 00 00 00 00 00 00 00
00007D30  00 00 00 00 00 00 00 00 00 00 00 00 00 00 00 00
00007D40  EC 2D 10 27 C7 1F 24 18 CC C0 57 BC A1 B8 B3 B5
00007D50  EC 2D 3E 37 34 3F 9C 45 34 3F 3E 37 EC 2D 78 23
00007D60  00 00 00 00 00 00 00 00 00 00 00 00 00 00 00 00
00007D70  00 00 00 00 00 00 00 00 00 00 00 00 00 00 00 00
00007D80  3E 10 2B 08 00 00 D5 F7 95 B3 4E B2 E0 B1 4E B2
00007D90  4D 4A 2A 4D 20 4E 2A 4D 24 18 39 0C 00 00 C7 F3
00007DA0  00 00 00 00 00 00 00 00 00 00 00 00 00 00 00 00
00007DB0  00 00 00 00 00 00 00 00 00 00 00 00 00 00 00 00
00007DC0  C2 EF DC E7 39 E0 F0 D8 95 B3 B3 B5 A1 B8 57 BC
00007DD0  4D 4A 9C 45 34 3F 3E 37 DC E7 88 DC 14 D2 C2 C8
00007DE0  00 00 00 00 00 00 00 00 00 00 00 00 00 00 00 00
00007DF0  00 00 00 00 00 00 00 00 00 00 00 00 00 00 00 00
00007E00  14 D2 B9 CB F1 C5 CC C0 CC C0 F1 C5 B9 CB 14 D2
00007E10  EC 2D 78 23 24 18 39 0C CC C0 64 BA B3 B5 D6 B2
00007E20  00 00 00 00 00 00 00 00 00 00 00 00 00 00 00 00
00007E30  00 00 00 00 00 00 00 00 00 00 00 00 00 00 00 00
00007E40  57 BC A1 B8 B3 B5 95 B3 F0 D8 39 E0 DC E7 C2 EF
00007E50  00 00 C7 F3 DC E7 88 DC E0 B1 D6 B2 B3 B5 64 BA
00007E60  00 00 00 00 00 00 00 00 00 00 00 00 00 00 00 00
00007E70  00 00 00 00 00 00 00 00 00 00 00 00 00 00 00 00
00007E80  4E B2 E0 B1 4E B2 95 B3 D5 F7 00 00 2B 08 3E 10
00007E90  14 D2 C2 C8 CC C0 64 BA CC C0 C2 C8 14 D2 88 DC
00007EA0  00 00 00 00 00 00 00 00 00 00 00 00 00 00 00 00
00007EB0  00 00 00 00 00 00 00 00 00 00 00 00 00 00 00 00
00007EC0  B3 B5 A1 B8 57 BC CC C0 24 18 C7 1F 10 27 EC 2D
00007ED0  B3 B5 D6 B2 E0 B1 D6 B2 DC E7 C7 F3 00 00 39 0C
00007EE0  00 00 00 00 00 00 00 00 00 00 00 00 00 00 00 00
00007EF0  00 00 00 00 00 00 00 00 00 00 00 00 00 00 00 00
00007F00  F1 C5 B9 CB 14 D2 F0 D8 47 34 0F 3A 34 3F A9 43
00007F10  B3 B5 64 BA CC C0 C2 C8 24 18 78 23 EC 2D 3E 37
00007F20  00 00 00 00 00 00 00 00 00 00 00 00 00 00 00 00
00007F30  00 00 00 00 00 00 00 00 00 00 00 00 00 00 00 00
00007F40  39 E0 DC E7 C2 EF D5 F7 5F 47 4D 4A 6B 4C B2 4D
00007F50  14 D2 88 DC DC E7 C7 F3 34 3F 9C 45 4D 4A 2A 4D
00007F60  00 00 00 00 00 00 00 00 00 00 00 00 00 00 00 00
00007F70  00 00 00 00 00 00 00 00 00 00 00 00 00 00 00 00
00007F80  00 00 2B 08 3E 10 24 18 20 4E B2 4D 6B 4C 4D 4A
00007F90  00 00 39 0C 24 18 78 23 20 4E 2A 4D 4D 4A 9C 45
00007FA0  00 00 00 00 00 00 00 00 00 00 00 00 00 00 00 00
00007FB0  00 00 00 00 00 00 00 00 00 00 00 00 00 00 00 00
00007FC0  C7 1F 10 27 EC 2D 47 34 5F 47 A9 43 34 3F 0F 3A
00007FD0  EC 2D 3E 37 34 3F 9C 45 34 3F 3E 37 EC 2D 78 23
00007FE0  00 00 00 00 00 00 00 00 00 00 00 00 00 00 00 00
00007FF0  00 00 00 00 00 00 00 00 00 00 00 00 00 00 00 00
